
-- 1. PAÍS (Venezuela)
INSERT INTO Lugar (idLugar, nombre, tipo, codigoPostal, Lugar_idLugar) VALUES (1, 'Venezuela', 'País', 0, NULL);

-- 2. ESTADOS (24 entidades federales)
INSERT INTO Lugar (idLugar, nombre, tipo, codigoPostal, Lugar_idLugar) VALUES
(2, 'Amazonas', 'Estado', 0, 1),
(3, 'Anzoátegui', 'Estado', 0, 1),
(4, 'Apure', 'Estado', 0, 1),
(5, 'Aragua', 'Estado', 0, 1),
(6, 'Barinas', 'Estado', 0, 1),
(7, 'Bolívar', 'Estado', 0, 1),
(8, 'Carabobo', 'Estado', 0, 1),
(9, 'Cojedes', 'Estado', 0, 1),
(10, 'Delta Amacuro', 'Estado', 0, 1),
(11, 'Falcón', 'Estado', 0, 1),
(12, 'Guárico', 'Estado', 0, 1),
(13, 'Lara', 'Estado', 0, 1),
(14, 'Mérida', 'Estado', 0, 1),
(15, 'Miranda', 'Estado', 0, 1),
(16, 'Monagas', 'Estado', 0, 1),
(17, 'Nueva Esparta', 'Estado', 0, 1),
(18, 'Portuguesa', 'Estado', 0, 1),
(19, 'Sucre', 'Estado', 0, 1),
(20, 'Táchira', 'Estado', 0, 1),
(21, 'Trujillo', 'Estado', 0, 1),
(22, 'Vargas', 'Estado', 0, 1),
(23, 'Yaracuy', 'Estado', 0, 1),
(24, 'Zulia', 'Estado', 0, 1),
(25, 'Distrito Capital', 'Estado', 0, 1);

-- 3. MUNICIPIOS (335)
INSERT INTO Lugar (idLugar, nombre, tipo, codigoPostal, Lugar_idLugar) VALUES
(26, 'Alto Orinoco', 'Municipio', 0, 2),
(27, 'Atabapo', 'Municipio', 0, 2),
(28, 'Atures', 'Municipio', 0, 2),
(29, 'Autana', 'Municipio', 0, 2),
(30, 'Manapiare', 'Municipio', 0, 2),
(31, 'Maroa', 'Municipio', 0, 2),
(32, 'Río Negro', 'Municipio', 0, 2),
(33, 'Anaco', 'Municipio', 0, 3),
(34, 'Aragua', 'Municipio', 0, 3),
(35, 'Bolívar', 'Municipio', 0, 3),
(36, 'Bruzual', 'Municipio', 0, 3),
(37, 'Cajigal', 'Municipio', 0, 3),
(38, 'Carvajal', 'Municipio', 0, 3),
(39, 'Diego Bautista Urbaneja', 'Municipio', 0, 3),
(40, 'Freites', 'Municipio', 0, 3),
(41, 'Guanipa', 'Municipio', 0, 3),
(42, 'Guanta', 'Municipio', 0, 3),
(43, 'Independencia', 'Municipio', 0, 3),
(44, 'Libertad', 'Municipio', 0, 3),
(45, 'McGregor', 'Municipio', 0, 3),
(46, 'Miranda', 'Municipio', 0, 3),
(47, 'Monagas', 'Municipio', 0, 3),
(48, 'Peñalver', 'Municipio', 0, 3),
(49, 'Píritu', 'Municipio', 0, 3),
(50, 'San Juan de Capistrano', 'Municipio', 0, 3),
(51, 'Santa Ana', 'Municipio', 0, 3),
(52, 'Simón Rodríguez', 'Municipio', 0, 3),
(53, 'Sotillo', 'Municipio', 0, 3),
(54, 'Achaguas', 'Municipio', 0, 4),
(55, 'Biruaca', 'Municipio', 0, 4),
(56, 'Muñoz', 'Municipio', 0, 4),
(57, 'Páez', 'Municipio', 0, 4),
(58, 'Pedro Camejo', 'Municipio', 0, 4),
(59, 'Rómulo Gallegos', 'Municipio', 0, 4),
(60, 'San Fernando', 'Municipio', 0, 4),
(61, 'Bolívar', 'Municipio', 0, 5),
(62, 'Camatagua', 'Municipio', 0, 5),
(63, 'Francisco Linares Alcántara', 'Municipio', 0, 5),
(64, 'Girardot', 'Municipio', 0, 5),
(65, 'José Ángel Lamas', 'Municipio', 0, 5),
(66, 'José Félix Ribas', 'Municipio', 0, 5),
(67, 'José Rafael Revenga', 'Municipio', 0, 5),
(68, 'Libertador', 'Municipio', 0, 5),
(69, 'Mario Briceño Iragorry', 'Municipio', 0, 5),
(70, 'Ocumare de la Costa de Oro', 'Municipio', 0, 5),
(71, 'San Casimiro', 'Municipio', 0, 5),
(72, 'San Sebastián', 'Municipio', 0, 5),
(73, 'Santiago Mariño', 'Municipio', 0, 5),
(74, 'Santos Michelena', 'Municipio', 0, 5),
(75, 'Sucre', 'Municipio', 0, 5);
INSERT INTO Lugar (idLugar, nombre, tipo, codigoPostal, Lugar_idLugar) VALUES
(76, 'Tovar', 'Municipio', 0, 5),
(77, 'Urdaneta', 'Municipio', 0, 5),
(78, 'Zamora', 'Municipio', 0, 5),
(79, 'Alberto Arvelo Torrealba', 'Municipio', 0, 6),
(80, 'Andrés Eloy Blanco', 'Municipio', 0, 6),
(81, 'Antonio José de Sucre', 'Municipio', 0, 6),
(82, 'Arismendi', 'Municipio', 0, 6),
(83, 'Barinas', 'Municipio', 0, 6),
(84, 'Bolívar', 'Municipio', 0, 6),
(85, 'Cruz Paredes', 'Municipio', 0, 6),
(86, 'Ezequiel Zamora', 'Municipio', 0, 6),
(87, 'Obispos', 'Municipio', 0, 6),
(88, 'Pedraza', 'Municipio', 0, 6),
(89, 'Rojas', 'Municipio', 0, 6),
(90, 'Sosa', 'Municipio', 0, 6),
(91, 'Angostura', 'Municipio', 0, 7),
(92, 'Caroní', 'Municipio', 0, 7),
(93, 'Cedeño', 'Municipio', 0, 7),
(94, 'El Callao', 'Municipio', 0, 7),
(95, 'Gran Sabana', 'Municipio', 0, 7),
(96, 'Heres', 'Municipio', 0, 7),
(97, 'Píar', 'Municipio', 0, 7),
(98, 'Roscio', 'Municipio', 0, 7),
(99, 'Sifontes', 'Municipio', 0, 7),
(100, 'Sucre', 'Municipio', 0, 7),
(101, 'Padre Pedro Chien', 'Municipio', 0, 7),
(102, 'Bejuma', 'Municipio', 0, 8),
(103, 'Carlos Arvelo', 'Municipio', 0, 8),
(104, 'Diego Ibarra', 'Municipio', 0, 8),
(105, 'Guacara', 'Municipio', 0, 8),
(106, 'Mora', 'Municipio', 0, 8),
(107, 'Libertador', 'Municipio', 0, 8),
(108, 'Los Guayos', 'Municipio', 0, 8),
(109, 'Miranda', 'Municipio', 0, 8),
(110, 'Montalbán', 'Municipio', 0, 8),
(111, 'Naguanagua', 'Municipio', 0, 8),
(112, 'Puerto Cabello', 'Municipio', 0, 8),
(113, 'San Diego', 'Municipio', 0, 8),
(114, 'San Joaquín', 'Municipio', 0, 8),
(115, 'Valencia', 'Municipio', 0, 8),
(116, 'Anzoátegui', 'Municipio', 0, 9),
(117, 'Tinaquillo', 'Municipio', 0, 9),
(118, 'Girardot', 'Municipio', 0, 9),
(119, 'Lima Blanco', 'Municipio', 0, 9),
(120, 'Pao de San Juan Bautista', 'Municipio', 0, 9),
(121, 'Ricaurte', 'Municipio', 0, 9),
(122, 'Rómulo Gallegos', 'Municipio', 0, 9),
(123, 'San Carlos', 'Municipio', 0, 9),
(124, 'Tinaco', 'Municipio', 0, 9),
(125, 'Antonio Díaz', 'Municipio', 0, 10);
INSERT INTO Lugar (idLugar, nombre, tipo, codigoPostal, Lugar_idLugar) VALUES
(126, 'Casacoima', 'Municipio', 0, 10),
(127, 'Pedernales', 'Municipio', 0, 10),
(128, 'Tucupita', 'Municipio', 0, 10),
(129, 'Acosta', 'Municipio', 0, 11),
(130, 'Bolívar', 'Municipio', 0, 11),
(131, 'Buchivacoa', 'Municipio', 0, 11),
(132, 'Carirubana', 'Municipio', 0, 11),
(133, 'Colina', 'Municipio', 0, 11),
(134, 'Dabajuro', 'Municipio', 0, 11),
(135, 'Democracia', 'Municipio', 0, 11),
(136, 'Falcón', 'Municipio', 0, 11),
(137, 'Federación', 'Municipio', 0, 11),
(138, 'Jacura', 'Municipio', 0, 11),
(139, 'Los Taques', 'Municipio', 0, 11),
(140, 'Manaure', 'Municipio', 0, 11),
(141, 'Mauroa', 'Municipio', 0, 11),
(142, 'Miranda', 'Municipio', 0, 11),
(143, 'Monseñor Iturriza', 'Municipio', 0, 11),
(144, 'Palmasola', 'Municipio', 0, 11),
(145, 'Petit', 'Municipio', 0, 11),
(146, 'Píritu', 'Municipio', 0, 11),
(147, 'San Francisco', 'Municipio', 0, 11),
(148, 'Sucre', 'Municipio', 0, 11),
(149, 'Silva', 'Municipio', 0, 11),
(150, 'Tocópero', 'Municipio', 0, 11),
(151, 'Unión', 'Municipio', 0, 11),
(152, 'Urumaco', 'Municipio', 0, 11),
(153, 'Zamora', 'Municipio', 0, 11),
(154, 'Camaguán', 'Municipio', 0, 12),
(155, 'Chaguaramas', 'Municipio', 0, 12),
(156, 'El Socorro', 'Municipio', 0, 12),
(157, 'Infante', 'Municipio', 0, 12),
(158, 'Las Mercedes', 'Municipio', 0, 12),
(159, 'Mellado', 'Municipio', 0, 12),
(160, 'Miranda', 'Municipio', 0, 12),
(161, 'Monagas', 'Municipio', 0, 12),
(162, 'Ortiz', 'Municipio', 0, 12),
(163, 'Ribas', 'Municipio', 0, 12),
(164, 'Roscio', 'Municipio', 0, 12),
(165, 'San Gerónimo de Guayabal', 'Municipio', 0, 12),
(166, 'San José de Guaribe', 'Municipio', 0, 12),
(167, 'Santa María de Ipire', 'Municipio', 0, 12),
(168, 'Zaraza', 'Municipio', 0, 12),
(169, 'Andrés Eloy Blanco', 'Municipio', 0, 13),
(170, 'Crespo', 'Municipio', 0, 13),
(171, 'Iribarren', 'Municipio', 0, 13),
(172, 'Jiménez', 'Municipio', 0, 13),
(173, 'Morán', 'Municipio', 0, 13),
(174, 'Palavecino', 'Municipio', 0, 13),
(175, 'Simón Planas', 'Municipio', 0, 13);
INSERT INTO Lugar (idLugar, nombre, tipo, codigoPostal, Lugar_idLugar) VALUES
(176, 'Torres', 'Municipio', 0, 13),
(177, 'Urdaneta', 'Municipio', 0, 13),
(178, 'Alberto Adriani', 'Municipio', 0, 14),
(179, 'Andrés Bello', 'Municipio', 0, 14),
(180, 'Antonio Pinto Salinas', 'Municipio', 0, 14),
(181, 'Aricagua', 'Municipio', 0, 14),
(182, 'Arzobispo Chacón', 'Municipio', 0, 14),
(183, 'Campo Elías', 'Municipio', 0, 14),
(184, 'Caracciolo Parra Olmedo', 'Municipio', 0, 14),
(185, 'Cardenal Quintero', 'Municipio', 0, 14),
(186, 'Guaraque', 'Municipio', 0, 14),
(187, 'Julio César Salas', 'Municipio', 0, 14),
(188, 'Justo Briceño', 'Municipio', 0, 14),
(189, 'Libertador', 'Municipio', 0, 14),
(190, 'Miranda', 'Municipio', 0, 14),
(191, 'Obispo Ramos de Lora', 'Municipio', 0, 14),
(192, 'Padre Noguera', 'Municipio', 0, 14),
(193, 'Pueblo Llano', 'Municipio', 0, 14),
(194, 'Rangel', 'Municipio', 0, 14),
(195, 'Rivas Dávila', 'Municipio', 0, 14),
(196, 'Santos Marquina', 'Municipio', 0, 14),
(197, 'Sucre', 'Municipio', 0, 14),
(198, 'Tovar', 'Municipio', 0, 14),
(199, 'Tulio Febres Cordero', 'Municipio', 0, 14),
(200, 'Zea', 'Municipio', 0, 14),
(201, 'Acevedo', 'Municipio', 0, 15),
(202, 'Andrés Bello', 'Municipio', 0, 15),
(203, 'Baruta', 'Municipio', 0, 15),
(204, 'Brión', 'Municipio', 0, 15),
(205, 'Buroz', 'Municipio', 0, 15),
(206, 'Carrizal', 'Municipio', 0, 15),
(207, 'Chacao', 'Municipio', 0, 15),
(208, 'Cristóbal Rojas', 'Municipio', 0, 15),
(209, 'El Hatillo', 'Municipio', 0, 15),
(210, 'Guaicaipuro', 'Municipio', 0, 15),
(211, 'Independencia', 'Municipio', 0, 15),
(212, 'Lander', 'Municipio', 0, 15),
(213, 'Los Salias', 'Municipio', 0, 15),
(214, 'Páez', 'Municipio', 0, 15),
(215, 'Paz Castillo', 'Municipio', 0, 15),
(216, 'Pedro Gual', 'Municipio', 0, 15),
(217, 'Plaza', 'Municipio', 0, 15),
(218, 'Simón Bolívar', 'Municipio', 0, 15),
(219, 'Sucre', 'Municipio', 0, 15),
(220, 'Urdaneta', 'Municipio', 0, 15),
(221, 'Zamora', 'Municipio', 0, 15),
(222, 'Acosta', 'Municipio', 0, 16),
(223, 'Aguasay', 'Municipio', 0, 16),
(224, 'Bolívar', 'Municipio', 0, 16),
(225, 'Caripe', 'Municipio', 0, 16);
INSERT INTO Lugar (idLugar, nombre, tipo, codigoPostal, Lugar_idLugar) VALUES
(226, 'Cedeño', 'Municipio', 0, 16),
(227, 'Ezequiel Zamora', 'Municipio', 0, 16),
(228, 'Libertador', 'Municipio', 0, 16),
(229, 'Maturín', 'Municipio', 0, 16),
(230, 'Piar', 'Municipio', 0, 16),
(231, 'Punceres', 'Municipio', 0, 16),
(232, 'Santa Bárbara', 'Municipio', 0, 16),
(233, 'Sotillo', 'Municipio', 0, 16),
(234, 'Uracoa', 'Municipio', 0, 16),
(235, 'Antolín del Campo', 'Municipio', 0, 17),
(236, 'Arismendi', 'Municipio', 0, 17),
(237, 'Díaz', 'Municipio', 0, 17),
(238, 'García', 'Municipio', 0, 17),
(239, 'Gómez', 'Municipio', 0, 17),
(240, 'Maneiro', 'Municipio', 0, 17),
(241, 'Marcano', 'Municipio', 0, 17),
(242, 'Mariño', 'Municipio', 0, 17),
(243, 'Península de Macanao', 'Municipio', 0, 17),
(244, 'Tubores', 'Municipio', 0, 17),
(245, 'Villalba', 'Municipio', 0, 17),
(246, 'Agua Blanca', 'Municipio', 0, 18),
(247, 'Araure', 'Municipio', 0, 18),
(248, 'Esteller', 'Municipio', 0, 18),
(249, 'Guanare', 'Municipio', 0, 18),
(250, 'Guanarito', 'Municipio', 0, 18),
(251, 'Monseñor José Vicente de Unda', 'Municipio', 0, 18),
(252, 'Ospino', 'Municipio', 0, 18),
(253, 'Páez', 'Municipio', 0, 18),
(254, 'Papelón', 'Municipio', 0, 18),
(255, 'San Genaro de Boconoíto', 'Municipio', 0, 18),
(256, 'San Rafael de Onoto', 'Municipio', 0, 18),
(257, 'Santa Rosalía', 'Municipio', 0, 18),
(258, 'Sucre', 'Municipio', 0, 18),
(259, 'Turén', 'Municipio', 0, 18),
(260, 'Andrés Eloy Blanco', 'Municipio', 0, 19),
(261, 'Andrés Mata', 'Municipio', 0, 19),
(262, 'Arismendi', 'Municipio', 0, 19),
(263, 'Benítez', 'Municipio', 0, 19),
(264, 'Bermúdez', 'Municipio', 0, 19),
(265, 'Bolívar', 'Municipio', 0, 19),
(266, 'Cajigal', 'Municipio', 0, 19),
(267, 'Cruz Salmerón Acosta', 'Municipio', 0, 19),
(268, 'Libertador', 'Municipio', 0, 19),
(269, 'Mariño', 'Municipio', 0, 19),
(270, 'Mejía', 'Municipio', 0, 19),
(271, 'Montes', 'Municipio', 0, 19),
(272, 'Ribero', 'Municipio', 0, 19),
(273, 'Sucre', 'Municipio', 0, 19),
(274, 'Valdez', 'Municipio', 0, 19),
(275, 'Andrés Bello', 'Municipio', 0, 20);
INSERT INTO Lugar (idLugar, nombre, tipo, codigoPostal, Lugar_idLugar) VALUES
(276, 'Antonio Rómulo Costa', 'Municipio', 0, 20),
(277, 'Ayacucho', 'Municipio', 0, 20),
(278, 'Bolívar', 'Municipio', 0, 20),
(279, 'Cárdenas', 'Municipio', 0, 20),
(280, 'Córdoba', 'Municipio', 0, 20),
(281, 'Fernández Feo', 'Municipio', 0, 20),
(282, 'Francisco de Miranda', 'Municipio', 0, 20),
(283, 'García de Hevia', 'Municipio', 0, 20),
(284, 'Guásimos', 'Municipio', 0, 20),
(285, 'Independencia', 'Municipio', 0, 20),
(286, 'Jáuregui', 'Municipio', 0, 20),
(287, 'José María Vargas', 'Municipio', 0, 20),
(288, 'Junín', 'Municipio', 0, 20),
(289, 'Libertad', 'Municipio', 0, 20),
(290, 'Libertador', 'Municipio', 0, 20),
(291, 'Lobatera', 'Municipio', 0, 20),
(292, 'Michelena', 'Municipio', 0, 20),
(293, 'Panamericano', 'Municipio', 0, 20),
(294, 'Pedro María Ureña', 'Municipio', 0, 20),
(295, 'Rafael Urdaneta', 'Municipio', 0, 20),
(296, 'Samuel Darío Maldonado', 'Municipio', 0, 20),
(297, 'San Cristóbal', 'Municipio', 0, 20),
(298, 'Seboruco', 'Municipio', 0, 20),
(299, 'Simón Rodríguez', 'Municipio', 0, 20),
(300, 'Sucre', 'Municipio', 0, 20),
(301, 'Torbes', 'Municipio', 0, 20),
(302, 'Uribante', 'Municipio', 0, 20),
(303, 'San Judas Tadeo', 'Municipio', 0, 20),
(304, 'Andrés Bello', 'Municipio', 0, 21),
(305, 'Boconó', 'Municipio', 0, 21),
(306, 'Bolívar', 'Municipio', 0, 21),
(307, 'Candelaria', 'Municipio', 0, 21),
(308, 'Carache', 'Municipio', 0, 21),
(309, 'Escuque', 'Municipio', 0, 21),
(310, 'José Felipe Márquez Cañizalez', 'Municipio', 0, 21),
(311, 'Juan Vicente Campos Elías', 'Municipio', 0, 21),
(312, 'La Ceiba', 'Municipio', 0, 21),
(313, 'Miranda', 'Municipio', 0, 21),
(314, 'Monte Carmelo', 'Municipio', 0, 21),
(315, 'Motatán', 'Municipio', 0, 21),
(316, 'Pampán', 'Municipio', 0, 21),
(317, 'Pampanito', 'Municipio', 0, 21),
(318, 'Rafael Rangel', 'Municipio', 0, 21),
(319, 'San Rafael de Carvajal', 'Municipio', 0, 21),
(320, 'Sucre', 'Municipio', 0, 21),
(321, 'Trujillo', 'Municipio', 0, 21),
(322, 'Urdaneta', 'Municipio', 0, 21),
(323, 'Valera', 'Municipio', 0, 21),
(324, 'Vargas', 'Municipio', 0, 22),
(325, 'Arístides Bastidas', 'Municipio', 0, 23);
INSERT INTO Lugar (idLugar, nombre, tipo, codigoPostal, Lugar_idLugar) VALUES
(326, 'Bolívar', 'Municipio', 0, 23),
(327, 'Bruzual', 'Municipio', 0, 23),
(328, 'Cocorote', 'Municipio', 0, 23),
(329, 'Independencia', 'Municipio', 0, 23),
(330, 'José Antonio Páez', 'Municipio', 0, 23),
(331, 'La Trinidad', 'Municipio', 0, 23),
(332, 'Manuel Monge', 'Municipio', 0, 23),
(333, 'Nirgua', 'Municipio', 0, 23),
(334, 'Peña', 'Municipio', 0, 23),
(335, 'San Felipe', 'Municipio', 0, 23),
(336, 'Sucre', 'Municipio', 0, 23),
(337, 'Urachiche', 'Municipio', 0, 23),
(338, 'Veroes', 'Municipio', 0, 23),
(339, 'Almirante Padilla', 'Municipio', 0, 24),
(340, 'Baralt', 'Municipio', 0, 24),
(341, 'Cabimas', 'Municipio', 0, 24),
(342, 'Catatumbo', 'Municipio', 0, 24),
(343, 'Colón', 'Municipio', 0, 24),
(344, 'Francisco Javier Pulgar', 'Municipio', 0, 24),
(345, 'Páez', 'Municipio', 0, 24),
(346, 'Jesús Enrique Lossada', 'Municipio', 0, 24),
(347, 'Jesús María Semprún', 'Municipio', 0, 24),
(348, 'La Cañada de Urdaneta', 'Municipio', 0, 24),
(349, 'Lagunillas', 'Municipio', 0, 24),
(350, 'Machiques de Perijá', 'Municipio', 0, 24),
(351, 'Mara', 'Municipio', 0, 24),
(352, 'Maracaibo', 'Municipio', 0, 24),
(353, 'Miranda', 'Municipio', 0, 24),
(354, 'Rosario de Perijá', 'Municipio', 0, 24),
(355, 'San Francisco', 'Municipio', 0, 24),
(356, 'Santa Rita', 'Municipio', 0, 24),
(357, 'Simón Bolívar', 'Municipio', 0, 24),
(358, 'Sucre', 'Municipio', 0, 24),
(359, 'Valmore Rodríguez', 'Municipio', 0, 24),
(360, 'Libertador', 'Municipio', 0, 25);

-- 4. PARROQUIAS (1139)
INSERT INTO Lugar (idLugar, nombre, tipo, codigoPostal, Lugar_idLugar) VALUES
(361, 'Alto Orinoco La Esmeralda', 'Parroquia', 0, 26),
(362, 'Huachamacare Acanaña', 'Parroquia', 0, 26),
(363, 'Marawaka Toky Shamanaña', 'Parroquia', 0, 26),
(364, 'Mavaka Mavaka', 'Parroquia', 0, 26),
(365, 'Sierra Parima Parimabé', 'Parroquia', 0, 26),
(366, 'Ucata Laja Lisa', 'Parroquia', 0, 27),
(367, 'Yapacana Macuruco', 'Parroquia', 0, 27),
(368, 'Caname Guarinuma', 'Parroquia', 0, 27),
(369, 'Fernando Girón Tovar', 'Parroquia', 0, 28),
(370, 'Luis Alberto Gómez', 'Parroquia', 0, 28),
(371, 'Pahueña Limón de Parhueña', 'Parroquia', 0, 28),
(372, 'Platanillal Platanillal', 'Parroquia', 0, 28),
(373, 'Samariapo Samariapo', 'Parroquia', 0, 29),
(374, 'Sipapo Pendare', 'Parroquia', 0, 29),
(375, 'Munduapo Munduapo', 'Parroquia', 0, 29),
(376, 'Guayapo San Pedro del Orinoco', 'Parroquia', 0, 29),
(377, 'Alto Ventuari Cacurí', 'Parroquia', 0, 30),
(378, 'Medio Ventuari Manami', 'Parroquia', 0, 30),
(379, 'Bajo Ventuari Marueta', 'Parroquia', 0, 30),
(380, 'Victorino', 'Parroquia', 0, 31),
(381, 'Comunidad', 'Parroquia', 0, 31),
(382, 'Casiquiare Curimacare', 'Parroquia', 0, 32),
(383, 'Cocuy', 'Parroquia', 0, 32),
(384, 'San Carlos de Río Negro', 'Parroquia', 0, 32),
(385, 'Solano Solano', 'Parroquia', 0, 32),
(386, 'Anaco', 'Parroquia', 0, 33),
(387, 'San Joaquín', 'Parroquia', 0, 33),
(388, 'Cachipo', 'Parroquia', 0, 34),
(389, 'Aragua de Barcelona', 'Parroquia', 0, 34),
(390, 'Bergatín', 'Parroquia', 0, 35),
(391, 'Caigua', 'Parroquia', 0, 35),
(392, 'El Carmen.', 'Parroquia', 0, 35),
(393, 'El Pilar', 'Parroquia', 0, 35),
(394, 'Naricual.', 'Parroquia', 0, 35),
(395, 'San Cristóbal', 'Parroquia', 0, 35),
(396, 'Clarines', 'Parroquia', 0, 36),
(397, 'Guanape', 'Parroquia', 0, 36),
(398, 'Sabana de Uchire', 'Parroquia', 0, 36),
(399, 'Onoto', 'Parroquia', 0, 37),
(400, 'San Pablo', 'Parroquia', 0, 37),
(401, 'Valle de Guanape', 'Parroquia', 0, 38),
(402, 'Santa Bárbara', 'Parroquia', 0, 38),
(403, 'Lechería', 'Parroquia', 0, 39),
(404, 'El Morro', 'Parroquia', 0, 39),
(405, 'Cantaura', 'Parroquia', 0, 40),
(406, 'Libertador', 'Parroquia', 0, 40),
(407, 'Santa Rosa', 'Parroquia', 0, 40),
(408, 'Urica', 'Parroquia', 0, 40),
(409, 'San José de Guanipa', 'Parroquia', 0, 41),
(410, 'Guanta', 'Parroquia', 0, 42);
INSERT INTO Lugar (idLugar, nombre, tipo, codigoPostal, Lugar_idLugar) VALUES
(411, 'Chorrerón', 'Parroquia', 0, 42),
(412, 'Mamo', 'Parroquia', 0, 43),
(413, 'Soledad', 'Parroquia', 0, 43),
(414, 'San Mateo', 'Parroquia', 0, 44),
(415, 'El Carito', 'Parroquia', 0, 44),
(416, 'Santa Inés', 'Parroquia', 0, 44),
(417, 'La Romereña', 'Parroquia', 0, 44),
(418, 'El Chaparro', 'Parroquia', 0, 45),
(419, 'Tomás Alfaro', 'Parroquia', 0, 45),
(420, 'Calatrava', 'Parroquia', 0, 45),
(421, 'Atapirire', 'Parroquia', 0, 46),
(422, 'Boca del Pao', 'Parroquia', 0, 46),
(423, 'El Pao', 'Parroquia', 0, 46),
(424, 'Pariaguán', 'Parroquia', 0, 46),
(425, 'Mapire', 'Parroquia', 0, 47),
(426, 'Piar', 'Parroquia', 0, 47),
(427, 'Santa Clara', 'Parroquia', 0, 47),
(428, 'San Diego de Cabrutica', 'Parroquia', 0, 47),
(429, 'Uverito', 'Parroquia', 0, 47),
(430, 'Zuata', 'Parroquia', 0, 47),
(431, 'Puerto Píritu', 'Parroquia', 0, 48),
(432, 'San Miguel', 'Parroquia', 0, 48),
(433, 'Sucre', 'Parroquia', 0, 48),
(434, 'Píritu', 'Parroquia', 0, 49),
(435, 'San Francisco', 'Parroquia', 0, 49),
(436, 'Boca de Uchire', 'Parroquia', 0, 50),
(437, 'Boca de Chávez', 'Parroquia', 0, 50),
(438, 'Pueblo Nuevo', 'Parroquia', 0, 51),
(439, 'Santa Ana', 'Parroquia', 0, 51),
(440, 'Edmundo Barrios', 'Parroquia', 0, 52),
(441, 'Miguel Otero Silva', 'Parroquia', 0, 52),
(442, 'Puerto La Cruz', 'Parroquia', 0, 53),
(443, 'Pozuelos', 'Parroquia', 0, 53),
(444, 'Achaguas', 'Parroquia', 0, 54),
(445, 'Apurito', 'Parroquia', 0, 54),
(446, 'El Yagual', 'Parroquia', 0, 54),
(447, 'Guachara', 'Parroquia', 0, 54),
(448, 'Mucuritas', 'Parroquia', 0, 54),
(449, 'Queseras del medio', 'Parroquia', 0, 54),
(450, 'Biruaca', 'Parroquia', 0, 55),
(451, 'Bruzual', 'Parroquia', 0, 56),
(452, 'Mantecal', 'Parroquia', 0, 56),
(453, 'Quintero', 'Parroquia', 0, 56),
(454, 'Rincón Hondo', 'Parroquia', 0, 56),
(455, 'San Vicente', 'Parroquia', 0, 56),
(456, 'Guasdualito', 'Parroquia', 0, 57),
(457, 'Aramendi', 'Parroquia', 0, 57),
(458, 'El Amparo', 'Parroquia', 0, 57),
(459, 'San Camilo', 'Parroquia', 0, 57),
(460, 'Urdaneta', 'Parroquia', 0, 57);
INSERT INTO Lugar (idLugar, nombre, tipo, codigoPostal, Lugar_idLugar) VALUES
(461, 'San Juan de Payara', 'Parroquia', 0, 58),
(462, 'Codazzi', 'Parroquia', 0, 58),
(463, 'Cunaviche', 'Parroquia', 0, 58),
(464, 'Elorza', 'Parroquia', 0, 59),
(465, 'La Trinidad', 'Parroquia', 0, 59),
(466, 'San Fernando', 'Parroquia', 0, 60),
(467, 'El Recreo', 'Parroquia', 0, 60),
(468, 'Peñalver', 'Parroquia', 0, 60),
(469, 'San Rafael de Atamaica', 'Parroquia', 0, 60),
(470, 'Bolívar', 'Parroquia', 0, 61),
(471, 'Camatagua', 'Parroquia', 0, 62),
(472, 'Carmen de Cura', 'Parroquia', 0, 62),
(473, 'Santa Rita', 'Parroquia', 0, 63),
(474, 'Francisco de Miranda', 'Parroquia', 0, 63),
(475, 'Moseñor Feliciano González', 'Parroquia', 0, 63),
(476, 'Pedro José Ovalles', 'Parroquia', 0, 64),
(477, 'Joaquín Crespo', 'Parroquia', 0, 64),
(478, 'José Casanova Godoy', 'Parroquia', 0, 64),
(479, 'Madre María de San José', 'Parroquia', 0, 64),
(480, 'Andrés Eloy Blanco', 'Parroquia', 0, 64),
(481, 'Los Tacarigua', 'Parroquia', 0, 64),
(482, 'Las Delicias', 'Parroquia', 0, 64),
(483, 'Choroní', 'Parroquia', 0, 64),
(484, 'Santa Cruz', 'Parroquia', 0, 65),
(485, 'José Félix Ribas', 'Parroquia', 0, 66),
(486, 'Castor Nieves Ríos', 'Parroquia', 0, 66),
(487, 'Las Guacamayas', 'Parroquia', 0, 66),
(488, 'Pao de Zárate', 'Parroquia', 0, 66),
(489, 'Zuata', 'Parroquia', 0, 66),
(490, 'José Rafael Revenga', 'Parroquia', 0, 67),
(491, 'Palo Negro', 'Parroquia', 0, 68),
(492, 'San Martín de Porres', 'Parroquia', 0, 68),
(493, 'El Limón', 'Parroquia', 0, 69),
(494, 'Caña de Azúcar', 'Parroquia', 0, 69),
(495, 'Ocumare de la Costa', 'Parroquia', 0, 70),
(496, 'San Casimiro', 'Parroquia', 0, 71),
(497, 'Güiripa', 'Parroquia', 0, 71),
(498, 'Ollas de Caramacate', 'Parroquia', 0, 71),
(499, 'Valle Morín', 'Parroquia', 0, 71),
(500, 'San Sebastián', 'Parroquia', 0, 72),
(501, 'Turmero', 'Parroquia', 0, 73),
(502, 'Arevalo Aponte', 'Parroquia', 0, 73),
(503, 'Chuao', 'Parroquia', 0, 73),
(504, 'Samán de Güere', 'Parroquia', 0, 73),
(505, 'Alfredo Pacheco Miranda', 'Parroquia', 0, 73),
(506, 'Santos Michelena', 'Parroquia', 0, 74),
(507, 'Tiara', 'Parroquia', 0, 74),
(508, 'Cagua', 'Parroquia', 0, 75),
(509, 'Bella Vista', 'Parroquia', 0, 75),
(510, 'Tovar', 'Parroquia', 0, 76);
INSERT INTO Lugar (idLugar, nombre, tipo, codigoPostal, Lugar_idLugar) VALUES
(511, 'Urdaneta', 'Parroquia', 0, 77),
(512, 'Las Peñitas', 'Parroquia', 0, 77),
(513, 'San Francisco de Cara', 'Parroquia', 0, 77),
(514, 'Taguay', 'Parroquia', 0, 77),
(515, 'Zamora', 'Parroquia', 0, 78),
(516, 'Magdaleno', 'Parroquia', 0, 78),
(517, 'San Francisco de Asís', 'Parroquia', 0, 78),
(518, 'Valles de Tucutunemo', 'Parroquia', 0, 78),
(519, 'Augusto Mijares', 'Parroquia', 0, 78),
(520, 'Sabaneta', 'Parroquia', 0, 79),
(521, 'Juan Antonio Rodríguez Domínguez', 'Parroquia', 0, 79),
(522, 'El Cantón', 'Parroquia', 0, 80),
(523, 'Santa Cruz de Guacas', 'Parroquia', 0, 80),
(524, 'Puerto Vivas', 'Parroquia', 0, 80),
(525, 'Ticoporo', 'Parroquia', 0, 81),
(526, 'Nicolás Pulido', 'Parroquia', 0, 81),
(527, 'Andrés Bello', 'Parroquia', 0, 81),
(528, 'Arismendi', 'Parroquia', 0, 82),
(529, 'Guadarrama', 'Parroquia', 0, 82),
(530, 'La Unión', 'Parroquia', 0, 82),
(531, 'San Antonio', 'Parroquia', 0, 82),
(532, 'Barinas', 'Parroquia', 0, 83),
(533, 'Alberto Arvelo Larriva', 'Parroquia', 0, 83),
(534, 'San Silvestre', 'Parroquia', 0, 83),
(535, 'Santa Inés', 'Parroquia', 0, 83),
(536, 'Santa Lucía', 'Parroquia', 0, 83),
(537, 'Torunos', 'Parroquia', 0, 83),
(538, 'El Carmen', 'Parroquia', 0, 83),
(539, 'Rómulo Betancourt', 'Parroquia', 0, 83),
(540, 'Corazón de Jesús', 'Parroquia', 0, 83),
(541, 'Ramón Ignacio Méndez', 'Parroquia', 0, 83),
(542, 'Alto Barinas', 'Parroquia', 0, 83),
(543, 'Manuel Palacio Fajardo', 'Parroquia', 0, 83),
(544, 'Juan Antonio Rodríguez Domínguez', 'Parroquia', 0, 83),
(545, 'Dominga Ortiz de Páez', 'Parroquia', 0, 83),
(546, 'Barinitas', 'Parroquia', 0, 84),
(547, 'Altamira de Cáceres', 'Parroquia', 0, 84),
(548, 'Calderas', 'Parroquia', 0, 84),
(549, 'Barrancas', 'Parroquia', 0, 85),
(550, 'El Socorro', 'Parroquia', 0, 85),
(551, 'Mazparrito', 'Parroquia', 0, 85),
(552, 'Santa Bárbara', 'Parroquia', 0, 86),
(553, 'Pedro Briceño Méndez', 'Parroquia', 0, 86),
(554, 'Ramón Ignacio Méndez', 'Parroquia', 0, 86),
(555, 'José Ignacio del Pumar', 'Parroquia', 0, 86),
(556, 'Obispos', 'Parroquia', 0, 87),
(557, 'Los Guasimitos', 'Parroquia', 0, 87),
(558, 'El Real', 'Parroquia', 0, 87),
(559, 'La Luz', 'Parroquia', 0, 87),
(560, 'Ciudad Bolívia', 'Parroquia', 0, 88);
INSERT INTO Lugar (idLugar, nombre, tipo, codigoPostal, Lugar_idLugar) VALUES
(561, 'José Ignacio Briceño', 'Parroquia', 0, 88),
(562, 'José Félix Ribas', 'Parroquia', 0, 88),
(563, 'Páez', 'Parroquia', 0, 88),
(564, 'Libertad', 'Parroquia', 0, 89),
(565, 'Dolores', 'Parroquia', 0, 89),
(566, 'Santa Rosa', 'Parroquia', 0, 89),
(567, 'Palacio Fajardo', 'Parroquia', 0, 89),
(568, 'Simón Rodríguez', 'Parroquia', 0, 89),
(569, 'Ciudad de Nutrias', 'Parroquia', 0, 90),
(570, 'El Regalo', 'Parroquia', 0, 90),
(571, 'Puerto Nutrias', 'Parroquia', 0, 90),
(572, 'Santa Catalina', 'Parroquia', 0, 90),
(573, 'Simón Bolívar', 'Parroquia', 0, 90),
(574, 'Raúl Leoni', 'Parroquia', 0, 91),
(575, 'Barceloneta', 'Parroquia', 0, 91),
(576, 'Santa Bárbara', 'Parroquia', 0, 91),
(577, 'San Francisco', 'Parroquia', 0, 91),
(578, 'Cachamay', 'Parroquia', 0, 92),
(579, 'Chirica', 'Parroquia', 0, 92),
(580, 'Dalla Costa', 'Parroquia', 0, 92),
(581, 'Once de Abril', 'Parroquia', 0, 92),
(582, 'Simón Bolívar', 'Parroquia', 0, 92),
(583, 'Unare', 'Parroquia', 0, 92),
(584, 'Universidad', 'Parroquia', 0, 92),
(585, 'Vista al Sol', 'Parroquia', 0, 92),
(586, 'Pozo Verde', 'Parroquia', 0, 92),
(587, 'Yocoima', 'Parroquia', 0, 92),
(588, '5 de Julio', 'Parroquia', 0, 92),
(589, 'Cedeño', 'Parroquia', 0, 93),
(590, 'Altagracia', 'Parroquia', 0, 93),
(591, 'Ascensión Farreras', 'Parroquia', 0, 93),
(592, 'Guaniamo', 'Parroquia', 0, 93),
(593, 'La Urbana', 'Parroquia', 0, 93),
(594, 'Pijiguaos', 'Parroquia', 0, 93),
(595, 'El Callao', 'Parroquia', 0, 94),
(596, 'Gran Sabana', 'Parroquia', 0, 95),
(597, 'Ikabarú', 'Parroquia', 0, 95),
(598, 'Catedral', 'Parroquia', 0, 96),
(599, 'Zea', 'Parroquia', 0, 96),
(600, 'Orinoco', 'Parroquia', 0, 96),
(601, 'José Antonio Páez', 'Parroquia', 0, 96),
(602, 'Marhuanta', 'Parroquia', 0, 96),
(603, 'Agua Salada', 'Parroquia', 0, 96),
(604, 'Vista Hermosa', 'Parroquia', 0, 96),
(605, 'La Sabanita', 'Parroquia', 0, 96),
(606, 'Panapana', 'Parroquia', 0, 96),
(607, 'Andrés Eloy Blanco', 'Parroquia', 0, 97),
(608, 'Pedro Cova', 'Parroquia', 0, 97),
(609, 'Roscio', 'Parroquia', 0, 98),
(610, 'Salóm', 'Parroquia', 0, 98);
INSERT INTO Lugar (idLugar, nombre, tipo, codigoPostal, Lugar_idLugar) VALUES
(611, 'Sifontes', 'Parroquia', 0, 99),
(612, 'Dalla Costa', 'Parroquia', 0, 99),
(613, 'San Isidro', 'Parroquia', 0, 99),
(614, 'Sucre', 'Parroquia', 0, 100),
(615, 'Aripao', 'Parroquia', 0, 100),
(616, 'Guarataro', 'Parroquia', 0, 100),
(617, 'Las Majadas', 'Parroquia', 0, 100),
(618, 'Moitaco', 'Parroquia', 0, 100),
(619, 'Padre Pedro Chien', 'Parroquia', 0, 101),
(620, 'Río Grande', 'Parroquia', 0, 101),
(621, 'Bejuma', 'Parroquia', 0, 102),
(622, 'Canoabo', 'Parroquia', 0, 102),
(623, 'Simón Bolívar', 'Parroquia', 0, 102),
(624, 'Güigüe', 'Parroquia', 0, 103),
(625, 'Carabobo', 'Parroquia', 0, 103),
(626, 'Tacarigua', 'Parroquia', 0, 103),
(627, 'Mariara', 'Parroquia', 0, 104),
(628, 'Aguas Calientes', 'Parroquia', 0, 104),
(629, 'Ciudad Alianza', 'Parroquia', 0, 105),
(630, 'Guacara', 'Parroquia', 0, 105),
(631, 'Yagua', 'Parroquia', 0, 105),
(632, 'Morón', 'Parroquia', 0, 106),
(633, 'Urama', 'Parroquia', 0, 106),
(634, 'Valencia', 'Parroquia', 0, 107),
(635, 'Campo Carabobo', 'Parroquia', 0, 107),
(636, 'Los Guayos', 'Parroquia', 0, 108),
(637, 'Miranda', 'Parroquia', 0, 109),
(638, 'Montalbán', 'Parroquia', 0, 110),
(639, 'Naguanagua', 'Parroquia', 0, 111),
(640, 'Bartolomé Salóm', 'Parroquia', 0, 112),
(641, 'Democracia', 'Parroquia', 0, 112),
(642, 'Fraternidad', 'Parroquia', 0, 112),
(643, 'Goaigoaza', 'Parroquia', 0, 112),
(644, 'Juan José Flores', 'Parroquia', 0, 112),
(645, 'Unión', 'Parroquia', 0, 112),
(646, 'Borburata', 'Parroquia', 0, 112),
(647, 'Patanemo', 'Parroquia', 0, 112),
(648, 'San Diego', 'Parroquia', 0, 113),
(649, 'San Joaquín', 'Parroquia', 0, 114),
(650, 'Urbana Candelaria', 'Parroquia', 0, 115),
(651, 'Urbana Catedral', 'Parroquia', 0, 115),
(652, 'Urbana El Socorro', 'Parroquia', 0, 115),
(653, 'Urbana Miguel Peña', 'Parroquia', 0, 115),
(654, 'Urbana Rafael Urdaneta', 'Parroquia', 0, 115),
(655, 'Urbana San Blas', 'Parroquia', 0, 115),
(656, 'Urbana San José', 'Parroquia', 0, 115),
(657, 'Urbana Santa Rosa', 'Parroquia', 0, 115),
(658, 'No Urbana Negro Primero', 'Parroquia', 0, 115),
(659, 'Cojedes', 'Parroquia', 0, 116),
(660, 'Juan de Mata Suárez', 'Parroquia', 0, 116);
INSERT INTO Lugar (idLugar, nombre, tipo, codigoPostal, Lugar_idLugar) VALUES
(661, 'Tinaquillo', 'Parroquia', 0, 117),
(662, 'El Baúl', 'Parroquia', 0, 118),
(663, 'Sucre', 'Parroquia', 0, 118),
(664, 'La Aguadita', 'Parroquia', 0, 119),
(665, 'Macapo', 'Parroquia', 0, 119),
(666, 'El Pao', 'Parroquia', 0, 120),
(667, 'El Amparo', 'Parroquia', 0, 121),
(668, 'Libertad de Cojedes', 'Parroquia', 0, 121),
(669, 'Rómulo Gallegos', 'Parroquia', 0, 122),
(670, 'San Carlos de Austria', 'Parroquia', 0, 123),
(671, 'Juan Ángel Bravo', 'Parroquia', 0, 123),
(672, 'Manuel Manrique', 'Parroquia', 0, 123),
(673, 'General en Jefe José Laurencio Silva', 'Parroquia', 0, 124),
(674, 'Curiapo', 'Parroquia', 0, 125),
(675, 'Almirante Luis Brión', 'Parroquia', 0, 125),
(676, 'Francisco Aniceto Lugo Boca de Cuyubini', 'Parroquia', 0, 125),
(677, 'Manuel Renaud', 'Parroquia', 0, 125),
(678, 'Padre Barral', 'Parroquia', 0, 125),
(679, 'Santos de Abelgas', 'Parroquia', 0, 125),
(680, 'Imataca Moruca', 'Parroquia', 0, 126),
(681, 'Cinco de Julio Piacoa', 'Parroquia', 0, 126),
(682, 'Juan Bautista Arismendi', 'Parroquia', 0, 126),
(683, 'Manuel Piar Santa Catalina', 'Parroquia', 0, 126),
(684, 'Rómulo Gallegos', 'Parroquia', 0, 126),
(685, 'Pedernales', 'Parroquia', 0, 127),
(686, 'Luis Beltrán Prieto Figueroa', 'Parroquia', 0, 127),
(687, 'San José', 'Parroquia', 0, 128),
(688, 'José Vidal Marcano Caparal de Guara', 'Parroquia', 0, 128),
(689, 'Juan Millán', 'Parroquia', 0, 128),
(690, 'Leonardo Ruíz Pineda Paloma', 'Parroquia', 0, 128),
(691, 'Mariscal Antonio José de Sucre', 'Parroquia', 0, 128),
(692, 'Monseñor Argimiro García San Rafael', 'Parroquia', 0, 128),
(693, 'San Rafael', 'Parroquia', 0, 128),
(694, 'Virgen del Valle', 'Parroquia', 0, 128),
(695, 'Capadare', 'Parroquia', 0, 129),
(696, 'La Pastora', 'Parroquia', 0, 129),
(697, 'Libertador', 'Parroquia', 0, 129),
(698, 'San Juan de los Cayos', 'Parroquia', 0, 129),
(699, 'Aracua', 'Parroquia', 0, 130),
(700, 'La Peña', 'Parroquia', 0, 130),
(701, 'San Luis', 'Parroquia', 0, 130),
(702, 'Bariro', 'Parroquia', 0, 131),
(703, 'Borojó', 'Parroquia', 0, 131),
(704, 'Capatárida', 'Parroquia', 0, 131),
(705, 'Guajiro', 'Parroquia', 0, 131),
(706, 'Seque', 'Parroquia', 0, 131),
(707, 'Zazárida', 'Parroquia', 0, 131),
(708, 'Valle de Eroa', 'Parroquia', 0, 131),
(709, 'Norte', 'Parroquia', 0, 132),
(710, 'Carirubana', 'Parroquia', 0, 132);
INSERT INTO Lugar (idLugar, nombre, tipo, codigoPostal, Lugar_idLugar) VALUES
(711, 'Santa Ana', 'Parroquia', 0, 132),
(712, 'Urbana Punta Cardón', 'Parroquia', 0, 132),
(713, 'La Vela de Coro', 'Parroquia', 0, 133),
(714, 'Acurigua', 'Parroquia', 0, 133),
(715, 'Guaibacoa', 'Parroquia', 0, 133),
(716, 'Las Calderas', 'Parroquia', 0, 133),
(717, 'Macoruca', 'Parroquia', 0, 133),
(718, 'Dabajuro', 'Parroquia', 0, 134),
(719, 'Agua Clara', 'Parroquia', 0, 135),
(720, 'Avaria', 'Parroquia', 0, 135),
(721, 'Pedregal', 'Parroquia', 0, 135),
(722, 'Piedra Grande', 'Parroquia', 0, 135),
(723, 'Purureche', 'Parroquia', 0, 135),
(724, 'Adaure', 'Parroquia', 0, 136),
(725, 'Adícora', 'Parroquia', 0, 136),
(726, 'Baraived', 'Parroquia', 0, 136),
(727, 'Buena Vista', 'Parroquia', 0, 136),
(728, 'Jadacaquiva', 'Parroquia', 0, 136),
(729, 'El Vínculo', 'Parroquia', 0, 136),
(730, 'El Hato', 'Parroquia', 0, 136),
(731, 'Moruy', 'Parroquia', 0, 136),
(732, 'Pueblo Nuevo', 'Parroquia', 0, 136),
(733, 'Agua Larga', 'Parroquia', 0, 137),
(734, 'Churuguara', 'Parroquia', 0, 137),
(735, 'El Paují', 'Parroquia', 0, 137),
(736, 'Independencia', 'Parroquia', 0, 137),
(737, 'Mapararí', 'Parroquia', 0, 137),
(738, 'Agua Linda', 'Parroquia', 0, 138),
(739, 'Araurima', 'Parroquia', 0, 138),
(740, 'Jacura', 'Parroquia', 0, 138),
(741, 'Los Taques', 'Parroquia', 0, 139),
(742, 'Judibana', 'Parroquia', 0, 139),
(743, 'Cacique Manaure', 'Parroquia', 0, 140),
(744, 'Mene de Mauroa', 'Parroquia', 0, 141),
(745, 'San Félix', 'Parroquia', 0, 141),
(746, 'Casigua', 'Parroquia', 0, 141),
(747, 'Guzmán Guillermo', 'Parroquia', 0, 142),
(748, 'Mitare', 'Parroquia', 0, 142),
(749, 'Río Seco', 'Parroquia', 0, 142),
(750, 'Sabaneta', 'Parroquia', 0, 142),
(751, 'San Antonio', 'Parroquia', 0, 142),
(752, 'San Gabriel', 'Parroquia', 0, 142),
(753, 'Santa Ana', 'Parroquia', 0, 142),
(754, 'Boca del Tocuyo', 'Parroquia', 0, 143),
(755, 'Chichiriviche', 'Parroquia', 0, 143),
(756, 'Tocuyo de la Costa', 'Parroquia', 0, 143),
(757, 'Palmasola', 'Parroquia', 0, 144),
(758, 'Cabure', 'Parroquia', 0, 145),
(759, 'Colina', 'Parroquia', 0, 145),
(760, 'Curimagua', 'Parroquia', 0, 145);
INSERT INTO Lugar (idLugar, nombre, tipo, codigoPostal, Lugar_idLugar) VALUES
(761, 'San José de la Costa', 'Parroquia', 0, 146),
(762, 'Píritu', 'Parroquia', 0, 146),
(763, 'Capital San Francisco', 'Parroquia', 0, 147),
(764, 'Sucre', 'Parroquia', 0, 148),
(765, 'Pecaya', 'Parroquia', 0, 148),
(766, 'Tucacas', 'Parroquia', 0, 149),
(767, 'Boca de Aroa', 'Parroquia', 0, 149),
(768, 'Tocópero', 'Parroquia', 0, 150),
(769, 'El Charal', 'Parroquia', 0, 151),
(770, 'Las Vegas del Tuy', 'Parroquia', 0, 151),
(771, 'Santa Cruz de Bucaral', 'Parroquia', 0, 151),
(772, 'Bruzual', 'Parroquia', 0, 152),
(773, 'Urumaco', 'Parroquia', 0, 152),
(774, 'Puerto Cumarebo', 'Parroquia', 0, 153),
(775, 'La Ciénaga', 'Parroquia', 0, 153),
(776, 'La Soledad', 'Parroquia', 0, 153),
(777, 'Pueblo Cumarebo', 'Parroquia', 0, 153),
(778, 'Zazárida', 'Parroquia', 0, 153),
(779, 'Camaguán', 'Parroquia', 0, 154),
(780, 'Puerto Miranda', 'Parroquia', 0, 154),
(781, 'Uverito', 'Parroquia', 0, 154),
(782, 'Chaguaramas', 'Parroquia', 0, 155),
(783, 'El Socorro', 'Parroquia', 0, 156),
(784, 'Valle de la Pascua', 'Parroquia', 0, 157),
(785, 'Espino', 'Parroquia', 0, 157),
(786, 'Las Mercedes', 'Parroquia', 0, 158),
(787, 'Cabruta', 'Parroquia', 0, 158),
(788, 'Santa Rita de Manapire', 'Parroquia', 0, 158),
(789, 'El Sombrero', 'Parroquia', 0, 159),
(790, 'Sosa', 'Parroquia', 0, 159),
(791, 'El Calvario', 'Parroquia', 0, 160),
(792, 'El Rastro', 'Parroquia', 0, 160),
(793, 'Guardatinajas', 'Parroquia', 0, 160),
(794, 'Capital Urbana Calabozo', 'Parroquia', 0, 160),
(795, 'Altagracia de Orituco', 'Parroquia', 0, 161),
(796, 'San Rafael de Orituco', 'Parroquia', 0, 161),
(797, 'San Francisco Javier de Lezama', 'Parroquia', 0, 161),
(798, 'Paso Real de Macaira', 'Parroquia', 0, 161),
(799, 'Carlos Soublette', 'Parroquia', 0, 161),
(800, 'San Francisco de Macaira', 'Parroquia', 0, 161),
(801, 'Libertad de Orituco', 'Parroquia', 0, 161),
(802, 'San José de Tiznados', 'Parroquia', 0, 162),
(803, 'San Francisco de Tiznados', 'Parroquia', 0, 162),
(804, 'San Lorenzo de Tiznados', 'Parroquia', 0, 162),
(805, 'Ortiz', 'Parroquia', 0, 162),
(806, 'Tucupido', 'Parroquia', 0, 163),
(807, 'San Rafael de Laya', 'Parroquia', 0, 163),
(808, 'Cantagallo', 'Parroquia', 0, 164),
(809, 'San Juan de los Morros', 'Parroquia', 0, 164),
(810, 'Parapara', 'Parroquia', 0, 164);
INSERT INTO Lugar (idLugar, nombre, tipo, codigoPostal, Lugar_idLugar) VALUES
(811, 'Guayabal', 'Parroquia', 0, 165),
(812, 'Cazorla', 'Parroquia', 0, 165),
(813, 'San José de Guaribe', 'Parroquia', 0, 166),
(814, 'Uveral', 'Parroquia', 0, 166),
(815, 'Santa María de Ipire', 'Parroquia', 0, 167),
(816, 'Altamira', 'Parroquia', 0, 167),
(817, 'Unare', 'Parroquia', 0, 168),
(818, 'Zaraza', 'Parroquia', 0, 168),
(819, 'Quebrada Honda de Guache', 'Parroquia', 0, 169),
(820, 'Pío Tamayo', 'Parroquia', 0, 169),
(821, 'Yacambú', 'Parroquia', 0, 169),
(822, 'Freitez', 'Parroquia', 0, 170),
(823, 'José María Blanco', 'Parroquia', 0, 170),
(824, 'Catedral', 'Parroquia', 0, 171),
(825, 'Concepción', 'Parroquia', 0, 171),
(826, 'El Cují', 'Parroquia', 0, 171),
(827, 'Juan de Villegas', 'Parroquia', 0, 171),
(828, 'Santa Rosa', 'Parroquia', 0, 171),
(829, 'Tamaca', 'Parroquia', 0, 171),
(830, 'Unión', 'Parroquia', 0, 171),
(831, 'Aguedo Felipe Alvarado', 'Parroquia', 0, 171),
(832, 'Buena Vista', 'Parroquia', 0, 171),
(833, 'Juárez', 'Parroquia', 0, 171),
(834, 'Juan Bautista Rodríguez', 'Parroquia', 0, 172),
(835, 'Cuara', 'Parroquia', 0, 172),
(836, 'Diego de Lozada', 'Parroquia', 0, 172),
(837, 'Paraíso de San José', 'Parroquia', 0, 172),
(838, 'San Miguel', 'Parroquia', 0, 172),
(839, 'Tintorero', 'Parroquia', 0, 172),
(840, 'José Bernardo Dorante', 'Parroquia', 0, 172),
(841, 'Coronel Mariano Peraza', 'Parroquia', 0, 172),
(842, 'Anzoátegui', 'Parroquia', 0, 173),
(843, 'Bolívar', 'Parroquia', 0, 173),
(844, 'Guárico', 'Parroquia', 0, 173),
(845, 'Hilario Luna y Luna', 'Parroquia', 0, 173),
(846, 'Humocaro Bajo', 'Parroquia', 0, 173),
(847, 'Humocaro Alto', 'Parroquia', 0, 173),
(848, 'La Candelaria', 'Parroquia', 0, 173),
(849, 'Morán', 'Parroquia', 0, 173),
(850, 'Cabudare', 'Parroquia', 0, 174),
(851, 'José Gregorio Bastidas', 'Parroquia', 0, 174),
(852, 'Agua Viva', 'Parroquia', 0, 174),
(853, 'Buría', 'Parroquia', 0, 175),
(854, 'Gustavo Vega', 'Parroquia', 0, 175),
(855, 'Sarare', 'Parroquia', 0, 175),
(856, 'Altagracia', 'Parroquia', 0, 176),
(857, 'Antonio Díaz', 'Parroquia', 0, 176),
(858, 'Camacaro', 'Parroquia', 0, 176),
(859, 'Castañeda', 'Parroquia', 0, 176),
(860, 'Cecilio Zubillaga', 'Parroquia', 0, 176);
INSERT INTO Lugar (idLugar, nombre, tipo, codigoPostal, Lugar_idLugar) VALUES
(861, 'Chiquinquira', 'Parroquia', 0, 176),
(862, 'El Blanco', 'Parroquia', 0, 176),
(863, 'Espinoza de los Monteros', 'Parroquia', 0, 176),
(864, 'Heriberto Arrollo', 'Parroquia', 0, 176),
(865, 'Lara', 'Parroquia', 0, 176),
(866, 'Las Mercedes', 'Parroquia', 0, 176),
(867, 'Manuel Morillo', 'Parroquia', 0, 176),
(868, 'Montaña Verde', 'Parroquia', 0, 176),
(869, 'Montes de Oca', 'Parroquia', 0, 176),
(870, 'Reyes de Vargas', 'Parroquia', 0, 176),
(871, 'Torres', 'Parroquia', 0, 176),
(872, 'Trinidad Samuel', 'Parroquia', 0, 176),
(873, 'Siquisique', 'Parroquia', 0, 177),
(874, 'San Miguel', 'Parroquia', 0, 177),
(875, 'Moroturo', 'Parroquia', 0, 177),
(876, 'Xaguas', 'Parroquia', 0, 177),
(877, 'Presidente Betancourt', 'Parroquia', 0, 178),
(878, 'Presidente Páez', 'Parroquia', 0, 178),
(879, 'Presidente Rómulo Gallegos', 'Parroquia', 0, 178),
(880, 'Gabriel Picón González', 'Parroquia', 0, 178),
(881, 'Héctor Amable Mora', 'Parroquia', 0, 178),
(882, 'José Nucete Sardi', 'Parroquia', 0, 178),
(883, 'Pulido Méndez', 'Parroquia', 0, 178),
(884, 'La Azulita', 'Parroquia', 0, 179),
(885, 'Santa Cruz de Mora', 'Parroquia', 0, 180),
(886, 'Mesa Bolívar', 'Parroquia', 0, 180),
(887, 'Mesa de Las Palmas', 'Parroquia', 0, 180),
(888, 'Aricagua', 'Parroquia', 0, 181),
(889, 'San Antonio', 'Parroquia', 0, 181),
(890, 'Canagua', 'Parroquia', 0, 182),
(891, 'Capurí', 'Parroquia', 0, 182),
(892, 'Chacantá', 'Parroquia', 0, 182),
(893, 'El Molino', 'Parroquia', 0, 182),
(894, 'Guaimaral', 'Parroquia', 0, 182),
(895, 'Mucutuy', 'Parroquia', 0, 182),
(896, 'Mucuchachí', 'Parroquia', 0, 182),
(897, 'Fernández Peña', 'Parroquia', 0, 183),
(898, 'Matriz', 'Parroquia', 0, 183),
(899, 'Montalbán', 'Parroquia', 0, 183),
(900, 'Acequias', 'Parroquia', 0, 183),
(901, 'Jají', 'Parroquia', 0, 183),
(902, 'La Mesa', 'Parroquia', 0, 183),
(903, 'San José del Sur', 'Parroquia', 0, 183),
(904, 'Tucaní', 'Parroquia', 0, 184),
(905, 'Florencio Ramírez', 'Parroquia', 0, 184),
(906, 'Santo Domingo', 'Parroquia', 0, 185),
(907, 'Las Piedras', 'Parroquia', 0, 185),
(908, 'Guaraque', 'Parroquia', 0, 186),
(909, 'Mesa de Quintero', 'Parroquia', 0, 186),
(910, 'Río Negro', 'Parroquia', 0, 186);
INSERT INTO Lugar (idLugar, nombre, tipo, codigoPostal, Lugar_idLugar) VALUES
(911, 'Arapuey', 'Parroquia', 0, 187),
(912, 'Palmira', 'Parroquia', 0, 187),
(913, 'San Cristóbal de Torondoy', 'Parroquia', 0, 188),
(914, 'Torondoy', 'Parroquia', 0, 188),
(915, 'Antonio Spinetti Dini', 'Parroquia', 0, 189),
(916, 'Arias', 'Parroquia', 0, 189),
(917, 'Caracciolo Parra Pérez', 'Parroquia', 0, 189),
(918, 'Domingo Peña', 'Parroquia', 0, 189),
(919, 'El Llano', 'Parroquia', 0, 189),
(920, 'Gonzalo Picón Febres', 'Parroquia', 0, 189),
(921, 'Jacinto Plaza', 'Parroquia', 0, 189),
(922, 'Juan Rodríguez Suárez', 'Parroquia', 0, 189),
(923, 'Lasso de la Vega', 'Parroquia', 0, 189),
(924, 'Mariano Picón Salas', 'Parroquia', 0, 189),
(925, 'Milla', 'Parroquia', 0, 189),
(926, 'Osuna Rodríguez', 'Parroquia', 0, 189),
(927, 'Sagrario', 'Parroquia', 0, 189),
(928, 'El Morro', 'Parroquia', 0, 189),
(929, 'Los Nevados', 'Parroquia', 0, 189),
(930, 'Andrés Eloy Blanco', 'Parroquia', 0, 190),
(931, 'La Venta', 'Parroquia', 0, 190),
(932, 'Piñango', 'Parroquia', 0, 190),
(933, 'Timotes', 'Parroquia', 0, 190),
(934, 'Eloy Paredes', 'Parroquia', 0, 191),
(935, 'San Rafael de Alcázar', 'Parroquia', 0, 191),
(936, 'Santa Elena de Arenales', 'Parroquia', 0, 191),
(937, 'Santa María de Caparo', 'Parroquia', 0, 192),
(938, 'Pueblo Llano', 'Parroquia', 0, 193),
(939, 'Cacute', 'Parroquia', 0, 194),
(940, 'La Toma', 'Parroquia', 0, 194),
(941, 'Mucuchíes', 'Parroquia', 0, 194),
(942, 'Mucurubá', 'Parroquia', 0, 194),
(943, 'San Rafael', 'Parroquia', 0, 194),
(944, 'Gerónimo Maldonado', 'Parroquia', 0, 195),
(945, 'Bailadores', 'Parroquia', 0, 195),
(946, 'Tabay', 'Parroquia', 0, 196),
(947, 'Chiguará', 'Parroquia', 0, 197),
(948, 'Estánquez', 'Parroquia', 0, 197),
(949, 'Lagunillas', 'Parroquia', 0, 197),
(950, 'La Trampa', 'Parroquia', 0, 197),
(951, 'Pueblo Nuevo del Sur', 'Parroquia', 0, 197),
(952, 'San Juan', 'Parroquia', 0, 197),
(953, 'El Amparo', 'Parroquia', 0, 198),
(954, 'El Llano', 'Parroquia', 0, 198),
(955, 'San Francisco', 'Parroquia', 0, 198),
(956, 'Tovar', 'Parroquia', 0, 198),
(957, 'Independencia', 'Parroquia', 0, 199),
(958, 'María de la Concepción Palacios Blanco', 'Parroquia', 0, 199),
(959, 'Nueva Bolivia', 'Parroquia', 0, 199),
(960, 'Santa Apolonia', 'Parroquia', 0, 199);
INSERT INTO Lugar (idLugar, nombre, tipo, codigoPostal, Lugar_idLugar) VALUES
(961, 'Caño El Tigre', 'Parroquia', 0, 200),
(962, 'Zea', 'Parroquia', 0, 200),
(963, 'Aragüita', 'Parroquia', 0, 201),
(964, 'Arévalo González', 'Parroquia', 0, 201),
(965, 'Capaya', 'Parroquia', 0, 201),
(966, 'Caucagua', 'Parroquia', 0, 201),
(967, 'Panaquire', 'Parroquia', 0, 201),
(968, 'Ribas', 'Parroquia', 0, 201),
(969, 'El Café', 'Parroquia', 0, 201),
(970, 'Marizapa', 'Parroquia', 0, 201),
(971, 'Cumbo', 'Parroquia', 0, 202),
(972, 'San José de Barlovento', 'Parroquia', 0, 202),
(973, 'El Cafetal', 'Parroquia', 0, 203),
(974, 'Las Minas', 'Parroquia', 0, 203),
(975, 'Nuestra Señora del Rosario', 'Parroquia', 0, 203),
(976, 'Higuerote', 'Parroquia', 0, 204),
(977, 'Curiepe', 'Parroquia', 0, 204),
(978, 'Tacarigua de Brión', 'Parroquia', 0, 204),
(979, 'Mamporal', 'Parroquia', 0, 205),
(980, 'Carrizal', 'Parroquia', 0, 206),
(981, 'Chacao', 'Parroquia', 0, 207),
(982, 'Charallave', 'Parroquia', 0, 208),
(983, 'Las Brisas', 'Parroquia', 0, 208),
(984, 'El Hatillo', 'Parroquia', 0, 209),
(985, 'Altagracia de la Montaña', 'Parroquia', 0, 210),
(986, 'Cecilio Acosta', 'Parroquia', 0, 210),
(987, 'Los Teques', 'Parroquia', 0, 210),
(988, 'El Jarillo', 'Parroquia', 0, 210),
(989, 'San Pedro.', 'Parroquia', 0, 210),
(990, 'Tácata', 'Parroquia', 0, 210),
(991, 'Paracotos', 'Parroquia', 0, 210),
(992, 'Cartanal', 'Parroquia', 0, 211),
(993, 'Santa Teresa del Tuy', 'Parroquia', 0, 211),
(994, 'La Democracia', 'Parroquia', 0, 212),
(995, 'Ocumare del Tuy', 'Parroquia', 0, 212),
(996, 'Santa Bárbara', 'Parroquia', 0, 212),
(997, 'San Antonio de los Altos', 'Parroquia', 0, 213),
(998, 'Río Chico', 'Parroquia', 0, 214),
(999, 'El Guapo', 'Parroquia', 0, 214),
(1000, 'Tacarigua de la Laguna', 'Parroquia', 0, 214),
(1001, 'Paparo', 'Parroquia', 0, 214),
(1002, 'San Fernando del Guapo', 'Parroquia', 0, 214),
(1003, 'Santa Lucía del Tuy', 'Parroquia', 0, 215),
(1004, 'Cúpira', 'Parroquia', 0, 216),
(1005, 'Machurucuto', 'Parroquia', 0, 216),
(1006, 'Guarenas', 'Parroquia', 0, 217),
(1007, 'San Antonio de Yare', 'Parroquia', 0, 218),
(1008, 'San Francisco de Yare', 'Parroquia', 0, 218),
(1009, 'Leoncio Martínez', 'Parroquia', 0, 219),
(1010, 'Petare', 'Parroquia', 0, 219);
INSERT INTO Lugar (idLugar, nombre, tipo, codigoPostal, Lugar_idLugar) VALUES
(1011, 'Caucagüita', 'Parroquia', 0, 219),
(1012, 'Filas de Mariche', 'Parroquia', 0, 219),
(1013, 'La Dolorita', 'Parroquia', 0, 219),
(1014, 'Cúa', 'Parroquia', 0, 220),
(1015, 'Nueva Cúa', 'Parroquia', 0, 220),
(1016, 'Guatire', 'Parroquia', 0, 221),
(1017, 'Bolívar', 'Parroquia', 0, 221),
(1018, 'San Antonio de Maturín', 'Parroquia', 0, 222),
(1019, 'San Francisco de Maturín', 'Parroquia', 0, 222),
(1020, 'Aguasay', 'Parroquia', 0, 223),
(1021, 'Caripito', 'Parroquia', 0, 224),
(1022, 'El Guácharo', 'Parroquia', 0, 225),
(1023, 'La Guanota', 'Parroquia', 0, 225),
(1024, 'Sabana de Piedra', 'Parroquia', 0, 225),
(1025, 'San Agustín', 'Parroquia', 0, 225),
(1026, 'Teresen', 'Parroquia', 0, 225),
(1027, 'Caripe', 'Parroquia', 0, 225),
(1028, 'Areo', 'Parroquia', 0, 226),
(1029, 'Capital Cedeño', 'Parroquia', 0, 226),
(1030, 'San Félix de Cantalicio', 'Parroquia', 0, 226),
(1031, 'Viento Fresco', 'Parroquia', 0, 226),
(1032, 'El Tejero', 'Parroquia', 0, 227),
(1033, 'Punta de Mata', 'Parroquia', 0, 227),
(1034, 'Chaguaramas', 'Parroquia', 0, 228),
(1035, 'Las Alhuacas', 'Parroquia', 0, 228),
(1036, 'Tabasca', 'Parroquia', 0, 228),
(1037, 'Temblador', 'Parroquia', 0, 228),
(1038, 'Alto de los Godos', 'Parroquia', 0, 229),
(1039, 'Boquerón', 'Parroquia', 0, 229),
(1040, 'Las Cocuizas', 'Parroquia', 0, 229),
(1041, 'La Cruz', 'Parroquia', 0, 229),
(1042, 'San Simón', 'Parroquia', 0, 229),
(1043, 'El Corozo', 'Parroquia', 0, 229),
(1044, 'El Furrial', 'Parroquia', 0, 229),
(1045, 'Jusepín', 'Parroquia', 0, 229),
(1046, 'La Pica', 'Parroquia', 0, 229),
(1047, 'San Vicente', 'Parroquia', 0, 229),
(1048, 'Aparicio', 'Parroquia', 0, 230),
(1049, 'Aragua de Maturín', 'Parroquia', 0, 230),
(1050, 'Chaguamal', 'Parroquia', 0, 230),
(1051, 'El Pinto', 'Parroquia', 0, 230),
(1052, 'Guanaguana', 'Parroquia', 0, 230),
(1053, 'La Toscana', 'Parroquia', 0, 230),
(1054, 'Taguaya', 'Parroquia', 0, 230),
(1055, 'Cachipo', 'Parroquia', 0, 231),
(1056, 'Quiriquire', 'Parroquia', 0, 231),
(1057, 'Santa Bárbara', 'Parroquia', 0, 232),
(1058, 'Barrancas', 'Parroquia', 0, 233),
(1059, 'Los Barrancos de Fajardo', 'Parroquia', 0, 233),
(1060, 'Uracoa', 'Parroquia', 0, 234);
INSERT INTO Lugar (idLugar, nombre, tipo, codigoPostal, Lugar_idLugar) VALUES
(1061, 'Antolín del Campo', 'Parroquia', 0, 235),
(1062, 'Arismendi', 'Parroquia', 0, 236),
(1063, 'San Juan Bautista', 'Parroquia', 0, 237),
(1064, 'Zabala', 'Parroquia', 0, 237),
(1065, 'García', 'Parroquia', 0, 238),
(1066, 'Francisco Fajardo', 'Parroquia', 0, 238),
(1067, 'Bolívar', 'Parroquia', 0, 239),
(1068, 'Guevara', 'Parroquia', 0, 239),
(1069, 'Cerro de Matasiete', 'Parroquia', 0, 239),
(1070, 'Santa Ana', 'Parroquia', 0, 239),
(1071, 'Sucre', 'Parroquia', 0, 239),
(1072, 'Aguirre', 'Parroquia', 0, 240),
(1073, 'Maneiro', 'Parroquia', 0, 240),
(1074, 'Adrián', 'Parroquia', 0, 241),
(1075, 'Juan Griego', 'Parroquia', 0, 241),
(1076, 'Yaguaraparo', 'Parroquia', 0, 241),
(1077, 'Porlamar', 'Parroquia', 0, 242),
(1078, 'San Francisco de Macanao', 'Parroquia', 0, 243),
(1079, 'Boca de Río', 'Parroquia', 0, 243),
(1080, 'Tubores', 'Parroquia', 0, 244),
(1081, 'Los Barales', 'Parroquia', 0, 244),
(1082, 'Vicente Fuentes', 'Parroquia', 0, 245),
(1083, 'Villalba', 'Parroquia', 0, 245),
(1084, 'Agua Blanca', 'Parroquia', 0, 246),
(1085, 'Araure', 'Parroquia', 0, 247),
(1086, 'Río Acarigua', 'Parroquia', 0, 247),
(1087, 'Píritu', 'Parroquia', 0, 248),
(1088, 'Uveral', 'Parroquia', 0, 248),
(1089, 'Cordova', 'Parroquia', 0, 249),
(1090, 'Guanare', 'Parroquia', 0, 249),
(1091, 'San José de la Montaña', 'Parroquia', 0, 249),
(1092, 'San Juan de Guanaguanare', 'Parroquia', 0, 249),
(1093, 'Virgen de Coromoto', 'Parroquia', 0, 249),
(1094, 'Guanarito', 'Parroquia', 0, 250),
(1095, 'Trinidad de la Capilla', 'Parroquia', 0, 250),
(1096, 'Divina Pastora', 'Parroquia', 0, 250),
(1097, 'Peña Blanca', 'Parroquia', 0, 251),
(1098, 'Aparición', 'Parroquia', 0, 252),
(1099, 'La Estación', 'Parroquia', 0, 252),
(1100, 'Ospino', 'Parroquia', 0, 252),
(1101, 'Acarigua', 'Parroquia', 0, 253),
(1102, 'Payara', 'Parroquia', 0, 253),
(1103, 'Pimpinela', 'Parroquia', 0, 253),
(1104, 'Ramón Peraza', 'Parroquia', 0, 253),
(1105, 'Caño Delgadito', 'Parroquia', 0, 254),
(1106, 'Papelón', 'Parroquia', 0, 254),
(1107, 'Antolín Tovar Anquino', 'Parroquia', 0, 255),
(1108, 'Boconoíto', 'Parroquia', 0, 255),
(1109, 'Santa Fé', 'Parroquia', 0, 256),
(1110, 'San Rafael de Onoto', 'Parroquia', 0, 256);
INSERT INTO Lugar (idLugar, nombre, tipo, codigoPostal, Lugar_idLugar) VALUES
(1111, 'Thermo Morales', 'Parroquia', 0, 256),
(1112, 'Florida', 'Parroquia', 0, 257),
(1113, 'El Playón', 'Parroquia', 0, 257),
(1114, 'Biscucuy', 'Parroquia', 0, 258),
(1115, 'Concepción', 'Parroquia', 0, 258),
(1116, 'San José de Saguaz', 'Parroquia', 0, 258),
(1117, 'San Rafael de Palo Alzado', 'Parroquia', 0, 258),
(1118, 'Uvencio Antonio Velásquez', 'Parroquia', 0, 258),
(1119, 'Villa Rosa', 'Parroquia', 0, 258),
(1120, 'Canelones', 'Parroquia', 0, 259),
(1121, 'Santa Cruz', 'Parroquia', 0, 259),
(1122, 'San Isidro Labrador', 'Parroquia', 0, 259),
(1123, 'Mariño', 'Parroquia', 0, 260),
(1124, 'Rómulo Gallegos', 'Parroquia', 0, 260),
(1125, 'San José de Aerocuar', 'Parroquia', 0, 261),
(1126, 'Tavera Acosta', 'Parroquia', 0, 261),
(1127, 'Río Caribe', 'Parroquia', 0, 262),
(1128, 'Antonio José de Sucre', 'Parroquia', 0, 262),
(1129, 'El Morro de Puerto Santo', 'Parroquia', 0, 262),
(1130, 'Puerto Santo', 'Parroquia', 0, 262),
(1131, 'San Juan de las Galdonas', 'Parroquia', 0, 262),
(1132, 'El Pilar', 'Parroquia', 0, 263),
(1133, 'El Rincón', 'Parroquia', 0, 263),
(1134, 'General Francisco Antonio Váquez', 'Parroquia', 0, 263),
(1135, 'Guaraúnos', 'Parroquia', 0, 263),
(1136, 'Tunapuicito', 'Parroquia', 0, 263),
(1137, 'Unión', 'Parroquia', 0, 263),
(1138, 'Santa Catalina', 'Parroquia', 0, 264),
(1139, 'Santa Rosa', 'Parroquia', 0, 264),
(1140, 'Santa Teresa', 'Parroquia', 0, 264),
(1141, 'Bolívar', 'Parroquia', 0, 264),
(1142, 'Maracapana', 'Parroquia', 0, 264),
(1143, 'Libertad', 'Parroquia', 0, 266),
(1144, 'El Paujil', 'Parroquia', 0, 266),
(1145, 'Yaguaraparo', 'Parroquia', 0, 266),
(1146, 'Cruz Salmerón Acosta', 'Parroquia', 0, 267),
(1147, 'Chacopata', 'Parroquia', 0, 267),
(1148, 'Manicuare', 'Parroquia', 0, 267),
(1149, 'Tunapuy', 'Parroquia', 0, 268),
(1150, 'Campo Elías', 'Parroquia', 0, 268),
(1151, 'Irapa', 'Parroquia', 0, 269),
(1152, 'Campo Claro', 'Parroquia', 0, 269),
(1153, 'Maraval', 'Parroquia', 0, 269),
(1154, 'San Antonio de Irapa', 'Parroquia', 0, 269),
(1155, 'Soro', 'Parroquia', 0, 269),
(1156, 'Mejía', 'Parroquia', 0, 270),
(1157, 'Cumanacoa', 'Parroquia', 0, 271),
(1158, 'Arenas', 'Parroquia', 0, 271),
(1159, 'Aricagua', 'Parroquia', 0, 271),
(1160, 'Cocollar', 'Parroquia', 0, 271);
INSERT INTO Lugar (idLugar, nombre, tipo, codigoPostal, Lugar_idLugar) VALUES
(1161, 'San Fernando', 'Parroquia', 0, 271),
(1162, 'San Lorenzo', 'Parroquia', 0, 271),
(1163, 'Villa Frontado (Muelle de Cariaco)', 'Parroquia', 0, 272),
(1164, 'Catuaro', 'Parroquia', 0, 272),
(1165, 'Rendón', 'Parroquia', 0, 272),
(1166, 'San Cruz', 'Parroquia', 0, 272),
(1167, 'Santa María', 'Parroquia', 0, 272),
(1168, 'Altagracia Cumaná', 'Parroquia', 0, 273),
(1169, 'Santa Inés Cumaná', 'Parroquia', 0, 273),
(1170, 'Valentín Valiente Cumaná', 'Parroquia', 0, 273),
(1171, 'Ayacucho Cumaná', 'Parroquia', 0, 273),
(1172, 'San Juan', 'Parroquia', 0, 273),
(1173, 'Raúl Leoni', 'Parroquia', 0, 273),
(1174, 'Gran Mariscal', 'Parroquia', 0, 273),
(1175, 'Cristóbal Colón', 'Parroquia', 0, 274),
(1176, 'Bideau', 'Parroquia', 0, 274),
(1177, 'Punta de Piedras', 'Parroquia', 0, 274),
(1178, 'Güiria', 'Parroquia', 0, 274),
(1179, 'Andrés Bello', 'Parroquia', 0, 275),
(1180, 'Antonio Rómulo Costa', 'Parroquia', 0, 276),
(1181, 'Ayacucho', 'Parroquia', 0, 277),
(1182, 'Rivas Berti', 'Parroquia', 0, 277),
(1183, 'San Pedro del Río', 'Parroquia', 0, 277),
(1184, 'Bolívar', 'Parroquia', 0, 278),
(1185, 'Palotal', 'Parroquia', 0, 278),
(1186, 'General Juan Vicente Gómez', 'Parroquia', 0, 278),
(1187, 'Isaías Medina Angarita', 'Parroquia', 0, 278),
(1188, 'Cárdenas', 'Parroquia', 0, 279),
(1189, 'Amenodoro Rangel Lamus', 'Parroquia', 0, 279),
(1190, 'La Florida', 'Parroquia', 0, 279),
(1191, 'Córdoba', 'Parroquia', 0, 280),
(1192, 'Fernández Feo', 'Parroquia', 0, 281),
(1193, 'Alberto Adriani', 'Parroquia', 0, 281),
(1194, 'Santo Domingo', 'Parroquia', 0, 281),
(1195, 'Francisco de Miranda', 'Parroquia', 0, 282),
(1196, 'García de Hevia', 'Parroquia', 0, 283),
(1197, 'Boca de Grita', 'Parroquia', 0, 283),
(1198, 'José Antonio Páez', 'Parroquia', 0, 283),
(1199, 'Guásimos', 'Parroquia', 0, 284),
(1200, 'Independencia', 'Parroquia', 0, 285),
(1201, 'Juan Germán Roscio', 'Parroquia', 0, 285),
(1202, 'Román Cárdenas', 'Parroquia', 0, 285),
(1203, 'Jáuregui', 'Parroquia', 0, 286),
(1204, 'Emilio Constantino Guerrero', 'Parroquia', 0, 286),
(1205, 'Monseñor Miguel Antonio Salas', 'Parroquia', 0, 286),
(1206, 'José María Vargas', 'Parroquia', 0, 287),
(1207, 'Junín', 'Parroquia', 0, 288),
(1208, 'La Petrólea', 'Parroquia', 0, 288),
(1209, 'Quinimarí', 'Parroquia', 0, 288),
(1210, 'Bramón', 'Parroquia', 0, 288);
INSERT INTO Lugar (idLugar, nombre, tipo, codigoPostal, Lugar_idLugar) VALUES
(1211, 'Libertad', 'Parroquia', 0, 289),
(1212, 'Cipriano Castro', 'Parroquia', 0, 289),
(1213, 'Manuel Felipe Rugeles', 'Parroquia', 0, 289),
(1214, 'Capital Libertador', 'Parroquia', 0, 290),
(1215, 'Doradas', 'Parroquia', 0, 290),
(1216, 'Emeterio Ochoa', 'Parroquia', 0, 290),
(1217, 'San Joaquín de Navay', 'Parroquia', 0, 290),
(1218, 'Lobatera', 'Parroquia', 0, 291),
(1219, 'Constitución', 'Parroquia', 0, 291),
(1220, 'Michelena', 'Parroquia', 0, 292),
(1221, 'Panamericano', 'Parroquia', 0, 293),
(1222, 'La Palmita', 'Parroquia', 0, 293),
(1223, 'Pedro María Ureña', 'Parroquia', 0, 294),
(1224, 'Nueva Arcadia', 'Parroquia', 0, 294),
(1225, 'Delicias', 'Parroquia', 0, 295),
(1226, 'Pecaya', 'Parroquia', 0, 295),
(1227, 'Samuel Darío Maldonado', 'Parroquia', 0, 296),
(1228, 'Boconó', 'Parroquia', 0, 296),
(1229, 'Hernández', 'Parroquia', 0, 296),
(1230, 'La Concordia', 'Parroquia', 0, 297),
(1231, 'San Juan Bautista', 'Parroquia', 0, 297),
(1232, 'Pedro María Morantes', 'Parroquia', 0, 297),
(1233, 'San Sebastián', 'Parroquia', 0, 297),
(1234, 'Dr. Francisco Romero Lobo', 'Parroquia', 0, 297),
(1235, 'Seboruco', 'Parroquia', 0, 298),
(1236, 'Simón Rodríguez', 'Parroquia', 0, 299),
(1237, 'Sucre', 'Parroquia', 0, 300),
(1238, 'Eleazar López Contreras', 'Parroquia', 0, 300),
(1239, 'San Pablo', 'Parroquia', 0, 300),
(1240, 'San José Obrero', 'Parroquia', 0, 301),
(1241, 'San Juan Eudes', 'Parroquia', 0, 301),
(1242, 'Uribante', 'Parroquia', 0, 302),
(1243, 'Cárdenas', 'Parroquia', 0, 302),
(1244, 'Juan Pablo Peñalosa', 'Parroquia', 0, 302),
(1245, 'Potosí', 'Parroquia', 0, 302),
(1246, 'San Judas Tadeo', 'Parroquia', 0, 303),
(1247, 'Araguaney', 'Parroquia', 0, 304),
(1248, 'El Jaguito', 'Parroquia', 0, 304),
(1249, 'La Esperanza', 'Parroquia', 0, 304),
(1250, 'Santa Isabel', 'Parroquia', 0, 304),
(1251, 'Boconó', 'Parroquia', 0, 305),
(1252, 'El Carmen', 'Parroquia', 0, 305),
(1253, 'Mosquey', 'Parroquia', 0, 305),
(1254, 'Ayacucho', 'Parroquia', 0, 305),
(1255, 'Burbusay', 'Parroquia', 0, 305),
(1256, 'General Ribas', 'Parroquia', 0, 305),
(1257, 'Guaramacal', 'Parroquia', 0, 305),
(1258, 'Vega de Guaramacal', 'Parroquia', 0, 305),
(1259, 'Monseñor Jáuregui', 'Parroquia', 0, 305),
(1260, 'Rafael Rangel', 'Parroquia', 0, 305);
INSERT INTO Lugar (idLugar, nombre, tipo, codigoPostal, Lugar_idLugar) VALUES
(1261, 'San Miguel', 'Parroquia', 0, 305),
(1262, 'San José', 'Parroquia', 0, 305),
(1263, 'Sabana Grande', 'Parroquia', 0, 306),
(1264, 'Cheregüé', 'Parroquia', 0, 306),
(1265, 'Granados', 'Parroquia', 0, 306),
(1266, 'Arnoldo Gabaldón', 'Parroquia', 0, 307),
(1267, 'Bolivia', 'Parroquia', 0, 307),
(1268, 'Carrillo', 'Parroquia', 0, 307),
(1269, 'Cegarra', 'Parroquia', 0, 307),
(1270, 'Chejendé', 'Parroquia', 0, 307),
(1271, 'Manuel Salvador Ulloa', 'Parroquia', 0, 307),
(1272, 'San José', 'Parroquia', 0, 307),
(1273, 'Carache', 'Parroquia', 0, 308),
(1274, 'La Concepción', 'Parroquia', 0, 308),
(1275, 'Cuicas', 'Parroquia', 0, 308),
(1276, 'Panamericana', 'Parroquia', 0, 308),
(1277, 'Santa Cruz', 'Parroquia', 0, 308),
(1278, 'Escuque', 'Parroquia', 0, 309),
(1279, 'La Unión (El Alto Escuque)', 'Parroquia', 0, 309),
(1280, 'Santa Rita', 'Parroquia', 0, 309),
(1281, 'Sabana Libre', 'Parroquia', 0, 309),
(1282, 'El Socorro', 'Parroquia', 0, 310),
(1283, 'Los Caprichos', 'Parroquia', 0, 310),
(1284, 'Antonio José de Sucre', 'Parroquia', 0, 310),
(1285, 'Campo Elías', 'Parroquia', 0, 311),
(1286, 'Arnoldo Gabaldón', 'Parroquia', 0, 311),
(1287, 'Santa Apolonia', 'Parroquia', 0, 312),
(1288, 'El Progreso', 'Parroquia', 0, 312),
(1289, 'La Ceiba', 'Parroquia', 0, 312),
(1290, 'Tres de Febrero', 'Parroquia', 0, 312),
(1291, 'El Dividive', 'Parroquia', 0, 313),
(1292, 'Agua Santa', 'Parroquia', 0, 313),
(1293, 'Agua Caliente', 'Parroquia', 0, 313),
(1294, 'El Cenizo', 'Parroquia', 0, 313),
(1295, 'Valerita', 'Parroquia', 0, 313),
(1296, 'Monte Carmelo', 'Parroquia', 0, 314),
(1297, 'Buena Vista', 'Parroquia', 0, 314),
(1298, 'Santa María del Horcón', 'Parroquia', 0, 314),
(1299, 'Motatán', 'Parroquia', 0, 315),
(1300, 'El Baño', 'Parroquia', 0, 315),
(1301, 'Jalisco', 'Parroquia', 0, 315),
(1302, 'Pampán', 'Parroquia', 0, 316),
(1303, 'Flor de Patria', 'Parroquia', 0, 316),
(1304, 'La Paz', 'Parroquia', 0, 316),
(1305, 'Santa Ana', 'Parroquia', 0, 316),
(1306, 'Pampanito', 'Parroquia', 0, 317),
(1307, 'La Concepción', 'Parroquia', 0, 317),
(1308, 'Pampanito II', 'Parroquia', 0, 317),
(1309, 'Betijoque', 'Parroquia', 0, 318),
(1310, 'José Gregorio Hernández', 'Parroquia', 0, 318);
INSERT INTO Lugar (idLugar, nombre, tipo, codigoPostal, Lugar_idLugar) VALUES
(1311, 'La Pueblita', 'Parroquia', 0, 318),
(1312, 'Los Cedros', 'Parroquia', 0, 318),
(1313, 'Carvajal', 'Parroquia', 0, 319),
(1314, 'Campo Alegre', 'Parroquia', 0, 319),
(1315, 'Antonio Nicolás Briceño', 'Parroquia', 0, 319),
(1316, 'José Leonardo Suárez', 'Parroquia', 0, 319),
(1317, 'Sabana de Mendoza', 'Parroquia', 0, 320),
(1318, 'Junín', 'Parroquia', 0, 320),
(1319, 'Valmore Rodríguez', 'Parroquia', 0, 320),
(1320, 'El Paraíso', 'Parroquia', 0, 320),
(1321, 'Andrés Linares', 'Parroquia', 0, 321),
(1322, 'Chiquinquirá', 'Parroquia', 0, 321),
(1323, 'Cristóbal Mendoza', 'Parroquia', 0, 321),
(1324, 'Cruz Carrillo', 'Parroquia', 0, 321),
(1325, 'Matriz', 'Parroquia', 0, 321),
(1326, 'Monseñor Carrillo', 'Parroquia', 0, 321),
(1327, 'Tres Esquinas', 'Parroquia', 0, 321),
(1328, 'Cabimbú', 'Parroquia', 0, 322),
(1329, 'Jajó', 'Parroquia', 0, 322),
(1330, 'La Mesa de Esnujaque', 'Parroquia', 0, 322),
(1331, 'Santiago', 'Parroquia', 0, 322),
(1332, 'Tuñame', 'Parroquia', 0, 322),
(1333, 'La Quebrada', 'Parroquia', 0, 322),
(1334, 'Juan Ignacio Montilla', 'Parroquia', 0, 323),
(1335, 'La Beatriz', 'Parroquia', 0, 323),
(1336, 'La Puerta', 'Parroquia', 0, 323),
(1337, 'Mendoza del Valle de Momboy', 'Parroquia', 0, 323),
(1338, 'Mercedes Díaz', 'Parroquia', 0, 323),
(1339, 'San Luis', 'Parroquia', 0, 323),
(1340, 'Caraballeda', 'Parroquia', 0, 324),
(1341, 'Carayaca', 'Parroquia', 0, 324),
(1342, 'Carlos Soublette', 'Parroquia', 0, 324),
(1343, 'Caruao Chuspa', 'Parroquia', 0, 324),
(1344, 'Catia La Mar', 'Parroquia', 0, 324),
(1345, 'El Junko', 'Parroquia', 0, 324),
(1346, 'La Guaira', 'Parroquia', 0, 324),
(1347, 'Macuto', 'Parroquia', 0, 324),
(1348, 'Maiquetía', 'Parroquia', 0, 324),
(1349, 'Naiguatá', 'Parroquia', 0, 324),
(1350, 'Urimare', 'Parroquia', 0, 324),
(1351, 'Arístides Bastidas', 'Parroquia', 0, 325),
(1352, 'Bolívar', 'Parroquia', 0, 326),
(1353, 'Chivacoa', 'Parroquia', 0, 327),
(1354, 'Campo Elías', 'Parroquia', 0, 327),
(1355, 'Cocorote', 'Parroquia', 0, 328),
(1356, 'Independencia', 'Parroquia', 0, 329),
(1357, 'José Antonio Páez', 'Parroquia', 0, 330),
(1358, 'La Trinidad', 'Parroquia', 0, 331),
(1359, 'Manuel Monge', 'Parroquia', 0, 332),
(1360, 'Salóm', 'Parroquia', 0, 333);
INSERT INTO Lugar (idLugar, nombre, tipo, codigoPostal, Lugar_idLugar) VALUES
(1361, 'Temerla', 'Parroquia', 0, 333),
(1362, 'Nirgua', 'Parroquia', 0, 333),
(1363, 'San Andrés', 'Parroquia', 0, 334),
(1364, 'Yaritagua', 'Parroquia', 0, 334),
(1365, 'San Javier', 'Parroquia', 0, 335),
(1366, 'Albarico', 'Parroquia', 0, 335),
(1367, 'San Felipe', 'Parroquia', 0, 335),
(1368, 'Sucre', 'Parroquia', 0, 336),
(1369, 'Urachiche', 'Parroquia', 0, 337),
(1370, 'El Guayabo', 'Parroquia', 0, 338),
(1371, 'Farriar', 'Parroquia', 0, 338),
(1372, 'Isla de Toas', 'Parroquia', 0, 339),
(1373, 'Monagas', 'Parroquia', 0, 339),
(1374, 'General Urdaneta', 'Parroquia', 0, 340),
(1375, 'Libertador', 'Parroquia', 0, 340),
(1376, 'Marcelino Briceño', 'Parroquia', 0, 340),
(1377, 'Pueblo Nuevo', 'Parroquia', 0, 340),
(1378, 'Manuel Guanipa Matos', 'Parroquia', 0, 340),
(1379, 'Ambrosio', 'Parroquia', 0, 341),
(1380, 'Carmen Herrera', 'Parroquia', 0, 341),
(1381, 'La Rosa', 'Parroquia', 0, 341),
(1382, 'Germán Ríos Linares', 'Parroquia', 0, 341),
(1383, 'San Benito', 'Parroquia', 0, 341),
(1384, 'Rómulo Betancourt', 'Parroquia', 0, 341),
(1385, 'Jorge Hernández', 'Parroquia', 0, 341),
(1386, 'Punta Gorda', 'Parroquia', 0, 341),
(1387, 'Arístides Calvani', 'Parroquia', 0, 341),
(1388, 'Encontrados', 'Parroquia', 0, 342),
(1389, 'Udón Pérez', 'Parroquia', 0, 342),
(1390, 'Moralito', 'Parroquia', 0, 343),
(1391, 'San Carlos del Zulia', 'Parroquia', 0, 343),
(1392, 'Santa Cruz del Zulia', 'Parroquia', 0, 343),
(1393, 'Santa Bárbara', 'Parroquia', 0, 343),
(1394, 'Urribarrí', 'Parroquia', 0, 343),
(1395, 'Carlos Quevedo', 'Parroquia', 0, 344),
(1396, 'Francisco Javier Pulgar', 'Parroquia', 0, 344),
(1397, 'Simón Rodríguez', 'Parroquia', 0, 344),
(1398, 'Guamo-Gavilanes', 'Parroquia', 0, 344),
(1399, 'Sinamaica', 'Parroquia', 0, 345),
(1400, 'Alta Guajira', 'Parroquia', 0, 345),
(1401, 'Elías Sánchez Rubio', 'Parroquia', 0, 345),
(1402, 'Guajira', 'Parroquia', 0, 345),
(1403, 'La Concepción', 'Parroquia', 0, 346),
(1404, 'San José', 'Parroquia', 0, 346),
(1405, 'Mariano Parra León', 'Parroquia', 0, 346),
(1406, 'José Ramón Yépez', 'Parroquia', 0, 346),
(1407, 'Jesús María Semprún', 'Parroquia', 0, 347),
(1408, 'Barí', 'Parroquia', 0, 347),
(1409, 'Concepción', 'Parroquia', 0, 348),
(1410, 'Andrés Bello', 'Parroquia', 0, 348);
INSERT INTO Lugar (idLugar, nombre, tipo, codigoPostal, Lugar_idLugar) VALUES
(1411, 'Chiquinquirá', 'Parroquia', 0, 348),
(1412, 'El Carmelo', 'Parroquia', 0, 348),
(1413, 'Potreritos', 'Parroquia', 0, 348),
(1414, 'Libertad', 'Parroquia', 0, 349),
(1415, 'Alonso de Ojeda', 'Parroquia', 0, 349),
(1416, 'Venezuela', 'Parroquia', 0, 349),
(1417, 'Eleazar López Contreras', 'Parroquia', 0, 349),
(1418, 'Campo Lara', 'Parroquia', 0, 349),
(1419, 'Bartolomé de las Casas', 'Parroquia', 0, 350),
(1420, 'Libertad', 'Parroquia', 0, 350),
(1421, 'Río Negro', 'Parroquia', 0, 350),
(1422, 'San José de Perijá', 'Parroquia', 0, 350),
(1423, 'San Rafael', 'Parroquia', 0, 351),
(1424, 'La Sierrita', 'Parroquia', 0, 351),
(1425, 'Las Parcelas', 'Parroquia', 0, 351),
(1426, 'Luis de Vicente', 'Parroquia', 0, 351),
(1427, 'Monseñor Marcos Sergio Godoy', 'Parroquia', 0, 351),
(1428, 'Ricaurte', 'Parroquia', 0, 351),
(1429, 'Tamare', 'Parroquia', 0, 351),
(1430, 'Antonio Borjas Romero', 'Parroquia', 0, 352),
(1431, 'Bolívar', 'Parroquia', 0, 352),
(1432, 'Cacique Mara', 'Parroquia', 0, 352),
(1433, 'Carracciolo Parra Pérez', 'Parroquia', 0, 352),
(1434, 'Cecilio Acosta', 'Parroquia', 0, 352),
(1435, 'Cristo de Aranza', 'Parroquia', 0, 352),
(1436, 'Coquivacoa', 'Parroquia', 0, 352),
(1437, 'Chiquinquirá', 'Parroquia', 0, 352),
(1438, 'Francisco Eugenio Bustamante', 'Parroquia', 0, 352),
(1439, 'Idelfonzo Vásquez', 'Parroquia', 0, 352),
(1440, 'Juana de Ávila', 'Parroquia', 0, 352),
(1441, 'Luis Hurtado Higuera', 'Parroquia', 0, 352),
(1442, 'Manuel Dagnino', 'Parroquia', 0, 352),
(1443, 'Olegario Villalobos.', 'Parroquia', 0, 352),
(1444, 'Raúl Leoni', 'Parroquia', 0, 352),
(1445, 'Santa Lucía', 'Parroquia', 0, 352),
(1446, 'Venancio Pulgar', 'Parroquia', 0, 352),
(1447, 'San Isidro', 'Parroquia', 0, 352),
(1448, 'Altagracia', 'Parroquia', 0, 353),
(1449, 'Faría', 'Parroquia', 0, 353),
(1450, 'Ana María Campos', 'Parroquia', 0, 353),
(1451, 'San Antonio', 'Parroquia', 0, 353),
(1452, 'San José', 'Parroquia', 0, 353),
(1453, 'Donaldo García', 'Parroquia', 0, 354),
(1454, 'El Rosario', 'Parroquia', 0, 354),
(1455, 'Sixto Zambrano', 'Parroquia', 0, 354),
(1456, 'San Francisco', 'Parroquia', 0, 355),
(1457, 'El Bajo', 'Parroquia', 0, 355),
(1458, 'Domitila Flores', 'Parroquia', 0, 355),
(1459, 'Francisco Ochoa', 'Parroquia', 0, 355),
(1460, 'Los Cortijos', 'Parroquia', 0, 355);
INSERT INTO Lugar (idLugar, nombre, tipo, codigoPostal, Lugar_idLugar) VALUES
(1461, 'Marcial Hernández', 'Parroquia', 0, 355),
(1462, 'Santa Rita', 'Parroquia', 0, 356),
(1463, 'El Mene', 'Parroquia', 0, 356),
(1464, 'Pedro Lucas Urribarrí', 'Parroquia', 0, 356),
(1465, 'José Cenobio Urribarrí', 'Parroquia', 0, 356),
(1466, 'Rafael Maria Baralt', 'Parroquia', 0, 357),
(1467, 'Manuel Manrique', 'Parroquia', 0, 357),
(1468, 'Rafael Urdaneta', 'Parroquia', 0, 357),
(1469, 'Bobures', 'Parroquia', 0, 358),
(1470, 'Gibraltar', 'Parroquia', 0, 358),
(1471, 'Heras', 'Parroquia', 0, 358),
(1472, 'Monseñor Arturo Álvarez', 'Parroquia', 0, 358),
(1473, 'Rómulo Gallegos', 'Parroquia', 0, 358),
(1474, 'El Batey', 'Parroquia', 0, 358),
(1475, 'Rafael Urdaneta', 'Parroquia', 0, 359),
(1476, 'La Victoria', 'Parroquia', 0, 359),
(1477, 'Raúl Cuenca', 'Parroquia', 0, 359),
(1478, '23 de enero', 'Parroquia', 0, 360),
(1479, 'Altagracia', 'Parroquia', 0, 360),
(1480, 'Antímano', 'Parroquia', 0, 360),
(1481, 'Caricuao', 'Parroquia', 0, 360),
(1482, 'Catedral', 'Parroquia', 0, 360),
(1483, 'Coche', 'Parroquia', 0, 360),
(1484, 'El Junquito', 'Parroquia', 0, 360),
(1485, 'El Paraíso', 'Parroquia', 0, 360),
(1486, 'El Recreo', 'Parroquia', 0, 360),
(1487, 'El Valle', 'Parroquia', 0, 360),
(1488, 'Candelaria', 'Parroquia', 0, 360),
(1489, 'La Pastora', 'Parroquia', 0, 360),
(1490, 'La Vega', 'Parroquia', 0, 360),
(1491, 'Macarao', 'Parroquia', 0, 360),
(1492, 'San Agustín', 'Parroquia', 0, 360),
(1493, 'San Bernardino', 'Parroquia', 0, 360),
(1494, 'San José', 'Parroquia', 0, 360),
(1495, 'San Juan', 'Parroquia', 0, 360),
(1496, 'San Pedro', 'Parroquia', 0, 360),
(1497, 'Santa Rosalía', 'Parroquia', 0, 360),
(1498, 'Santa Teresa', 'Parroquia', 0, 360),
(1499, 'Sucre (Catia)', 'Parroquia', 0, 360);
SELECT setval('Lugar_SEQ', 1499);

-- TOTAL: 1 país + 24 estados + 335 municipios + 1139 parroquias = 1499 registros

/*
1. Seguridad y Catálogos Base
Estas tablas deben generarse primero, ya que no dependen de otras.
*/

-- 2. INSERCIÓN DE CATÁLOGOS BASE (IDs Explícitos para control total)
-- Permisos
INSERT INTO Permiso (idPermiso, nombre) VALUES
(1, 'CONSULTAR'),
(2, 'MODIFICAR'),
(3, 'CREAR'),
(4, 'BORRAR');

-- Roles
INSERT INTO Rol (idRol, nombre, descripcion) VALUES
(1, 'Administrador', 'Acceso total al sistema Dream Legacy'),
(2, 'Ingeniero I+D', 'Gestión de diseños y moldes'),
(3, 'Analista Mercado', 'Solo lectura de reportes y subastas');

-- 3. MATRIZ DE INTERSECCIÓN (RolPermiso)
-- Administrador: Tiene los 4 permisos
INSERT INTO RolPermiso (idRolPermiso, Rol_idRol, Permisos_idPermiso) VALUES
(1, 1, 1),
(2, 1, 2),
(3, 1, 3),
(4, 1, 4);

-- Ingeniero I+D: Consultar (1), Modificar (2), Crear (3)
INSERT INTO RolPermiso (idRolPermiso, Rol_idRol, Permisos_idPermiso) VALUES
(5, 2, 1),
(6, 2, 2),
(7, 2, 3);

-- Analista Mercado: Solo Consultar (1)
INSERT INTO RolPermiso (idRolPermiso, Rol_idRol, Permisos_idPermiso) VALUES
(8, 3, 1);

-- 4. SINCRONIZACIÓN DE SECUENCIAS
SELECT setval('Permiso_SEQ', 4);
SELECT setval('Rol_SEQ', 3);
SELECT setval('RolPermiso_SEQ', 8);

-- 5. EMPLEADOS
insert into Empleado (idEmpleado, cedula, pNombre, sNombre, pApellido, sApellido, fechaNacimiento, direccion, Lugar_idLugar) values (1, 30503267, 'Sydel', null, 'Monro', 'Bucksey', '4/7/1962', '94 Kennedy Place', 433);
insert into Empleado (idEmpleado, cedula, pNombre, sNombre, pApellido, sApellido, fechaNacimiento, direccion, Lugar_idLugar) values (2, 21073402, 'Patti', null, 'Schieferstein', 'MacQueen', '12/21/1985', '7 Merchant Alley', 1275);
insert into Empleado (idEmpleado, cedula, pNombre, sNombre, pApellido, sApellido, fechaNacimiento, direccion, Lugar_idLugar) values (3, 32752246, 'Valli', 'Alvie', 'Witchard', null, '2/15/1962', '15979 Schurz Parkway', 893);
insert into Empleado (idEmpleado, cedula, pNombre, sNombre, pApellido, sApellido, fechaNacimiento, direccion, Lugar_idLugar) values (4, 32308723, 'Virgina', 'Roobbie', 'Skells', null, '12/27/1968', '17667 Melrose Junction', 1338);
insert into Empleado (idEmpleado, cedula, pNombre, sNombre, pApellido, sApellido, fechaNacimiento, direccion, Lugar_idLugar) values (5, 12821962, 'Jocelyn', null, 'Huddle', 'Pleat', '8/4/1992', '7 Mandrake Drive', 835);
insert into Empleado (idEmpleado, cedula, pNombre, sNombre, pApellido, sApellido, fechaNacimiento, direccion, Lugar_idLugar) values (6, 21848060, 'Guglielmo', 'Ericha', 'Grindrod', 'Quartley', '1/27/1988', '3905 Quincy Plaza', 835);
insert into Empleado (idEmpleado, cedula, pNombre, sNombre, pApellido, sApellido, fechaNacimiento, direccion, Lugar_idLugar) values (7, 19118271, 'Rhea', null, 'Wilde', 'Searl', '9/15/2001', '62 Springview Circle', 1409);
insert into Empleado (idEmpleado, cedula, pNombre, sNombre, pApellido, sApellido, fechaNacimiento, direccion, Lugar_idLugar) values (8, 19027899, 'Druci', null, 'Chicchelli', 'Pember', '3/5/1963', '4 Westerfield Center', 1448);
insert into Empleado (idEmpleado, cedula, pNombre, sNombre, pApellido, sApellido, fechaNacimiento, direccion, Lugar_idLugar) values (9, 25259990, 'Lynda', 'Luce', 'Avieson', 'Franzetti', '3/6/1969', '54 Waxwing Plaza', 1357);
insert into Empleado (idEmpleado, cedula, pNombre, sNombre, pApellido, sApellido, fechaNacimiento, direccion, Lugar_idLugar) values (10, 22460927, 'Kelsy', 'Simonne', 'Attenborrow', 'Trussman', '11/15/2005', '332 Annamark Parkway', 885);
insert into Empleado (idEmpleado, cedula, pNombre, sNombre, pApellido, sApellido, fechaNacimiento, direccion, Lugar_idLugar) values (11, 13996069, 'Lisa', 'Adair', 'Scoone', null, '3/31/1999', '01928 Mesta Way', 397);
insert into Empleado (idEmpleado, cedula, pNombre, sNombre, pApellido, sApellido, fechaNacimiento, direccion, Lugar_idLugar) values (12, 11825907, 'Ruby', null, 'Norker', 'Nibloe', '6/28/2006', '2 Lighthouse Bay Court', 1131);
insert into Empleado (idEmpleado, cedula, pNombre, sNombre, pApellido, sApellido, fechaNacimiento, direccion, Lugar_idLugar) values (13, 12895665, 'Denice', 'Deck', 'Hillyatt', null, '5/10/2005', '70 Cottonwood Junction', 1375);
insert into Empleado (idEmpleado, cedula, pNombre, sNombre, pApellido, sApellido, fechaNacimiento, direccion, Lugar_idLugar) values (14, 12965631, 'Cari', 'Lana', 'Knappe', null, '11/20/1969', '08 South Point', 1100);
insert into Empleado (idEmpleado, cedula, pNombre, sNombre, pApellido, sApellido, fechaNacimiento, direccion, Lugar_idLugar) values (15, 12331581, 'Ashely', null, 'Gunby', 'Zoane', '12/13/1968', '87658 Hanson Street', 916);
insert into Empleado (idEmpleado, cedula, pNombre, sNombre, pApellido, sApellido, fechaNacimiento, direccion, Lugar_idLugar) values (16, 18574002, 'Tobe', null, 'Maundrell', null, '3/13/1963', '8764 Donald Way', 1323);
insert into Empleado (idEmpleado, cedula, pNombre, sNombre, pApellido, sApellido, fechaNacimiento, direccion, Lugar_idLugar) values (17, 28603402, 'Christoph', 'Veronique', 'Armin', 'Romeuf', '4/9/1976', '59 Orin Parkway', 824);
insert into Empleado (idEmpleado, cedula, pNombre, sNombre, pApellido, sApellido, fechaNacimiento, direccion, Lugar_idLugar) values (18, 21366129, 'Hershel', 'Aindrea', 'Trimmill', null, '9/20/2000', '945 Sheridan Crossing', 695);
insert into Empleado (idEmpleado, cedula, pNombre, sNombre, pApellido, sApellido, fechaNacimiento, direccion, Lugar_idLugar) values (19, 12754870, 'Marnie', 'Maiga', 'Scritch', 'Gilvary', '12/1/1962', '947 Eagan Way', 1380);
insert into Empleado (idEmpleado, cedula, pNombre, sNombre, pApellido, sApellido, fechaNacimiento, direccion, Lugar_idLugar) values (20, 17705892, 'Julita', 'Roze', 'Jereatt', null, '2/28/1993', '42 Westridge Hill', 1159);

-- 6. USUARIOS DE EMPLEADOS

insert into Usuario (idUsuario, nombreUsuario, correoElectronico, contraseña, estado, fechaRegistro, Rol_idRol, ClienteNatural_idClienteNatural, Empleado_idEmpleado) values (1, 'jhatherleigh0', 'ctorbett0@yellowbook.com', 'jT7\ljkL', 'ACTIVO', '5/11/2026', 3, null, 1);
insert into Usuario (idUsuario, nombreUsuario, correoElectronico, contraseña, estado, fechaRegistro, Rol_idRol, ClienteNatural_idClienteNatural, Empleado_idEmpleado) values (2, 'dosgood1', 'hwhitcombe1@microsoft.com', 'xW2@rBQfB`V<', 'ACTIVO', '12/20/2020', 3, null, 2);
insert into Usuario (idUsuario, nombreUsuario, correoElectronico, contraseña, estado, fechaRegistro, Rol_idRol, ClienteNatural_idClienteNatural, Empleado_idEmpleado) values (3, 'dketchell2', 'gwhitworth2@loc.gov', 'bA9(7<2n`+i', 'INACTIVO', '2/14/2020', 1, null, 3);
insert into Usuario (idUsuario, nombreUsuario, correoElectronico, contraseña, estado, fechaRegistro, Rol_idRol, ClienteNatural_idClienteNatural, Empleado_idEmpleado) values (4, 'trummins3', 'clegrice3@homestead.com', 'fD7&zwUw!', 'ACTIVO', '4/25/2019', 2, null, 4);
insert into Usuario (idUsuario, nombreUsuario, correoElectronico, contraseña, estado, fechaRegistro, Rol_idRol, ClienteNatural_idClienteNatural, Empleado_idEmpleado) values (5, 'dpeschke4', 'llaurie4@imageshack.us', 'eM2!/#M5<#be.@', 'INACTIVO', '3/17/2021', 1, null, 5);
insert into Usuario (idUsuario, nombreUsuario, correoElectronico, contraseña, estado, fechaRegistro, Rol_idRol, ClienteNatural_idClienteNatural, Empleado_idEmpleado) values (6, 'dgiacubbo5', 'tbarwick5@amazon.de', 'qM8&,O"9', 'INACTIVO', '1/10/2018', 1, null, 6);
insert into Usuario (idUsuario, nombreUsuario, correoElectronico, contraseña, estado, fechaRegistro, Rol_idRol, ClienteNatural_idClienteNatural, Empleado_idEmpleado) values (7, 'kantonchik6', 'piddison6@springer.com', 'vE3&<C0=L+jZ', 'ACTIVO', '5/23/2022', 1, null, 7);
insert into Usuario (idUsuario, nombreUsuario, correoElectronico, contraseña, estado, fechaRegistro, Rol_idRol, ClienteNatural_idClienteNatural, Empleado_idEmpleado) values (8, 'mphayre7', 'mdrivers7@nydailynews.com', 'iA9&`wVe+H7', 'ACTIVO', '7/20/2024', 1, null, 8);
insert into Usuario (idUsuario, nombreUsuario, correoElectronico, contraseña, estado, fechaRegistro, Rol_idRol, ClienteNatural_idClienteNatural, Empleado_idEmpleado) values (9, 'gmynard8', 'jeagan8@rakuten.co.jp', 'nI2/$isK|', 'ACTIVO', '5/5/2019', 3, null, 9);
insert into Usuario (idUsuario, nombreUsuario, correoElectronico, contraseña, estado, fechaRegistro, Rol_idRol, ClienteNatural_idClienteNatural, Empleado_idEmpleado) values (10, 'bgenery9', 'mpeplow9@un.org', 'tE9){xzZri$2xu', 'INACTIVO', '5/15/2024', 2, null, 10);
insert into Usuario (idUsuario, nombreUsuario, correoElectronico, contraseña, estado, fechaRegistro, Rol_idRol, ClienteNatural_idClienteNatural, Empleado_idEmpleado) values (11, 'cdaybella', 'tmillotta@loc.gov', 'nL8!FFT1.@', 'INACTIVO', '6/14/2025', 3, null, 11);
insert into Usuario (idUsuario, nombreUsuario, correoElectronico, contraseña, estado, fechaRegistro, Rol_idRol, ClienteNatural_idClienteNatural, Empleado_idEmpleado) values (12, 'dlippattb', 'jodellb@dyndns.org', 'bW7>`b(@lG', 'INACTIVO', '11/11/2018', 1, null, 12);
insert into Usuario (idUsuario, nombreUsuario, correoElectronico, contraseña, estado, fechaRegistro, Rol_idRol, ClienteNatural_idClienteNatural, Empleado_idEmpleado) values (13, 'bsymcockc', 'msconcec@addtoany.com', 'xS4=ET!''', 'INACTIVO', '1/27/2023', 1, null, 13);
insert into Usuario (idUsuario, nombreUsuario, correoElectronico, contraseña, estado, fechaRegistro, Rol_idRol, ClienteNatural_idClienteNatural, Empleado_idEmpleado) values (14, 'blantiffd', 'ralend@discovery.com', 'oJ4(zcBK_S?K+j''H', 'ACTIVO', '7/1/2016', 3, null, 14);
insert into Usuario (idUsuario, nombreUsuario, correoElectronico, contraseña, estado, fechaRegistro, Rol_idRol, ClienteNatural_idClienteNatural, Empleado_idEmpleado) values (15, 'astormse', 'mmossone@dot.gov', 'kP0+mripg', 'INACTIVO', '7/20/2017', 3, null, 15);
insert into Usuario (idUsuario, nombreUsuario, correoElectronico, contraseña, estado, fechaRegistro, Rol_idRol, ClienteNatural_idClienteNatural, Empleado_idEmpleado) values (16, 'mondrusekf', 'cguirauf@woothemes.com', 'cA7>UW5Y', 'INACTIVO', '4/2/2020', 1, null, 16);
insert into Usuario (idUsuario, nombreUsuario, correoElectronico, contraseña, estado, fechaRegistro, Rol_idRol, ClienteNatural_idClienteNatural, Empleado_idEmpleado) values (17, 'fclenchg', 'bkyndg@myspace.com', 'hB1?Q$UID"#mi', 'INACTIVO', '11/27/2024', 1, null, 17);
insert into Usuario (idUsuario, nombreUsuario, correoElectronico, contraseña, estado, fechaRegistro, Rol_idRol, ClienteNatural_idClienteNatural, Empleado_idEmpleado) values (18, 'hbispoh', 'ahaslochh@quantcast.com', 'qF0''ZDQ,h$', 'ACTIVO', '10/13/2018', 2, null, 18);
insert into Usuario (idUsuario, nombreUsuario, correoElectronico, contraseña, estado, fechaRegistro, Rol_idRol, ClienteNatural_idClienteNatural, Empleado_idEmpleado) values (19, 'kgiottoii', 'ftomaszkiewiczi@over-blog.com', 'gK4=b)"xoq<}{\3', 'ACTIVO', '11/26/2022', 2, null, 19);
insert into Usuario (idUsuario, nombreUsuario, correoElectronico, contraseña, estado, fechaRegistro, Rol_idRol, ClienteNatural_idClienteNatural, Empleado_idEmpleado) values (20, 'nmcdermidj', 'nmassonj@taobao.com', 'lL2''mW5Q3Q5', 'INACTIVO', '12/7/2023', 2, null, 20);

--------------------------------------------------------------------------------------------------
-- 2. Talento Humano (15 Tablas)
--------------------------------------------------------------------------------------------------

--------------------------------------------------------------------------------------------------
-- CLASIFICACION HISTORICA

insert into ClasificacionHistorica (idClasificacionHistorica, nombre, descripcion) values (1, 'Vintage Era', 'Pellentesque at nulla. Suspendisse potenti. Cras in purus eu magna vulputate luctus. Cum sociis natoque penatibus et magnis dis parturient montes, nascetur ridiculus mus. Vivamus vestibulum sagittis sapien. Cum sociis natoque penatibus et magnis dis parturient montes, nascetur ridiculus mus. Etiam vel augue. Vestibulum rutrum rutrum neque. Aenean auctor gravida sem.');
insert into ClasificacionHistorica (idClasificacionHistorica, nombre, descripcion) values (2, 'Mod Era', 'Vestibulum ante ipsum primis in faucibus orci luctus et ultrices posuere cubilia Curae; Donec pharetra, magna vestibulum aliquet ultrices, erat tortor sollicitudin mi, sit amet lobortis sapien sapien non mi. Integer ac neque. Duis bibendum. Morbi non quam nec dui luctus rutrum. Nulla tellus. In sagittis dui vel nisl. Duis ac nibh. Fusce lacus purus, aliquet at, feugiat non, pretium quis, lectus. Suspendisse potenti. In eleifend quam a odio.');
insert into ClasificacionHistorica (idClasificacionHistorica, nombre, descripcion) values (3, 'Malibu Era', 'Fusce lacus purus, aliquet at, feugiat non, pretium quis, lectus. Suspendisse potenti. In eleifend quam a odio. In hac habitasse platea dictumst. Maecenas ut massa quis augue luctus tincidunt.');
insert into ClasificacionHistorica (idClasificacionHistorica, nombre, descripcion) values (4, 'Superstar Era', 'Aliquam erat volutpat. In congue. Etiam justo. Etiam pretium iaculis justo. In hac habitasse platea dictumst. Etiam faucibus cursus urna.');
insert into ClasificacionHistorica (idClasificacionHistorica, nombre, descripcion) values (5, 'Collectible Era', 'Proin interdum mauris non ligula pellentesque ultrices. Phasellus id sapien in sapien iaculis congue.');
insert into ClasificacionHistorica (idClasificacionHistorica, nombre, descripcion) values (6, 'Modern Era', 'Morbi odio odio, elementum eu, interdum eu, tincidunt in, leo. Maecenas pulvinar lobortis est. Phasellus sit amet erat. Nulla tempus.');
insert into ClasificacionHistorica (idClasificacionHistorica, nombre, descripcion) values (7, 'Fashionistas Era', 'Nunc rhoncus dui vel sem. Sed sagittis. Nam congue, risus semper porta volutpat, quam pede lobortis ligula, sit amet eleifend pede libero quis orci.');
insert into ClasificacionHistorica (idClasificacionHistorica, nombre, descripcion) values (8, 'Y2K Revival', 'Nulla tempus. Vivamus in felis eu sapien cursus vestibulum. Proin eu mi. Nulla ac enim. In tempor, turpis nec euismod scelerisque, quam turpis adipiscing lorem, vitae mattis nibh ligula nec sem. Duis aliquam convallis nunc.');
insert into ClasificacionHistorica (idClasificacionHistorica, nombre, descripcion) values (9, 'Silkstone Era', 'Donec dapibus. Duis at velit eu est congue elementum. In hac habitasse platea dictumst. Morbi vestibulum, velit id pretium iaculis, diam erat fermentum justo, nec condimentum neque sapien placerat ante. Nulla justo. Aliquam quis turpis eget elit sodales scelerisque. Mauris sit amet eros. Suspendisse accumsan tortor quis turpis.');
insert into ClasificacionHistorica (idClasificacionHistorica, nombre, descripcion) values (10, 'Reproduction Era', 'Aliquam erat volutpat. In congue. Etiam justo. Etiam pretium iaculis justo. In hac habitasse platea dictumst. Etiam faucibus cursus urna. Ut tellus. Nulla ut erat id mauris vulputate elementum.');
insert into ClasificacionHistorica (idClasificacionHistorica, nombre, descripcion) values (11, 'BMR1959', 'Phasellus id sapien in sapien iaculis congue. Vivamus metus arcu, adipiscing molestie, hendrerit at, vulputate vitae, nisl. Aenean lectus. Pellentesque eget nunc. Donec quis orci eget orci vehicula condimentum. Curabitur in libero ut massa volutpat convallis.');
insert into ClasificacionHistorica (idClasificacionHistorica, nombre, descripcion) values (12, 'Pre-Mattel Origin', 'Integer non velit.');
insert into ClasificacionHistorica (idClasificacionHistorica, nombre, descripcion) values (13, 'Anniversary Editions', 'Phasellus in felis. Donec semper sapien a libero. Nam dui. Proin leo odio, porttitor id, consequat in, consequat ut, nulla.');
insert into ClasificacionHistorica (idClasificacionHistorica, nombre, descripcion) values (14, 'Holiday Editions', 'Morbi vel lectus in quam fringilla rhoncus. Mauris enim leo, rhoncus sed, vestibulum sit amet, cursus id, turpis. Integer aliquet, massa id lobortis convallis, tortor risus dapibus augue, vel accumsan tellus nisi eu orci. Mauris lacinia sapien quis libero. Nullam sit amet turpis elementum ligula vehicula consequat. Morbi a ipsum. Integer a nibh. In quis justo. Maecenas rhoncus aliquam lacus. Morbi quis tortor id nulla ultrices aliquet.');
insert into ClasificacionHistorica (idClasificacionHistorica, nombre, descripcion) values (15, 'Pop Culture Era', 'Nunc purus.');

--------------------------------------------------------------------------------------------------
-- CLASIFICACION DE EXCLUSIVIDAD

insert into ClasificacionExclusividad (idClasificacionExclusividad, nombre, descripcion) values (1, 'Playline', 'In hac habitasse platea dictumst.');
insert into ClasificacionExclusividad (idClasificacionExclusividad, nombre, descripcion) values (2, 'Pink Label', 'Suspendisse accumsan tortor quis turpis. Sed ante. Vivamus tortor. Duis mattis egestas metus. Aenean fermentum. Donec ut mauris eget massa tempor convallis.');
insert into ClasificacionExclusividad (idClasificacionExclusividad, nombre, descripcion) values (3, 'Black Label', 'Mauris enim leo, rhoncus sed, vestibulum sit amet, cursus id, turpis.');
insert into ClasificacionExclusividad (idClasificacionExclusividad, nombre, descripcion) values (4, 'Silver Label', 'Lorem ipsum dolor sit amet, consectetuer adipiscing elit. Proin risus. Praesent lectus. Vestibulum quam sapien, varius ut, blandit non, interdum in, ante.');
insert into ClasificacionExclusividad (idClasificacionExclusividad, nombre, descripcion) values (5, 'Gold Label', 'Morbi porttitor lorem id ligula. Suspendisse ornare consequat lectus. In est risus, auctor sed, tristique in, tempus sit amet, sem. Fusce consequat.');
insert into ClasificacionExclusividad (idClasificacionExclusividad, nombre, descripcion) values (6, 'Platinum Label', 'Phasellus id sapien in sapien iaculis congue. Vivamus metus arcu, adipiscing molestie, hendrerit at, vulputate vitae, nisl. Aenean lectus. Pellentesque eget nunc. Donec quis orci eget orci vehicula condimentum.');
insert into ClasificacionExclusividad (idClasificacionExclusividad, nombre, descripcion) values (7, 'Direct Exclusive (Mattel Creations)', 'Donec diam neque, vestibulum eget, vulputate ut, ultrices vel, augue. Vestibulum ante ipsum primis in faucibus orci luctus et ultrices posuere cubilia Curae; Donec pharetra, magna vestibulum aliquet ultrices, erat tortor sollicitudin mi, sit amet lobortis sapien sapien non mi. Integer ac neque. Duis bibendum. Morbi non quam nec dui luctus rutrum. Nulla tellus. In sagittis dui vel nisl. Duis ac nibh. Fusce lacus purus, aliquet at, feugiat non, pretium quis, lectus. Suspendisse potenti.');
insert into ClasificacionExclusividad (idClasificacionExclusividad, nombre, descripcion) values (8, 'Fan Club Exclusive (BFC)', 'Morbi non quam nec dui luctus rutrum. Nulla tellus. In sagittis dui vel nisl. Duis ac nibh.');
insert into ClasificacionExclusividad (idClasificacionExclusividad, nombre, descripcion) values (9, 'Convention Exclusive', 'Aliquam non mauris. Morbi non lectus. Aliquam sit amet diam in magna bibendum imperdiet. Nullam orci pede, venenatis non, sodales sed, tincidunt eu, felis. Fusce posuere felis sed lacus. Morbi sem mauris, laoreet ut, rhoncus aliquet, pulvinar sed, nisl. Nunc rhoncus dui vel sem.');
insert into ClasificacionExclusividad (idClasificacionExclusividad, nombre, descripcion) values (10, 'Store Exclusive (Target/Walmart)', 'Maecenas leo odio, condimentum id, luctus nec, molestie sed, justo. Pellentesque viverra pede ac diam. Cras pellentesque volutpat dui. Maecenas tristique, est et tempus semper, est quam pharetra magna, ac consequat metus sapien ut nunc. Vestibulum ante ipsum primis in faucibus orci luctus et ultrices posuere cubilia Curae; Mauris viverra diam vitae quam.');
insert into ClasificacionExclusividad (idClasificacionExclusividad, nombre, descripcion) values (11, 'Regional Exclusive (Europe/Asia)', 'In tempor, turpis nec euismod scelerisque, quam turpis adipiscing lorem, vitae mattis nibh ligula nec sem. Duis aliquam convallis nunc. Proin at turpis a pede posuere nonummy. Integer non velit. Donec diam neque, vestibulum eget, vulputate ut, ultrices vel, augue. Vestibulum ante ipsum primis in faucibus orci luctus et ultrices posuere cubilia Curae; Donec pharetra, magna vestibulum aliquet ultrices, erat tortor sollicitudin mi, sit amet lobortis sapien sapien non mi. Integer ac neque. Duis bibendum.');
insert into ClasificacionExclusividad (idClasificacionExclusividad, nombre, descripcion) values (12, 'Limited Run', 'Morbi sem mauris, laoreet ut, rhoncus aliquet, pulvinar sed, nisl. Nunc rhoncus dui vel sem. Sed sagittis. Nam congue, risus semper porta volutpat, quam pede lobortis ligula, sit amet eleifend pede libero quis orci. Nullam molestie nibh in lectus. Pellentesque at nulla. Suspendisse potenti. Cras in purus eu magna vulputate luctus. Cum sociis natoque penatibus et magnis dis parturient montes, nascetur ridiculus mus.');
insert into ClasificacionExclusividad (idClasificacionExclusividad, nombre, descripcion) values (13, 'OOAK (One of a Kind)', 'Nunc purus. Phasellus in felis. Donec semper sapien a libero. Nam dui. Proin leo odio, porttitor id, consequat in, consequat ut, nulla. Sed accumsan felis. Ut at dolor quis odio consequat varius. Integer ac leo. Pellentesque ultrices mattis odio. Donec vitae nisi.');
insert into ClasificacionExclusividad (idClasificacionExclusividad, nombre, descripcion) values (14, 'Signature Collection', 'Aenean lectus. Pellentesque eget nunc. Donec quis orci eget orci vehicula condimentum. Curabitur in libero ut massa volutpat convallis. Morbi odio odio, elementum eu, interdum eu, tincidunt in, leo. Maecenas pulvinar lobortis est. Phasellus sit amet erat.');
insert into ClasificacionExclusividad (idClasificacionExclusividad, nombre, descripcion) values (15, 'Employee Exclusive', 'Proin interdum mauris non ligula pellentesque ultrices. Phasellus id sapien in sapien iaculis congue. Vivamus metus arcu, adipiscing molestie, hendrerit at, vulputate vitae, nisl. Aenean lectus. Pellentesque eget nunc. Donec quis orci eget orci vehicula condimentum.');

--------------------------------------------------------------------------------------------------
-- MOLDE DE ROSTRO

insert into MoldeRostro (idMoldeRostro, nombre, descripcion, añoPatente) values (1, 'Millie', 'Integer ac leo. Pellentesque ultrices mattis odio. Donec vitae nisi. Nam ultrices, libero non mattis pulvinar, nulla pede ullamcorper augue, a suscipit nulla elit ac nulla. Sed vel enim sit amet nunc viverra dapibus. Nulla suscipit ligula in lacus. Curabitur at ipsum ac tellus semper interdum. Mauris ullamcorper purus sit amet nulla. Quisque arcu libero, rutrum ac, lobortis vel, dapibus at, diam. Nam tristique tortor eu pede.', '1977-06-30');
insert into MoldeRostro (idMoldeRostro, nombre, descripcion, añoPatente) values (2, 'CEO / Generation Girl', 'In hac habitasse platea dictumst. Aliquam augue quam, sollicitudin vitae, consectetuer eget, rutrum at, lorem. Integer tincidunt ante vel ipsum. Praesent blandit lacinia erat. Vestibulum sed magna at nunc commodo placerat.', '2008-12-10');
insert into MoldeRostro (idMoldeRostro, nombre, descripcion, añoPatente) values (3, 'Superstar', 'Nulla justo. Aliquam quis turpis eget elit sodales scelerisque. Mauris sit amet eros. Suspendisse accumsan tortor quis turpis. Sed ante. Vivamus tortor. Duis mattis egestas metus. Aenean fermentum. Donec ut mauris eget massa tempor convallis. Nulla neque libero, convallis eget, eleifend luctus, ultricies eu, nibh.', '1985-10-26');
insert into MoldeRostro (idMoldeRostro, nombre, descripcion, añoPatente) values (4, 'Mackie', 'Donec dapibus. Duis at velit eu est congue elementum. In hac habitasse platea dictumst. Morbi vestibulum, velit id pretium iaculis, diam erat fermentum justo, nec condimentum neque sapien placerat ante. Nulla justo. Aliquam quis turpis eget elit sodales scelerisque. Mauris sit amet eros. Suspendisse accumsan tortor quis turpis. Sed ante. Vivamus tortor.', '2016-10-23');
insert into MoldeRostro (idMoldeRostro, nombre, descripcion, añoPatente) values (5, 'Neysa', 'Morbi sem mauris, laoreet ut, rhoncus aliquet, pulvinar sed, nisl. Nunc rhoncus dui vel sem. Sed sagittis. Nam congue, risus semper porta volutpat, quam pede lobortis ligula, sit amet eleifend pede libero quis orci.', '2021-01-03');
insert into MoldeRostro (idMoldeRostro, nombre, descripcion, añoPatente) values (6, 'Ken (Original)', 'Aliquam quis turpis eget elit sodales scelerisque. Mauris sit amet eros. Suspendisse accumsan tortor quis turpis. Sed ante.', '2015-10-04');
insert into MoldeRostro (idMoldeRostro, nombre, descripcion, añoPatente) values (7, 'Ryan', 'Morbi porttitor lorem id ligula. Suspendisse ornare consequat lectus. In est risus, auctor sed, tristique in, tempus sit amet, sem. Fusce consequat. Nulla nisl. Nunc nisl. Duis bibendum, felis sed interdum venenatis, turpis enim blandit mi, in porttitor pede justo eu massa.', '1960-11-01');
insert into MoldeRostro (idMoldeRostro, nombre, descripcion, añoPatente) values (8, 'Steffie', 'Etiam pretium iaculis justo.', '2006-11-07');
insert into MoldeRostro (idMoldeRostro, nombre, descripcion, añoPatente) values (9, 'Teresa', 'Cras in purus eu magna vulputate luctus. Cum sociis natoque penatibus et magnis dis parturient montes, nascetur ridiculus mus. Vivamus vestibulum sagittis sapien.', '2009-08-28');
insert into MoldeRostro (idMoldeRostro, nombre, descripcion, añoPatente) values (10, 'Lea / Kayla', 'Morbi porttitor lorem id ligula. Suspendisse ornare consequat lectus. In est risus, auctor sed, tristique in, tempus sit amet, sem. Fusce consequat. Nulla nisl. Nunc nisl. Duis bibendum, felis sed interdum venenatis, turpis enim blandit mi, in porttitor pede justo eu massa. Donec dapibus.', '1967-07-30');
insert into MoldeRostro (idMoldeRostro, nombre, descripcion, añoPatente) values (11, 'Asha', 'Nullam varius. Nulla facilisi. Cras non velit nec nisi vulputate nonummy. Maecenas tincidunt lacus at velit. Vivamus vel nulla eget eros elementum pellentesque.', '1985-11-05');
insert into MoldeRostro (idMoldeRostro, nombre, descripcion, añoPatente) values (12, 'Goddess / Angel', 'Nulla mollis molestie lorem.', '1990-06-16');
insert into MoldeRostro (idMoldeRostro, nombre, descripcion, añoPatente) values (13, 'Mbili', 'Maecenas ut massa quis augue luctus tincidunt. Nulla mollis molestie lorem. Quisque ut erat. Curabitur gravida nisi at nibh. In hac habitasse platea dictumst. Aliquam augue quam, sollicitudin vitae, consectetuer eget, rutrum at, lorem.', '1960-03-29');
insert into MoldeRostro (idMoldeRostro, nombre, descripcion, añoPatente) values (14, 'Lara', 'Aenean fermentum. Donec ut mauris eget massa tempor convallis. Nulla neque libero, convallis eget, eleifend luctus, ultricies eu, nibh. Quisque id justo sit amet sapien dignissim vestibulum. Vestibulum ante ipsum primis in faucibus orci luctus et ultrices posuere cubilia Curae; Nulla dapibus dolor vel est. Donec odio justo, sollicitudin ut, suscipit a, feugiat et, eros.', '1977-06-19');
insert into MoldeRostro (idMoldeRostro, nombre, descripcion, añoPatente) values (15, 'Karl', 'Praesent blandit lacinia erat. Vestibulum sed magna at nunc commodo placerat. Praesent blandit. Nam nulla. Integer pede justo, lacinia eget, tincidunt eget, tempus vel, pede. Morbi porttitor lorem id ligula. Suspendisse ornare consequat lectus. In est risus, auctor sed, tristique in, tempus sit amet, sem.', '2017-06-28');

--------------------------------------------------------------------------------------------------
-- TONO PIEL

insert into TonoPiel (idTonoPiel, nombre, escalaFitzpatrick, valorClaridad, luminosidad) values (1, 'Nostalgic (Pale)', '2025-07-07', 'Claro', 15);
insert into TonoPiel (idTonoPiel, nombre, escalaFitzpatrick, valorClaridad, luminosidad) values (2, 'Neutra', '2025-09-11', 'Claro', 16);
insert into TonoPiel (idTonoPiel, nombre, escalaFitzpatrick, valorClaridad, luminosidad) values (3, 'LA Tan', '2025-12-29', 'Medio', 53);
insert into TonoPiel (idTonoPiel, nombre, escalaFitzpatrick, valorClaridad, luminosidad) values (4, 'Aphrodite', '2025-06-27', 'Oscuro', 13);
insert into TonoPiel (idTonoPiel, nombre, escalaFitzpatrick, valorClaridad, luminosidad) values (5, 'Brooklyn', '2026-05-13', 'Oscuro', 22);
insert into TonoPiel (idTonoPiel, nombre, escalaFitzpatrick, valorClaridad, luminosidad) values (6, 'Asha (Deep Brown)', '2026-03-11', 'Oscuro', 7);
insert into TonoPiel (idTonoPiel, nombre, escalaFitzpatrick, valorClaridad, luminosidad) values (7, 'Mbili (Medium Brown)', '2025-11-12', 'Claro', 32);
insert into TonoPiel (idTonoPiel, nombre, escalaFitzpatrick, valorClaridad, luminosidad) values (8, 'Pazette (Dark Brown)', '2026-06-06', 'Oscuro', 34);
insert into TonoPiel (idTonoPiel, nombre, escalaFitzpatrick, valorClaridad, luminosidad) values (9, 'Mari (Olive)', '2026-05-29', 'Oscuro', 64);
insert into TonoPiel (idTonoPiel, nombre, escalaFitzpatrick, valorClaridad, luminosidad) values (10, 'Lea (Light Tan)', '2026-01-14', 'Claro', 71);
insert into TonoPiel (idTonoPiel, nombre, escalaFitzpatrick, valorClaridad, luminosidad) values (11, 'Kayla (Light Olive)', '2025-10-30', 'Medio', 14);
insert into TonoPiel (idTonoPiel, nombre, escalaFitzpatrick, valorClaridad, luminosidad) values (12, 'Kira (Warm Tan)', '2026-02-26', 'Claro', 7);
insert into TonoPiel (idTonoPiel, nombre, escalaFitzpatrick, valorClaridad, luminosidad) values (13, 'Teresa (Medium Tan)', '2025-10-31', 'Oscuro', 83);
insert into TonoPiel (idTonoPiel, nombre, escalaFitzpatrick, valorClaridad, luminosidad) values (14, 'Porcelain', '2025-11-29', 'Claro', 68);
insert into TonoPiel (idTonoPiel, nombre, escalaFitzpatrick, valorClaridad, luminosidad) values (15, 'Fantasy (Blue/Green/Pink)', '2025-09-24', 'Claro', 54);

--------------------------------------------------------------------------------------------------
-- TIPO DE DISEÑO

insert into TipoDiseño (idTipoDiseño, nombre) values (1, 'Muñeca Articulada');
insert into TipoDiseño (idTipoDiseño, nombre) values (2, 'Muñeca Estática');
insert into TipoDiseño (idTipoDiseño, nombre) values (3, 'Playset (Escenario)');
insert into TipoDiseño (idTipoDiseño, nombre) values (4, 'Vehículo Terrestre');
insert into TipoDiseño (idTipoDiseño, nombre) values (5, 'Vehículo Acuático');
insert into TipoDiseño (idTipoDiseño, nombre) values (6, 'Vehículo Aéreo');
insert into TipoDiseño (idTipoDiseño, nombre) values (7, 'Prenda de Vestir (Ropa)');
insert into TipoDiseño (idTipoDiseño, nombre) values (8, 'Accesorio Pequeño');
insert into TipoDiseño (idTipoDiseño, nombre) values (9, 'Mascota / Animal');
insert into TipoDiseño (idTipoDiseño, nombre) values (10, 'Casa de Muñecas');
insert into TipoDiseño (idTipoDiseño, nombre) values (11, 'Dispositivo Electrónico (Toy)');
insert into TipoDiseño (idTipoDiseño, nombre) values (12, 'Figura de Acción (Masculina)');
insert into TipoDiseño (idTipoDiseño, nombre) values (13, 'Muebles a Escala');
insert into TipoDiseño (idTipoDiseño, nombre) values (14, 'Juego de Construcción');
insert into TipoDiseño (idTipoDiseño, nombre) values (15, 'Coleccionable Diorama');

--------------------------------------------------------------------------------------------------
-- DISEÑO

TRUNCATE TABLE diseño CASCADE;

insert into Diseño (idDiseño, nombre, descripcion, ClasificacionHistorica_idClasificacionHistorica, ClasificacionExclusividad_idClasificacionExclusividad, TonoPiel_idTonoPiel, MoldeRostro_idMoldeRostro, TipoDiseño_idTipoDiseño, Diseño_idDiseño) values (1, 'Barbie Original 1959 (Bathing Suit)', 'Primera edición histórica. Muñeca con traje de baño a rayas blancas y negras, gafas de sol y zapatos abiertos.', 14, 7, 9, 6, 7, null);
insert into Diseño (idDiseño, nombre, descripcion, ClasificacionHistorica_idClasificacionHistorica, ClasificacionExclusividad_idClasificacionExclusividad, TonoPiel_idTonoPiel, MoldeRostro_idMoldeRostro, TipoDiseño_idTipoDiseño, Diseño_idDiseño) values (2, 'Barbie Malibu 1971', 'La icónica muñeca de playa con piel bronceada, cabello rubio liso y traje de baño azul celeste.', 1, 8, 11, 6, 6, null);
insert into Diseño (idDiseño, nombre, descripcion, ClasificacionHistorica_idClasificacionHistorica, ClasificacionExclusividad_idClasificacionExclusividad, TonoPiel_idTonoPiel, MoldeRostro_idMoldeRostro, TipoDiseño_idTipoDiseño, Diseño_idDiseño) values (3, 'Barbie Totally Hair 1992', 'La muñeca más vendida de la historia, caracterizada por su cabello hasta los tobillos y minivestido psicodélico.', 8, 6, 2, 11, 3, null);
insert into Diseño (idDiseño, nombre, descripcion, ClasificacionHistorica_idClasificacionHistorica, ClasificacionExclusividad_idClasificacionExclusividad, TonoPiel_idTonoPiel, MoldeRostro_idMoldeRostro, TipoDiseño_idTipoDiseño, Diseño_idDiseño) values (4, 'Barbie Peaches ''n Cream 1984', 'Edición clásica de los 80s con un elegante vestido de gala color durazno y accesorios a juego.', 4, 1, 1, 2, 12, null);
insert into Diseño (idDiseño, nombre, descripcion, ClasificacionHistorica_idClasificacionHistorica, ClasificacionExclusividad_idClasificacionExclusividad, TonoPiel_idTonoPiel, MoldeRostro_idMoldeRostro, TipoDiseño_idTipoDiseño, Diseño_idDiseño) values (5, 'Ken Original 1961', 'Primer modelo del novio de Barbie, con traje de baño rojo, toalla amarilla y sandalias.', 8, 2, 6, 5, 2, null);
insert into Diseño (idDiseño, nombre, descripcion, ClasificacionHistorica_idClasificacionHistorica, ClasificacionExclusividad_idClasificacionExclusividad, TonoPiel_idTonoPiel, MoldeRostro_idMoldeRostro, TipoDiseño_idTipoDiseño, Diseño_idDiseño) values (6, 'Barbie Dreamhouse Playset (3 Pisos)', 'Estructura modular de casa de muñecas con ascensor funcional, piscina y accesorios de mobiliario.', 10, 15, 9, 12, 14, null);
insert into Diseño (idDiseño, nombre, descripcion, ClasificacionHistorica_idClasificacionHistorica, ClasificacionExclusividad_idClasificacionExclusividad, TonoPiel_idTonoPiel, MoldeRostro_idMoldeRostro, TipoDiseño_idTipoDiseño, Diseño_idDiseño) values (7, 'Barbie Holiday 2021 (Gold Dress)', 'Edición especial de Navidad con un espectacular vestido metálico dorado y detalles de pedrería.', 3, 11, 6, 1, 13, null);
insert into Diseño (idDiseño, nombre, descripcion, ClasificacionHistorica_idClasificacionHistorica, ClasificacionExclusividad_idClasificacionExclusividad, TonoPiel_idTonoPiel, MoldeRostro_idMoldeRostro, TipoDiseño_idTipoDiseño, Diseño_idDiseño) values (8, 'Barbie Inspiring Women: Frida Kahlo', 'Figura coleccionable que rinde homenaje a la icónica pintora mexicana con vestuario tradicional.', 15, 11, 1, 1, 3, null);
insert into Diseño (idDiseño, nombre, descripcion, ClasificacionHistorica_idClasificacionHistorica, ClasificacionExclusividad_idClasificacionExclusividad, TonoPiel_idTonoPiel, MoldeRostro_idMoldeRostro, TipoDiseño_idTipoDiseño, Diseño_idDiseño) values (9, 'Barbie Fashionistas #144 (Vitíligo)', 'Muñeca de la línea inclusiva Fashionistas que presenta vitíligo, fomentando la diversidad corporal.', 5, 10, 5, 9, 11, null);
insert into Diseño (idDiseño, nombre, descripcion, ClasificacionHistorica_idClasificacionHistorica, ClasificacionExclusividad_idClasificacionExclusividad, TonoPiel_idTonoPiel, MoldeRostro_idMoldeRostro, TipoDiseño_idTipoDiseño, Diseño_idDiseño) values (10, 'Barbie Color Reveal (Serie Sirena)', 'Innovador concepto de empaque ciego donde la muñeca revela su diseño al sumergirse en agua tibia.', 6, 7, 1, 4, 13, null);
insert into Diseño (idDiseño, nombre, descripcion, ClasificacionHistorica_idClasificacionHistorica, ClasificacionExclusividad_idClasificacionExclusividad, TonoPiel_idTonoPiel, MoldeRostro_idMoldeRostro, TipoDiseño_idTipoDiseño, Diseño_idDiseño) values (11, 'Barbie Camper RV 3-en-1', 'Vehículo recreativo transformable que se abre para revelar múltiples áreas de juego y una barca.', 12, 9, 15, 9, 11, null);
insert into Diseño (idDiseño, nombre, descripcion, ClasificacionHistorica_idClasificacionHistorica, ClasificacionExclusividad_idClasificacionExclusividad, TonoPiel_idTonoPiel, MoldeRostro_idMoldeRostro, TipoDiseño_idTipoDiseño, Diseño_idDiseño) values (12, 'Barbie Extra #1 (Abrigo Arcoíris)', 'Línea de moda urbana exagerada, incluye mascota cerdito y múltiples accesorios brillantes.', 3, 7, 8, 8, 9, null);
insert into Diseño (idDiseño, nombre, descripcion, ClasificacionHistorica_idClasificacionHistorica, ClasificacionExclusividad_idClasificacionExclusividad, TonoPiel_idTonoPiel, MoldeRostro_idMoldeRostro, TipoDiseño_idTipoDiseño, Diseño_idDiseño) values (13, 'Skipper Babysitters Inc. Playset', 'Set de juego que incluye a la hermana menor Skipper, un bebé y accesorios para el cuidado infantil.', 15, 1, 6, 5, 13, null);
insert into Diseño (idDiseño, nombre, descripcion, ClasificacionHistorica_idClasificacionHistorica, ClasificacionExclusividad_idClasificacionExclusividad, TonoPiel_idTonoPiel, MoldeRostro_idMoldeRostro, TipoDiseño_idTipoDiseño, Diseño_idDiseño) values (14, 'Barbie Dia de Muertos 2022', 'Edición de coleccionista con maquillaje de calavera tradicional y vestido bordado floral premium.', 14, 8, 11, 7, 2, null);
insert into Diseño (idDiseño, nombre, descripcion, ClasificacionHistorica_idClasificacionHistorica, ClasificacionExclusividad_idClasificacionExclusividad, TonoPiel_idTonoPiel, MoldeRostro_idMoldeRostro, TipoDiseño_idTipoDiseño, Diseño_idDiseño) values (15, 'Ken Fashionistas #152 (Silla de Ruedas)', 'Muñeco Ken de la línea inclusiva, equipado con una silla de ruedas funcional y rampa.', 6, 7, 2, 14, 7, null);
insert into Diseño (idDiseño, nombre, descripcion, ClasificacionHistorica_idClasificacionHistorica, ClasificacionExclusividad_idClasificacionExclusividad, TonoPiel_idTonoPiel, MoldeRostro_idMoldeRostro, TipoDiseño_idTipoDiseño, Diseño_idDiseño) values (16, 'Barbie Astronauta 1965', 'Histórico diseño lanzado cuatro años antes de que el hombre llegara a la luna. Traje espacial plateado.', 14, 4, 10, 11, 8, null);
insert into Diseño (idDiseño, nombre, descripcion, ClasificacionHistorica_idClasificacionHistorica, ClasificacionExclusividad_idClasificacionExclusividad, TonoPiel_idTonoPiel, MoldeRostro_idMoldeRostro, TipoDiseño_idTipoDiseño, Diseño_idDiseño) values (17, 'Barbie Made to Move (Curvy)', 'Cuerpo con 22 puntos de articulación diseñado para posabilidad extrema, en silueta Curvy.', 14, 14, 3, 8, 12, null);
insert into Diseño (idDiseño, nombre, descripcion, ClasificacionHistorica_idClasificacionHistorica, ClasificacionExclusividad_idClasificacionExclusividad, TonoPiel_idTonoPiel, MoldeRostro_idMoldeRostro, TipoDiseño_idTipoDiseño, Diseño_idDiseño) values (18, 'Barbie Corvette Convertible', 'Vehículo deportivo a escala 1/6 con detalles cromados y asientos para dos muñecas.', 7, 15, 4, 9, 6, null);
insert into Diseño (idDiseño, nombre, descripcion, ClasificacionHistorica_idClasificacionHistorica, ClasificacionExclusividad_idClasificacionExclusividad, TonoPiel_idTonoPiel, MoldeRostro_idMoldeRostro, TipoDiseño_idTipoDiseño, Diseño_idDiseño) values (19, 'Barbie Signature: Bob Mackie Gold', 'Edición ultra exclusiva diseñada por Bob Mackie, con lentejuelas bordadas a mano y plumas.', 15, 9, 1, 2, 8, null);
insert into Diseño (idDiseño, nombre, descripcion, ClasificacionHistorica_idClasificacionHistorica, ClasificacionExclusividad_idClasificacionExclusividad, TonoPiel_idTonoPiel, MoldeRostro_idMoldeRostro, TipoDiseño_idTipoDiseño, Diseño_idDiseño) values (20, 'Teresa Rollerblade 1992', 'Amiga de Barbie con patines en línea funcionales que emiten chispas al rodar gracias a fricción interna.', 3, 7, 5, 6, 6, null);
insert into Diseño (idDiseño, nombre, descripcion, ClasificacionHistorica_idClasificacionHistorica, ClasificacionExclusividad_idClasificacionExclusividad, TonoPiel_idTonoPiel, MoldeRostro_idMoldeRostro, TipoDiseño_idTipoDiseño, Diseño_idDiseño) values (21, 'Barbie Veterinaria de la Selva', 'Set de profesiones que incluye crías de animales salvajes, mesa de examinación y estetoscopio.', 8, 10, 4, 3, 7, null);
insert into Diseño (idDiseño, nombre, descripcion, ClasificacionHistorica_idClasificacionHistorica, ClasificacionExclusividad_idClasificacionExclusividad, TonoPiel_idTonoPiel, MoldeRostro_idMoldeRostro, TipoDiseño_idTipoDiseño, Diseño_idDiseño) values (22, 'Barbie BMR1959 (Neon Jumpsuit)', 'Colección streetwear que celebra los 60 años de la marca con moda urbana de los años 90.', 12, 4, 3, 2, 8, null);
insert into Diseño (idDiseño, nombre, descripcion, ClasificacionHistorica_idClasificacionHistorica, ClasificacionExclusividad_idClasificacionExclusividad, TonoPiel_idTonoPiel, MoldeRostro_idMoldeRostro, TipoDiseño_idTipoDiseño, Diseño_idDiseño) values (23, 'Chelsea Club Treehouse Playset', 'Casa del árbol a escala de la hermana pequeña Chelsea, con tobogán y perrito de mascota.', 2, 5, 5, 6, 10, null);
insert into Diseño (idDiseño, nombre, descripcion, ClasificacionHistorica_idClasificacionHistorica, ClasificacionExclusividad_idClasificacionExclusividad, TonoPiel_idTonoPiel, MoldeRostro_idMoldeRostro, TipoDiseño_idTipoDiseño, Diseño_idDiseño) values (24, 'Barbie Silkstone Lingerie Model', 'Modelo coleccionista hecho de resina Silkstone pesada, simulando porcelana. Ropa interior vintage.', 12, 3, 4, 12, 11, null);
insert into Diseño (idDiseño, nombre, descripcion, ClasificacionHistorica_idClasificacionHistorica, ClasificacionExclusividad_idClasificacionExclusividad, TonoPiel_idTonoPiel, MoldeRostro_idMoldeRostro, TipoDiseño_idTipoDiseño, Diseño_idDiseño) values (25, 'Barbie Doctora de Bebés', 'Línea "Puedes ser lo que quieras". Incluye estación médica, incubadoras y dos muñecos bebés.', 7, 2, 10, 9, 10, null);
insert into Diseño (idDiseño, nombre, descripcion, ClasificacionHistorica_idClasificacionHistorica, ClasificacionExclusividad_idClasificacionExclusividad, TonoPiel_idTonoPiel, MoldeRostro_idMoldeRostro, TipoDiseño_idTipoDiseño, Diseño_idDiseño) values (26, 'Barbie Dream Boat (Avión/Crucero)', 'Vehículo de gran formato que se expande para formar un jet privado con compartimentos de lujo.', 2, 2, 6, 9, 11, null);
insert into Diseño (idDiseño, nombre, descripcion, ClasificacionHistorica_idClasificacionHistorica, ClasificacionExclusividad_idClasificacionExclusividad, TonoPiel_idTonoPiel, MoldeRostro_idMoldeRostro, TipoDiseño_idTipoDiseño, Diseño_idDiseño) values (27, 'Midge Pregnant (Happy Family 2002)', 'Polémica edición de la amiga Midge con pancita de embarazo magnética desprendible.', 12, 13, 2, 12, 11, null);
insert into Diseño (idDiseño, nombre, descripcion, ClasificacionHistorica_idClasificacionHistorica, ClasificacionExclusividad_idClasificacionExclusividad, TonoPiel_idTonoPiel, MoldeRostro_idMoldeRostro, TipoDiseño_idTipoDiseño, Diseño_idDiseño) values (28, 'Barbie Inspiring Women: Rosa Parks', 'Edición histórica celebrando los derechos civiles, con abrigo clásico y sombrero.', 13, 11, 11, 15, 7, null);
insert into Diseño (idDiseño, nombre, descripcion, ClasificacionHistorica_idClasificacionHistorica, ClasificacionExclusividad_idClasificacionExclusividad, TonoPiel_idTonoPiel, MoldeRostro_idMoldeRostro, TipoDiseño_idTipoDiseño, Diseño_idDiseño) values (29, 'Barbie Glam Convertible (Rosa)', 'Clásico auto convertible de dos plazas en rosa brillante, ruedas giratorias y cinturones de seguridad.', 6, 14, 9, 15, 2, null);
insert into Diseño (idDiseño, nombre, descripcion, ClasificacionHistorica_idClasificacionHistorica, ClasificacionExclusividad_idClasificacionExclusividad, TonoPiel_idTonoPiel, MoldeRostro_idMoldeRostro, TipoDiseño_idTipoDiseño, Diseño_idDiseño) values (30, 'Ken Earring Magic 1993', 'El modelo Ken más vendido de los 90s, con chaleco morado, cabello rubio y pendiente circular.', 8, 5, 9, 5, 5, null);
insert into Diseño (idDiseño, nombre, descripcion, ClasificacionHistorica_idClasificacionHistorica, ClasificacionExclusividad_idClasificacionExclusividad, TonoPiel_idTonoPiel, MoldeRostro_idMoldeRostro, TipoDiseño_idTipoDiseño, Diseño_idDiseño) values (31, 'Barbie Princesa Dreamtopia', 'Línea de fantasía. Vestido con luces LED interactivas en la falda y corona de arcoíris.', 11, 8, 2, 8, 1, null);
insert into Diseño (idDiseño, nombre, descripcion, ClasificacionHistorica_idClasificacionHistorica, ClasificacionExclusividad_idClasificacionExclusividad, TonoPiel_idTonoPiel, MoldeRostro_idMoldeRostro, TipoDiseño_idTipoDiseño, Diseño_idDiseño) values (32, 'Barbie Crystal Fantasy Collection (Amethyst)', 'Colección de diseñador inspirada en cristales naturales, maquillaje etéreo e incrustaciones.', 6, 9, 4, 3, 3, null);
insert into Diseño (idDiseño, nombre, descripcion, ClasificacionHistorica_idClasificacionHistorica, ClasificacionExclusividad_idClasificacionExclusividad, TonoPiel_idTonoPiel, MoldeRostro_idMoldeRostro, TipoDiseño_idTipoDiseño, Diseño_idDiseño) values (33, 'Barbie Fashionistas #167 (Prótesis)', 'Inclusión y diversidad. Muñeca con pierna protésica extraíble y estilo casual moderno.', 9, 7, 3, 10, 7, null);
insert into Diseño (idDiseño, nombre, descripcion, ClasificacionHistorica_idClasificacionHistorica, ClasificacionExclusividad_idClasificacionExclusividad, TonoPiel_idTonoPiel, MoldeRostro_idMoldeRostro, TipoDiseño_idTipoDiseño, Diseño_idDiseño) values (34, 'Barbie Pop Star 1986', 'Muñeca estrella de rock con micrófono de utilería, calentadores neón y guitarra eléctrica.', 7, 8, 13, 1, 7, null);
insert into Diseño (idDiseño, nombre, descripcion, ClasificacionHistorica_idClasificacionHistorica, ClasificacionExclusividad_idClasificacionExclusividad, TonoPiel_idTonoPiel, MoldeRostro_idMoldeRostro, TipoDiseño_idTipoDiseño, Diseño_idDiseño) values (35, 'Barbie Sirena Luces Brillantes', 'Aleta de plástico translúcido que se ilumina al presionar el collar, sellada contra agua.', 15, 9, 1, 10, 6, null);
insert into Diseño (idDiseño, nombre, descripcion, ClasificacionHistorica_idClasificacionHistorica, ClasificacionExclusividad_idClasificacionExclusividad, TonoPiel_idTonoPiel, MoldeRostro_idMoldeRostro, TipoDiseño_idTipoDiseño, Diseño_idDiseño) values (36, 'Barbie Signature: Tina Turner', 'Serie de mujeres inspiradoras. Incluye chaqueta de denim y look característico de los escenarios.', 8, 13, 12, 9, 12, null);
insert into Diseño (idDiseño, nombre, descripcion, ClasificacionHistorica_idClasificacionHistorica, ClasificacionExclusividad_idClasificacionExclusividad, TonoPiel_idTonoPiel, MoldeRostro_idMoldeRostro, TipoDiseño_idTipoDiseño, Diseño_idDiseño) values (37, 'Stacie Team Stacie Gymnastics', 'Set deportivo de la hermana Stacie, con barra de equilibrio funcional y medalla.', 10, 6, 15, 10, 4, null);
insert into Diseño (idDiseño, nombre, descripcion, ClasificacionHistorica_idClasificacionHistorica, ClasificacionExclusividad_idClasificacionExclusividad, TonoPiel_idTonoPiel, MoldeRostro_idMoldeRostro, TipoDiseño_idTipoDiseño, Diseño_idDiseño) values (38, 'Barbie Día de Spa y Mascarillas', 'Playset con masilla moldeable para crear mascarillas faciales, bata y estación de tocador.', 9, 2, 14, 6, 14, null);
insert into Diseño (idDiseño, nombre, descripcion, ClasificacionHistorica_idClasificacionHistorica, ClasificacionExclusividad_idClasificacionExclusividad, TonoPiel_idTonoPiel, MoldeRostro_idMoldeRostro, TipoDiseño_idTipoDiseño, Diseño_idDiseño) values (39, 'Barbie Repro: 1977 Superstar', 'Reproducción fiel para coleccionistas del icónico molde Superstar y vestido de satén fucsia.', 12, 1, 11, 13, 10, null);
insert into Diseño (idDiseño, nombre, descripcion, ClasificacionHistorica_idClasificacionHistorica, ClasificacionExclusividad_idClasificacionExclusividad, TonoPiel_idTonoPiel, MoldeRostro_idMoldeRostro, TipoDiseño_idTipoDiseño, Diseño_idDiseño) values (40, 'Barbie Ambulancia Clínica Móvil', 'Furgoneta transformable de más de 60 cm con sirenas funcionales, sala de espera y rayos X.', 12, 10, 4, 7, 15, null);
insert into Diseño (idDiseño, nombre, descripcion, ClasificacionHistorica_idClasificacionHistorica, ClasificacionExclusividad_idClasificacionExclusividad, TonoPiel_idTonoPiel, MoldeRostro_idMoldeRostro, TipoDiseño_idTipoDiseño, Diseño_idDiseño) values (41, 'Ken Fashionistas #164 (Cabello Largo)', 'Molde moderno con cabello enraizado largo rubio, camisa floral y cuerpo Broad.', 10, 11, 11, 8, 2, null);
insert into Diseño (idDiseño, nombre, descripcion, ClasificacionHistorica_idClasificacionHistorica, ClasificacionExclusividad_idClasificacionExclusividad, TonoPiel_idTonoPiel, MoldeRostro_idMoldeRostro, TipoDiseño_idTipoDiseño, Diseño_idDiseño) values (42, 'Barbie Extra Minis Playset', 'Boutique plegable con perchero rodante, espejos y accesorios miniatura para la línea Extra.', 6, 5, 3, 4, 12, null);
insert into Diseño (idDiseño, nombre, descripcion, ClasificacionHistorica_idClasificacionHistorica, ClasificacionExclusividad_idClasificacionExclusividad, TonoPiel_idTonoPiel, MoldeRostro_idMoldeRostro, TipoDiseño_idTipoDiseño, Diseño_idDiseño) values (43, 'Barbie Jueza 1993', 'Pieza vintage de empoderamiento femenino. Toga negra oficial y mazo de tribunal.', 11, 15, 7, 13, 2, null);
insert into Diseño (idDiseño, nombre, descripcion, ClasificacionHistorica_idClasificacionHistorica, ClasificacionExclusividad_idClasificacionExclusividad, TonoPiel_idTonoPiel, MoldeRostro_idMoldeRostro, TipoDiseño_idTipoDiseño, Diseño_idDiseño) values (44, 'Barbie Signature: David Bowie', 'Edición tributo al estilo de los años 90 de Bowie. Cabello rojo enraizado, traje a medida.', 5, 15, 11, 8, 1, null);
insert into Diseño (idDiseño, nombre, descripcion, ClasificacionHistorica_idClasificacionHistorica, ClasificacionExclusividad_idClasificacionExclusividad, TonoPiel_idTonoPiel, MoldeRostro_idMoldeRostro, TipoDiseño_idTipoDiseño, Diseño_idDiseño) values (45, 'Barbie Gimnasta Rítmica', 'Cuerpo Made to Move, incluye aros, cintas y batón. Diseño orientado a Juegos Olímpicos.', 4, 13, 6, 8, 8, null);
insert into Diseño (idDiseño, nombre, descripcion, ClasificacionHistorica_idClasificacionHistorica, ClasificacionExclusividad_idClasificacionExclusividad, TonoPiel_idTonoPiel, MoldeRostro_idMoldeRostro, TipoDiseño_idTipoDiseño, Diseño_idDiseño) values (46, 'Barbie Color Reveal (Serie Neón)', 'Tubo sorpresa donde la pintura hidrosoluble revela estampados reactivos a luz UV.', 12, 11, 4, 8, 3, null);
insert into Diseño (idDiseño, nombre, descripcion, ClasificacionHistorica_idClasificacionHistorica, ClasificacionExclusividad_idClasificacionExclusividad, TonoPiel_idTonoPiel, MoldeRostro_idMoldeRostro, TipoDiseño_idTipoDiseño, Diseño_idDiseño) values (47, 'Barbie Cafetería Pastelería', 'Playset interactivo. Funciones mecánicas para "hornear" plastilina con moldes de tartas.', 14, 5, 8, 8, 13, null);
insert into Diseño (idDiseño, nombre, descripcion, ClasificacionHistorica_idClasificacionHistorica, ClasificacionExclusividad_idClasificacionExclusividad, TonoPiel_idTonoPiel, MoldeRostro_idMoldeRostro, TipoDiseño_idTipoDiseño, Diseño_idDiseño) values (48, 'Ken Sireno (Merman)', 'Pieza de la línea Dreamtopia. Molde masculino con aleta colorida moldeada y corona.', 5, 2, 7, 1, 9, null);
insert into Diseño (idDiseño, nombre, descripcion, ClasificacionHistorica_idClasificacionHistorica, ClasificacionExclusividad_idClasificacionExclusividad, TonoPiel_idTonoPiel, MoldeRostro_idMoldeRostro, TipoDiseño_idTipoDiseño, Diseño_idDiseño) values (49, 'Barbie Repro: 1986 Rockers', 'Regreso a la era glam. Incluye cassette miniatura de colección y teclado keytar.', 2, 10, 8, 3, 10, null);
insert into Diseño (idDiseño, nombre, descripcion, ClasificacionHistorica_idClasificacionHistorica, ClasificacionExclusividad_idClasificacionExclusividad, TonoPiel_idTonoPiel, MoldeRostro_idMoldeRostro, TipoDiseño_idTipoDiseño, Diseño_idDiseño) values (50, 'Barbie Caballo Andador Interactivo', 'Accesorio motorizado. Caballo blanco con articulaciones autónomas y crin peinable.', 2, 6, 13, 12, 7, null);
insert into Diseño (idDiseño, nombre, descripcion, ClasificacionHistorica_idClasificacionHistorica, ClasificacionExclusividad_idClasificacionExclusividad, TonoPiel_idTonoPiel, MoldeRostro_idMoldeRostro, TipoDiseño_idTipoDiseño, Diseño_idDiseño) values (51, 'Barbie Piloto Comercial', 'Promoción de carreras STEM. Uniforme azul, sombrero de capitán y maleta rodante.', 4, 7, 3, 10, 2, null);
insert into Diseño (idDiseño, nombre, descripcion, ClasificacionHistorica_idClasificacionHistorica, ClasificacionExclusividad_idClasificacionExclusividad, TonoPiel_idTonoPiel, MoldeRostro_idMoldeRostro, TipoDiseño_idTipoDiseño, Diseño_idDiseño) values (52, 'Barbie Signature: Eleanor Roosevelt', 'Recreación histórica. Incluye vestido de época y empaque tipo libro biográfico.', 1, 12, 2, 11, 7, null);
insert into Diseño (idDiseño, nombre, descripcion, ClasificacionHistorica_idClasificacionHistorica, ClasificacionExclusividad_idClasificacionExclusividad, TonoPiel_idTonoPiel, MoldeRostro_idMoldeRostro, TipoDiseño_idTipoDiseño, Diseño_idDiseño) values (53, 'Barbie Creadora de Emojis', 'Prendas con tecnología de transferencia térmica para estampar gráficos mediante fricción.', 8, 14, 1, 9, 2, null);
insert into Diseño (idDiseño, nombre, descripcion, ClasificacionHistorica_idClasificacionHistorica, ClasificacionExclusividad_idClasificacionExclusividad, TonoPiel_idTonoPiel, MoldeRostro_idMoldeRostro, TipoDiseño_idTipoDiseño, Diseño_idDiseño) values (54, 'Barbie Gran Princesa (43 cm)', 'Muñeca de tamaño ampliado. Cepillo de gran formato para estilizar cabello extra largo.', 10, 15, 14, 6, 7, null);
insert into Diseño (idDiseño, nombre, descripcion, ClasificacionHistorica_idClasificacionHistorica, ClasificacionExclusividad_idClasificacionExclusividad, TonoPiel_idTonoPiel, MoldeRostro_idMoldeRostro, TipoDiseño_idTipoDiseño, Diseño_idDiseño) values (55, 'Ken Surfista (Malibu)', 'Figura playera. Tabla de surf de plástico sólido con anclajes para los pies del muñeco.', 14, 8, 15, 15, 3, null);
insert into Diseño (idDiseño, nombre, descripcion, ClasificacionHistorica_idClasificacionHistorica, ClasificacionExclusividad_idClasificacionExclusividad, TonoPiel_idTonoPiel, MoldeRostro_idMoldeRostro, TipoDiseño_idTipoDiseño, Diseño_idDiseño) values (56, 'Barbie Fashionistas #119 (Petite)', 'Nuevo cuerpo Petite introducido en 2016. Cabello azul corto y vestido a cuadros.', 3, 6, 13, 14, 8, null);
insert into Diseño (idDiseño, nombre, descripcion, ClasificacionHistorica_idClasificacionHistorica, ClasificacionExclusividad_idClasificacionExclusividad, TonoPiel_idTonoPiel, MoldeRostro_idMoldeRostro, TipoDiseño_idTipoDiseño, Diseño_idDiseño) values (57, 'Barbie Exploradora de Marte', 'Lanzamiento especial con casco presurizado de plástico ABS y mochila de soporte vital.', 15, 8, 12, 15, 7, null);
insert into Diseño (idDiseño, nombre, descripcion, ClasificacionHistorica_idClasificacionHistorica, ClasificacionExclusividad_idClasificacionExclusividad, TonoPiel_idTonoPiel, MoldeRostro_idMoldeRostro, TipoDiseño_idTipoDiseño, Diseño_idDiseño) values (58, 'Barbie Scooter Ciclomotor', 'Vehículo de dos ruedas motorizado en rosa pastel, con casco y cesta trasera para mascota.', 11, 15, 3, 8, 4, null);
insert into Diseño (idDiseño, nombre, descripcion, ClasificacionHistorica_idClasificacionHistorica, ClasificacionExclusividad_idClasificacionExclusividad, TonoPiel_idTonoPiel, MoldeRostro_idMoldeRostro, TipoDiseño_idTipoDiseño, Diseño_idDiseño) values (59, 'Barbie Signature: Elvis Presley', 'Traje ajustado "American Eagle" lleno de cristales, botas blancas y peinado icónico.', 13, 8, 15, 15, 2, null);
insert into Diseño (idDiseño, nombre, descripcion, ClasificacionHistorica_idClasificacionHistorica, ClasificacionExclusividad_idClasificacionExclusividad, TonoPiel_idTonoPiel, MoldeRostro_idMoldeRostro, TipoDiseño_idTipoDiseño, Diseño_idDiseño) values (60, 'Christie Original 1968', 'Primera amiga afroamericana de Barbie. Traje de baño de una pieza y corte de cabello Mod.', 4, 14, 14, 7, 4, null);
insert into Diseño (idDiseño, nombre, descripcion, ClasificacionHistorica_idClasificacionHistorica, ClasificacionExclusividad_idClasificacionExclusividad, TonoPiel_idTonoPiel, MoldeRostro_idMoldeRostro, TipoDiseño_idTipoDiseño, Diseño_idDiseño) values (61, 'Barbie Helicóptero de Lujo', 'Estructura rígida de gran volumen. Espacio para pilotos y pasajeros, carrito de snacks incluido.', 1, 7, 5, 3, 10, null);
insert into Diseño (idDiseño, nombre, descripcion, ClasificacionHistorica_idClasificacionHistorica, ClasificacionExclusividad_idClasificacionExclusividad, TonoPiel_idTonoPiel, MoldeRostro_idMoldeRostro, TipoDiseño_idTipoDiseño, Diseño_idDiseño) values (62, 'Barbie Extra #5 (Chaqueta Flecos)', 'Línea de tendencias audaces. Trenzas arcoíris extra largas, vehículo de mascota incorporado.', 2, 3, 1, 2, 8, null);
insert into Diseño (idDiseño, nombre, descripcion, ClasificacionHistorica_idClasificacionHistorica, ClasificacionExclusividad_idClasificacionExclusividad, TonoPiel_idTonoPiel, MoldeRostro_idMoldeRostro, TipoDiseño_idTipoDiseño, Diseño_idDiseño) values (63, 'Barbie Cuidadora de Pandas', 'Estación de rescate en la selva, hamacas columpio de bambú, báscula y pandas de PVC.', 14, 9, 6, 12, 15, null);
insert into Diseño (idDiseño, nombre, descripcion, ClasificacionHistorica_idClasificacionHistorica, ClasificacionExclusividad_idClasificacionExclusividad, TonoPiel_idTonoPiel, MoldeRostro_idMoldeRostro, TipoDiseño_idTipoDiseño, Diseño_idDiseño) values (64, 'Barbie Repro: Day-to-Night 1985', 'Innovación en moda transformable. Vestido de oficina que se revierte en traje de noche fucsia.', 10, 15, 1, 10, 2, null);
insert into Diseño (idDiseño, nombre, descripcion, ClasificacionHistorica_idClasificacionHistorica, ClasificacionExclusividad_idClasificacionExclusividad, TonoPiel_idTonoPiel, MoldeRostro_idMoldeRostro, TipoDiseño_idTipoDiseño, Diseño_idDiseño) values (65, 'Ken BMR1959 (Topknot)', 'Streetwear moderno de colección. Molde facial detallado, moño superior enraizado y chaqueta verde.', 10, 6, 1, 15, 1, null);
insert into Diseño (idDiseño, nombre, descripcion, ClasificacionHistorica_idClasificacionHistorica, ClasificacionExclusividad_idClasificacionExclusividad, TonoPiel_idTonoPiel, MoldeRostro_idMoldeRostro, TipoDiseño_idTipoDiseño, Diseño_idDiseño) values (66, 'Barbie Food Truck', 'Playset de granito plástico. Máquina de batidos, plancha de hamburguesas y accesorios miniatura.', 10, 3, 10, 14, 3, null);
insert into Diseño (idDiseño, nombre, descripcion, ClasificacionHistorica_idClasificacionHistorica, ClasificacionExclusividad_idClasificacionExclusividad, TonoPiel_idTonoPiel, MoldeRostro_idMoldeRostro, TipoDiseño_idTipoDiseño, Diseño_idDiseño) values (67, 'Barbie Fashionistas #135 (Alopecia)', 'Avance en representación. Muñeca sin cabello con maxiaretes dorados y vestido floral.', 8, 2, 12, 10, 3, null);
insert into Diseño (idDiseño, nombre, descripcion, ClasificacionHistorica_idClasificacionHistorica, ClasificacionExclusividad_idClasificacionExclusividad, TonoPiel_idTonoPiel, MoldeRostro_idMoldeRostro, TipoDiseño_idTipoDiseño, Diseño_idDiseño) values (68, 'Barbie Armario de Ensueño (Closet)', 'Mobiliario modular transportable con estantes, cajones, espejos y ganchos de ropa.', 9, 8, 8, 11, 3, null);
insert into Diseño (idDiseño, nombre, descripcion, ClasificacionHistorica_idClasificacionHistorica, ClasificacionExclusividad_idClasificacionExclusividad, TonoPiel_idTonoPiel, MoldeRostro_idMoldeRostro, TipoDiseño_idTipoDiseño, Diseño_idDiseño) values (69, 'Barbie Ingeniería Robótica', 'Iniciativa educativa. Incluye robot articulado, laptop y gafas protectoras para ensamblaje.', 10, 5, 9, 7, 7, null);
insert into Diseño (idDiseño, nombre, descripcion, ClasificacionHistorica_idClasificacionHistorica, ClasificacionExclusividad_idClasificacionExclusividad, TonoPiel_idTonoPiel, MoldeRostro_idMoldeRostro, TipoDiseño_idTipoDiseño, Diseño_idDiseño) values (70, 'Barbie Signature: Iris Apfel', 'Colección Mujeres Inspiradoras. Traje sastre texturizado y broche de perlas fiel a la época.', 13, 8, 2, 10, 4, null);
insert into Diseño (idDiseño, nombre, descripcion, ClasificacionHistorica_idClasificacionHistorica, ClasificacionExclusividad_idClasificacionExclusividad, TonoPiel_idTonoPiel, MoldeRostro_idMoldeRostro, TipoDiseño_idTipoDiseño, Diseño_idDiseño) values (71, 'Barbie Club de Chelsea: Cama', 'Módulo de habitación infantil. Cama nido doble, osito de felpa y estrella brillante de noche.', 11, 14, 1, 5, 10, null);
insert into Diseño (idDiseño, nombre, descripcion, ClasificacionHistorica_idClasificacionHistorica, ClasificacionExclusividad_idClasificacionExclusividad, TonoPiel_idTonoPiel, MoldeRostro_idMoldeRostro, TipoDiseño_idTipoDiseño, Diseño_idDiseño) values (72, 'Barbie Boutique de Mascotas', 'Estación de lavado canino con mecanismo de espuma usando agua real y jabón.', 13, 12, 11, 1, 11, null);
insert into Diseño (idDiseño, nombre, descripcion, ClasificacionHistorica_idClasificacionHistorica, ClasificacionExclusividad_idClasificacionExclusividad, TonoPiel_idTonoPiel, MoldeRostro_idMoldeRostro, TipoDiseño_idTipoDiseño, Diseño_idDiseño) values (73, 'Barbie Extra Muñeca + Auto', 'Bundle de lujo. Deportivo plateado brillante con puertas en ala de gaviota y piscina canina.', 10, 2, 1, 3, 8, null);
insert into Diseño (idDiseño, nombre, descripcion, ClasificacionHistorica_idClasificacionHistorica, ClasificacionExclusividad_idClasificacionExclusividad, TonoPiel_idTonoPiel, MoldeRostro_idMoldeRostro, TipoDiseño_idTipoDiseño, Diseño_idDiseño) values (74, 'Ken Fashionistas #174 (Cuerpo Broad)', 'Cuerpo modificado más ancho. Sudadera gráfica de cuadros y estilo urbano contemporáneo.', 4, 1, 15, 5, 4, null);
insert into Diseño (idDiseño, nombre, descripcion, ClasificacionHistorica_idClasificacionHistorica, ClasificacionExclusividad_idClasificacionExclusividad, TonoPiel_idTonoPiel, MoldeRostro_idMoldeRostro, TipoDiseño_idTipoDiseño, Diseño_idDiseño) values (75, 'Barbie Repro: Black Francie 1967', 'Tributo a la historia. Francie con atuendo geométrico vibrante y pestañas enraizadas reales.', 3, 13, 10, 4, 3, null);
insert into Diseño (idDiseño, nombre, descripcion, ClasificacionHistorica_idClasificacionHistorica, ClasificacionExclusividad_idClasificacionExclusividad, TonoPiel_idTonoPiel, MoldeRostro_idMoldeRostro, TipoDiseño_idTipoDiseño, Diseño_idDiseño) values (76, 'Barbie Supermercado Móvil', 'Estructura desplegable de mercado, escáner registradora, cinta transportadora y estanterías.', 5, 6, 15, 11, 13, null);
insert into Diseño (idDiseño, nombre, descripcion, ClasificacionHistorica_idClasificacionHistorica, ClasificacionExclusividad_idClasificacionExclusividad, TonoPiel_idTonoPiel, MoldeRostro_idMoldeRostro, TipoDiseño_idTipoDiseño, Diseño_idDiseño) values (77, 'Barbie Color Reveal (Serie Fiesta)', 'Acabados perlados y esponja reactiva a temperatura para revelar maquillaje festivo en el rostro.', 13, 15, 13, 7, 4, null);
insert into Diseño (idDiseño, nombre, descripcion, ClasificacionHistorica_idClasificacionHistorica, ClasificacionExclusividad_idClasificacionExclusividad, TonoPiel_idTonoPiel, MoldeRostro_idMoldeRostro, TipoDiseño_idTipoDiseño, Diseño_idDiseño) values (78, 'Barbie Bióloga Marina', 'Estación de laboratorio acuático. Telescopio, tubos de ensayo y flora marina de colores vivos.', 8, 2, 15, 7, 13, null);
insert into Diseño (idDiseño, nombre, descripcion, ClasificacionHistorica_idClasificacionHistorica, ClasificacionExclusividad_idClasificacionExclusividad, TonoPiel_idTonoPiel, MoldeRostro_idMoldeRostro, TipoDiseño_idTipoDiseño, Diseño_idDiseño) values (79, 'Barbie Signature: Celia Cruz', 'Muñeca tributo a la Reina de la Salsa. Micrófono vintage, vestido de rumbera y pedrería.', 8, 11, 13, 3, 13, null);
insert into Diseño (idDiseño, nombre, descripcion, ClasificacionHistorica_idClasificacionHistorica, ClasificacionExclusividad_idClasificacionExclusividad, TonoPiel_idTonoPiel, MoldeRostro_idMoldeRostro, TipoDiseño_idTipoDiseño, Diseño_idDiseño) values (80, 'Barbie Estudio de Diseño 3D', 'Playset creativo enfocado a moda DIY. Impresora 3D figurativa y textiles estampables.', 11, 2, 3, 6, 1, null);
insert into Diseño (idDiseño, nombre, descripcion, ClasificacionHistorica_idClasificacionHistorica, ClasificacionExclusividad_idClasificacionExclusividad, TonoPiel_idTonoPiel, MoldeRostro_idMoldeRostro, TipoDiseño_idTipoDiseño, Diseño_idDiseño) values (81, 'Stacie Scooters de Verano', 'Vehículo patinete plegable a escala 1/6 con clips de agarre de silicona para sostener a la muñeca.', 1, 7, 6, 15, 1, null);
insert into Diseño (idDiseño, nombre, descripcion, ClasificacionHistorica_idClasificacionHistorica, ClasificacionExclusividad_idClasificacionExclusividad, TonoPiel_idTonoPiel, MoldeRostro_idMoldeRostro, TipoDiseño_idTipoDiseño, Diseño_idDiseño) values (82, 'Barbie Repro: Dream Date 1984', 'Remake ochentero de la línea Date. Cabello voluminoso con laca y atuendo de lentejuelas.', 12, 6, 14, 7, 12, null);
insert into Diseño (idDiseño, nombre, descripcion, ClasificacionHistorica_idClasificacionHistorica, ClasificacionExclusividad_idClasificacionExclusividad, TonoPiel_idTonoPiel, MoldeRostro_idMoldeRostro, TipoDiseño_idTipoDiseño, Diseño_idDiseño) values (83, 'Barbie Floristería Mágica', 'Mecanismo de empaque que extruye flores de plastilina reutilizable. Estantes y jarrones.', 12, 11, 5, 7, 14, null);
insert into Diseño (idDiseño, nombre, descripcion, ClasificacionHistorica_idClasificacionHistorica, ClasificacionExclusividad_idClasificacionExclusividad, TonoPiel_idTonoPiel, MoldeRostro_idMoldeRostro, TipoDiseño_idTipoDiseño, Diseño_idDiseño) values (84, 'Ken Cuidado de Perritos', 'Centro de baño canino, esponjas y bañera que retiene el agua para simular el aseo.', 15, 6, 5, 11, 7, null);
insert into Diseño (idDiseño, nombre, descripcion, ClasificacionHistorica_idClasificacionHistorica, ClasificacionExclusividad_idClasificacionExclusividad, TonoPiel_idTonoPiel, MoldeRostro_idMoldeRostro, TipoDiseño_idTipoDiseño, Diseño_idDiseño) values (85, 'Barbie Extra #12 (Abrigo Floral)', 'Acento en modas exageradas, incluye bolso de DJ portátil de la mascota con detalles neón.', 2, 5, 13, 5, 4, null);
insert into Diseño (idDiseño, nombre, descripcion, ClasificacionHistorica_idClasificacionHistorica, ClasificacionExclusividad_idClasificacionExclusividad, TonoPiel_idTonoPiel, MoldeRostro_idMoldeRostro, TipoDiseño_idTipoDiseño, Diseño_idDiseño) values (86, 'Barbie Signature: Mark Ryden', 'Colaboración de diseñador, vestuario surrealista, pelaje sintético premium y bolsa peculiar.', 9, 5, 15, 2, 3, null);
insert into Diseño (idDiseño, nombre, descripcion, ClasificacionHistorica_idClasificacionHistorica, ClasificacionExclusividad_idClasificacionExclusividad, TonoPiel_idTonoPiel, MoldeRostro_idMoldeRostro, TipoDiseño_idTipoDiseño, Diseño_idDiseño) values (87, 'Barbie Piscina Glamour', 'Molde de piscina azul traslúcido, trampolín, tumbonas de plástico ABS y toldo extraíble.', 9, 13, 13, 11, 9, null);
insert into Diseño (idDiseño, nombre, descripcion, ClasificacionHistorica_idClasificacionHistorica, ClasificacionExclusividad_idClasificacionExclusividad, TonoPiel_idTonoPiel, MoldeRostro_idMoldeRostro, TipoDiseño_idTipoDiseño, Diseño_idDiseño) values (88, 'Chelsea Feria de Diversiones', 'Playset mecánico. Noria y coches de choque operables manualmente mediante una manivela.', 6, 11, 12, 5, 2, null);
insert into Diseño (idDiseño, nombre, descripcion, ClasificacionHistorica_idClasificacionHistorica, ClasificacionExclusividad_idClasificacionExclusividad, TonoPiel_idTonoPiel, MoldeRostro_idMoldeRostro, TipoDiseño_idTipoDiseño, Diseño_idDiseño) values (89, 'Barbie Cuidado de Elefantes', 'Centro de rescate asiático. Báscula pesada, hojas de bambú y elefantes de resina plástica.', 8, 4, 4, 5, 6, null);
insert into Diseño (idDiseño, nombre, descripcion, ClasificacionHistorica_idClasificacionHistorica, ClasificacionExclusividad_idClasificacionExclusividad, TonoPiel_idTonoPiel, MoldeRostro_idMoldeRostro, TipoDiseño_idTipoDiseño, Diseño_idDiseño) values (90, 'Barbie Astronauta Exploración', 'Conjunto exploratorio lunar. Herramientas de extracción, rocas lunares y bandera de la paz.', 9, 9, 15, 14, 13, null);
insert into Diseño (idDiseño, nombre, descripcion, ClasificacionHistorica_idClasificacionHistorica, ClasificacionExclusividad_idClasificacionExclusividad, TonoPiel_idTonoPiel, MoldeRostro_idMoldeRostro, TipoDiseño_idTipoDiseño, Diseño_idDiseño) values (91, 'Barbie Repro: 1962 Bubblecut', 'Edición clásica homenajeando el icónico peinado Bubblecut, vestido de punto dorado retro.', 5, 5, 13, 11, 6, null);
insert into Diseño (idDiseño, nombre, descripcion, ClasificacionHistorica_idClasificacionHistorica, ClasificacionExclusividad_idClasificacionExclusividad, TonoPiel_idTonoPiel, MoldeRostro_idMoldeRostro, TipoDiseño_idTipoDiseño, Diseño_idDiseño) values (92, 'Barbie Signature: Laverne Cox', 'Pieza histórica de activismo. Traje de gala en capas, peinado volumétrico y gran caja vitrina.', 4, 13, 1, 5, 14, null);
insert into Diseño (idDiseño, nombre, descripcion, ClasificacionHistorica_idClasificacionHistorica, ClasificacionExclusividad_idClasificacionExclusividad, TonoPiel_idTonoPiel, MoldeRostro_idMoldeRostro, TipoDiseño_idTipoDiseño, Diseño_idDiseño) values (93, 'Barbie Pizzería Móvil', 'Estación rodante de cocina de masa. Horno con efecto luz simulada de fuego e ingredientes miniatura.', 15, 13, 7, 10, 9, null);
insert into Diseño (idDiseño, nombre, descripcion, ClasificacionHistorica_idClasificacionHistorica, ClasificacionExclusividad_idClasificacionExclusividad, TonoPiel_idTonoPiel, MoldeRostro_idMoldeRostro, TipoDiseño_idTipoDiseño, Diseño_idDiseño) values (94, 'Ken Médico de Campo', 'Profesiones STEM. Ken equipado con maletín de primeros auxilios y férulas removibles de PVC.', 12, 11, 1, 14, 11, null);
insert into Diseño (idDiseño, nombre, descripcion, ClasificacionHistorica_idClasificacionHistorica, ClasificacionExclusividad_idClasificacionExclusividad, TonoPiel_idTonoPiel, MoldeRostro_idMoldeRostro, TipoDiseño_idTipoDiseño, Diseño_idDiseño) values (95, 'Barbie Color Reveal (Sorpresa Lluvia)', 'Capa especial que se deshace bajo la lluvia. Paraguas funcional con apertura de botón.', 8, 8, 9, 13, 2, null);
insert into Diseño (idDiseño, nombre, descripcion, ClasificacionHistorica_idClasificacionHistorica, ClasificacionExclusividad_idClasificacionExclusividad, TonoPiel_idTonoPiel, MoldeRostro_idMoldeRostro, TipoDiseño_idTipoDiseño, Diseño_idDiseño) values (96, 'Barbie BMR1959 (Puffer Jacket)', 'Moda de archivo coleccionable, chaquetón plateado sobredimensionado y gafas geométricas.', 5, 4, 10, 2, 12, null);
insert into Diseño (idDiseño, nombre, descripcion, ClasificacionHistorica_idClasificacionHistorica, ClasificacionExclusividad_idClasificacionExclusividad, TonoPiel_idTonoPiel, MoldeRostro_idMoldeRostro, TipoDiseño_idTipoDiseño, Diseño_idDiseño) values (97, 'Barbie Dreamtopia Castillo de Dulces', 'Playset vertical de 3 pisos ambientado en repostería fantástica, escalera de caracol azucarada.', 9, 3, 8, 10, 2, null);
insert into Diseño (idDiseño, nombre, descripcion, ClasificacionHistorica_idClasificacionHistorica, ClasificacionExclusividad_idClasificacionExclusividad, TonoPiel_idTonoPiel, MoldeRostro_idMoldeRostro, TipoDiseño_idTipoDiseño, Diseño_idDiseño) values (98, 'Barbie Paseo Perruno', 'Mecanismo de acción para enseñar adiestramiento. Cuerda articulada y perro paseador dinámico.', 12, 13, 2, 1, 3, null);
insert into Diseño (idDiseño, nombre, descripcion, ClasificacionHistorica_idClasificacionHistorica, ClasificacionExclusividad_idClasificacionExclusividad, TonoPiel_idTonoPiel, MoldeRostro_idMoldeRostro, TipoDiseño_idTipoDiseño, Diseño_idDiseño) values (99, 'Barbie Signature: Maya Angelou', 'Homenaje a la poetisa norteamericana. Diadema tradicional, libro en miniatura y vestido sastre.', 11, 4, 6, 10, 1, null);
insert into Diseño (idDiseño, nombre, descripcion, ClasificacionHistorica_idClasificacionHistorica, ClasificacionExclusividad_idClasificacionExclusividad, TonoPiel_idTonoPiel, MoldeRostro_idMoldeRostro, TipoDiseño_idTipoDiseño, Diseño_idDiseño) values (100, 'Barbie Fashionistas #175 (Tall)', 'Cuerpo modificado más alto y alargado, zapatos de piso modernos y camisa teñida tipo tie-dye.', 8, 6, 4, 13, 10, null);


--------------------------------------------------------------------------------------------------
-- TIPO DE RELACION

TRUNCATE TABLE TipoRelacion CASCADE;

INSERT INTO TipoRelacion (idTipoRelacion, nombreRelacion, Diseño_idDiseño, Diseño_idDiseño2) VALUES (1, 'Novios', 1, 5);
INSERT INTO TipoRelacion (idTipoRelacion, nombreRelacion, Diseño_idDiseño, Diseño_idDiseño2) VALUES (2, 'Hermanas (Mayor/Menor)', 1, 13);
INSERT INTO TipoRelacion (idTipoRelacion, nombreRelacion, Diseño_idDiseño, Diseño_idDiseño2) VALUES (3, 'Hermanas (Mayor/Toddler)', 1, 23);
INSERT INTO TipoRelacion (idTipoRelacion, nombreRelacion, Diseño_idDiseño, Diseño_idDiseño2) VALUES (4, 'Hermanas (Mayor/Tween)', 1, 37);
INSERT INTO TipoRelacion (idTipoRelacion, nombreRelacion, Diseño_idDiseño, Diseño_idDiseño2) VALUES (5, 'Mejores Amigas', 1, 27);
INSERT INTO TipoRelacion (idTipoRelacion, nombreRelacion, Diseño_idDiseño, Diseño_idDiseño2) VALUES (6, 'Amigas Históricas', 1, 60);
INSERT INTO TipoRelacion (idTipoRelacion, nombreRelacion, Diseño_idDiseño, Diseño_idDiseño2) VALUES (7, 'Amigas Íntimas', 1, 20);
INSERT INTO TipoRelacion (idTipoRelacion, nombreRelacion, Diseño_idDiseño, Diseño_idDiseño2) VALUES (8, 'Dueña / Mascota', 12, 12);
INSERT INTO TipoRelacion (idTipoRelacion, nombreRelacion, Diseño_idDiseño, Diseño_idDiseño2) VALUES (9, 'Hermanas (Medianas)', 13, 37);
INSERT INTO TipoRelacion (idTipoRelacion, nombreRelacion, Diseño_idDiseño, Diseño_idDiseño2) VALUES (10, 'Evolución de Personaje', 5, 30);
INSERT INTO TipoRelacion (idTipoRelacion, nombreRelacion, Diseño_idDiseño, Diseño_idDiseño2) VALUES (11, 'Evolución de Personaje', 1, 2);
INSERT INTO TipoRelacion (idTipoRelacion, nombreRelacion, Diseño_idDiseño, Diseño_idDiseño2) VALUES (12, 'Variante de Era', 39, 64);
INSERT INTO TipoRelacion (idTipoRelacion, nombreRelacion, Diseño_idDiseño, Diseño_idDiseño2) VALUES (13, 'Amigos / Compañeros', 15, 74);
INSERT INTO TipoRelacion (idTipoRelacion, nombreRelacion, Diseño_idDiseño, Diseño_idDiseño2) VALUES (14, 'Compañeros de Playa', 2, 55);
INSERT INTO TipoRelacion (idTipoRelacion, nombreRelacion, Diseño_idDiseño, Diseño_idDiseño2) VALUES (15, 'Colección Compartida', 22, 65);

--------------------------------------------------------------------------------------------------
-- COLOR

insert into Color (idColor, codigoHexadecimal, nombre) values (1, '#E0218A', 'Barbie Pink');
insert into Color (idColor, codigoHexadecimal, nombre) values (2, '#FF1493', 'Hot Pink');
insert into Color (idColor, codigoHexadecimal, nombre) values (3, '#FFB6C1', 'Pastel Pink');
insert into Color (idColor, codigoHexadecimal, nombre) values (4, '#00FFFF', 'Cyan');
insert into Color (idColor, codigoHexadecimal, nombre) values (5, '#FF00FF', 'Magenta');
insert into Color (idColor, codigoHexadecimal, nombre) values (6, '#32CD32', 'Lime Green');
insert into Color (idColor, codigoHexadecimal, nombre) values (7, '#E6E6FA', 'Lavender');
insert into Color (idColor, codigoHexadecimal, nombre) values (8, '#EE82EE', 'Violet');
insert into Color (idColor, codigoHexadecimal, nombre) values (9, '#98FF98', 'Mint');
insert into Color (idColor, codigoHexadecimal, nombre) values (10, '#FFD700', 'Gold');
insert into Color (idColor, codigoHexadecimal, nombre) values (11, '#C0C0C0', 'Silver');
insert into Color (idColor, codigoHexadecimal, nombre) values (12, '#B76E79', 'Rose Gold');
insert into Color (idColor, codigoHexadecimal, nombre) values (13, '#F3E5AB', 'Pearlescent White');
insert into Color (idColor, codigoHexadecimal, nombre) values (14, '#0F0F0F', 'Onyx Black');
insert into Color (idColor, codigoHexadecimal, nombre) values (15, '#FFFFFF', 'Clear Translucent');

--------------------------------------------------------------------------------------------------
-- MATERIAL

insert into Material (idMaterial, nombre, descripcion) values (1, 'Tela Algodón', 'Vivamus tortor. Duis mattis egestas metus. Aenean fermentum. Donec ut mauris eget massa tempor convallis. Nulla neque libero, convallis eget, eleifend luctus, ultricies eu, nibh. Quisque id justo sit amet sapien dignissim vestibulum. Vestibulum ante ipsum primis in faucibus orci luctus et ultrices posuere cubilia Curae; Nulla dapibus dolor vel est. Donec odio justo, sollicitudin ut, suscipit a, feugiat et, eros.');
insert into Material (idMaterial, nombre, descripcion) values (2, 'Metal Die-Cast', 'In hac habitasse platea dictumst. Aliquam augue quam, sollicitudin vitae, consectetuer eget, rutrum at, lorem. Integer tincidunt ante vel ipsum. Praesent blandit lacinia erat. Vestibulum sed magna at nunc commodo placerat.');
insert into Material (idMaterial, nombre, descripcion) values (3, 'PVC Blando', 'Integer non velit. Donec diam neque, vestibulum eget, vulputate ut, ultrices vel, augue. Vestibulum ante ipsum primis in faucibus orci luctus et ultrices posuere cubilia Curae; Donec pharetra, magna vestibulum aliquet ultrices, erat tortor sollicitudin mi, sit amet lobortis sapien sapien non mi. Integer ac neque. Duis bibendum. Morbi non quam nec dui luctus rutrum. Nulla tellus. In sagittis dui vel nisl. Duis ac nibh.');
insert into Material (idMaterial, nombre, descripcion) values (4, 'Poliéster', 'Vestibulum rutrum rutrum neque. Aenean auctor gravida sem. Praesent id massa id nisl venenatis lacinia. Aenean sit amet justo. Morbi ut odio. Cras mi pede, malesuada in, imperdiet et, commodo vulputate, justo.');
insert into Material (idMaterial, nombre, descripcion) values (5, 'PVC Blando', 'Phasellus in felis. Donec semper sapien a libero.');
insert into Material (idMaterial, nombre, descripcion) values (6, 'Kanekalon (Cabello)', 'Proin interdum mauris non ligula pellentesque ultrices. Phasellus id sapien in sapien iaculis congue. Vivamus metus arcu, adipiscing molestie, hendrerit at, vulputate vitae, nisl. Aenean lectus. Pellentesque eget nunc. Donec quis orci eget orci vehicula condimentum.');
insert into Material (idMaterial, nombre, descripcion) values (7, 'Cartón Reciclado', 'Proin leo odio, porttitor id, consequat in, consequat ut, nulla. Sed accumsan felis. Ut at dolor quis odio consequat varius. Integer ac leo. Pellentesque ultrices mattis odio. Donec vitae nisi. Nam ultrices, libero non mattis pulvinar, nulla pede ullamcorper augue, a suscipit nulla elit ac nulla. Sed vel enim sit amet nunc viverra dapibus.');
insert into Material (idMaterial, nombre, descripcion) values (8, 'PVC Blando', 'Maecenas leo odio, condimentum id, luctus nec, molestie sed, justo. Pellentesque viverra pede ac diam. Cras pellentesque volutpat dui. Maecenas tristique, est et tempus semper, est quam pharetra magna, ac consequat metus sapien ut nunc. Vestibulum ante ipsum primis in faucibus orci luctus et ultrices posuere cubilia Curae; Mauris viverra diam vitae quam. Suspendisse potenti. Nullam porttitor lacus at turpis. Donec posuere metus vitae ipsum. Aliquam non mauris.');
insert into Material (idMaterial, nombre, descripcion) values (9, 'Resina Epóxica', 'Sed ante.');
insert into Material (idMaterial, nombre, descripcion) values (10, 'Poliuretano', 'Integer ac neque. Duis bibendum. Morbi non quam nec dui luctus rutrum. Nulla tellus. In sagittis dui vel nisl. Duis ac nibh.');
insert into Material (idMaterial, nombre, descripcion) values (11, 'Poliuretano', 'Donec ut mauris eget massa tempor convallis. Nulla neque libero, convallis eget, eleifend luctus, ultricies eu, nibh. Quisque id justo sit amet sapien dignissim vestibulum. Vestibulum ante ipsum primis in faucibus orci luctus et ultrices posuere cubilia Curae; Nulla dapibus dolor vel est. Donec odio justo, sollicitudin ut, suscipit a, feugiat et, eros. Vestibulum ac est lacinia nisi venenatis tristique.');
insert into Material (idMaterial, nombre, descripcion) values (12, 'Poliéster', 'Donec diam neque, vestibulum eget, vulputate ut, ultrices vel, augue. Vestibulum ante ipsum primis in faucibus orci luctus et ultrices posuere cubilia Curae; Donec pharetra, magna vestibulum aliquet ultrices, erat tortor sollicitudin mi, sit amet lobortis sapien sapien non mi. Integer ac neque. Duis bibendum. Morbi non quam nec dui luctus rutrum. Nulla tellus. In sagittis dui vel nisl. Duis ac nibh. Fusce lacus purus, aliquet at, feugiat non, pretium quis, lectus. Suspendisse potenti.');
insert into Material (idMaterial, nombre, descripcion) values (13, 'Nylon (Cabello)', 'Etiam vel augue. Vestibulum rutrum rutrum neque. Aenean auctor gravida sem. Praesent id massa id nisl venenatis lacinia. Aenean sit amet justo. Morbi ut odio. Cras mi pede, malesuada in, imperdiet et, commodo vulputate, justo. In blandit ultrices enim.');
insert into Material (idMaterial, nombre, descripcion) values (14, 'Tela Sintética', 'Cum sociis natoque penatibus et magnis dis parturient montes, nascetur ridiculus mus. Vivamus vestibulum sagittis sapien. Cum sociis natoque penatibus et magnis dis parturient montes, nascetur ridiculus mus. Etiam vel augue. Vestibulum rutrum rutrum neque. Aenean auctor gravida sem. Praesent id massa id nisl venenatis lacinia.');
insert into Material (idMaterial, nombre, descripcion) values (15, 'Poliuretano', 'Vivamus tortor. Duis mattis egestas metus. Aenean fermentum.');

--------------------------------------------------------------------------------------------------
-- RESTRICCION

insert into Restriccion (idRestriccion, nombre, descripcion) values (1, 'Edad +3', 'Donec ut dolor. Morbi vel lectus in quam fringilla rhoncus. Mauris enim leo, rhoncus sed, vestibulum sit amet, cursus id, turpis. Integer aliquet, massa id lobortis convallis, tortor risus dapibus augue, vel accumsan tellus nisi eu orci. Mauris lacinia sapien quis libero. Nullam sit amet turpis elementum ligula vehicula consequat. Morbi a ipsum.');
insert into Restriccion (idRestriccion, nombre, descripcion) values (2, 'Edad +6', 'Donec posuere metus vitae ipsum. Aliquam non mauris. Morbi non lectus. Aliquam sit amet diam in magna bibendum imperdiet. Nullam orci pede, venenatis non, sodales sed, tincidunt eu, felis. Fusce posuere felis sed lacus. Morbi sem mauris, laoreet ut, rhoncus aliquet, pulvinar sed, nisl. Nunc rhoncus dui vel sem. Sed sagittis.');
insert into Restriccion (idRestriccion, nombre, descripcion) values (3, 'Piezas Pequeñas (Asfixia)', 'Mauris enim leo, rhoncus sed, vestibulum sit amet, cursus id, turpis. Integer aliquet, massa id lobortis convallis, tortor risus dapibus augue, vel accumsan tellus nisi eu orci. Mauris lacinia sapien quis libero. Nullam sit amet turpis elementum ligula vehicula consequat. Morbi a ipsum. Integer a nibh. In quis justo. Maecenas rhoncus aliquam lacus.');
insert into Restriccion (idRestriccion, nombre, descripcion) values (4, 'Uso Baterías', 'Duis consequat dui nec nisi volutpat eleifend. Donec ut dolor. Morbi vel lectus in quam fringilla rhoncus. Mauris enim leo, rhoncus sed, vestibulum sit amet, cursus id, turpis. Integer aliquet, massa id lobortis convallis, tortor risus dapibus augue, vel accumsan tellus nisi eu orci.');
insert into Restriccion (idRestriccion, nombre, descripcion) values (5, 'Peligro Enredo', 'Suspendisse potenti. Cras in purus eu magna vulputate luctus. Cum sociis natoque penatibus et magnis dis parturient montes, nascetur ridiculus mus. Vivamus vestibulum sagittis sapien. Cum sociis natoque penatibus et magnis dis parturient montes, nascetur ridiculus mus. Etiam vel augue.');
insert into Restriccion (idRestriccion, nombre, descripcion) values (6, 'Requiere Ensamblaje', 'Nulla tellus. In sagittis dui vel nisl. Duis ac nibh. Fusce lacus purus, aliquet at, feugiat non, pretium quis, lectus. Suspendisse potenti. In eleifend quam a odio. In hac habitasse platea dictumst.');
insert into Restriccion (idRestriccion, nombre, descripcion) values (7, 'Pintura No Tóxica', 'Cras mi pede, malesuada in, imperdiet et, commodo vulputate, justo. In blandit ultrices enim. Lorem ipsum dolor sit amet, consectetuer adipiscing elit. Proin interdum mauris non ligula pellentesque ultrices. Phasellus id sapien in sapien iaculis congue. Vivamus metus arcu, adipiscing molestie, hendrerit at, vulputate vitae, nisl. Aenean lectus. Pellentesque eget nunc. Donec quis orci eget orci vehicula condimentum. Curabitur in libero ut massa volutpat convallis.');
insert into Restriccion (idRestriccion, nombre, descripcion) values (8, 'Lejos del Fuego', 'Nulla facilisi. Cras non velit nec nisi vulputate nonummy. Maecenas tincidunt lacus at velit. Vivamus vel nulla eget eros elementum pellentesque. Quisque porta volutpat erat. Quisque erat eros, viverra eget, congue eget, semper rutrum, nulla.');
insert into Restriccion (idRestriccion, nombre, descripcion) values (9, 'No Sumergir', 'Quisque porta volutpat erat. Quisque erat eros, viverra eget, congue eget, semper rutrum, nulla. Nunc purus.');
insert into Restriccion (idRestriccion, nombre, descripcion) values (10, 'Lavar a Mano', 'Proin leo odio, porttitor id, consequat in, consequat ut, nulla.');
insert into Restriccion (idRestriccion, nombre, descripcion) values (11, 'No Planchar', 'Nullam orci pede, venenatis non, sodales sed, tincidunt eu, felis. Fusce posuere felis sed lacus. Morbi sem mauris, laoreet ut, rhoncus aliquet, pulvinar sed, nisl. Nunc rhoncus dui vel sem. Sed sagittis. Nam congue, risus semper porta volutpat, quam pede lobortis ligula, sit amet eleifend pede libero quis orci. Nullam molestie nibh in lectus. Pellentesque at nulla.');
insert into Restriccion (idRestriccion, nombre, descripcion) values (12, 'Fragil (Coleccionista)', 'Integer ac leo. Pellentesque ultrices mattis odio. Donec vitae nisi. Nam ultrices, libero non mattis pulvinar, nulla pede ullamcorper augue, a suscipit nulla elit ac nulla. Sed vel enim sit amet nunc viverra dapibus. Nulla suscipit ligula in lacus. Curabitur at ipsum ac tellus semper interdum. Mauris ullamcorper purus sit amet nulla. Quisque arcu libero, rutrum ac, lobortis vel, dapibus at, diam.');
insert into Restriccion (idRestriccion, nombre, descripcion) values (13, 'Certificación CE', 'Morbi porttitor lorem id ligula. Suspendisse ornare consequat lectus. In est risus, auctor sed, tristique in, tempus sit amet, sem. Fusce consequat. Nulla nisl. Nunc nisl. Duis bibendum, felis sed interdum venenatis, turpis enim blandit mi, in porttitor pede justo eu massa. Donec dapibus. Duis at velit eu est congue elementum.');
insert into Restriccion (idRestriccion, nombre, descripcion) values (14, 'Certificación ASTM', 'Duis bibendum. Morbi non quam nec dui luctus rutrum. Nulla tellus. In sagittis dui vel nisl. Duis ac nibh. Fusce lacus purus, aliquet at, feugiat non, pretium quis, lectus.');
insert into Restriccion (idRestriccion, nombre, descripcion) values (15, 'Edición Limitada', 'Aliquam sit amet diam in magna bibendum imperdiet. Nullam orci pede, venenatis non, sodales sed, tincidunt eu, felis. Fusce posuere felis sed lacus. Morbi sem mauris, laoreet ut, rhoncus aliquet, pulvinar sed, nisl. Nunc rhoncus dui vel sem. Sed sagittis. Nam congue, risus semper porta volutpat, quam pede lobortis ligula, sit amet eleifend pede libero quis orci.');

--------------------------------------------------------------------------------------------------
-- TIPO DE CUERPO

insert into TipoCuerpo (idTipoCuerpo, nombre, descripcion) values (1, 'Original', 'Duis ac nibh. Fusce lacus purus, aliquet at, feugiat non, pretium quis, lectus.');
insert into TipoCuerpo (idTipoCuerpo, nombre, descripcion) values (2, 'Broad (Ken)', 'In hac habitasse platea dictumst. Etiam faucibus cursus urna. Ut tellus. Nulla ut erat id mauris vulputate elementum. Nullam varius. Nulla facilisi. Cras non velit nec nisi vulputate nonummy. Maecenas tincidunt lacus at velit. Vivamus vel nulla eget eros elementum pellentesque. Quisque porta volutpat erat.');
insert into TipoCuerpo (idTipoCuerpo, nombre, descripcion) values (3, 'Model Muse', 'Nullam varius. Nulla facilisi. Cras non velit nec nisi vulputate nonummy. Maecenas tincidunt lacus at velit. Vivamus vel nulla eget eros elementum pellentesque. Quisque porta volutpat erat.');
insert into TipoCuerpo (idTipoCuerpo, nombre, descripcion) values (4, 'Made to Move', 'Proin at turpis a pede posuere nonummy. Integer non velit. Donec diam neque, vestibulum eget, vulputate ut, ultrices vel, augue. Vestibulum ante ipsum primis in faucibus orci luctus et ultrices posuere cubilia Curae; Donec pharetra, magna vestibulum aliquet ultrices, erat tortor sollicitudin mi, sit amet lobortis sapien sapien non mi. Integer ac neque.');
insert into TipoCuerpo (idTipoCuerpo, nombre, descripcion) values (5, 'Ever Flex', 'Cum sociis natoque penatibus et magnis dis parturient montes, nascetur ridiculus mus. Vivamus vestibulum sagittis sapien. Cum sociis natoque penatibus et magnis dis parturient montes, nascetur ridiculus mus. Etiam vel augue. Vestibulum rutrum rutrum neque. Aenean auctor gravida sem. Praesent id massa id nisl venenatis lacinia. Aenean sit amet justo. Morbi ut odio. Cras mi pede, malesuada in, imperdiet et, commodo vulputate, justo.');
insert into TipoCuerpo (idTipoCuerpo, nombre, descripcion) values (6, 'Skipper', 'In hac habitasse platea dictumst. Aliquam augue quam, sollicitudin vitae, consectetuer eget, rutrum at, lorem. Integer tincidunt ante vel ipsum. Praesent blandit lacinia erat.');
insert into TipoCuerpo (idTipoCuerpo, nombre, descripcion) values (7, 'Made to Move', 'Phasellus sit amet erat. Nulla tempus. Vivamus in felis eu sapien cursus vestibulum. Proin eu mi. Nulla ac enim. In tempor, turpis nec euismod scelerisque, quam turpis adipiscing lorem, vitae mattis nibh ligula nec sem. Duis aliquam convallis nunc. Proin at turpis a pede posuere nonummy. Integer non velit. Donec diam neque, vestibulum eget, vulputate ut, ultrices vel, augue.');
insert into TipoCuerpo (idTipoCuerpo, nombre, descripcion) values (8, 'Pivotal', 'Aenean auctor gravida sem. Praesent id massa id nisl venenatis lacinia. Aenean sit amet justo. Morbi ut odio. Cras mi pede, malesuada in, imperdiet et, commodo vulputate, justo. In blandit ultrices enim. Lorem ipsum dolor sit amet, consectetuer adipiscing elit.');
insert into TipoCuerpo (idTipoCuerpo, nombre, descripcion) values (9, 'Petite', 'Quisque id justo sit amet sapien dignissim vestibulum. Vestibulum ante ipsum primis in faucibus orci luctus et ultrices posuere cubilia Curae; Nulla dapibus dolor vel est. Donec odio justo, sollicitudin ut, suscipit a, feugiat et, eros.');
insert into TipoCuerpo (idTipoCuerpo, nombre, descripcion) values (10, 'Stacie', 'Maecenas pulvinar lobortis est. Phasellus sit amet erat. Nulla tempus.');
insert into TipoCuerpo (idTipoCuerpo, nombre, descripcion) values (11, 'Model Muse', 'Curabitur convallis. Duis consequat dui nec nisi volutpat eleifend. Donec ut dolor. Morbi vel lectus in quam fringilla rhoncus. Mauris enim leo, rhoncus sed, vestibulum sit amet, cursus id, turpis. Integer aliquet, massa id lobortis convallis, tortor risus dapibus augue, vel accumsan tellus nisi eu orci. Mauris lacinia sapien quis libero. Nullam sit amet turpis elementum ligula vehicula consequat.');
insert into TipoCuerpo (idTipoCuerpo, nombre, descripcion) values (12, 'Petite', 'Nam dui. Proin leo odio, porttitor id, consequat in, consequat ut, nulla. Sed accumsan felis. Ut at dolor quis odio consequat varius.');
insert into TipoCuerpo (idTipoCuerpo, nombre, descripcion) values (13, 'Stacie', 'Vestibulum ante ipsum primis in faucibus orci luctus et ultrices posuere cubilia Curae; Duis faucibus accumsan odio. Curabitur convallis.');
insert into TipoCuerpo (idTipoCuerpo, nombre, descripcion) values (14, 'Made to Move', 'In sagittis dui vel nisl. Duis ac nibh. Fusce lacus purus, aliquet at, feugiat non, pretium quis, lectus. Suspendisse potenti. In eleifend quam a odio. In hac habitasse platea dictumst. Maecenas ut massa quis augue luctus tincidunt. Nulla mollis molestie lorem. Quisque ut erat.');
insert into TipoCuerpo (idTipoCuerpo, nombre, descripcion) values (15, 'Pivotal', 'Nulla mollis molestie lorem. Quisque ut erat. Curabitur gravida nisi at nibh. In hac habitasse platea dictumst. Aliquam augue quam, sollicitudin vitae, consectetuer eget, rutrum at, lorem. Integer tincidunt ante vel ipsum. Praesent blandit lacinia erat.');

--------------------------------------------------------------------------------------------------
-- TIPO DE PIEZA

insert into TipoPieza (idTipoPieza, nombre) values (1, 'Cabeza');
insert into TipoPieza (idTipoPieza, nombre) values (2, 'Torso Superior');
insert into TipoPieza (idTipoPieza, nombre) values (3, 'Torso Inferior');
insert into TipoPieza (idTipoPieza, nombre) values (4, 'Brazo Izquierdo');
insert into TipoPieza (idTipoPieza, nombre) values (5, 'Brazo Derecho');
insert into TipoPieza (idTipoPieza, nombre) values (6, 'Pierna Izquierda');
insert into TipoPieza (idTipoPieza, nombre) values (7, 'Pierna Derecha');
insert into TipoPieza (idTipoPieza, nombre) values (8, 'Articulación Hombro');
insert into TipoPieza (idTipoPieza, nombre) values (9, 'Articulación Rodilla');
insert into TipoPieza (idTipoPieza, nombre) values (10, 'Cabello');
insert into TipoPieza (idTipoPieza, nombre) values (11, 'Ojos (Insert)');
insert into TipoPieza (idTipoPieza, nombre) values (12, 'Mano Izquierda');
insert into TipoPieza (idTipoPieza, nombre) values (13, 'Mano Derecha');
insert into TipoPieza (idTipoPieza, nombre) values (14, 'Pie Izquierdo');
insert into TipoPieza (idTipoPieza, nombre) values (15, 'Pie Derecho');

--------------------------------------------------------------------------------------------------
-- AMBIENTE

INSERT INTO Ambiente (idAmbiente, nombre, descripcion) VALUES
(1, 'Dreamhouse', 'Casa de ensueño icónica de 3 pisos con ascensor.'),
(2, 'Malibu Beach', 'Costa soleada con arena, olas y palmeras de plástico.'),
(3, 'Glam Pool', 'Piscina de verano con tobogán y tumbonas.'),
(4, 'Camper Van', 'Entorno de camping y carretera para vehículos recreativos.'),
(5, 'Dream Plane', 'Interior de jet privado de lujo y cabina de piloto.'),
(6, 'Vet Clinic', 'Clínica veterinaria con estación de cuidado y rayos X.'),
(7, 'Bakery Shop', 'Pastelería con hornos interactivos y estantes de dulces.'),
(8, 'Space Station', 'Entorno de gravedad cero para la línea de astronautas.'),
(9, 'Mermaid Cove', 'Reino submarino de Dreamtopia para sirenas.'),
(10, 'Fairy Kingdom', 'Bosque encantado con flora mágica y alas brillantes.'),
(11, 'Equestrian Center', 'Establo y pista de obstáculos para caballos interactivos.'),
(12, 'School Classroom', 'Aula con pizarra, pupitres y accesorios educativos STEM.'),
(13, 'Concert Stage', 'Escenario de rock con luces LED y micrófonos.'),
(14, 'Fashion Runway', 'Pasarela de moda con iluminación frontal y backstage.'),
(15, 'Boutique', 'Tienda de ropa con espejos, probadores y percheros.');

--------------------------------------------------------------------------------------------------
-- PIEZA

INSERT INTO Pieza (idPieza, nombre, descripcion, Color_idColor, TipoPieza_idTipoPieza) VALUES
(1, 'Cabeza Base Pearlescent', 'Cabeza moldeada lista para enraizado de cabello y pintura facial.', 13, 1),
(2, 'Torso Superior Original', 'Torso de plástico duro con anclajes para cuello y hombros.', 1, 2),
(3, 'Torso Inferior Articulado', 'Pelvis con sistema de rotación para piernas.', 1, 3),
(4, 'Brazo Izquierdo Recto', 'Brazo estándar sin articulación de codo.', 13, 4),
(5, 'Brazo Derecho Flexionado', 'Brazo moldeado en ángulo de 90 grados.', 13, 5),
(6, 'Pierna Izquierda Click-Clack', 'Pierna de vinilo con mecanismo interno de doble flexión.', 13, 6),
(7, 'Pierna Derecha Click-Clack', 'Pierna de vinilo con mecanismo interno de doble flexión.', 13, 7),
(8, 'Articulación Hombro Esférica', 'Bola de tensión para rotación de 360 grados.', 13, 8),
(9, 'Articulación Rodilla Doble', 'Mecanismo expuesto para la línea Made to Move.', 13, 9),
(10, 'Cabello Kanekalon Rubio', 'Lote de hebras sintéticas color Gold para enraizado.', 10, 10),
(11, 'Ojo Cyan (Inserto Acrílico)', 'Pieza ocular para modelos con mirada incrustada.', 4, 11),
(12, 'Mano Izquierda Abierta', 'Mano con dedos separados para sostener accesorios.', 13, 12),
(13, 'Mano Derecha con Anclaje', 'Mano con orificio para sujetar cepillos o carteras.', 13, 13),
(14, 'Pie Izquierdo Tacón', 'Pie arqueado moldeado para calzado de tacón alto.', 13, 14),
(15, 'Pie Derecho Tacón', 'Pie arqueado moldeado para calzado de tacón alto.', 13, 15);

--------------------------------------------------------------------------------------------------
-- SUB-ENSAMBLAJE

INSERT INTO SubEnsamblaje (idSubEnsamblaje, cantidad, Pieza_idPieza, Pieza_idPieza2) VALUES
(1, 1, 1, 2),   -- Cabeza (1) anclada a Torso Superior (2)
(2, 1, 2, 3),   -- Torso Superior (2) anclado a Torso Inferior (3)
(3, 1, 2, 4),   -- Torso Superior (2) anclado a Brazo Izquierdo (4)
(4, 1, 2, 5),   -- Torso Superior (2) anclado a Brazo Derecho (5)
(5, 1, 3, 6),   -- Torso Inferior (3) anclado a Pierna Izquierda (6)
(6, 1, 3, 7),   -- Torso Inferior (3) anclado a Pierna Derecha (7)
(7, 1, 4, 8),   -- Brazo Izquierdo (4) a Articulación Hombro (8)
(8, 1, 5, 8),   -- Brazo Derecho (5) a Articulación Hombro (8)
(9, 1, 6, 9),   -- Pierna Izquierda (6) a Articulación Rodilla (9)
(10, 1, 7, 9),  -- Pierna Derecha (7) a Articulación Rodilla (9)
(11, 150, 10, 1),-- 150 hebras de Cabello (10) enraizadas a Cabeza (1)
(12, 2, 11, 1), -- 2 Ojos Acrílicos (11) insertados en Cabeza (1)
(13, 1, 4, 12), -- Brazo Izquierdo (4) a Mano Izquierda (12)
(14, 1, 5, 13), -- Brazo Derecho (5) a Mano Derecha (13)
(15, 1, 6, 14); -- Pierna Izquierda (6) a Pie Izquierdo (14)

--------------------------------------------------------------------------------------------------
-- MATERIAL DISEÑO

INSERT INTO MaterialDiseño (idMaterialDiseño, cantidad, Diseño_idDiseño, Pieza_idPieza, Material_idMaterial) VALUES
(1, 50, 1, 1, 3),   -- Barbie 1959: Cabeza (1) usa 50g de PVC Blando (3)
(2, 120, 1, 2, 1),  -- Barbie 1959: Torso (2) usa 120g de Tela/Algodón (1)
(3, 30, 3, 10, 6),  -- Totally Hair: Cabello (10) usa 30g de Kanekalon (6)
(4, 60, 5, 1, 3),   -- Ken Original: Cabeza usa PVC Blando
(5, 150, 5, 2, 2),  -- Ken Original: Torso usa Metal/Plástico Duro (2)
(6, 20, 12, 1, 5),  -- Barbie Extra: Cabeza usa variante de PVC (5)
(7, 10, 17, 8, 10), -- Made to Move: Hombro usa Poliuretano duro (10)
(8, 10, 17, 9, 10), -- Made to Move: Rodilla usa Poliuretano duro (10)
(9, 45, 60, 1, 3),  -- Christie Original: Cabeza PVC Blando
(10, 35, 60, 10, 6),-- Christie Original: Cabello Kanekalon
(11, 25, 30, 4, 11),-- Ken Earring Magic: Brazo Poliuretano (11)
(12, 25, 30, 5, 11),-- Ken Earring Magic: Brazo Poliuretano (11)
(13, 15, 14, 10, 13),-- Dia de Muertos: Cabello Nylon (13)
(14, 90, 74, 2, 15),-- Ken Broad: Torso Poliuretano especial (15)
(15, 80, 100, 6, 8);-- Fashionista Tall: Piernas de PVC (8)

--------------------------------------------------------------------------------------------------
-- RESTRICCION-DISEÑO

INSERT INTO RestriccionDiseño (idRestriccionDiseño, nombre, descripcion, Diseño_idDiseño, Restriccion_idRestriccion, TipoCuerpo_idTipoCuerpo) VALUES
(1, 'Norma +3 Barbie Clásica', 'Evaluación de seguridad por piezas medianas desprendibles.', 1, 1, 1),
(2, 'Alerta Piezas Ken Original', 'Precaución por calzado miniatura que representa riesgo de asfixia.', 5, 3, 2),
(3, 'Norma Baterías Corvette', 'El circuito del motor del vehículo requiere supervisión de un adulto.', 18, 4, 1),
(4, 'Coleccionista Silkstone Premium', 'Material pesado imitación porcelana, prohibido para menores de 14 años.', 24, 12, 3),
(5, 'Ensamblaje Dreamhouse 3 Pisos', 'Requiere herramientas y armado estructural por parte de un adulto.', 6, 6, 1),
(6, 'Norma +3 Edición Skipper', 'Restricción preventiva por incluir accesorios de guardería pequeños.', 13, 1, 6),
(7, 'Certificación CE Barbie Extra', 'Sello de conformidad obligatoria para distribución en la Unión Europea.', 12, 13, 1),
(8, 'Exclusividad Limitada Bob Mackie', 'Lote numerado con restricción de venta masiva en tiendas playline.', 19, 15, 11),
(9, 'Pintura No Tóxica Fashionistas', 'Certificación química libre de plomo para los pigmentos del rostro.', 9, 7, 1),
(10, 'No Sumergir Princesa LED', 'La falda contiene fibra óptica y cables; prohibido el contacto con agua.', 31, 9, 1),
(11, 'Norma ASTM MadeToMove', 'Test de estrés mecánico superado en los 22 puntos de articulación.', 17, 14, 4),
(12, 'No Planchar Traje Día de Muertos', 'El vestido textil sintético cuenta con bordados propensos a derretirse.', 14, 11, 1),
(13, 'Lavar a Mano Abrigo Extra', 'Pelaje artificial delicado que pierde consistencia en lavadora automática.', 12, 10, 1),
(14, 'Alerta Enredo Totally Hair', 'Cabello de 30cm; peligro de atasco en piezas móviles o ruedas de juego.', 3, 5, 1),
(15, 'Norma +6 Ambulancia Clínica', 'Complejidad operativa alta por la cantidad de instrumental médico de PVC.', 40, 2, 1);

--------------------------------------------------------------------------------------------------
-- DISEÑO-AMBIENTE

INSERT INTO DiseñoAmbiente (idDiseñoAmbiente, interactivo, Diseño_idDiseño, Ambiente_idAmbiente) VALUES
(1, 'N', 2, 2),   -- Barbie Malibu (2) en Malibu Beach (2)
(2, 'N', 55, 2),  -- Ken Surfista (55) en Malibu Beach (2)
(3, 'Y', 6, 1),   -- Dreamhouse Playset (6) en Dreamhouse (1)
(4, 'Y', 11, 4),  -- Camper Van (11) en Camper Van (4)
(5, 'Y', 26, 5),  -- Dream Plane (26) en Dream Plane (5)
(6, 'Y', 21, 6),  -- Veterinaria Selva (21) en Vet Clinic (6)
(7, 'Y', 47, 7),  -- Cafetería (47) en Bakery Shop (7)
(8, 'N', 16, 8),  -- Astronauta 1965 (16) en Space Station (8)
(9, 'N', 57, 8),  -- Exploradora Marte (57) en Space Station (8)
(10, 'Y', 10, 9), -- Color Reveal Sirena (10) en Mermaid Cove (9)
(11, 'N', 48, 9), -- Ken Sireno (48) en Mermaid Cove (9)
(12, 'Y', 31, 10),-- Princesa Dreamtopia (31) en Fairy Kingdom (10)
(13, 'Y', 50, 11),-- Caballo Andador (50) en Equestrian Center (11)
(14, 'N', 34, 13),-- Pop Star 1986 (34) en Concert Stage (13)
(15, 'N', 12, 15);-- Barbie Extra (12) en Boutique (15)

--------------------------------------------------------------------------------------------------
-- DEPARTAMENTO

INSERT INTO Departamento (idDepartamento, nombre, direccion) VALUES
(1, 'Investigación y Desarrollo (I+D)', 'Torre Creativa, Piso 10'),
(2, 'Escultura y Modelado 3D', 'Torre Creativa, Piso 9'),
(3, 'Ingeniería de Materiales', 'Laboratorio Central, Ala Norte'),
(4, 'Matricería y Moldes', 'Planta de Manufactura, Sector A'),
(5, 'Inyección de Plásticos', 'Planta de Manufactura, Sector B'),
(6, 'Ensamblaje y Articulación', 'Planta de Manufactura, Sector C'),
(7, 'Enraizado y Estilismo de Cabello', 'Planta de Manufactura, Sector D'),
(8, 'Pintura Facial y Acabados', 'Planta de Manufactura, Sector E'),
(9, 'Confección Textil y Vestuario', 'Taller de Costura Principal'),
(10, 'Control de Calidad (QA)', 'Laboratorio Central, Ala Sur'),
(11, 'Empaquetado y Blíster', 'Centro de Distribución, Zona 1'),
(12, 'Logística y Despachos B2B', 'Centro de Distribución, Zona 2'),
(13, 'Marketing y Mercado B2C', 'Torre Corporativa, Piso 15'),
(14, 'Gestión de Subastas y Coleccionistas', 'Torre Corporativa, Piso 16'),
(15, 'Talento Humano y Nómina', 'Torre Corporativa, Piso 2');

--------------------------------------------------------------------------------------------------
-- PUESTO DE TRABAJO

INSERT INTO PuestoTrabajo (id, nombre, descripcion) VALUES
(1, 'Director de Diseño PLM', 'Lidera la conceptualización de nuevas líneas de Barbie.'),
(2, 'Escultor Digital Senior', 'Crea modelos 3D y aprueba mallas para mecanizado.'),
(3, 'Ingeniero Químico de Polímeros', 'Formula las mezclas de PVC, ABS y colorantes.'),
(4, 'Técnico Tornero CNC', 'Fabrica los moldes de acero inoxidable para inyección.'),
(5, 'Operador de Inyectora', 'Maneja la maquinaria pesada de inyección de plástico.'),
(6, 'Técnico de Enraizado', 'Opera las máquinas de costura capilar en las cabezas.'),
(7, 'Artista de Tampografía', 'Aplica la pintura de ojos, labios y cejas con precisión.'),
(8, 'Ensamblador de Línea', 'Une torsos, extremidades y articulaciones de presión.'),
(9, 'Costurera a Escala', 'Cose la indumentaria miniatura (1/6) de las muñecas.'),
(10, 'Inspector de Estrés ASTM', 'Aplica pruebas de fuerza y toxicidad a los prototipos.'),
(11, 'Empacador de Línea Final', 'Coloca el producto en su blíster e inserta manuales.'),
(12, 'Coordinador de Flota Logística', 'Supervisa despachos a retailers (Target, Walmart).'),
(13, 'Analista de Mercado Secundario', 'Fija precios base para el módulo de subastas BFC.'),
(14, 'Especialista en Reclutamiento', 'Contrata personal de planta e ingenieros.'),
(15, 'Analista de Sistemas (IT)', 'Mantiene activo el sistema Dream Legacy y la BD.');

--------------------------------------------------------------------------------------------------
-- PROFESION

INSERT INTO Profesion (idProfesion, nombre, descripcion) VALUES
(1, 'Diseñador Industrial', 'Especialista en ergonomía y diseño de productos de consumo.'),
(2, 'Ingeniero Industrial', 'Experto en optimización de líneas de producción y tiempos.'),
(3, 'Ingeniero de Materiales', 'Conocimientos avanzados en termoplásticos y resinas.'),
(4, 'Artista Plástico / Escultor', 'Habilidad manual y digital para anatomía a escala.'),
(5, 'Técnico Mecánico', 'Mantenimiento preventivo y correctivo de maquinaria pesada.'),
(6, 'Técnico Superior en Logística', 'Manejo de inventarios, Kardex y rutas de distribución.'),
(7, 'Diseñador de Modas', 'Creación de patrones y selección de textiles.'),
(8, 'Ingeniero Químico', 'Formulación de pinturas no tóxicas y tintes capilares.'),
(9, 'Licenciado en Mercadeo', 'Estrategias de penetración y comportamiento del consumidor.'),
(10, 'Licenciado en Administración', 'Manejo de presupuestos operativos y costos de producción.'),
(11, 'Psicólogo Industrial', 'Evaluación de clima laboral y pruebas psicotécnicas.'),
(12, 'Médico Ocupacional', 'Salud en planta y prevención de riesgos laborales.'),
(13, 'Ingeniero en Computación', 'Desarrollador Full Stack (Angular/C#) e infraestructura.'),
(14, 'Abogado Corporativo', 'Gestión de patentes de moldes y derechos de autor.'),
(15, 'Operario Integral Certificado', 'Personal capacitado en múltiples estaciones de ensamblaje.');

--------------------------------------------------------------------------------------------------
-- TURNO

INSERT INTO Turno (idTurno, porcentajeRecargo, nombre) VALUES
(1, 0, 'Diurno - Administrativo'), (2, 0, 'Diurno - Planta Línea 1'), (3, 0, 'Diurno - Planta Línea 2'),
(4, 15, 'Mixto - Planta Línea 1'), (5, 15, 'Mixto - Planta Línea 2'), (6, 15, 'Mixto - Logística B2B'),
(7, 30, 'Nocturno - Inyección Continua'), (8, 30, 'Nocturno - Mantenimiento'), (9, 30, 'Nocturno - Seguridad'),
(10, 50, 'Fin de Semana - Sábado Mañana'), (11, 50, 'Fin de Semana - Sábado Tarde'), (12, 75, 'Fin de Semana - Domingo'),
(13, 100, 'Feriado - Operación Mínima'), (14, 0, 'Rotativo A (I+D)'), (15, 0, 'Rotativo B (I+D)');

--------------------------------------------------------------------------------------------------
-- HORARIO

INSERT INTO Horario (idHorario, dia, horaInicio, horaFin) VALUES
(1, 'Lunes', '08:00:00', '17:00:00'), (2, 'Martes', '08:00:00', '17:00:00'), (3, 'Miércoles', '08:00:00', '17:00:00'),
(4, 'Jueves', '08:00:00', '17:00:00'), (5, 'Viernes', '08:00:00', '17:00:00'), (6, 'Lunes', '14:00:00', '22:00:00'),
(7, 'Martes', '14:00:00', '22:00:00'), (8, 'Miércoles', '14:00:00', '22:00:00'), (9, 'Jueves', '14:00:00', '22:00:00'),
(10, 'Viernes', '14:00:00', '22:00:00'), (11, 'Lunes', '22:00:00', '06:00:00'), (12, 'Martes', '22:00:00', '06:00:00'),
(13, 'Miércoles', '22:00:00', '06:00:00'), (14, 'Sábado', '08:00:00', '14:00:00'), (15, 'Domingo', '08:00:00', '14:00:00');

--------------------------------------------------------------------------------------------------
-- TURNO HORARIO

INSERT INTO TurnoHorario (idTurnoHorario, Horario_idHorario, Turno_idTurno) VALUES
(1, 1, 1), (2, 2, 1), (3, 3, 1), (4, 4, 1), (5, 5, 1), -- Diurno Admin (L-V)
(6, 6, 4), (7, 7, 4), (8, 8, 4), (9, 9, 4), (10, 10, 4), -- Mixto Planta (L-V)
(11, 11, 7), (12, 12, 7), (13, 13, 7), (14, 14, 10), (15, 15, 12); -- Nocturno y Fines de semana

--------------------------------------------------------------------------------------------------
-- FASE

INSERT INTO Fase (idFase, nombreFase, descripcionFase, Diseño_idDiseño) VALUES
(1, 'Conceptualización', 'Creación del moodboard y referencias históricas.', 1),
(2, 'Esculpido Facial', 'Modelado en arcilla o 3D del molde del rostro.', 2),
(3, 'Aprobación de Patrón', 'Selección de telas y colores corporativos.', 3),
(4, 'Prototipo Resina', 'Impresión 3D inicial para validar articulaciones.', 4),
(5, 'Mecanizado de Moldes', 'Corte CNC del acero para la inyectora.', 5),
(6, 'Prueba de Inyección', 'Inyección del primer lote (First Shot) para ajuste.', 6),
(7, 'Enraizado Piloto', 'Prueba de densidad capilar en la cabeza base.', 7),
(8, 'Tampografía Facial', 'Ajuste de los tampones de silicona para los ojos.', 8),
(9, 'Producción Masiva', 'Inicio de la cadena de inyección ininterrumpida.', 9),
(10, 'Ensamblaje Mecánico', 'Unión a presión de extremidades y torsos.', 10),
(11, 'Vestido y Peinado', 'Acabado manual de la muñeca en línea.', 11),
(12, 'Control de Calidad Final', 'Inspección visual antes de sellar el blíster.', 12),
(13, 'Empaquetado', 'Sellado térmico del juguete en caja de cartón/PET.', 13),
(14, 'Paletización', 'Embalaje en cajas maestras para B2B.', 14),
(15, 'Lanzamiento Comercial', 'Liberación del producto al mercado secundario.', 15);

--------------------------------------------------------------------------------------------------
-- PRUEBA

INSERT INTO Prueba (idPrueba, nombrePrueba, descripcionPrueba, resultado, tipoPrueba, Diseño_idDiseño) VALUES
(1, 'Tensión de Cuello (Norma ASTM)', 'Verifica que la cabeza no se desprenda con 10kg de fuerza.', 'Aprobado', 'Tecnica', 1),
(2, 'Toxicidad de Pintura', 'Prueba química de plomo en labios y ojos.', 'Aprobado', 'Tecnica', 2),
(3, 'Caída Libre (Drop Test)', 'Caída desde 1.5m para asegurar que el ABS no se astilla.', 'Reprobado', 'Tecnica', 3),
(4, 'Combustión de Cabello', 'Prueba térmica sobre el Kanekalon.', 'Aprobado', 'Tecnica', 4),
(5, 'Examen Visual de Operario', 'Prueba oftalmológica para pintores de tampografía.', 'Aprobado', 'Medica', 5),
(6, 'Evaluación de Estrés Térmico', 'Comportamiento del plástico en contenedores a 50°C.', 'Aprobado', 'Tecnica', 6),
(7, 'Prueba Psicométrica de Ensamblaje', 'Test de destreza y concentración bajo presión.', 'Aprobado', 'Psicologica', 7),
(8, 'Audiometría Anual', 'Examen obligatorio para operadores de inyectoras.', 'Aprobado', 'Medica', 8),
(9, 'Resistencia de Articulaciones', '10,000 ciclos de doblez en la línea Made to Move.', 'Aprobado', 'Tecnica', 17),
(10, 'Prueba de Flotabilidad', 'Verificación de sellado en vehículos acuáticos.', 'Reprobado', 'Tecnica', 26),
(11, 'Prueba de Liderazgo', 'Test para aspirantes a Gerentes de Línea.', 'Aprobado', 'Psicologica', 11),
(12, 'Examen Toxicológico', 'Prueba antidoping obligatoria en Planta.', 'Aprobado', 'Medica', 12),
(13, 'Lavado de Textiles', 'Ciclos de lavado para probar decoloración del vestido.', 'Aprobado', 'Tecnica', 13),
(14, 'Manejo de Montacargas', 'Examen práctico de conducción en almacén.', 'Aprobado', 'Tecnica', 14),
(15, 'Prueba de Funcionamiento LED', 'Verificación de circuitos en juguetes electrónicos.', 'Aprobado', 'Tecnica', 31);

--------------------------------------------------------------------------------------------------
-- CURRICULUM VITAE

INSERT INTO CurriculumVitae (idCurriculumVitae, añoDeAsignacion, Profesion_idProfesion, Diseño_idDiseño) VALUES
(1, 2020, 1, 1), (2, 2021, 2, 2), (3, 2022, 3, 3), (4, 2019, 4, 4), (5, 2023, 5, 5),
(6, 2018, 6, 6), (7, 2024, 7, 7), (8, 2020, 8, 8), (9, 2021, 9, 9), (10, 2022, 10, 10),
(11, 2017, 11, 11), (12, 2023, 12, 12), (13, 2024, 13, 13), (14, 2019, 14, 14), (15, 2020, 15, 15);

--------------------------------------------------------------------------------------------------
-- TURNO EMPLEADO

INSERT INTO TurnoEmpleado (idTurnoEmpleado, fecha, feriado, Empleado_idEmpleado, Turno_idTurno) VALUES
(1, '2023-10-02', 'N', 1, 1), (2, '2023-10-03', 'N', 2, 2), (3, '2023-10-04', 'N', 3, 3),
(4, '2023-10-05', 'N', 4, 4), (5, '2023-10-06', 'N', 5, 5), (6, '2023-10-09', 'N', 6, 6),
(7, '2023-10-10', 'N', 7, 7), (8, '2023-10-11', 'N', 8, 8), (9, '2023-10-12', 'N', 9, 9),
(10, '2023-10-14', 'Y', 10, 10), (11, '2023-10-15', 'Y', 11, 11), (12, '2023-10-21', 'Y', 12, 12),
(13, '2023-10-22', 'Y', 13, 13), (14, '2023-10-23', 'N', 14, 14), (15, '2023-10-24', 'N', 15, 15);

--------------------------------------------------------------------------------------------------
-- ASISTENCIA

INSERT INTO Asistencia (idAsistencia, fecha, horaEntrada, horaSalida, Empleado_idEmpleado) VALUES
(1, '2023-10-02', '08:00:00', '17:05:00', 1), (2, '2023-10-03', '07:55:00', '17:00:00', 2),
(3, '2023-10-04', '08:10:00', '17:15:00', 3), (4, '2023-10-05', '13:50:00', '22:00:00', 4),
(5, '2023-10-06', '14:00:00', '22:10:00', 5), (6, '2023-10-09', '14:05:00', '22:00:00', 6),
(7, '2023-10-10', '21:55:00', '06:00:00', 7), (8, '2023-10-11', '22:00:00', '06:05:00', 8),
(9, '2023-10-12', '22:00:00', '06:00:00', 9), (10, '2023-10-14', '08:00:00', '14:00:00', 10),
(11, '2023-10-15', '08:00:00', '14:00:00', 11), (12, '2023-10-21', '08:00:00', '14:00:00', 12),
(13, '2023-10-22', '08:00:00', '12:00:00', 13), (14, '2023-10-23', '08:00:00', '17:00:00', 14),
(15, '2023-10-24', '08:00:00', '17:00:00', 15);

--------------------------------------------------------------------------------------------------
-- FASE EMPLEADO

INSERT INTO FaseEmpleado (idFaseEmpleado, fechaInicio, fechaFin, Empleado_idEmpleado, Fase_idFase) VALUES
(1, '2023-01-10', '2023-02-15', 1, 1), (2, '2023-02-16', '2023-04-20', 2, 2),
(3, '2023-04-21', '2023-05-10', 3, 3), (4, '2023-05-11', '2023-06-30', 4, 4),
(5, '2023-07-01', '2023-08-15', 5, 5), (6, '2023-08-16', '2023-09-01', 6, 6),
(7, '2023-09-02', '2023-09-15', 7, 7), (8, '2023-09-16', '2023-10-05', 8, 8),
(9, '2023-10-06', NULL, 9, 9), (10, '2023-10-10', NULL, 10, 10),
(11, '2023-10-15', NULL, 11, 11), (12, '2023-10-20', NULL, 12, 12),
(13, '2023-10-25', NULL, 13, 13), (14, '2023-11-01', NULL, 14, 14),
(15, '2023-11-05', NULL, 15, 15);

--------------------------------------------------------------------------------------------------
-- PRUEBA EMPLEADO

INSERT INTO PruebaEmpleado (idPruebaEmpleado, fechaInicio, fechaFin, Prueba_idPrueba, Empleado_idEmpleado) VALUES
(1, '2023-03-01', '2023-03-02', 5, 1), (2, '2023-03-15', '2023-03-16', 8, 2),
(3, '2023-04-05', '2023-04-06', 12, 3), (4, '2023-05-20', '2023-05-21', 11, 4),
(5, '2023-06-10', '2023-06-11', 7, 5), (6, '2023-07-12', '2023-07-13', 5, 6),
(7, '2023-08-05', '2023-08-06', 8, 7), (8, '2023-09-01', '2023-09-02', 12, 8),
(9, '2023-09-20', '2023-09-21', 11, 9), (10, '2023-10-01', '2023-10-02', 7, 10),
(11, '2023-10-10', '2023-10-11', 5, 11), (12, '2023-10-18', '2023-10-19', 8, 12),
(13, '2023-11-02', '2023-11-03', 12, 13), (14, '2023-11-15', '2023-11-16', 11, 14),
(15, '2023-11-20', '2023-11-21', 7, 15);