
-- 1. PAÍS (Venezuela)
INSERT INTO Lugar (idLugar, nombre, tipo, codigoPostal, Lugar_idLugar) VALUES (1, 'Venezuela', 'País', 0, NULL);

-- 2. ESTADOS (24 entidades federales)
INSERT INTO Lugar (idLugar, nombre, tipo, codigoPostal, Lugar_idLugar) VALUES
(2, 'Amazonas', 'Estado', 0, 1),
(3, 'Anzoátegui', 'Estado', 0, 1),
(4, 'Apure', 'Estado', 0, 1),
(5, 'Aragua', 'Estado', 0, 1),
(6, 'Barinas', 'Estado', 0, 1),
(7, 'Bolívar', 'Estado', 0, 1),
(8, 'Carabobo', 'Estado', 0, 1),
(9, 'Cojedes', 'Estado', 0, 1),
(10, 'Delta Amacuro', 'Estado', 0, 1),
(11, 'Falcón', 'Estado', 0, 1),
(12, 'Guárico', 'Estado', 0, 1),
(13, 'Lara', 'Estado', 0, 1),
(14, 'Mérida', 'Estado', 0, 1),
(15, 'Miranda', 'Estado', 0, 1),
(16, 'Monagas', 'Estado', 0, 1),
(17, 'Nueva Esparta', 'Estado', 0, 1),
(18, 'Portuguesa', 'Estado', 0, 1),
(19, 'Sucre', 'Estado', 0, 1),
(20, 'Táchira', 'Estado', 0, 1),
(21, 'Trujillo', 'Estado', 0, 1),
(22, 'Vargas', 'Estado', 0, 1),
(23, 'Yaracuy', 'Estado', 0, 1),
(24, 'Zulia', 'Estado', 0, 1),
(25, 'Distrito Capital', 'Estado', 0, 1);

-- 3. MUNICIPIOS (335)
INSERT INTO Lugar (idLugar, nombre, tipo, codigoPostal, Lugar_idLugar) VALUES
(26, 'Alto Orinoco', 'Municipio', 0, 2),
(27, 'Atabapo', 'Municipio', 0, 2),
(28, 'Atures', 'Municipio', 0, 2),
(29, 'Autana', 'Municipio', 0, 2),
(30, 'Manapiare', 'Municipio', 0, 2),
(31, 'Maroa', 'Municipio', 0, 2),
(32, 'Río Negro', 'Municipio', 0, 2),
(33, 'Anaco', 'Municipio', 0, 3),
(34, 'Aragua', 'Municipio', 0, 3),
(35, 'Bolívar', 'Municipio', 0, 3),
(36, 'Bruzual', 'Municipio', 0, 3),
(37, 'Cajigal', 'Municipio', 0, 3),
(38, 'Carvajal', 'Municipio', 0, 3),
(39, 'Diego Bautista Urbaneja', 'Municipio', 0, 3),
(40, 'Freites', 'Municipio', 0, 3),
(41, 'Guanipa', 'Municipio', 0, 3),
(42, 'Guanta', 'Municipio', 0, 3),
(43, 'Independencia', 'Municipio', 0, 3),
(44, 'Libertad', 'Municipio', 0, 3),
(45, 'McGregor', 'Municipio', 0, 3),
(46, 'Miranda', 'Municipio', 0, 3),
(47, 'Monagas', 'Municipio', 0, 3),
(48, 'Peñalver', 'Municipio', 0, 3),
(49, 'Píritu', 'Municipio', 0, 3),
(50, 'San Juan de Capistrano', 'Municipio', 0, 3),
(51, 'Santa Ana', 'Municipio', 0, 3),
(52, 'Simón Rodríguez', 'Municipio', 0, 3),
(53, 'Sotillo', 'Municipio', 0, 3),
(54, 'Achaguas', 'Municipio', 0, 4),
(55, 'Biruaca', 'Municipio', 0, 4),
(56, 'Muñoz', 'Municipio', 0, 4),
(57, 'Páez', 'Municipio', 0, 4),
(58, 'Pedro Camejo', 'Municipio', 0, 4),
(59, 'Rómulo Gallegos', 'Municipio', 0, 4),
(60, 'San Fernando', 'Municipio', 0, 4),
(61, 'Bolívar', 'Municipio', 0, 5),
(62, 'Camatagua', 'Municipio', 0, 5),
(63, 'Francisco Linares Alcántara', 'Municipio', 0, 5),
(64, 'Girardot', 'Municipio', 0, 5),
(65, 'José Ángel Lamas', 'Municipio', 0, 5),
(66, 'José Félix Ribas', 'Municipio', 0, 5),
(67, 'José Rafael Revenga', 'Municipio', 0, 5),
(68, 'Libertador', 'Municipio', 0, 5),
(69, 'Mario Briceño Iragorry', 'Municipio', 0, 5),
(70, 'Ocumare de la Costa de Oro', 'Municipio', 0, 5),
(71, 'San Casimiro', 'Municipio', 0, 5),
(72, 'San Sebastián', 'Municipio', 0, 5),
(73, 'Santiago Mariño', 'Municipio', 0, 5),
(74, 'Santos Michelena', 'Municipio', 0, 5),
(75, 'Sucre', 'Municipio', 0, 5);
INSERT INTO Lugar (idLugar, nombre, tipo, codigoPostal, Lugar_idLugar) VALUES
(76, 'Tovar', 'Municipio', 0, 5),
(77, 'Urdaneta', 'Municipio', 0, 5),
(78, 'Zamora', 'Municipio', 0, 5),
(79, 'Alberto Arvelo Torrealba', 'Municipio', 0, 6),
(80, 'Andrés Eloy Blanco', 'Municipio', 0, 6),
(81, 'Antonio José de Sucre', 'Municipio', 0, 6),
(82, 'Arismendi', 'Municipio', 0, 6),
(83, 'Barinas', 'Municipio', 0, 6),
(84, 'Bolívar', 'Municipio', 0, 6),
(85, 'Cruz Paredes', 'Municipio', 0, 6),
(86, 'Ezequiel Zamora', 'Municipio', 0, 6),
(87, 'Obispos', 'Municipio', 0, 6),
(88, 'Pedraza', 'Municipio', 0, 6),
(89, 'Rojas', 'Municipio', 0, 6),
(90, 'Sosa', 'Municipio', 0, 6),
(91, 'Angostura', 'Municipio', 0, 7),
(92, 'Caroní', 'Municipio', 0, 7),
(93, 'Cedeño', 'Municipio', 0, 7),
(94, 'El Callao', 'Municipio', 0, 7),
(95, 'Gran Sabana', 'Municipio', 0, 7),
(96, 'Heres', 'Municipio', 0, 7),
(97, 'Píar', 'Municipio', 0, 7),
(98, 'Roscio', 'Municipio', 0, 7),
(99, 'Sifontes', 'Municipio', 0, 7),
(100, 'Sucre', 'Municipio', 0, 7),
(101, 'Padre Pedro Chien', 'Municipio', 0, 7),
(102, 'Bejuma', 'Municipio', 0, 8),
(103, 'Carlos Arvelo', 'Municipio', 0, 8),
(104, 'Diego Ibarra', 'Municipio', 0, 8),
(105, 'Guacara', 'Municipio', 0, 8),
(106, 'Mora', 'Municipio', 0, 8),
(107, 'Libertador', 'Municipio', 0, 8),
(108, 'Los Guayos', 'Municipio', 0, 8),
(109, 'Miranda', 'Municipio', 0, 8),
(110, 'Montalbán', 'Municipio', 0, 8),
(111, 'Naguanagua', 'Municipio', 0, 8),
(112, 'Puerto Cabello', 'Municipio', 0, 8),
(113, 'San Diego', 'Municipio', 0, 8),
(114, 'San Joaquín', 'Municipio', 0, 8),
(115, 'Valencia', 'Municipio', 0, 8),
(116, 'Anzoátegui', 'Municipio', 0, 9),
(117, 'Tinaquillo', 'Municipio', 0, 9),
(118, 'Girardot', 'Municipio', 0, 9),
(119, 'Lima Blanco', 'Municipio', 0, 9),
(120, 'Pao de San Juan Bautista', 'Municipio', 0, 9),
(121, 'Ricaurte', 'Municipio', 0, 9),
(122, 'Rómulo Gallegos', 'Municipio', 0, 9),
(123, 'San Carlos', 'Municipio', 0, 9),
(124, 'Tinaco', 'Municipio', 0, 9),
(125, 'Antonio Díaz', 'Municipio', 0, 10);
INSERT INTO Lugar (idLugar, nombre, tipo, codigoPostal, Lugar_idLugar) VALUES
(126, 'Casacoima', 'Municipio', 0, 10),
(127, 'Pedernales', 'Municipio', 0, 10),
(128, 'Tucupita', 'Municipio', 0, 10),
(129, 'Acosta', 'Municipio', 0, 11),
(130, 'Bolívar', 'Municipio', 0, 11),
(131, 'Buchivacoa', 'Municipio', 0, 11),
(132, 'Carirubana', 'Municipio', 0, 11),
(133, 'Colina', 'Municipio', 0, 11),
(134, 'Dabajuro', 'Municipio', 0, 11),
(135, 'Democracia', 'Municipio', 0, 11),
(136, 'Falcón', 'Municipio', 0, 11),
(137, 'Federación', 'Municipio', 0, 11),
(138, 'Jacura', 'Municipio', 0, 11),
(139, 'Los Taques', 'Municipio', 0, 11),
(140, 'Manaure', 'Municipio', 0, 11),
(141, 'Mauroa', 'Municipio', 0, 11),
(142, 'Miranda', 'Municipio', 0, 11),
(143, 'Monseñor Iturriza', 'Municipio', 0, 11),
(144, 'Palmasola', 'Municipio', 0, 11),
(145, 'Petit', 'Municipio', 0, 11),
(146, 'Píritu', 'Municipio', 0, 11),
(147, 'San Francisco', 'Municipio', 0, 11),
(148, 'Sucre', 'Municipio', 0, 11),
(149, 'Silva', 'Municipio', 0, 11),
(150, 'Tocópero', 'Municipio', 0, 11),
(151, 'Unión', 'Municipio', 0, 11),
(152, 'Urumaco', 'Municipio', 0, 11),
(153, 'Zamora', 'Municipio', 0, 11),
(154, 'Camaguán', 'Municipio', 0, 12),
(155, 'Chaguaramas', 'Municipio', 0, 12),
(156, 'El Socorro', 'Municipio', 0, 12),
(157, 'Infante', 'Municipio', 0, 12),
(158, 'Las Mercedes', 'Municipio', 0, 12),
(159, 'Mellado', 'Municipio', 0, 12),
(160, 'Miranda', 'Municipio', 0, 12),
(161, 'Monagas', 'Municipio', 0, 12),
(162, 'Ortiz', 'Municipio', 0, 12),
(163, 'Ribas', 'Municipio', 0, 12),
(164, 'Roscio', 'Municipio', 0, 12),
(165, 'San Gerónimo de Guayabal', 'Municipio', 0, 12),
(166, 'San José de Guaribe', 'Municipio', 0, 12),
(167, 'Santa María de Ipire', 'Municipio', 0, 12),
(168, 'Zaraza', 'Municipio', 0, 12),
(169, 'Andrés Eloy Blanco', 'Municipio', 0, 13),
(170, 'Crespo', 'Municipio', 0, 13),
(171, 'Iribarren', 'Municipio', 0, 13),
(172, 'Jiménez', 'Municipio', 0, 13),
(173, 'Morán', 'Municipio', 0, 13),
(174, 'Palavecino', 'Municipio', 0, 13),
(175, 'Simón Planas', 'Municipio', 0, 13);
INSERT INTO Lugar (idLugar, nombre, tipo, codigoPostal, Lugar_idLugar) VALUES
(176, 'Torres', 'Municipio', 0, 13),
(177, 'Urdaneta', 'Municipio', 0, 13),
(178, 'Alberto Adriani', 'Municipio', 0, 14),
(179, 'Andrés Bello', 'Municipio', 0, 14),
(180, 'Antonio Pinto Salinas', 'Municipio', 0, 14),
(181, 'Aricagua', 'Municipio', 0, 14),
(182, 'Arzobispo Chacón', 'Municipio', 0, 14),
(183, 'Campo Elías', 'Municipio', 0, 14),
(184, 'Caracciolo Parra Olmedo', 'Municipio', 0, 14),
(185, 'Cardenal Quintero', 'Municipio', 0, 14),
(186, 'Guaraque', 'Municipio', 0, 14),
(187, 'Julio César Salas', 'Municipio', 0, 14),
(188, 'Justo Briceño', 'Municipio', 0, 14),
(189, 'Libertador', 'Municipio', 0, 14),
(190, 'Miranda', 'Municipio', 0, 14),
(191, 'Obispo Ramos de Lora', 'Municipio', 0, 14),
(192, 'Padre Noguera', 'Municipio', 0, 14),
(193, 'Pueblo Llano', 'Municipio', 0, 14),
(194, 'Rangel', 'Municipio', 0, 14),
(195, 'Rivas Dávila', 'Municipio', 0, 14),
(196, 'Santos Marquina', 'Municipio', 0, 14),
(197, 'Sucre', 'Municipio', 0, 14),
(198, 'Tovar', 'Municipio', 0, 14),
(199, 'Tulio Febres Cordero', 'Municipio', 0, 14),
(200, 'Zea', 'Municipio', 0, 14),
(201, 'Acevedo', 'Municipio', 0, 15),
(202, 'Andrés Bello', 'Municipio', 0, 15),
(203, 'Baruta', 'Municipio', 0, 15),
(204, 'Brión', 'Municipio', 0, 15),
(205, 'Buroz', 'Municipio', 0, 15),
(206, 'Carrizal', 'Municipio', 0, 15),
(207, 'Chacao', 'Municipio', 0, 15),
(208, 'Cristóbal Rojas', 'Municipio', 0, 15),
(209, 'El Hatillo', 'Municipio', 0, 15),
(210, 'Guaicaipuro', 'Municipio', 0, 15),
(211, 'Independencia', 'Municipio', 0, 15),
(212, 'Lander', 'Municipio', 0, 15),
(213, 'Los Salias', 'Municipio', 0, 15),
(214, 'Páez', 'Municipio', 0, 15),
(215, 'Paz Castillo', 'Municipio', 0, 15),
(216, 'Pedro Gual', 'Municipio', 0, 15),
(217, 'Plaza', 'Municipio', 0, 15),
(218, 'Simón Bolívar', 'Municipio', 0, 15),
(219, 'Sucre', 'Municipio', 0, 15),
(220, 'Urdaneta', 'Municipio', 0, 15),
(221, 'Zamora', 'Municipio', 0, 15),
(222, 'Acosta', 'Municipio', 0, 16),
(223, 'Aguasay', 'Municipio', 0, 16),
(224, 'Bolívar', 'Municipio', 0, 16),
(225, 'Caripe', 'Municipio', 0, 16);
INSERT INTO Lugar (idLugar, nombre, tipo, codigoPostal, Lugar_idLugar) VALUES
(226, 'Cedeño', 'Municipio', 0, 16),
(227, 'Ezequiel Zamora', 'Municipio', 0, 16),
(228, 'Libertador', 'Municipio', 0, 16),
(229, 'Maturín', 'Municipio', 0, 16),
(230, 'Piar', 'Municipio', 0, 16),
(231, 'Punceres', 'Municipio', 0, 16),
(232, 'Santa Bárbara', 'Municipio', 0, 16),
(233, 'Sotillo', 'Municipio', 0, 16),
(234, 'Uracoa', 'Municipio', 0, 16),
(235, 'Antolín del Campo', 'Municipio', 0, 17),
(236, 'Arismendi', 'Municipio', 0, 17),
(237, 'Díaz', 'Municipio', 0, 17),
(238, 'García', 'Municipio', 0, 17),
(239, 'Gómez', 'Municipio', 0, 17),
(240, 'Maneiro', 'Municipio', 0, 17),
(241, 'Marcano', 'Municipio', 0, 17),
(242, 'Mariño', 'Municipio', 0, 17),
(243, 'Península de Macanao', 'Municipio', 0, 17),
(244, 'Tubores', 'Municipio', 0, 17),
(245, 'Villalba', 'Municipio', 0, 17),
(246, 'Agua Blanca', 'Municipio', 0, 18),
(247, 'Araure', 'Municipio', 0, 18),
(248, 'Esteller', 'Municipio', 0, 18),
(249, 'Guanare', 'Municipio', 0, 18),
(250, 'Guanarito', 'Municipio', 0, 18),
(251, 'Monseñor José Vicente de Unda', 'Municipio', 0, 18),
(252, 'Ospino', 'Municipio', 0, 18),
(253, 'Páez', 'Municipio', 0, 18),
(254, 'Papelón', 'Municipio', 0, 18),
(255, 'San Genaro de Boconoíto', 'Municipio', 0, 18),
(256, 'San Rafael de Onoto', 'Municipio', 0, 18),
(257, 'Santa Rosalía', 'Municipio', 0, 18),
(258, 'Sucre', 'Municipio', 0, 18),
(259, 'Turén', 'Municipio', 0, 18),
(260, 'Andrés Eloy Blanco', 'Municipio', 0, 19),
(261, 'Andrés Mata', 'Municipio', 0, 19),
(262, 'Arismendi', 'Municipio', 0, 19),
(263, 'Benítez', 'Municipio', 0, 19),
(264, 'Bermúdez', 'Municipio', 0, 19),
(265, 'Bolívar', 'Municipio', 0, 19),
(266, 'Cajigal', 'Municipio', 0, 19),
(267, 'Cruz Salmerón Acosta', 'Municipio', 0, 19),
(268, 'Libertador', 'Municipio', 0, 19),
(269, 'Mariño', 'Municipio', 0, 19),
(270, 'Mejía', 'Municipio', 0, 19),
(271, 'Montes', 'Municipio', 0, 19),
(272, 'Ribero', 'Municipio', 0, 19),
(273, 'Sucre', 'Municipio', 0, 19),
(274, 'Valdez', 'Municipio', 0, 19),
(275, 'Andrés Bello', 'Municipio', 0, 20);
INSERT INTO Lugar (idLugar, nombre, tipo, codigoPostal, Lugar_idLugar) VALUES
(276, 'Antonio Rómulo Costa', 'Municipio', 0, 20),
(277, 'Ayacucho', 'Municipio', 0, 20),
(278, 'Bolívar', 'Municipio', 0, 20),
(279, 'Cárdenas', 'Municipio', 0, 20),
(280, 'Córdoba', 'Municipio', 0, 20),
(281, 'Fernández Feo', 'Municipio', 0, 20),
(282, 'Francisco de Miranda', 'Municipio', 0, 20),
(283, 'García de Hevia', 'Municipio', 0, 20),
(284, 'Guásimos', 'Municipio', 0, 20),
(285, 'Independencia', 'Municipio', 0, 20),
(286, 'Jáuregui', 'Municipio', 0, 20),
(287, 'José María Vargas', 'Municipio', 0, 20),
(288, 'Junín', 'Municipio', 0, 20),
(289, 'Libertad', 'Municipio', 0, 20),
(290, 'Libertador', 'Municipio', 0, 20),
(291, 'Lobatera', 'Municipio', 0, 20),
(292, 'Michelena', 'Municipio', 0, 20),
(293, 'Panamericano', 'Municipio', 0, 20),
(294, 'Pedro María Ureña', 'Municipio', 0, 20),
(295, 'Rafael Urdaneta', 'Municipio', 0, 20),
(296, 'Samuel Darío Maldonado', 'Municipio', 0, 20),
(297, 'San Cristóbal', 'Municipio', 0, 20),
(298, 'Seboruco', 'Municipio', 0, 20),
(299, 'Simón Rodríguez', 'Municipio', 0, 20),
(300, 'Sucre', 'Municipio', 0, 20),
(301, 'Torbes', 'Municipio', 0, 20),
(302, 'Uribante', 'Municipio', 0, 20),
(303, 'San Judas Tadeo', 'Municipio', 0, 20),
(304, 'Andrés Bello', 'Municipio', 0, 21),
(305, 'Boconó', 'Municipio', 0, 21),
(306, 'Bolívar', 'Municipio', 0, 21),
(307, 'Candelaria', 'Municipio', 0, 21),
(308, 'Carache', 'Municipio', 0, 21),
(309, 'Escuque', 'Municipio', 0, 21),
(310, 'José Felipe Márquez Cañizalez', 'Municipio', 0, 21),
(311, 'Juan Vicente Campos Elías', 'Municipio', 0, 21),
(312, 'La Ceiba', 'Municipio', 0, 21),
(313, 'Miranda', 'Municipio', 0, 21),
(314, 'Monte Carmelo', 'Municipio', 0, 21),
(315, 'Motatán', 'Municipio', 0, 21),
(316, 'Pampán', 'Municipio', 0, 21),
(317, 'Pampanito', 'Municipio', 0, 21),
(318, 'Rafael Rangel', 'Municipio', 0, 21),
(319, 'San Rafael de Carvajal', 'Municipio', 0, 21),
(320, 'Sucre', 'Municipio', 0, 21),
(321, 'Trujillo', 'Municipio', 0, 21),
(322, 'Urdaneta', 'Municipio', 0, 21),
(323, 'Valera', 'Municipio', 0, 21),
(324, 'Vargas', 'Municipio', 0, 22),
(325, 'Arístides Bastidas', 'Municipio', 0, 23);
INSERT INTO Lugar (idLugar, nombre, tipo, codigoPostal, Lugar_idLugar) VALUES
(326, 'Bolívar', 'Municipio', 0, 23),
(327, 'Bruzual', 'Municipio', 0, 23),
(328, 'Cocorote', 'Municipio', 0, 23),
(329, 'Independencia', 'Municipio', 0, 23),
(330, 'José Antonio Páez', 'Municipio', 0, 23),
(331, 'La Trinidad', 'Municipio', 0, 23),
(332, 'Manuel Monge', 'Municipio', 0, 23),
(333, 'Nirgua', 'Municipio', 0, 23),
(334, 'Peña', 'Municipio', 0, 23),
(335, 'San Felipe', 'Municipio', 0, 23),
(336, 'Sucre', 'Municipio', 0, 23),
(337, 'Urachiche', 'Municipio', 0, 23),
(338, 'Veroes', 'Municipio', 0, 23),
(339, 'Almirante Padilla', 'Municipio', 0, 24),
(340, 'Baralt', 'Municipio', 0, 24),
(341, 'Cabimas', 'Municipio', 0, 24),
(342, 'Catatumbo', 'Municipio', 0, 24),
(343, 'Colón', 'Municipio', 0, 24),
(344, 'Francisco Javier Pulgar', 'Municipio', 0, 24),
(345, 'Páez', 'Municipio', 0, 24),
(346, 'Jesús Enrique Lossada', 'Municipio', 0, 24),
(347, 'Jesús María Semprún', 'Municipio', 0, 24),
(348, 'La Cañada de Urdaneta', 'Municipio', 0, 24),
(349, 'Lagunillas', 'Municipio', 0, 24),
(350, 'Machiques de Perijá', 'Municipio', 0, 24),
(351, 'Mara', 'Municipio', 0, 24),
(352, 'Maracaibo', 'Municipio', 0, 24),
(353, 'Miranda', 'Municipio', 0, 24),
(354, 'Rosario de Perijá', 'Municipio', 0, 24),
(355, 'San Francisco', 'Municipio', 0, 24),
(356, 'Santa Rita', 'Municipio', 0, 24),
(357, 'Simón Bolívar', 'Municipio', 0, 24),
(358, 'Sucre', 'Municipio', 0, 24),
(359, 'Valmore Rodríguez', 'Municipio', 0, 24),
(360, 'Libertador', 'Municipio', 0, 25);

-- 4. PARROQUIAS (1139)
INSERT INTO Lugar (idLugar, nombre, tipo, codigoPostal, Lugar_idLugar) VALUES
(361, 'Alto Orinoco La Esmeralda', 'Parroquia', 0, 26),
(362, 'Huachamacare Acanaña', 'Parroquia', 0, 26),
(363, 'Marawaka Toky Shamanaña', 'Parroquia', 0, 26),
(364, 'Mavaka Mavaka', 'Parroquia', 0, 26),
(365, 'Sierra Parima Parimabé', 'Parroquia', 0, 26),
(366, 'Ucata Laja Lisa', 'Parroquia', 0, 27),
(367, 'Yapacana Macuruco', 'Parroquia', 0, 27),
(368, 'Caname Guarinuma', 'Parroquia', 0, 27),
(369, 'Fernando Girón Tovar', 'Parroquia', 0, 28),
(370, 'Luis Alberto Gómez', 'Parroquia', 0, 28),
(371, 'Pahueña Limón de Parhueña', 'Parroquia', 0, 28),
(372, 'Platanillal Platanillal', 'Parroquia', 0, 28),
(373, 'Samariapo Samariapo', 'Parroquia', 0, 29),
(374, 'Sipapo Pendare', 'Parroquia', 0, 29),
(375, 'Munduapo Munduapo', 'Parroquia', 0, 29),
(376, 'Guayapo San Pedro del Orinoco', 'Parroquia', 0, 29),
(377, 'Alto Ventuari Cacurí', 'Parroquia', 0, 30),
(378, 'Medio Ventuari Manami', 'Parroquia', 0, 30),
(379, 'Bajo Ventuari Marueta', 'Parroquia', 0, 30),
(380, 'Victorino', 'Parroquia', 0, 31),
(381, 'Comunidad', 'Parroquia', 0, 31),
(382, 'Casiquiare Curimacare', 'Parroquia', 0, 32),
(383, 'Cocuy', 'Parroquia', 0, 32),
(384, 'San Carlos de Río Negro', 'Parroquia', 0, 32),
(385, 'Solano Solano', 'Parroquia', 0, 32),
(386, 'Anaco', 'Parroquia', 0, 33),
(387, 'San Joaquín', 'Parroquia', 0, 33),
(388, 'Cachipo', 'Parroquia', 0, 34),
(389, 'Aragua de Barcelona', 'Parroquia', 0, 34),
(390, 'Bergatín', 'Parroquia', 0, 35),
(391, 'Caigua', 'Parroquia', 0, 35),
(392, 'El Carmen.', 'Parroquia', 0, 35),
(393, 'El Pilar', 'Parroquia', 0, 35),
(394, 'Naricual.', 'Parroquia', 0, 35),
(395, 'San Cristóbal', 'Parroquia', 0, 35),
(396, 'Clarines', 'Parroquia', 0, 36),
(397, 'Guanape', 'Parroquia', 0, 36),
(398, 'Sabana de Uchire', 'Parroquia', 0, 36),
(399, 'Onoto', 'Parroquia', 0, 37),
(400, 'San Pablo', 'Parroquia', 0, 37),
(401, 'Valle de Guanape', 'Parroquia', 0, 38),
(402, 'Santa Bárbara', 'Parroquia', 0, 38),
(403, 'Lechería', 'Parroquia', 0, 39),
(404, 'El Morro', 'Parroquia', 0, 39),
(405, 'Cantaura', 'Parroquia', 0, 40),
(406, 'Libertador', 'Parroquia', 0, 40),
(407, 'Santa Rosa', 'Parroquia', 0, 40),
(408, 'Urica', 'Parroquia', 0, 40),
(409, 'San José de Guanipa', 'Parroquia', 0, 41),
(410, 'Guanta', 'Parroquia', 0, 42);
INSERT INTO Lugar (idLugar, nombre, tipo, codigoPostal, Lugar_idLugar) VALUES
(411, 'Chorrerón', 'Parroquia', 0, 42),
(412, 'Mamo', 'Parroquia', 0, 43),
(413, 'Soledad', 'Parroquia', 0, 43),
(414, 'San Mateo', 'Parroquia', 0, 44),
(415, 'El Carito', 'Parroquia', 0, 44),
(416, 'Santa Inés', 'Parroquia', 0, 44),
(417, 'La Romereña', 'Parroquia', 0, 44),
(418, 'El Chaparro', 'Parroquia', 0, 45),
(419, 'Tomás Alfaro', 'Parroquia', 0, 45),
(420, 'Calatrava', 'Parroquia', 0, 45),
(421, 'Atapirire', 'Parroquia', 0, 46),
(422, 'Boca del Pao', 'Parroquia', 0, 46),
(423, 'El Pao', 'Parroquia', 0, 46),
(424, 'Pariaguán', 'Parroquia', 0, 46),
(425, 'Mapire', 'Parroquia', 0, 47),
(426, 'Piar', 'Parroquia', 0, 47),
(427, 'Santa Clara', 'Parroquia', 0, 47),
(428, 'San Diego de Cabrutica', 'Parroquia', 0, 47),
(429, 'Uverito', 'Parroquia', 0, 47),
(430, 'Zuata', 'Parroquia', 0, 47),
(431, 'Puerto Píritu', 'Parroquia', 0, 48),
(432, 'San Miguel', 'Parroquia', 0, 48),
(433, 'Sucre', 'Parroquia', 0, 48),
(434, 'Píritu', 'Parroquia', 0, 49),
(435, 'San Francisco', 'Parroquia', 0, 49),
(436, 'Boca de Uchire', 'Parroquia', 0, 50),
(437, 'Boca de Chávez', 'Parroquia', 0, 50),
(438, 'Pueblo Nuevo', 'Parroquia', 0, 51),
(439, 'Santa Ana', 'Parroquia', 0, 51),
(440, 'Edmundo Barrios', 'Parroquia', 0, 52),
(441, 'Miguel Otero Silva', 'Parroquia', 0, 52),
(442, 'Puerto La Cruz', 'Parroquia', 0, 53),
(443, 'Pozuelos', 'Parroquia', 0, 53),
(444, 'Achaguas', 'Parroquia', 0, 54),
(445, 'Apurito', 'Parroquia', 0, 54),
(446, 'El Yagual', 'Parroquia', 0, 54),
(447, 'Guachara', 'Parroquia', 0, 54),
(448, 'Mucuritas', 'Parroquia', 0, 54),
(449, 'Queseras del medio', 'Parroquia', 0, 54),
(450, 'Biruaca', 'Parroquia', 0, 55),
(451, 'Bruzual', 'Parroquia', 0, 56),
(452, 'Mantecal', 'Parroquia', 0, 56),
(453, 'Quintero', 'Parroquia', 0, 56),
(454, 'Rincón Hondo', 'Parroquia', 0, 56),
(455, 'San Vicente', 'Parroquia', 0, 56),
(456, 'Guasdualito', 'Parroquia', 0, 57),
(457, 'Aramendi', 'Parroquia', 0, 57),
(458, 'El Amparo', 'Parroquia', 0, 57),
(459, 'San Camilo', 'Parroquia', 0, 57),
(460, 'Urdaneta', 'Parroquia', 0, 57);
INSERT INTO Lugar (idLugar, nombre, tipo, codigoPostal, Lugar_idLugar) VALUES
(461, 'San Juan de Payara', 'Parroquia', 0, 58),
(462, 'Codazzi', 'Parroquia', 0, 58),
(463, 'Cunaviche', 'Parroquia', 0, 58),
(464, 'Elorza', 'Parroquia', 0, 59),
(465, 'La Trinidad', 'Parroquia', 0, 59),
(466, 'San Fernando', 'Parroquia', 0, 60),
(467, 'El Recreo', 'Parroquia', 0, 60),
(468, 'Peñalver', 'Parroquia', 0, 60),
(469, 'San Rafael de Atamaica', 'Parroquia', 0, 60),
(470, 'Bolívar', 'Parroquia', 0, 61),
(471, 'Camatagua', 'Parroquia', 0, 62),
(472, 'Carmen de Cura', 'Parroquia', 0, 62),
(473, 'Santa Rita', 'Parroquia', 0, 63),
(474, 'Francisco de Miranda', 'Parroquia', 0, 63),
(475, 'Moseñor Feliciano González', 'Parroquia', 0, 63),
(476, 'Pedro José Ovalles', 'Parroquia', 0, 64),
(477, 'Joaquín Crespo', 'Parroquia', 0, 64),
(478, 'José Casanova Godoy', 'Parroquia', 0, 64),
(479, 'Madre María de San José', 'Parroquia', 0, 64),
(480, 'Andrés Eloy Blanco', 'Parroquia', 0, 64),
(481, 'Los Tacarigua', 'Parroquia', 0, 64),
(482, 'Las Delicias', 'Parroquia', 0, 64),
(483, 'Choroní', 'Parroquia', 0, 64),
(484, 'Santa Cruz', 'Parroquia', 0, 65),
(485, 'José Félix Ribas', 'Parroquia', 0, 66),
(486, 'Castor Nieves Ríos', 'Parroquia', 0, 66),
(487, 'Las Guacamayas', 'Parroquia', 0, 66),
(488, 'Pao de Zárate', 'Parroquia', 0, 66),
(489, 'Zuata', 'Parroquia', 0, 66),
(490, 'José Rafael Revenga', 'Parroquia', 0, 67),
(491, 'Palo Negro', 'Parroquia', 0, 68),
(492, 'San Martín de Porres', 'Parroquia', 0, 68),
(493, 'El Limón', 'Parroquia', 0, 69),
(494, 'Caña de Azúcar', 'Parroquia', 0, 69),
(495, 'Ocumare de la Costa', 'Parroquia', 0, 70),
(496, 'San Casimiro', 'Parroquia', 0, 71),
(497, 'Güiripa', 'Parroquia', 0, 71),
(498, 'Ollas de Caramacate', 'Parroquia', 0, 71),
(499, 'Valle Morín', 'Parroquia', 0, 71),
(500, 'San Sebastián', 'Parroquia', 0, 72),
(501, 'Turmero', 'Parroquia', 0, 73),
(502, 'Arevalo Aponte', 'Parroquia', 0, 73),
(503, 'Chuao', 'Parroquia', 0, 73),
(504, 'Samán de Güere', 'Parroquia', 0, 73),
(505, 'Alfredo Pacheco Miranda', 'Parroquia', 0, 73),
(506, 'Santos Michelena', 'Parroquia', 0, 74),
(507, 'Tiara', 'Parroquia', 0, 74),
(508, 'Cagua', 'Parroquia', 0, 75),
(509, 'Bella Vista', 'Parroquia', 0, 75),
(510, 'Tovar', 'Parroquia', 0, 76);
INSERT INTO Lugar (idLugar, nombre, tipo, codigoPostal, Lugar_idLugar) VALUES
(511, 'Urdaneta', 'Parroquia', 0, 77),
(512, 'Las Peñitas', 'Parroquia', 0, 77),
(513, 'San Francisco de Cara', 'Parroquia', 0, 77),
(514, 'Taguay', 'Parroquia', 0, 77),
(515, 'Zamora', 'Parroquia', 0, 78),
(516, 'Magdaleno', 'Parroquia', 0, 78),
(517, 'San Francisco de Asís', 'Parroquia', 0, 78),
(518, 'Valles de Tucutunemo', 'Parroquia', 0, 78),
(519, 'Augusto Mijares', 'Parroquia', 0, 78),
(520, 'Sabaneta', 'Parroquia', 0, 79),
(521, 'Juan Antonio Rodríguez Domínguez', 'Parroquia', 0, 79),
(522, 'El Cantón', 'Parroquia', 0, 80),
(523, 'Santa Cruz de Guacas', 'Parroquia', 0, 80),
(524, 'Puerto Vivas', 'Parroquia', 0, 80),
(525, 'Ticoporo', 'Parroquia', 0, 81),
(526, 'Nicolás Pulido', 'Parroquia', 0, 81),
(527, 'Andrés Bello', 'Parroquia', 0, 81),
(528, 'Arismendi', 'Parroquia', 0, 82),
(529, 'Guadarrama', 'Parroquia', 0, 82),
(530, 'La Unión', 'Parroquia', 0, 82),
(531, 'San Antonio', 'Parroquia', 0, 82),
(532, 'Barinas', 'Parroquia', 0, 83),
(533, 'Alberto Arvelo Larriva', 'Parroquia', 0, 83),
(534, 'San Silvestre', 'Parroquia', 0, 83),
(535, 'Santa Inés', 'Parroquia', 0, 83),
(536, 'Santa Lucía', 'Parroquia', 0, 83),
(537, 'Torunos', 'Parroquia', 0, 83),
(538, 'El Carmen', 'Parroquia', 0, 83),
(539, 'Rómulo Betancourt', 'Parroquia', 0, 83),
(540, 'Corazón de Jesús', 'Parroquia', 0, 83),
(541, 'Ramón Ignacio Méndez', 'Parroquia', 0, 83),
(542, 'Alto Barinas', 'Parroquia', 0, 83),
(543, 'Manuel Palacio Fajardo', 'Parroquia', 0, 83),
(544, 'Juan Antonio Rodríguez Domínguez', 'Parroquia', 0, 83),
(545, 'Dominga Ortiz de Páez', 'Parroquia', 0, 83),
(546, 'Barinitas', 'Parroquia', 0, 84),
(547, 'Altamira de Cáceres', 'Parroquia', 0, 84),
(548, 'Calderas', 'Parroquia', 0, 84),
(549, 'Barrancas', 'Parroquia', 0, 85),
(550, 'El Socorro', 'Parroquia', 0, 85),
(551, 'Mazparrito', 'Parroquia', 0, 85),
(552, 'Santa Bárbara', 'Parroquia', 0, 86),
(553, 'Pedro Briceño Méndez', 'Parroquia', 0, 86),
(554, 'Ramón Ignacio Méndez', 'Parroquia', 0, 86),
(555, 'José Ignacio del Pumar', 'Parroquia', 0, 86),
(556, 'Obispos', 'Parroquia', 0, 87),
(557, 'Los Guasimitos', 'Parroquia', 0, 87),
(558, 'El Real', 'Parroquia', 0, 87),
(559, 'La Luz', 'Parroquia', 0, 87),
(560, 'Ciudad Bolívia', 'Parroquia', 0, 88);
INSERT INTO Lugar (idLugar, nombre, tipo, codigoPostal, Lugar_idLugar) VALUES
(561, 'José Ignacio Briceño', 'Parroquia', 0, 88),
(562, 'José Félix Ribas', 'Parroquia', 0, 88),
(563, 'Páez', 'Parroquia', 0, 88),
(564, 'Libertad', 'Parroquia', 0, 89),
(565, 'Dolores', 'Parroquia', 0, 89),
(566, 'Santa Rosa', 'Parroquia', 0, 89),
(567, 'Palacio Fajardo', 'Parroquia', 0, 89),
(568, 'Simón Rodríguez', 'Parroquia', 0, 89),
(569, 'Ciudad de Nutrias', 'Parroquia', 0, 90),
(570, 'El Regalo', 'Parroquia', 0, 90),
(571, 'Puerto Nutrias', 'Parroquia', 0, 90),
(572, 'Santa Catalina', 'Parroquia', 0, 90),
(573, 'Simón Bolívar', 'Parroquia', 0, 90),
(574, 'Raúl Leoni', 'Parroquia', 0, 91),
(575, 'Barceloneta', 'Parroquia', 0, 91),
(576, 'Santa Bárbara', 'Parroquia', 0, 91),
(577, 'San Francisco', 'Parroquia', 0, 91),
(578, 'Cachamay', 'Parroquia', 0, 92),
(579, 'Chirica', 'Parroquia', 0, 92),
(580, 'Dalla Costa', 'Parroquia', 0, 92),
(581, 'Once de Abril', 'Parroquia', 0, 92),
(582, 'Simón Bolívar', 'Parroquia', 0, 92),
(583, 'Unare', 'Parroquia', 0, 92),
(584, 'Universidad', 'Parroquia', 0, 92),
(585, 'Vista al Sol', 'Parroquia', 0, 92),
(586, 'Pozo Verde', 'Parroquia', 0, 92),
(587, 'Yocoima', 'Parroquia', 0, 92),
(588, '5 de Julio', 'Parroquia', 0, 92),
(589, 'Cedeño', 'Parroquia', 0, 93),
(590, 'Altagracia', 'Parroquia', 0, 93),
(591, 'Ascensión Farreras', 'Parroquia', 0, 93),
(592, 'Guaniamo', 'Parroquia', 0, 93),
(593, 'La Urbana', 'Parroquia', 0, 93),
(594, 'Pijiguaos', 'Parroquia', 0, 93),
(595, 'El Callao', 'Parroquia', 0, 94),
(596, 'Gran Sabana', 'Parroquia', 0, 95),
(597, 'Ikabarú', 'Parroquia', 0, 95),
(598, 'Catedral', 'Parroquia', 0, 96),
(599, 'Zea', 'Parroquia', 0, 96),
(600, 'Orinoco', 'Parroquia', 0, 96),
(601, 'José Antonio Páez', 'Parroquia', 0, 96),
(602, 'Marhuanta', 'Parroquia', 0, 96),
(603, 'Agua Salada', 'Parroquia', 0, 96),
(604, 'Vista Hermosa', 'Parroquia', 0, 96),
(605, 'La Sabanita', 'Parroquia', 0, 96),
(606, 'Panapana', 'Parroquia', 0, 96),
(607, 'Andrés Eloy Blanco', 'Parroquia', 0, 97),
(608, 'Pedro Cova', 'Parroquia', 0, 97),
(609, 'Roscio', 'Parroquia', 0, 98),
(610, 'Salóm', 'Parroquia', 0, 98);
INSERT INTO Lugar (idLugar, nombre, tipo, codigoPostal, Lugar_idLugar) VALUES
(611, 'Sifontes', 'Parroquia', 0, 99),
(612, 'Dalla Costa', 'Parroquia', 0, 99),
(613, 'San Isidro', 'Parroquia', 0, 99),
(614, 'Sucre', 'Parroquia', 0, 100),
(615, 'Aripao', 'Parroquia', 0, 100),
(616, 'Guarataro', 'Parroquia', 0, 100),
(617, 'Las Majadas', 'Parroquia', 0, 100),
(618, 'Moitaco', 'Parroquia', 0, 100),
(619, 'Padre Pedro Chien', 'Parroquia', 0, 101),
(620, 'Río Grande', 'Parroquia', 0, 101),
(621, 'Bejuma', 'Parroquia', 0, 102),
(622, 'Canoabo', 'Parroquia', 0, 102),
(623, 'Simón Bolívar', 'Parroquia', 0, 102),
(624, 'Güigüe', 'Parroquia', 0, 103),
(625, 'Carabobo', 'Parroquia', 0, 103),
(626, 'Tacarigua', 'Parroquia', 0, 103),
(627, 'Mariara', 'Parroquia', 0, 104),
(628, 'Aguas Calientes', 'Parroquia', 0, 104),
(629, 'Ciudad Alianza', 'Parroquia', 0, 105),
(630, 'Guacara', 'Parroquia', 0, 105),
(631, 'Yagua', 'Parroquia', 0, 105),
(632, 'Morón', 'Parroquia', 0, 106),
(633, 'Urama', 'Parroquia', 0, 106),
(634, 'Valencia', 'Parroquia', 0, 107),
(635, 'Campo Carabobo', 'Parroquia', 0, 107),
(636, 'Los Guayos', 'Parroquia', 0, 108),
(637, 'Miranda', 'Parroquia', 0, 109),
(638, 'Montalbán', 'Parroquia', 0, 110),
(639, 'Naguanagua', 'Parroquia', 0, 111),
(640, 'Bartolomé Salóm', 'Parroquia', 0, 112),
(641, 'Democracia', 'Parroquia', 0, 112),
(642, 'Fraternidad', 'Parroquia', 0, 112),
(643, 'Goaigoaza', 'Parroquia', 0, 112),
(644, 'Juan José Flores', 'Parroquia', 0, 112),
(645, 'Unión', 'Parroquia', 0, 112),
(646, 'Borburata', 'Parroquia', 0, 112),
(647, 'Patanemo', 'Parroquia', 0, 112),
(648, 'San Diego', 'Parroquia', 0, 113),
(649, 'San Joaquín', 'Parroquia', 0, 114),
(650, 'Urbana Candelaria', 'Parroquia', 0, 115),
(651, 'Urbana Catedral', 'Parroquia', 0, 115),
(652, 'Urbana El Socorro', 'Parroquia', 0, 115),
(653, 'Urbana Miguel Peña', 'Parroquia', 0, 115),
(654, 'Urbana Rafael Urdaneta', 'Parroquia', 0, 115),
(655, 'Urbana San Blas', 'Parroquia', 0, 115),
(656, 'Urbana San José', 'Parroquia', 0, 115),
(657, 'Urbana Santa Rosa', 'Parroquia', 0, 115),
(658, 'No Urbana Negro Primero', 'Parroquia', 0, 115),
(659, 'Cojedes', 'Parroquia', 0, 116),
(660, 'Juan de Mata Suárez', 'Parroquia', 0, 116);
INSERT INTO Lugar (idLugar, nombre, tipo, codigoPostal, Lugar_idLugar) VALUES
(661, 'Tinaquillo', 'Parroquia', 0, 117),
(662, 'El Baúl', 'Parroquia', 0, 118),
(663, 'Sucre', 'Parroquia', 0, 118),
(664, 'La Aguadita', 'Parroquia', 0, 119),
(665, 'Macapo', 'Parroquia', 0, 119),
(666, 'El Pao', 'Parroquia', 0, 120),
(667, 'El Amparo', 'Parroquia', 0, 121),
(668, 'Libertad de Cojedes', 'Parroquia', 0, 121),
(669, 'Rómulo Gallegos', 'Parroquia', 0, 122),
(670, 'San Carlos de Austria', 'Parroquia', 0, 123),
(671, 'Juan Ángel Bravo', 'Parroquia', 0, 123),
(672, 'Manuel Manrique', 'Parroquia', 0, 123),
(673, 'General en Jefe José Laurencio Silva', 'Parroquia', 0, 124),
(674, 'Curiapo', 'Parroquia', 0, 125),
(675, 'Almirante Luis Brión', 'Parroquia', 0, 125),
(676, 'Francisco Aniceto Lugo Boca de Cuyubini', 'Parroquia', 0, 125),
(677, 'Manuel Renaud', 'Parroquia', 0, 125),
(678, 'Padre Barral', 'Parroquia', 0, 125),
(679, 'Santos de Abelgas', 'Parroquia', 0, 125),
(680, 'Imataca Moruca', 'Parroquia', 0, 126),
(681, 'Cinco de Julio Piacoa', 'Parroquia', 0, 126),
(682, 'Juan Bautista Arismendi', 'Parroquia', 0, 126),
(683, 'Manuel Piar Santa Catalina', 'Parroquia', 0, 126),
(684, 'Rómulo Gallegos', 'Parroquia', 0, 126),
(685, 'Pedernales', 'Parroquia', 0, 127),
(686, 'Luis Beltrán Prieto Figueroa', 'Parroquia', 0, 127),
(687, 'San José', 'Parroquia', 0, 128),
(688, 'José Vidal Marcano Caparal de Guara', 'Parroquia', 0, 128),
(689, 'Juan Millán', 'Parroquia', 0, 128),
(690, 'Leonardo Ruíz Pineda Paloma', 'Parroquia', 0, 128),
(691, 'Mariscal Antonio José de Sucre', 'Parroquia', 0, 128),
(692, 'Monseñor Argimiro García San Rafael', 'Parroquia', 0, 128),
(693, 'San Rafael', 'Parroquia', 0, 128),
(694, 'Virgen del Valle', 'Parroquia', 0, 128),
(695, 'Capadare', 'Parroquia', 0, 129),
(696, 'La Pastora', 'Parroquia', 0, 129),
(697, 'Libertador', 'Parroquia', 0, 129),
(698, 'San Juan de los Cayos', 'Parroquia', 0, 129),
(699, 'Aracua', 'Parroquia', 0, 130),
(700, 'La Peña', 'Parroquia', 0, 130),
(701, 'San Luis', 'Parroquia', 0, 130),
(702, 'Bariro', 'Parroquia', 0, 131),
(703, 'Borojó', 'Parroquia', 0, 131),
(704, 'Capatárida', 'Parroquia', 0, 131),
(705, 'Guajiro', 'Parroquia', 0, 131),
(706, 'Seque', 'Parroquia', 0, 131),
(707, 'Zazárida', 'Parroquia', 0, 131),
(708, 'Valle de Eroa', 'Parroquia', 0, 131),
(709, 'Norte', 'Parroquia', 0, 132),
(710, 'Carirubana', 'Parroquia', 0, 132);
INSERT INTO Lugar (idLugar, nombre, tipo, codigoPostal, Lugar_idLugar) VALUES
(711, 'Santa Ana', 'Parroquia', 0, 132),
(712, 'Urbana Punta Cardón', 'Parroquia', 0, 132),
(713, 'La Vela de Coro', 'Parroquia', 0, 133),
(714, 'Acurigua', 'Parroquia', 0, 133),
(715, 'Guaibacoa', 'Parroquia', 0, 133),
(716, 'Las Calderas', 'Parroquia', 0, 133),
(717, 'Macoruca', 'Parroquia', 0, 133),
(718, 'Dabajuro', 'Parroquia', 0, 134),
(719, 'Agua Clara', 'Parroquia', 0, 135),
(720, 'Avaria', 'Parroquia', 0, 135),
(721, 'Pedregal', 'Parroquia', 0, 135),
(722, 'Piedra Grande', 'Parroquia', 0, 135),
(723, 'Purureche', 'Parroquia', 0, 135),
(724, 'Adaure', 'Parroquia', 0, 136),
(725, 'Adícora', 'Parroquia', 0, 136),
(726, 'Baraived', 'Parroquia', 0, 136),
(727, 'Buena Vista', 'Parroquia', 0, 136),
(728, 'Jadacaquiva', 'Parroquia', 0, 136),
(729, 'El Vínculo', 'Parroquia', 0, 136),
(730, 'El Hato', 'Parroquia', 0, 136),
(731, 'Moruy', 'Parroquia', 0, 136),
(732, 'Pueblo Nuevo', 'Parroquia', 0, 136),
(733, 'Agua Larga', 'Parroquia', 0, 137),
(734, 'Churuguara', 'Parroquia', 0, 137),
(735, 'El Paují', 'Parroquia', 0, 137),
(736, 'Independencia', 'Parroquia', 0, 137),
(737, 'Mapararí', 'Parroquia', 0, 137),
(738, 'Agua Linda', 'Parroquia', 0, 138),
(739, 'Araurima', 'Parroquia', 0, 138),
(740, 'Jacura', 'Parroquia', 0, 138),
(741, 'Los Taques', 'Parroquia', 0, 139),
(742, 'Judibana', 'Parroquia', 0, 139),
(743, 'Cacique Manaure', 'Parroquia', 0, 140),
(744, 'Mene de Mauroa', 'Parroquia', 0, 141),
(745, 'San Félix', 'Parroquia', 0, 141),
(746, 'Casigua', 'Parroquia', 0, 141),
(747, 'Guzmán Guillermo', 'Parroquia', 0, 142),
(748, 'Mitare', 'Parroquia', 0, 142),
(749, 'Río Seco', 'Parroquia', 0, 142),
(750, 'Sabaneta', 'Parroquia', 0, 142),
(751, 'San Antonio', 'Parroquia', 0, 142),
(752, 'San Gabriel', 'Parroquia', 0, 142),
(753, 'Santa Ana', 'Parroquia', 0, 142),
(754, 'Boca del Tocuyo', 'Parroquia', 0, 143),
(755, 'Chichiriviche', 'Parroquia', 0, 143),
(756, 'Tocuyo de la Costa', 'Parroquia', 0, 143),
(757, 'Palmasola', 'Parroquia', 0, 144),
(758, 'Cabure', 'Parroquia', 0, 145),
(759, 'Colina', 'Parroquia', 0, 145),
(760, 'Curimagua', 'Parroquia', 0, 145);
INSERT INTO Lugar (idLugar, nombre, tipo, codigoPostal, Lugar_idLugar) VALUES
(761, 'San José de la Costa', 'Parroquia', 0, 146),
(762, 'Píritu', 'Parroquia', 0, 146),
(763, 'Capital San Francisco', 'Parroquia', 0, 147),
(764, 'Sucre', 'Parroquia', 0, 148),
(765, 'Pecaya', 'Parroquia', 0, 148),
(766, 'Tucacas', 'Parroquia', 0, 149),
(767, 'Boca de Aroa', 'Parroquia', 0, 149),
(768, 'Tocópero', 'Parroquia', 0, 150),
(769, 'El Charal', 'Parroquia', 0, 151),
(770, 'Las Vegas del Tuy', 'Parroquia', 0, 151),
(771, 'Santa Cruz de Bucaral', 'Parroquia', 0, 151),
(772, 'Bruzual', 'Parroquia', 0, 152),
(773, 'Urumaco', 'Parroquia', 0, 152),
(774, 'Puerto Cumarebo', 'Parroquia', 0, 153),
(775, 'La Ciénaga', 'Parroquia', 0, 153),
(776, 'La Soledad', 'Parroquia', 0, 153),
(777, 'Pueblo Cumarebo', 'Parroquia', 0, 153),
(778, 'Zazárida', 'Parroquia', 0, 153),
(779, 'Camaguán', 'Parroquia', 0, 154),
(780, 'Puerto Miranda', 'Parroquia', 0, 154),
(781, 'Uverito', 'Parroquia', 0, 154),
(782, 'Chaguaramas', 'Parroquia', 0, 155),
(783, 'El Socorro', 'Parroquia', 0, 156),
(784, 'Valle de la Pascua', 'Parroquia', 0, 157),
(785, 'Espino', 'Parroquia', 0, 157),
(786, 'Las Mercedes', 'Parroquia', 0, 158),
(787, 'Cabruta', 'Parroquia', 0, 158),
(788, 'Santa Rita de Manapire', 'Parroquia', 0, 158),
(789, 'El Sombrero', 'Parroquia', 0, 159),
(790, 'Sosa', 'Parroquia', 0, 159),
(791, 'El Calvario', 'Parroquia', 0, 160),
(792, 'El Rastro', 'Parroquia', 0, 160),
(793, 'Guardatinajas', 'Parroquia', 0, 160),
(794, 'Capital Urbana Calabozo', 'Parroquia', 0, 160),
(795, 'Altagracia de Orituco', 'Parroquia', 0, 161),
(796, 'San Rafael de Orituco', 'Parroquia', 0, 161),
(797, 'San Francisco Javier de Lezama', 'Parroquia', 0, 161),
(798, 'Paso Real de Macaira', 'Parroquia', 0, 161),
(799, 'Carlos Soublette', 'Parroquia', 0, 161),
(800, 'San Francisco de Macaira', 'Parroquia', 0, 161),
(801, 'Libertad de Orituco', 'Parroquia', 0, 161),
(802, 'San José de Tiznados', 'Parroquia', 0, 162),
(803, 'San Francisco de Tiznados', 'Parroquia', 0, 162),
(804, 'San Lorenzo de Tiznados', 'Parroquia', 0, 162),
(805, 'Ortiz', 'Parroquia', 0, 162),
(806, 'Tucupido', 'Parroquia', 0, 163),
(807, 'San Rafael de Laya', 'Parroquia', 0, 163),
(808, 'Cantagallo', 'Parroquia', 0, 164),
(809, 'San Juan de los Morros', 'Parroquia', 0, 164),
(810, 'Parapara', 'Parroquia', 0, 164);
INSERT INTO Lugar (idLugar, nombre, tipo, codigoPostal, Lugar_idLugar) VALUES
(811, 'Guayabal', 'Parroquia', 0, 165),
(812, 'Cazorla', 'Parroquia', 0, 165),
(813, 'San José de Guaribe', 'Parroquia', 0, 166),
(814, 'Uveral', 'Parroquia', 0, 166),
(815, 'Santa María de Ipire', 'Parroquia', 0, 167),
(816, 'Altamira', 'Parroquia', 0, 167),
(817, 'Unare', 'Parroquia', 0, 168),
(818, 'Zaraza', 'Parroquia', 0, 168),
(819, 'Quebrada Honda de Guache', 'Parroquia', 0, 169),
(820, 'Pío Tamayo', 'Parroquia', 0, 169),
(821, 'Yacambú', 'Parroquia', 0, 169),
(822, 'Freitez', 'Parroquia', 0, 170),
(823, 'José María Blanco', 'Parroquia', 0, 170),
(824, 'Catedral', 'Parroquia', 0, 171),
(825, 'Concepción', 'Parroquia', 0, 171),
(826, 'El Cují', 'Parroquia', 0, 171),
(827, 'Juan de Villegas', 'Parroquia', 0, 171),
(828, 'Santa Rosa', 'Parroquia', 0, 171),
(829, 'Tamaca', 'Parroquia', 0, 171),
(830, 'Unión', 'Parroquia', 0, 171),
(831, 'Aguedo Felipe Alvarado', 'Parroquia', 0, 171),
(832, 'Buena Vista', 'Parroquia', 0, 171),
(833, 'Juárez', 'Parroquia', 0, 171),
(834, 'Juan Bautista Rodríguez', 'Parroquia', 0, 172),
(835, 'Cuara', 'Parroquia', 0, 172),
(836, 'Diego de Lozada', 'Parroquia', 0, 172),
(837, 'Paraíso de San José', 'Parroquia', 0, 172),
(838, 'San Miguel', 'Parroquia', 0, 172),
(839, 'Tintorero', 'Parroquia', 0, 172),
(840, 'José Bernardo Dorante', 'Parroquia', 0, 172),
(841, 'Coronel Mariano Peraza', 'Parroquia', 0, 172),
(842, 'Anzoátegui', 'Parroquia', 0, 173),
(843, 'Bolívar', 'Parroquia', 0, 173),
(844, 'Guárico', 'Parroquia', 0, 173),
(845, 'Hilario Luna y Luna', 'Parroquia', 0, 173),
(846, 'Humocaro Bajo', 'Parroquia', 0, 173),
(847, 'Humocaro Alto', 'Parroquia', 0, 173),
(848, 'La Candelaria', 'Parroquia', 0, 173),
(849, 'Morán', 'Parroquia', 0, 173),
(850, 'Cabudare', 'Parroquia', 0, 174),
(851, 'José Gregorio Bastidas', 'Parroquia', 0, 174),
(852, 'Agua Viva', 'Parroquia', 0, 174),
(853, 'Buría', 'Parroquia', 0, 175),
(854, 'Gustavo Vega', 'Parroquia', 0, 175),
(855, 'Sarare', 'Parroquia', 0, 175),
(856, 'Altagracia', 'Parroquia', 0, 176),
(857, 'Antonio Díaz', 'Parroquia', 0, 176),
(858, 'Camacaro', 'Parroquia', 0, 176),
(859, 'Castañeda', 'Parroquia', 0, 176),
(860, 'Cecilio Zubillaga', 'Parroquia', 0, 176);
INSERT INTO Lugar (idLugar, nombre, tipo, codigoPostal, Lugar_idLugar) VALUES
(861, 'Chiquinquira', 'Parroquia', 0, 176),
(862, 'El Blanco', 'Parroquia', 0, 176),
(863, 'Espinoza de los Monteros', 'Parroquia', 0, 176),
(864, 'Heriberto Arrollo', 'Parroquia', 0, 176),
(865, 'Lara', 'Parroquia', 0, 176),
(866, 'Las Mercedes', 'Parroquia', 0, 176),
(867, 'Manuel Morillo', 'Parroquia', 0, 176),
(868, 'Montaña Verde', 'Parroquia', 0, 176),
(869, 'Montes de Oca', 'Parroquia', 0, 176),
(870, 'Reyes de Vargas', 'Parroquia', 0, 176),
(871, 'Torres', 'Parroquia', 0, 176),
(872, 'Trinidad Samuel', 'Parroquia', 0, 176),
(873, 'Siquisique', 'Parroquia', 0, 177),
(874, 'San Miguel', 'Parroquia', 0, 177),
(875, 'Moroturo', 'Parroquia', 0, 177),
(876, 'Xaguas', 'Parroquia', 0, 177),
(877, 'Presidente Betancourt', 'Parroquia', 0, 178),
(878, 'Presidente Páez', 'Parroquia', 0, 178),
(879, 'Presidente Rómulo Gallegos', 'Parroquia', 0, 178),
(880, 'Gabriel Picón González', 'Parroquia', 0, 178),
(881, 'Héctor Amable Mora', 'Parroquia', 0, 178),
(882, 'José Nucete Sardi', 'Parroquia', 0, 178),
(883, 'Pulido Méndez', 'Parroquia', 0, 178),
(884, 'La Azulita', 'Parroquia', 0, 179),
(885, 'Santa Cruz de Mora', 'Parroquia', 0, 180),
(886, 'Mesa Bolívar', 'Parroquia', 0, 180),
(887, 'Mesa de Las Palmas', 'Parroquia', 0, 180),
(888, 'Aricagua', 'Parroquia', 0, 181),
(889, 'San Antonio', 'Parroquia', 0, 181),
(890, 'Canagua', 'Parroquia', 0, 182),
(891, 'Capurí', 'Parroquia', 0, 182),
(892, 'Chacantá', 'Parroquia', 0, 182),
(893, 'El Molino', 'Parroquia', 0, 182),
(894, 'Guaimaral', 'Parroquia', 0, 182),
(895, 'Mucutuy', 'Parroquia', 0, 182),
(896, 'Mucuchachí', 'Parroquia', 0, 182),
(897, 'Fernández Peña', 'Parroquia', 0, 183),
(898, 'Matriz', 'Parroquia', 0, 183),
(899, 'Montalbán', 'Parroquia', 0, 183),
(900, 'Acequias', 'Parroquia', 0, 183),
(901, 'Jají', 'Parroquia', 0, 183),
(902, 'La Mesa', 'Parroquia', 0, 183),
(903, 'San José del Sur', 'Parroquia', 0, 183),
(904, 'Tucaní', 'Parroquia', 0, 184),
(905, 'Florencio Ramírez', 'Parroquia', 0, 184),
(906, 'Santo Domingo', 'Parroquia', 0, 185),
(907, 'Las Piedras', 'Parroquia', 0, 185),
(908, 'Guaraque', 'Parroquia', 0, 186),
(909, 'Mesa de Quintero', 'Parroquia', 0, 186),
(910, 'Río Negro', 'Parroquia', 0, 186);
INSERT INTO Lugar (idLugar, nombre, tipo, codigoPostal, Lugar_idLugar) VALUES
(911, 'Arapuey', 'Parroquia', 0, 187),
(912, 'Palmira', 'Parroquia', 0, 187),
(913, 'San Cristóbal de Torondoy', 'Parroquia', 0, 188),
(914, 'Torondoy', 'Parroquia', 0, 188),
(915, 'Antonio Spinetti Dini', 'Parroquia', 0, 189),
(916, 'Arias', 'Parroquia', 0, 189),
(917, 'Caracciolo Parra Pérez', 'Parroquia', 0, 189),
(918, 'Domingo Peña', 'Parroquia', 0, 189),
(919, 'El Llano', 'Parroquia', 0, 189),
(920, 'Gonzalo Picón Febres', 'Parroquia', 0, 189),
(921, 'Jacinto Plaza', 'Parroquia', 0, 189),
(922, 'Juan Rodríguez Suárez', 'Parroquia', 0, 189),
(923, 'Lasso de la Vega', 'Parroquia', 0, 189),
(924, 'Mariano Picón Salas', 'Parroquia', 0, 189),
(925, 'Milla', 'Parroquia', 0, 189),
(926, 'Osuna Rodríguez', 'Parroquia', 0, 189),
(927, 'Sagrario', 'Parroquia', 0, 189),
(928, 'El Morro', 'Parroquia', 0, 189),
(929, 'Los Nevados', 'Parroquia', 0, 189),
(930, 'Andrés Eloy Blanco', 'Parroquia', 0, 190),
(931, 'La Venta', 'Parroquia', 0, 190),
(932, 'Piñango', 'Parroquia', 0, 190),
(933, 'Timotes', 'Parroquia', 0, 190),
(934, 'Eloy Paredes', 'Parroquia', 0, 191),
(935, 'San Rafael de Alcázar', 'Parroquia', 0, 191),
(936, 'Santa Elena de Arenales', 'Parroquia', 0, 191),
(937, 'Santa María de Caparo', 'Parroquia', 0, 192),
(938, 'Pueblo Llano', 'Parroquia', 0, 193),
(939, 'Cacute', 'Parroquia', 0, 194),
(940, 'La Toma', 'Parroquia', 0, 194),
(941, 'Mucuchíes', 'Parroquia', 0, 194),
(942, 'Mucurubá', 'Parroquia', 0, 194),
(943, 'San Rafael', 'Parroquia', 0, 194),
(944, 'Gerónimo Maldonado', 'Parroquia', 0, 195),
(945, 'Bailadores', 'Parroquia', 0, 195),
(946, 'Tabay', 'Parroquia', 0, 196),
(947, 'Chiguará', 'Parroquia', 0, 197),
(948, 'Estánquez', 'Parroquia', 0, 197),
(949, 'Lagunillas', 'Parroquia', 0, 197),
(950, 'La Trampa', 'Parroquia', 0, 197),
(951, 'Pueblo Nuevo del Sur', 'Parroquia', 0, 197),
(952, 'San Juan', 'Parroquia', 0, 197),
(953, 'El Amparo', 'Parroquia', 0, 198),
(954, 'El Llano', 'Parroquia', 0, 198),
(955, 'San Francisco', 'Parroquia', 0, 198),
(956, 'Tovar', 'Parroquia', 0, 198),
(957, 'Independencia', 'Parroquia', 0, 199),
(958, 'María de la Concepción Palacios Blanco', 'Parroquia', 0, 199),
(959, 'Nueva Bolivia', 'Parroquia', 0, 199),
(960, 'Santa Apolonia', 'Parroquia', 0, 199);
INSERT INTO Lugar (idLugar, nombre, tipo, codigoPostal, Lugar_idLugar) VALUES
(961, 'Caño El Tigre', 'Parroquia', 0, 200),
(962, 'Zea', 'Parroquia', 0, 200),
(963, 'Aragüita', 'Parroquia', 0, 201),
(964, 'Arévalo González', 'Parroquia', 0, 201),
(965, 'Capaya', 'Parroquia', 0, 201),
(966, 'Caucagua', 'Parroquia', 0, 201),
(967, 'Panaquire', 'Parroquia', 0, 201),
(968, 'Ribas', 'Parroquia', 0, 201),
(969, 'El Café', 'Parroquia', 0, 201),
(970, 'Marizapa', 'Parroquia', 0, 201),
(971, 'Cumbo', 'Parroquia', 0, 202),
(972, 'San José de Barlovento', 'Parroquia', 0, 202),
(973, 'El Cafetal', 'Parroquia', 0, 203),
(974, 'Las Minas', 'Parroquia', 0, 203),
(975, 'Nuestra Señora del Rosario', 'Parroquia', 0, 203),
(976, 'Higuerote', 'Parroquia', 0, 204),
(977, 'Curiepe', 'Parroquia', 0, 204),
(978, 'Tacarigua de Brión', 'Parroquia', 0, 204),
(979, 'Mamporal', 'Parroquia', 0, 205),
(980, 'Carrizal', 'Parroquia', 0, 206),
(981, 'Chacao', 'Parroquia', 0, 207),
(982, 'Charallave', 'Parroquia', 0, 208),
(983, 'Las Brisas', 'Parroquia', 0, 208),
(984, 'El Hatillo', 'Parroquia', 0, 209),
(985, 'Altagracia de la Montaña', 'Parroquia', 0, 210),
(986, 'Cecilio Acosta', 'Parroquia', 0, 210),
(987, 'Los Teques', 'Parroquia', 0, 210),
(988, 'El Jarillo', 'Parroquia', 0, 210),
(989, 'San Pedro.', 'Parroquia', 0, 210),
(990, 'Tácata', 'Parroquia', 0, 210),
(991, 'Paracotos', 'Parroquia', 0, 210),
(992, 'Cartanal', 'Parroquia', 0, 211),
(993, 'Santa Teresa del Tuy', 'Parroquia', 0, 211),
(994, 'La Democracia', 'Parroquia', 0, 212),
(995, 'Ocumare del Tuy', 'Parroquia', 0, 212),
(996, 'Santa Bárbara', 'Parroquia', 0, 212),
(997, 'San Antonio de los Altos', 'Parroquia', 0, 213),
(998, 'Río Chico', 'Parroquia', 0, 214),
(999, 'El Guapo', 'Parroquia', 0, 214),
(1000, 'Tacarigua de la Laguna', 'Parroquia', 0, 214),
(1001, 'Paparo', 'Parroquia', 0, 214),
(1002, 'San Fernando del Guapo', 'Parroquia', 0, 214),
(1003, 'Santa Lucía del Tuy', 'Parroquia', 0, 215),
(1004, 'Cúpira', 'Parroquia', 0, 216),
(1005, 'Machurucuto', 'Parroquia', 0, 216),
(1006, 'Guarenas', 'Parroquia', 0, 217),
(1007, 'San Antonio de Yare', 'Parroquia', 0, 218),
(1008, 'San Francisco de Yare', 'Parroquia', 0, 218),
(1009, 'Leoncio Martínez', 'Parroquia', 0, 219),
(1010, 'Petare', 'Parroquia', 0, 219);
INSERT INTO Lugar (idLugar, nombre, tipo, codigoPostal, Lugar_idLugar) VALUES
(1011, 'Caucagüita', 'Parroquia', 0, 219),
(1012, 'Filas de Mariche', 'Parroquia', 0, 219),
(1013, 'La Dolorita', 'Parroquia', 0, 219),
(1014, 'Cúa', 'Parroquia', 0, 220),
(1015, 'Nueva Cúa', 'Parroquia', 0, 220),
(1016, 'Guatire', 'Parroquia', 0, 221),
(1017, 'Bolívar', 'Parroquia', 0, 221),
(1018, 'San Antonio de Maturín', 'Parroquia', 0, 222),
(1019, 'San Francisco de Maturín', 'Parroquia', 0, 222),
(1020, 'Aguasay', 'Parroquia', 0, 223),
(1021, 'Caripito', 'Parroquia', 0, 224),
(1022, 'El Guácharo', 'Parroquia', 0, 225),
(1023, 'La Guanota', 'Parroquia', 0, 225),
(1024, 'Sabana de Piedra', 'Parroquia', 0, 225),
(1025, 'San Agustín', 'Parroquia', 0, 225),
(1026, 'Teresen', 'Parroquia', 0, 225),
(1027, 'Caripe', 'Parroquia', 0, 225),
(1028, 'Areo', 'Parroquia', 0, 226),
(1029, 'Capital Cedeño', 'Parroquia', 0, 226),
(1030, 'San Félix de Cantalicio', 'Parroquia', 0, 226),
(1031, 'Viento Fresco', 'Parroquia', 0, 226),
(1032, 'El Tejero', 'Parroquia', 0, 227),
(1033, 'Punta de Mata', 'Parroquia', 0, 227),
(1034, 'Chaguaramas', 'Parroquia', 0, 228),
(1035, 'Las Alhuacas', 'Parroquia', 0, 228),
(1036, 'Tabasca', 'Parroquia', 0, 228),
(1037, 'Temblador', 'Parroquia', 0, 228),
(1038, 'Alto de los Godos', 'Parroquia', 0, 229),
(1039, 'Boquerón', 'Parroquia', 0, 229),
(1040, 'Las Cocuizas', 'Parroquia', 0, 229),
(1041, 'La Cruz', 'Parroquia', 0, 229),
(1042, 'San Simón', 'Parroquia', 0, 229),
(1043, 'El Corozo', 'Parroquia', 0, 229),
(1044, 'El Furrial', 'Parroquia', 0, 229),
(1045, 'Jusepín', 'Parroquia', 0, 229),
(1046, 'La Pica', 'Parroquia', 0, 229),
(1047, 'San Vicente', 'Parroquia', 0, 229),
(1048, 'Aparicio', 'Parroquia', 0, 230),
(1049, 'Aragua de Maturín', 'Parroquia', 0, 230),
(1050, 'Chaguamal', 'Parroquia', 0, 230),
(1051, 'El Pinto', 'Parroquia', 0, 230),
(1052, 'Guanaguana', 'Parroquia', 0, 230),
(1053, 'La Toscana', 'Parroquia', 0, 230),
(1054, 'Taguaya', 'Parroquia', 0, 230),
(1055, 'Cachipo', 'Parroquia', 0, 231),
(1056, 'Quiriquire', 'Parroquia', 0, 231),
(1057, 'Santa Bárbara', 'Parroquia', 0, 232),
(1058, 'Barrancas', 'Parroquia', 0, 233),
(1059, 'Los Barrancos de Fajardo', 'Parroquia', 0, 233),
(1060, 'Uracoa', 'Parroquia', 0, 234);
INSERT INTO Lugar (idLugar, nombre, tipo, codigoPostal, Lugar_idLugar) VALUES
(1061, 'Antolín del Campo', 'Parroquia', 0, 235),
(1062, 'Arismendi', 'Parroquia', 0, 236),
(1063, 'San Juan Bautista', 'Parroquia', 0, 237),
(1064, 'Zabala', 'Parroquia', 0, 237),
(1065, 'García', 'Parroquia', 0, 238),
(1066, 'Francisco Fajardo', 'Parroquia', 0, 238),
(1067, 'Bolívar', 'Parroquia', 0, 239),
(1068, 'Guevara', 'Parroquia', 0, 239),
(1069, 'Cerro de Matasiete', 'Parroquia', 0, 239),
(1070, 'Santa Ana', 'Parroquia', 0, 239),
(1071, 'Sucre', 'Parroquia', 0, 239),
(1072, 'Aguirre', 'Parroquia', 0, 240),
(1073, 'Maneiro', 'Parroquia', 0, 240),
(1074, 'Adrián', 'Parroquia', 0, 241),
(1075, 'Juan Griego', 'Parroquia', 0, 241),
(1076, 'Yaguaraparo', 'Parroquia', 0, 241),
(1077, 'Porlamar', 'Parroquia', 0, 242),
(1078, 'San Francisco de Macanao', 'Parroquia', 0, 243),
(1079, 'Boca de Río', 'Parroquia', 0, 243),
(1080, 'Tubores', 'Parroquia', 0, 244),
(1081, 'Los Barales', 'Parroquia', 0, 244),
(1082, 'Vicente Fuentes', 'Parroquia', 0, 245),
(1083, 'Villalba', 'Parroquia', 0, 245),
(1084, 'Agua Blanca', 'Parroquia', 0, 246),
(1085, 'Araure', 'Parroquia', 0, 247),
(1086, 'Río Acarigua', 'Parroquia', 0, 247),
(1087, 'Píritu', 'Parroquia', 0, 248),
(1088, 'Uveral', 'Parroquia', 0, 248),
(1089, 'Cordova', 'Parroquia', 0, 249),
(1090, 'Guanare', 'Parroquia', 0, 249),
(1091, 'San José de la Montaña', 'Parroquia', 0, 249),
(1092, 'San Juan de Guanaguanare', 'Parroquia', 0, 249),
(1093, 'Virgen de Coromoto', 'Parroquia', 0, 249),
(1094, 'Guanarito', 'Parroquia', 0, 250),
(1095, 'Trinidad de la Capilla', 'Parroquia', 0, 250),
(1096, 'Divina Pastora', 'Parroquia', 0, 250),
(1097, 'Peña Blanca', 'Parroquia', 0, 251),
(1098, 'Aparición', 'Parroquia', 0, 252),
(1099, 'La Estación', 'Parroquia', 0, 252),
(1100, 'Ospino', 'Parroquia', 0, 252),
(1101, 'Acarigua', 'Parroquia', 0, 253),
(1102, 'Payara', 'Parroquia', 0, 253),
(1103, 'Pimpinela', 'Parroquia', 0, 253),
(1104, 'Ramón Peraza', 'Parroquia', 0, 253),
(1105, 'Caño Delgadito', 'Parroquia', 0, 254),
(1106, 'Papelón', 'Parroquia', 0, 254),
(1107, 'Antolín Tovar Anquino', 'Parroquia', 0, 255),
(1108, 'Boconoíto', 'Parroquia', 0, 255),
(1109, 'Santa Fé', 'Parroquia', 0, 256),
(1110, 'San Rafael de Onoto', 'Parroquia', 0, 256);
INSERT INTO Lugar (idLugar, nombre, tipo, codigoPostal, Lugar_idLugar) VALUES
(1111, 'Thermo Morales', 'Parroquia', 0, 256),
(1112, 'Florida', 'Parroquia', 0, 257),
(1113, 'El Playón', 'Parroquia', 0, 257),
(1114, 'Biscucuy', 'Parroquia', 0, 258),
(1115, 'Concepción', 'Parroquia', 0, 258),
(1116, 'San José de Saguaz', 'Parroquia', 0, 258),
(1117, 'San Rafael de Palo Alzado', 'Parroquia', 0, 258),
(1118, 'Uvencio Antonio Velásquez', 'Parroquia', 0, 258),
(1119, 'Villa Rosa', 'Parroquia', 0, 258),
(1120, 'Canelones', 'Parroquia', 0, 259),
(1121, 'Santa Cruz', 'Parroquia', 0, 259),
(1122, 'San Isidro Labrador', 'Parroquia', 0, 259),
(1123, 'Mariño', 'Parroquia', 0, 260),
(1124, 'Rómulo Gallegos', 'Parroquia', 0, 260),
(1125, 'San José de Aerocuar', 'Parroquia', 0, 261),
(1126, 'Tavera Acosta', 'Parroquia', 0, 261),
(1127, 'Río Caribe', 'Parroquia', 0, 262),
(1128, 'Antonio José de Sucre', 'Parroquia', 0, 262),
(1129, 'El Morro de Puerto Santo', 'Parroquia', 0, 262),
(1130, 'Puerto Santo', 'Parroquia', 0, 262),
(1131, 'San Juan de las Galdonas', 'Parroquia', 0, 262),
(1132, 'El Pilar', 'Parroquia', 0, 263),
(1133, 'El Rincón', 'Parroquia', 0, 263),
(1134, 'General Francisco Antonio Váquez', 'Parroquia', 0, 263),
(1135, 'Guaraúnos', 'Parroquia', 0, 263),
(1136, 'Tunapuicito', 'Parroquia', 0, 263),
(1137, 'Unión', 'Parroquia', 0, 263),
(1138, 'Santa Catalina', 'Parroquia', 0, 264),
(1139, 'Santa Rosa', 'Parroquia', 0, 264),
(1140, 'Santa Teresa', 'Parroquia', 0, 264),
(1141, 'Bolívar', 'Parroquia', 0, 264),
(1142, 'Maracapana', 'Parroquia', 0, 264),
(1143, 'Libertad', 'Parroquia', 0, 266),
(1144, 'El Paujil', 'Parroquia', 0, 266),
(1145, 'Yaguaraparo', 'Parroquia', 0, 266),
(1146, 'Cruz Salmerón Acosta', 'Parroquia', 0, 267),
(1147, 'Chacopata', 'Parroquia', 0, 267),
(1148, 'Manicuare', 'Parroquia', 0, 267),
(1149, 'Tunapuy', 'Parroquia', 0, 268),
(1150, 'Campo Elías', 'Parroquia', 0, 268),
(1151, 'Irapa', 'Parroquia', 0, 269),
(1152, 'Campo Claro', 'Parroquia', 0, 269),
(1153, 'Maraval', 'Parroquia', 0, 269),
(1154, 'San Antonio de Irapa', 'Parroquia', 0, 269),
(1155, 'Soro', 'Parroquia', 0, 269),
(1156, 'Mejía', 'Parroquia', 0, 270),
(1157, 'Cumanacoa', 'Parroquia', 0, 271),
(1158, 'Arenas', 'Parroquia', 0, 271),
(1159, 'Aricagua', 'Parroquia', 0, 271),
(1160, 'Cocollar', 'Parroquia', 0, 271);
INSERT INTO Lugar (idLugar, nombre, tipo, codigoPostal, Lugar_idLugar) VALUES
(1161, 'San Fernando', 'Parroquia', 0, 271),
(1162, 'San Lorenzo', 'Parroquia', 0, 271),
(1163, 'Villa Frontado (Muelle de Cariaco)', 'Parroquia', 0, 272),
(1164, 'Catuaro', 'Parroquia', 0, 272),
(1165, 'Rendón', 'Parroquia', 0, 272),
(1166, 'San Cruz', 'Parroquia', 0, 272),
(1167, 'Santa María', 'Parroquia', 0, 272),
(1168, 'Altagracia Cumaná', 'Parroquia', 0, 273),
(1169, 'Santa Inés Cumaná', 'Parroquia', 0, 273),
(1170, 'Valentín Valiente Cumaná', 'Parroquia', 0, 273),
(1171, 'Ayacucho Cumaná', 'Parroquia', 0, 273),
(1172, 'San Juan', 'Parroquia', 0, 273),
(1173, 'Raúl Leoni', 'Parroquia', 0, 273),
(1174, 'Gran Mariscal', 'Parroquia', 0, 273),
(1175, 'Cristóbal Colón', 'Parroquia', 0, 274),
(1176, 'Bideau', 'Parroquia', 0, 274),
(1177, 'Punta de Piedras', 'Parroquia', 0, 274),
(1178, 'Güiria', 'Parroquia', 0, 274),
(1179, 'Andrés Bello', 'Parroquia', 0, 275),
(1180, 'Antonio Rómulo Costa', 'Parroquia', 0, 276),
(1181, 'Ayacucho', 'Parroquia', 0, 277),
(1182, 'Rivas Berti', 'Parroquia', 0, 277),
(1183, 'San Pedro del Río', 'Parroquia', 0, 277),
(1184, 'Bolívar', 'Parroquia', 0, 278),
(1185, 'Palotal', 'Parroquia', 0, 278),
(1186, 'General Juan Vicente Gómez', 'Parroquia', 0, 278),
(1187, 'Isaías Medina Angarita', 'Parroquia', 0, 278),
(1188, 'Cárdenas', 'Parroquia', 0, 279),
(1189, 'Amenodoro Rangel Lamus', 'Parroquia', 0, 279),
(1190, 'La Florida', 'Parroquia', 0, 279),
(1191, 'Córdoba', 'Parroquia', 0, 280),
(1192, 'Fernández Feo', 'Parroquia', 0, 281),
(1193, 'Alberto Adriani', 'Parroquia', 0, 281),
(1194, 'Santo Domingo', 'Parroquia', 0, 281),
(1195, 'Francisco de Miranda', 'Parroquia', 0, 282),
(1196, 'García de Hevia', 'Parroquia', 0, 283),
(1197, 'Boca de Grita', 'Parroquia', 0, 283),
(1198, 'José Antonio Páez', 'Parroquia', 0, 283),
(1199, 'Guásimos', 'Parroquia', 0, 284),
(1200, 'Independencia', 'Parroquia', 0, 285),
(1201, 'Juan Germán Roscio', 'Parroquia', 0, 285),
(1202, 'Román Cárdenas', 'Parroquia', 0, 285),
(1203, 'Jáuregui', 'Parroquia', 0, 286),
(1204, 'Emilio Constantino Guerrero', 'Parroquia', 0, 286),
(1205, 'Monseñor Miguel Antonio Salas', 'Parroquia', 0, 286),
(1206, 'José María Vargas', 'Parroquia', 0, 287),
(1207, 'Junín', 'Parroquia', 0, 288),
(1208, 'La Petrólea', 'Parroquia', 0, 288),
(1209, 'Quinimarí', 'Parroquia', 0, 288),
(1210, 'Bramón', 'Parroquia', 0, 288);
INSERT INTO Lugar (idLugar, nombre, tipo, codigoPostal, Lugar_idLugar) VALUES
(1211, 'Libertad', 'Parroquia', 0, 289),
(1212, 'Cipriano Castro', 'Parroquia', 0, 289),
(1213, 'Manuel Felipe Rugeles', 'Parroquia', 0, 289),
(1214, 'Capital Libertador', 'Parroquia', 0, 290),
(1215, 'Doradas', 'Parroquia', 0, 290),
(1216, 'Emeterio Ochoa', 'Parroquia', 0, 290),
(1217, 'San Joaquín de Navay', 'Parroquia', 0, 290),
(1218, 'Lobatera', 'Parroquia', 0, 291),
(1219, 'Constitución', 'Parroquia', 0, 291),
(1220, 'Michelena', 'Parroquia', 0, 292),
(1221, 'Panamericano', 'Parroquia', 0, 293),
(1222, 'La Palmita', 'Parroquia', 0, 293),
(1223, 'Pedro María Ureña', 'Parroquia', 0, 294),
(1224, 'Nueva Arcadia', 'Parroquia', 0, 294),
(1225, 'Delicias', 'Parroquia', 0, 295),
(1226, 'Pecaya', 'Parroquia', 0, 295),
(1227, 'Samuel Darío Maldonado', 'Parroquia', 0, 296),
(1228, 'Boconó', 'Parroquia', 0, 296),
(1229, 'Hernández', 'Parroquia', 0, 296),
(1230, 'La Concordia', 'Parroquia', 0, 297),
(1231, 'San Juan Bautista', 'Parroquia', 0, 297),
(1232, 'Pedro María Morantes', 'Parroquia', 0, 297),
(1233, 'San Sebastián', 'Parroquia', 0, 297),
(1234, 'Dr. Francisco Romero Lobo', 'Parroquia', 0, 297),
(1235, 'Seboruco', 'Parroquia', 0, 298),
(1236, 'Simón Rodríguez', 'Parroquia', 0, 299),
(1237, 'Sucre', 'Parroquia', 0, 300),
(1238, 'Eleazar López Contreras', 'Parroquia', 0, 300),
(1239, 'San Pablo', 'Parroquia', 0, 300),
(1240, 'San José Obrero', 'Parroquia', 0, 301),
(1241, 'San Juan Eudes', 'Parroquia', 0, 301),
(1242, 'Uribante', 'Parroquia', 0, 302),
(1243, 'Cárdenas', 'Parroquia', 0, 302),
(1244, 'Juan Pablo Peñalosa', 'Parroquia', 0, 302),
(1245, 'Potosí', 'Parroquia', 0, 302),
(1246, 'San Judas Tadeo', 'Parroquia', 0, 303),
(1247, 'Araguaney', 'Parroquia', 0, 304),
(1248, 'El Jaguito', 'Parroquia', 0, 304),
(1249, 'La Esperanza', 'Parroquia', 0, 304),
(1250, 'Santa Isabel', 'Parroquia', 0, 304),
(1251, 'Boconó', 'Parroquia', 0, 305),
(1252, 'El Carmen', 'Parroquia', 0, 305),
(1253, 'Mosquey', 'Parroquia', 0, 305),
(1254, 'Ayacucho', 'Parroquia', 0, 305),
(1255, 'Burbusay', 'Parroquia', 0, 305),
(1256, 'General Ribas', 'Parroquia', 0, 305),
(1257, 'Guaramacal', 'Parroquia', 0, 305),
(1258, 'Vega de Guaramacal', 'Parroquia', 0, 305),
(1259, 'Monseñor Jáuregui', 'Parroquia', 0, 305),
(1260, 'Rafael Rangel', 'Parroquia', 0, 305);
INSERT INTO Lugar (idLugar, nombre, tipo, codigoPostal, Lugar_idLugar) VALUES
(1261, 'San Miguel', 'Parroquia', 0, 305),
(1262, 'San José', 'Parroquia', 0, 305),
(1263, 'Sabana Grande', 'Parroquia', 0, 306),
(1264, 'Cheregüé', 'Parroquia', 0, 306),
(1265, 'Granados', 'Parroquia', 0, 306),
(1266, 'Arnoldo Gabaldón', 'Parroquia', 0, 307),
(1267, 'Bolivia', 'Parroquia', 0, 307),
(1268, 'Carrillo', 'Parroquia', 0, 307),
(1269, 'Cegarra', 'Parroquia', 0, 307),
(1270, 'Chejendé', 'Parroquia', 0, 307),
(1271, 'Manuel Salvador Ulloa', 'Parroquia', 0, 307),
(1272, 'San José', 'Parroquia', 0, 307),
(1273, 'Carache', 'Parroquia', 0, 308),
(1274, 'La Concepción', 'Parroquia', 0, 308),
(1275, 'Cuicas', 'Parroquia', 0, 308),
(1276, 'Panamericana', 'Parroquia', 0, 308),
(1277, 'Santa Cruz', 'Parroquia', 0, 308),
(1278, 'Escuque', 'Parroquia', 0, 309),
(1279, 'La Unión (El Alto Escuque)', 'Parroquia', 0, 309),
(1280, 'Santa Rita', 'Parroquia', 0, 309),
(1281, 'Sabana Libre', 'Parroquia', 0, 309),
(1282, 'El Socorro', 'Parroquia', 0, 310),
(1283, 'Los Caprichos', 'Parroquia', 0, 310),
(1284, 'Antonio José de Sucre', 'Parroquia', 0, 310),
(1285, 'Campo Elías', 'Parroquia', 0, 311),
(1286, 'Arnoldo Gabaldón', 'Parroquia', 0, 311),
(1287, 'Santa Apolonia', 'Parroquia', 0, 312),
(1288, 'El Progreso', 'Parroquia', 0, 312),
(1289, 'La Ceiba', 'Parroquia', 0, 312),
(1290, 'Tres de Febrero', 'Parroquia', 0, 312),
(1291, 'El Dividive', 'Parroquia', 0, 313),
(1292, 'Agua Santa', 'Parroquia', 0, 313),
(1293, 'Agua Caliente', 'Parroquia', 0, 313),
(1294, 'El Cenizo', 'Parroquia', 0, 313),
(1295, 'Valerita', 'Parroquia', 0, 313),
(1296, 'Monte Carmelo', 'Parroquia', 0, 314),
(1297, 'Buena Vista', 'Parroquia', 0, 314),
(1298, 'Santa María del Horcón', 'Parroquia', 0, 314),
(1299, 'Motatán', 'Parroquia', 0, 315),
(1300, 'El Baño', 'Parroquia', 0, 315),
(1301, 'Jalisco', 'Parroquia', 0, 315),
(1302, 'Pampán', 'Parroquia', 0, 316),
(1303, 'Flor de Patria', 'Parroquia', 0, 316),
(1304, 'La Paz', 'Parroquia', 0, 316),
(1305, 'Santa Ana', 'Parroquia', 0, 316),
(1306, 'Pampanito', 'Parroquia', 0, 317),
(1307, 'La Concepción', 'Parroquia', 0, 317),
(1308, 'Pampanito II', 'Parroquia', 0, 317),
(1309, 'Betijoque', 'Parroquia', 0, 318),
(1310, 'José Gregorio Hernández', 'Parroquia', 0, 318);
INSERT INTO Lugar (idLugar, nombre, tipo, codigoPostal, Lugar_idLugar) VALUES
(1311, 'La Pueblita', 'Parroquia', 0, 318),
(1312, 'Los Cedros', 'Parroquia', 0, 318),
(1313, 'Carvajal', 'Parroquia', 0, 319),
(1314, 'Campo Alegre', 'Parroquia', 0, 319),
(1315, 'Antonio Nicolás Briceño', 'Parroquia', 0, 319),
(1316, 'José Leonardo Suárez', 'Parroquia', 0, 319),
(1317, 'Sabana de Mendoza', 'Parroquia', 0, 320),
(1318, 'Junín', 'Parroquia', 0, 320),
(1319, 'Valmore Rodríguez', 'Parroquia', 0, 320),
(1320, 'El Paraíso', 'Parroquia', 0, 320),
(1321, 'Andrés Linares', 'Parroquia', 0, 321),
(1322, 'Chiquinquirá', 'Parroquia', 0, 321),
(1323, 'Cristóbal Mendoza', 'Parroquia', 0, 321),
(1324, 'Cruz Carrillo', 'Parroquia', 0, 321),
(1325, 'Matriz', 'Parroquia', 0, 321),
(1326, 'Monseñor Carrillo', 'Parroquia', 0, 321),
(1327, 'Tres Esquinas', 'Parroquia', 0, 321),
(1328, 'Cabimbú', 'Parroquia', 0, 322),
(1329, 'Jajó', 'Parroquia', 0, 322),
(1330, 'La Mesa de Esnujaque', 'Parroquia', 0, 322),
(1331, 'Santiago', 'Parroquia', 0, 322),
(1332, 'Tuñame', 'Parroquia', 0, 322),
(1333, 'La Quebrada', 'Parroquia', 0, 322),
(1334, 'Juan Ignacio Montilla', 'Parroquia', 0, 323),
(1335, 'La Beatriz', 'Parroquia', 0, 323),
(1336, 'La Puerta', 'Parroquia', 0, 323),
(1337, 'Mendoza del Valle de Momboy', 'Parroquia', 0, 323),
(1338, 'Mercedes Díaz', 'Parroquia', 0, 323),
(1339, 'San Luis', 'Parroquia', 0, 323),
(1340, 'Caraballeda', 'Parroquia', 0, 324),
(1341, 'Carayaca', 'Parroquia', 0, 324),
(1342, 'Carlos Soublette', 'Parroquia', 0, 324),
(1343, 'Caruao Chuspa', 'Parroquia', 0, 324),
(1344, 'Catia La Mar', 'Parroquia', 0, 324),
(1345, 'El Junko', 'Parroquia', 0, 324),
(1346, 'La Guaira', 'Parroquia', 0, 324),
(1347, 'Macuto', 'Parroquia', 0, 324),
(1348, 'Maiquetía', 'Parroquia', 0, 324),
(1349, 'Naiguatá', 'Parroquia', 0, 324),
(1350, 'Urimare', 'Parroquia', 0, 324),
(1351, 'Arístides Bastidas', 'Parroquia', 0, 325),
(1352, 'Bolívar', 'Parroquia', 0, 326),
(1353, 'Chivacoa', 'Parroquia', 0, 327),
(1354, 'Campo Elías', 'Parroquia', 0, 327),
(1355, 'Cocorote', 'Parroquia', 0, 328),
(1356, 'Independencia', 'Parroquia', 0, 329),
(1357, 'José Antonio Páez', 'Parroquia', 0, 330),
(1358, 'La Trinidad', 'Parroquia', 0, 331),
(1359, 'Manuel Monge', 'Parroquia', 0, 332),
(1360, 'Salóm', 'Parroquia', 0, 333);
INSERT INTO Lugar (idLugar, nombre, tipo, codigoPostal, Lugar_idLugar) VALUES
(1361, 'Temerla', 'Parroquia', 0, 333),
(1362, 'Nirgua', 'Parroquia', 0, 333),
(1363, 'San Andrés', 'Parroquia', 0, 334),
(1364, 'Yaritagua', 'Parroquia', 0, 334),
(1365, 'San Javier', 'Parroquia', 0, 335),
(1366, 'Albarico', 'Parroquia', 0, 335),
(1367, 'San Felipe', 'Parroquia', 0, 335),
(1368, 'Sucre', 'Parroquia', 0, 336),
(1369, 'Urachiche', 'Parroquia', 0, 337),
(1370, 'El Guayabo', 'Parroquia', 0, 338),
(1371, 'Farriar', 'Parroquia', 0, 338),
(1372, 'Isla de Toas', 'Parroquia', 0, 339),
(1373, 'Monagas', 'Parroquia', 0, 339),
(1374, 'General Urdaneta', 'Parroquia', 0, 340),
(1375, 'Libertador', 'Parroquia', 0, 340),
(1376, 'Marcelino Briceño', 'Parroquia', 0, 340),
(1377, 'Pueblo Nuevo', 'Parroquia', 0, 340),
(1378, 'Manuel Guanipa Matos', 'Parroquia', 0, 340),
(1379, 'Ambrosio', 'Parroquia', 0, 341),
(1380, 'Carmen Herrera', 'Parroquia', 0, 341),
(1381, 'La Rosa', 'Parroquia', 0, 341),
(1382, 'Germán Ríos Linares', 'Parroquia', 0, 341),
(1383, 'San Benito', 'Parroquia', 0, 341),
(1384, 'Rómulo Betancourt', 'Parroquia', 0, 341),
(1385, 'Jorge Hernández', 'Parroquia', 0, 341),
(1386, 'Punta Gorda', 'Parroquia', 0, 341),
(1387, 'Arístides Calvani', 'Parroquia', 0, 341),
(1388, 'Encontrados', 'Parroquia', 0, 342),
(1389, 'Udón Pérez', 'Parroquia', 0, 342),
(1390, 'Moralito', 'Parroquia', 0, 343),
(1391, 'San Carlos del Zulia', 'Parroquia', 0, 343),
(1392, 'Santa Cruz del Zulia', 'Parroquia', 0, 343),
(1393, 'Santa Bárbara', 'Parroquia', 0, 343),
(1394, 'Urribarrí', 'Parroquia', 0, 343),
(1395, 'Carlos Quevedo', 'Parroquia', 0, 344),
(1396, 'Francisco Javier Pulgar', 'Parroquia', 0, 344),
(1397, 'Simón Rodríguez', 'Parroquia', 0, 344),
(1398, 'Guamo-Gavilanes', 'Parroquia', 0, 344),
(1399, 'Sinamaica', 'Parroquia', 0, 345),
(1400, 'Alta Guajira', 'Parroquia', 0, 345),
(1401, 'Elías Sánchez Rubio', 'Parroquia', 0, 345),
(1402, 'Guajira', 'Parroquia', 0, 345),
(1403, 'La Concepción', 'Parroquia', 0, 346),
(1404, 'San José', 'Parroquia', 0, 346),
(1405, 'Mariano Parra León', 'Parroquia', 0, 346),
(1406, 'José Ramón Yépez', 'Parroquia', 0, 346),
(1407, 'Jesús María Semprún', 'Parroquia', 0, 347),
(1408, 'Barí', 'Parroquia', 0, 347),
(1409, 'Concepción', 'Parroquia', 0, 348),
(1410, 'Andrés Bello', 'Parroquia', 0, 348);
INSERT INTO Lugar (idLugar, nombre, tipo, codigoPostal, Lugar_idLugar) VALUES
(1411, 'Chiquinquirá', 'Parroquia', 0, 348),
(1412, 'El Carmelo', 'Parroquia', 0, 348),
(1413, 'Potreritos', 'Parroquia', 0, 348),
(1414, 'Libertad', 'Parroquia', 0, 349),
(1415, 'Alonso de Ojeda', 'Parroquia', 0, 349),
(1416, 'Venezuela', 'Parroquia', 0, 349),
(1417, 'Eleazar López Contreras', 'Parroquia', 0, 349),
(1418, 'Campo Lara', 'Parroquia', 0, 349),
(1419, 'Bartolomé de las Casas', 'Parroquia', 0, 350),
(1420, 'Libertad', 'Parroquia', 0, 350),
(1421, 'Río Negro', 'Parroquia', 0, 350),
(1422, 'San José de Perijá', 'Parroquia', 0, 350),
(1423, 'San Rafael', 'Parroquia', 0, 351),
(1424, 'La Sierrita', 'Parroquia', 0, 351),
(1425, 'Las Parcelas', 'Parroquia', 0, 351),
(1426, 'Luis de Vicente', 'Parroquia', 0, 351),
(1427, 'Monseñor Marcos Sergio Godoy', 'Parroquia', 0, 351),
(1428, 'Ricaurte', 'Parroquia', 0, 351),
(1429, 'Tamare', 'Parroquia', 0, 351),
(1430, 'Antonio Borjas Romero', 'Parroquia', 0, 352),
(1431, 'Bolívar', 'Parroquia', 0, 352),
(1432, 'Cacique Mara', 'Parroquia', 0, 352),
(1433, 'Carracciolo Parra Pérez', 'Parroquia', 0, 352),
(1434, 'Cecilio Acosta', 'Parroquia', 0, 352),
(1435, 'Cristo de Aranza', 'Parroquia', 0, 352),
(1436, 'Coquivacoa', 'Parroquia', 0, 352),
(1437, 'Chiquinquirá', 'Parroquia', 0, 352),
(1438, 'Francisco Eugenio Bustamante', 'Parroquia', 0, 352),
(1439, 'Idelfonzo Vásquez', 'Parroquia', 0, 352),
(1440, 'Juana de Ávila', 'Parroquia', 0, 352),
(1441, 'Luis Hurtado Higuera', 'Parroquia', 0, 352),
(1442, 'Manuel Dagnino', 'Parroquia', 0, 352),
(1443, 'Olegario Villalobos.', 'Parroquia', 0, 352),
(1444, 'Raúl Leoni', 'Parroquia', 0, 352),
(1445, 'Santa Lucía', 'Parroquia', 0, 352),
(1446, 'Venancio Pulgar', 'Parroquia', 0, 352),
(1447, 'San Isidro', 'Parroquia', 0, 352),
(1448, 'Altagracia', 'Parroquia', 0, 353),
(1449, 'Faría', 'Parroquia', 0, 353),
(1450, 'Ana María Campos', 'Parroquia', 0, 353),
(1451, 'San Antonio', 'Parroquia', 0, 353),
(1452, 'San José', 'Parroquia', 0, 353),
(1453, 'Donaldo García', 'Parroquia', 0, 354),
(1454, 'El Rosario', 'Parroquia', 0, 354),
(1455, 'Sixto Zambrano', 'Parroquia', 0, 354),
(1456, 'San Francisco', 'Parroquia', 0, 355),
(1457, 'El Bajo', 'Parroquia', 0, 355),
(1458, 'Domitila Flores', 'Parroquia', 0, 355),
(1459, 'Francisco Ochoa', 'Parroquia', 0, 355),
(1460, 'Los Cortijos', 'Parroquia', 0, 355);
INSERT INTO Lugar (idLugar, nombre, tipo, codigoPostal, Lugar_idLugar) VALUES
(1461, 'Marcial Hernández', 'Parroquia', 0, 355),
(1462, 'Santa Rita', 'Parroquia', 0, 356),
(1463, 'El Mene', 'Parroquia', 0, 356),
(1464, 'Pedro Lucas Urribarrí', 'Parroquia', 0, 356),
(1465, 'José Cenobio Urribarrí', 'Parroquia', 0, 356),
(1466, 'Rafael Maria Baralt', 'Parroquia', 0, 357),
(1467, 'Manuel Manrique', 'Parroquia', 0, 357),
(1468, 'Rafael Urdaneta', 'Parroquia', 0, 357),
(1469, 'Bobures', 'Parroquia', 0, 358),
(1470, 'Gibraltar', 'Parroquia', 0, 358),
(1471, 'Heras', 'Parroquia', 0, 358),
(1472, 'Monseñor Arturo Álvarez', 'Parroquia', 0, 358),
(1473, 'Rómulo Gallegos', 'Parroquia', 0, 358),
(1474, 'El Batey', 'Parroquia', 0, 358),
(1475, 'Rafael Urdaneta', 'Parroquia', 0, 359),
(1476, 'La Victoria', 'Parroquia', 0, 359),
(1477, 'Raúl Cuenca', 'Parroquia', 0, 359),
(1478, '23 de enero', 'Parroquia', 0, 360),
(1479, 'Altagracia', 'Parroquia', 0, 360),
(1480, 'Antímano', 'Parroquia', 0, 360),
(1481, 'Caricuao', 'Parroquia', 0, 360),
(1482, 'Catedral', 'Parroquia', 0, 360),
(1483, 'Coche', 'Parroquia', 0, 360),
(1484, 'El Junquito', 'Parroquia', 0, 360),
(1485, 'El Paraíso', 'Parroquia', 0, 360),
(1486, 'El Recreo', 'Parroquia', 0, 360),
(1487, 'El Valle', 'Parroquia', 0, 360),
(1488, 'Candelaria', 'Parroquia', 0, 360),
(1489, 'La Pastora', 'Parroquia', 0, 360),
(1490, 'La Vega', 'Parroquia', 0, 360),
(1491, 'Macarao', 'Parroquia', 0, 360),
(1492, 'San Agustín', 'Parroquia', 0, 360),
(1493, 'San Bernardino', 'Parroquia', 0, 360),
(1494, 'San José', 'Parroquia', 0, 360),
(1495, 'San Juan', 'Parroquia', 0, 360),
(1496, 'San Pedro', 'Parroquia', 0, 360),
(1497, 'Santa Rosalía', 'Parroquia', 0, 360),
(1498, 'Santa Teresa', 'Parroquia', 0, 360),
(1499, 'Sucre (Catia)', 'Parroquia', 0, 360);
SELECT setval('Lugar_SEQ', 1499);

-- TOTAL: 1 país + 24 estados + 335 municipios + 1139 parroquias = 1499 registros

/*
1. Seguridad y Catálogos Base
Estas tablas deben generarse primero, ya que no dependen de otras.
*/

-- 2. INSERCIÓN DE CATÁLOGOS BASE (IDs Explícitos para control total)
-- Permisos
INSERT INTO Permiso (idPermiso, nombre) VALUES
(1, 'CONSULTAR'),
(2, 'MODIFICAR'),
(3, 'CREAR'),
(4, 'BORRAR');

-- Roles
INSERT INTO Rol (idRol, nombre, descripcion) VALUES
(1, 'Administrador', 'Acceso total al sistema Dream Legacy'),
(2, 'Ingeniero I+D', 'Gestión de diseños y moldes'),
(3, 'Analista Mercado', 'Solo lectura de reportes y subastas'),
(4, 'Supervisor Planta', 'Supervisión de producción y calidad'),
(5, 'Operario Planta', 'Operación de maquinaria y ensamblaje'),
(6, 'Logística', 'Gestión de inventario y envíos'),
(7, 'Ventas B2B', 'Gestión de pedidos corporativos'),
(8, 'Soporte Técnico', 'Soporte de sistemas y equipos'),
(9, 'Recursos Humanos', 'Gestión de personal y nómina'),
(10, 'Contabilidad', 'Gestión financiera y contable');

-- 3. MATRIZ DE INTERSECCIÓN (RolPermiso)
-- Administrador: Tiene los 4 permisos
INSERT INTO RolPermiso (idRolPermiso, Rol_idRol, Permisos_idPermiso) VALUES
(1, 1, 1),
(2, 1, 2),
(3, 1, 3),
(4, 1, 4);

-- Ingeniero I+D: Consultar (1), Modificar (2), Crear (3)
INSERT INTO RolPermiso (idRolPermiso, Rol_idRol, Permisos_idPermiso) VALUES
(5, 2, 1),
(6, 2, 2),
(7, 2, 3);

-- Analista Mercado: Solo Consultar (1)
INSERT INTO RolPermiso (idRolPermiso, Rol_idRol, Permisos_idPermiso) VALUES
(8, 3, 1);

-- Supervisor Planta: Aprobar (5), Consultar (1)
INSERT INTO RolPermiso (idRolPermiso, Rol_idRol, Permisos_idPermiso) VALUES
(9, 4, 2),
(10, 4, 1);

-- 4. SINCRONIZACIÓN DE SECUENCIAS
SELECT setval('Permiso_SEQ', 4);
SELECT setval('Rol_SEQ', 10);
SELECT setval('RolPermiso_SEQ', 10);
SELECT setval('Empleado_SEQ', 20);
SELECT setval('Usuario_SEQ', 20);
SELECT setval('ComisionVenta_SEQ', 10);
SELECT setval('BackOrder_SEQ', 1200);
SELECT setval('OrdenCompra_SEQ', 400);
SELECT setval('DetalleCompraNatural_SEQ', 800);

-- 5. EMPLEADOS
INSERT INTO Empleado (idEmpleado, cedula, pNombre, sNombre, pApellido, sApellido, fechaNacimiento, direccion, Lugar_idLugar) values (1, 30503267, 'Sydel', null, 'Monro', 'Bucksey', '4/7/1962', '94 Kennedy Place', 433);
INSERT INTO Empleado (idEmpleado, cedula, pNombre, sNombre, pApellido, sApellido, fechaNacimiento, direccion, Lugar_idLugar) values (2, 21073402, 'Patti', null, 'Schieferstein', 'MacQueen', '12/21/1985', '7 Merchant Alley', 1275);
INSERT INTO Empleado (idEmpleado, cedula, pNombre, sNombre, pApellido, sApellido, fechaNacimiento, direccion, Lugar_idLugar) values (3, 32752246, 'Valli', 'Alvie', 'Witchard', null, '2/15/1962', '15979 Schurz Parkway', 893);
INSERT INTO Empleado (idEmpleado, cedula, pNombre, sNombre, pApellido, sApellido, fechaNacimiento, direccion, Lugar_idLugar) values (4, 32308723, 'Virgina', 'Roobbie', 'Skells', null, '12/27/1968', '17667 Melrose Junction', 1338);
INSERT INTO Empleado (idEmpleado, cedula, pNombre, sNombre, pApellido, sApellido, fechaNacimiento, direccion, Lugar_idLugar) values (5, 12821962, 'Jocelyn', null, 'Huddle', 'Pleat', '8/4/1992', '7 Mandrake Drive', 835);
INSERT INTO Empleado (idEmpleado, cedula, pNombre, sNombre, pApellido, sApellido, fechaNacimiento, direccion, Lugar_idLugar) values (6, 21848060, 'Guglielmo', 'Ericha', 'Grindrod', 'Quartley', '1/27/1988', '3905 Quincy Plaza', 835);
INSERT INTO Empleado (idEmpleado, cedula, pNombre, sNombre, pApellido, sApellido, fechaNacimiento, direccion, Lugar_idLugar) values (7, 19118271, 'Rhea', null, 'Wilde', 'Searl', '9/15/2001', '62 Springview Circle', 1409);
INSERT INTO Empleado (idEmpleado, cedula, pNombre, sNombre, pApellido, sApellido, fechaNacimiento, direccion, Lugar_idLugar) values (8, 19027899, 'Druci', null, 'Chicchelli', 'Pember', '3/5/1963', '4 Westerfield Center', 1448);
INSERT INTO Empleado (idEmpleado, cedula, pNombre, sNombre, pApellido, sApellido, fechaNacimiento, direccion, Lugar_idLugar) values (9, 25259990, 'Lynda', 'Luce', 'Avieson', 'Franzetti', '3/6/1969', '54 Waxwing Plaza', 1357);
INSERT INTO Empleado (idEmpleado, cedula, pNombre, sNombre, pApellido, sApellido, fechaNacimiento, direccion, Lugar_idLugar) values (10, 22460927, 'Kelsy', 'Simonne', 'Attenborrow', 'Trussman', '11/15/2005', '332 Annamark Parkway', 885);
INSERT INTO Empleado (idEmpleado, cedula, pNombre, sNombre, pApellido, sApellido, fechaNacimiento, direccion, Lugar_idLugar) values (11, 13996069, 'Lisa', 'Adair', 'Scoone', null, '3/31/1999', '01928 Mesta Way', 397);
INSERT INTO Empleado (idEmpleado, cedula, pNombre, sNombre, pApellido, sApellido, fechaNacimiento, direccion, Lugar_idLugar) values (12, 11825907, 'Ruby', null, 'Norker', 'Nibloe', '6/28/2006', '2 Lighthouse Bay Court', 1131);
INSERT INTO Empleado (idEmpleado, cedula, pNombre, sNombre, pApellido, sApellido, fechaNacimiento, direccion, Lugar_idLugar) values (13, 12895665, 'Denice', 'Deck', 'Hillyatt', null, '5/10/2005', '70 Cottonwood Junction', 1375);
INSERT INTO Empleado (idEmpleado, cedula, pNombre, sNombre, pApellido, sApellido, fechaNacimiento, direccion, Lugar_idLugar) values (14, 12965631, 'Cari', 'Lana', 'Knappe', null, '11/20/1969', '08 South Point', 1100);
INSERT INTO Empleado (idEmpleado, cedula, pNombre, sNombre, pApellido, sApellido, fechaNacimiento, direccion, Lugar_idLugar) values (15, 12331581, 'Ashely', null, 'Gunby', 'Zoane', '12/13/1968', '87658 Hanson Street', 916);
INSERT INTO Empleado (idEmpleado, cedula, pNombre, sNombre, pApellido, sApellido, fechaNacimiento, direccion, Lugar_idLugar) values (16, 18574002, 'Tobe', null, 'Maundrell', null, '3/13/1963', '8764 Donald Way', 1323);
INSERT INTO Empleado (idEmpleado, cedula, pNombre, sNombre, pApellido, sApellido, fechaNacimiento, direccion, Lugar_idLugar) values (17, 28603402, 'Christoph', 'Veronique', 'Armin', 'Romeuf', '4/9/1976', '59 Orin Parkway', 824);
INSERT INTO Empleado (idEmpleado, cedula, pNombre, sNombre, pApellido, sApellido, fechaNacimiento, direccion, Lugar_idLugar) values (18, 21366129, 'Hershel', 'Aindrea', 'Trimmill', null, '9/20/2000', '945 Sheridan Crossing', 695);
INSERT INTO Empleado (idEmpleado, cedula, pNombre, sNombre, pApellido, sApellido, fechaNacimiento, direccion, Lugar_idLugar) values (19, 12754870, 'Marnie', 'Maiga', 'Scritch', 'Gilvary', '12/1/1962', '947 Eagan Way', 1380);
INSERT INTO Empleado (idEmpleado, cedula, pNombre, sNombre, pApellido, sApellido, fechaNacimiento, direccion, Lugar_idLugar) values (20, 17705892, 'Julita', 'Roze', 'Jereatt', null, '2/28/1993', '42 Westridge Hill', 1159);

-- 6. USUARIOS DE EMPLEADOS

INSERT INTO Usuario (idUsuario, nombreUsuario, correoElectronico, contraseña, estado, fechaRegistro, Rol_idRol, ClienteNatural_idClienteNatural, Empleado_idEmpleado) values (1, 'jhatherleigh0', 'ctorbett0@yellowbook.com', 'jT7\ljkL', 'ACTIVO', '5/11/2026', 3, null, 1);
INSERT INTO Usuario (idUsuario, nombreUsuario, correoElectronico, contraseña, estado, fechaRegistro, Rol_idRol, ClienteNatural_idClienteNatural, Empleado_idEmpleado) values (2, 'dosgood1', 'hwhitcombe1@microsoft.com', 'xW2@rBQfB`V<', 'ACTIVO', '12/20/2020', 3, null, 2);
INSERT INTO Usuario (idUsuario, nombreUsuario, correoElectronico, contraseña, estado, fechaRegistro, Rol_idRol, ClienteNatural_idClienteNatural, Empleado_idEmpleado) values (3, 'dketchell2', 'gwhitworth2@loc.gov', 'bA9(7<2n`+i', 'INACTIVO', '2/14/2020', 1, null, 3);
INSERT INTO Usuario (idUsuario, nombreUsuario, correoElectronico, contraseña, estado, fechaRegistro, Rol_idRol, ClienteNatural_idClienteNatural, Empleado_idEmpleado) values (4, 'trummins3', 'clegrice3@homestead.com', 'fD7&zwUw!', 'ACTIVO', '4/25/2019', 2, null, 4);
INSERT INTO Usuario (idUsuario, nombreUsuario, correoElectronico, contraseña, estado, fechaRegistro, Rol_idRol, ClienteNatural_idClienteNatural, Empleado_idEmpleado) values (5, 'dpeschke4', 'llaurie4@imageshack.us', 'eM2!/#M5<#be.@', 'INACTIVO', '3/17/2021', 1, null, 5);
INSERT INTO Usuario (idUsuario, nombreUsuario, correoElectronico, contraseña, estado, fechaRegistro, Rol_idRol, ClienteNatural_idClienteNatural, Empleado_idEmpleado) values (6, 'dgiacubbo5', 'tbarwick5@amazon.de', 'qM8&,O"9', 'INACTIVO', '1/10/2018', 1, null, 6);
INSERT INTO Usuario (idUsuario, nombreUsuario, correoElectronico, contraseña, estado, fechaRegistro, Rol_idRol, ClienteNatural_idClienteNatural, Empleado_idEmpleado) values (7, 'kantonchik6', 'piddison6@springer.com', 'vE3&<C0=L+jZ', 'ACTIVO', '5/23/2022', 1, null, 7);
INSERT INTO Usuario (idUsuario, nombreUsuario, correoElectronico, contraseña, estado, fechaRegistro, Rol_idRol, ClienteNatural_idClienteNatural, Empleado_idEmpleado) values (8, 'mphayre7', 'mdrivers7@nydailynews.com', 'iA9&`wVe+H7', 'ACTIVO', '7/20/2024', 1, null, 8);
INSERT INTO Usuario (idUsuario, nombreUsuario, correoElectronico, contraseña, estado, fechaRegistro, Rol_idRol, ClienteNatural_idClienteNatural, Empleado_idEmpleado) values (9, 'gmynard8', 'jeagan8@rakuten.co.jp', 'nI2/$isK|', 'ACTIVO', '5/5/2019', 3, null, 9);
INSERT INTO Usuario (idUsuario, nombreUsuario, correoElectronico, contraseña, estado, fechaRegistro, Rol_idRol, ClienteNatural_idClienteNatural, Empleado_idEmpleado) values (10, 'bgenery9', 'mpeplow9@un.org', 'tE9){xzZri$2xu', 'INACTIVO', '5/15/2024', 2, null, 10);
INSERT INTO Usuario (idUsuario, nombreUsuario, correoElectronico, contraseña, estado, fechaRegistro, Rol_idRol, ClienteNatural_idClienteNatural, Empleado_idEmpleado) values (11, 'cdaybella', 'tmillotta@loc.gov', 'nL8!FFT1.@', 'INACTIVO', '6/14/2025', 3, null, 11);
INSERT INTO Usuario (idUsuario, nombreUsuario, correoElectronico, contraseña, estado, fechaRegistro, Rol_idRol, ClienteNatural_idClienteNatural, Empleado_idEmpleado) values (12, 'dlippattb', 'jodellb@dyndns.org', 'bW7>`b(@lG', 'INACTIVO', '11/11/2018', 1, null, 12);
INSERT INTO Usuario (idUsuario, nombreUsuario, correoElectronico, contraseña, estado, fechaRegistro, Rol_idRol, ClienteNatural_idClienteNatural, Empleado_idEmpleado) values (13, 'bsymcockc', 'msconcec@addtoany.com', 'xS4=ET!''', 'INACTIVO', '1/27/2023', 1, null, 13);
INSERT INTO Usuario (idUsuario, nombreUsuario, correoElectronico, contraseña, estado, fechaRegistro, Rol_idRol, ClienteNatural_idClienteNatural, Empleado_idEmpleado) values (14, 'blantiffd', 'ralend@discovery.com', 'oJ4(zcBK_S?K+j''H', 'ACTIVO', '7/1/2016', 3, null, 14);
INSERT INTO Usuario (idUsuario, nombreUsuario, correoElectronico, contraseña, estado, fechaRegistro, Rol_idRol, ClienteNatural_idClienteNatural, Empleado_idEmpleado) values (15, 'astormse', 'mmossone@dot.gov', 'kP0+mripg', 'INACTIVO', '7/20/2017', 3, null, 15);
INSERT INTO Usuario (idUsuario, nombreUsuario, correoElectronico, contraseña, estado, fechaRegistro, Rol_idRol, ClienteNatural_idClienteNatural, Empleado_idEmpleado) values (16, 'mondrusekf', 'cguirauf@woothemes.com', 'cA7>UW5Y', 'INACTIVO', '4/2/2020', 1, null, 16);
INSERT INTO Usuario (idUsuario, nombreUsuario, correoElectronico, contraseña, estado, fechaRegistro, Rol_idRol, ClienteNatural_idClienteNatural, Empleado_idEmpleado) values (17, 'fclenchg', 'bkyndg@myspace.com', 'hB1?Q$UID"#mi', 'INACTIVO', '11/27/2024', 1, null, 17);
INSERT INTO Usuario (idUsuario, nombreUsuario, correoElectronico, contraseña, estado, fechaRegistro, Rol_idRol, ClienteNatural_idClienteNatural, Empleado_idEmpleado) values (18, 'hbispoh', 'ahaslochh@quantcast.com', 'qF0''ZDQ,h$', 'ACTIVO', '10/13/2018', 2, null, 18);
INSERT INTO Usuario (idUsuario, nombreUsuario, correoElectronico, contraseña, estado, fechaRegistro, Rol_idRol, ClienteNatural_idClienteNatural, Empleado_idEmpleado) values (19, 'kgiottoii', 'ftomaszkiewiczi@over-blog.com', 'gK4=b)"xoq<}{\3', 'ACTIVO', '11/26/2022', 2, null, 19);
INSERT INTO Usuario (idUsuario, nombreUsuario, correoElectronico, contraseña, estado, fechaRegistro, Rol_idRol, ClienteNatural_idClienteNatural, Empleado_idEmpleado) values (20, 'nmcdermidj', 'nmassonj@taobao.com', 'lL2''mW5Q3Q5', 'INACTIVO', '12/7/2023', 2, null, 20);

--------------------------------------------------------------------------------------------------
-- 2. Talento Humano (15 Tablas)
--------------------------------------------------------------------------------------------------

--------------------------------------------------------------------------------------------------
-- CLASIFICACION HISTORICA

INSERT INTO ClasificacionHistorica (idClasificacionHistorica, nombre, descripcion) values (1, 'Vintage Era', 'Pellentesque at nulla. Suspendisse potenti. Cras in purus eu magna vulputate luctus. Cum sociis natoque penatibus et magnis dis parturient montes, nascetur ridiculus mus. Vivamus vestibulum sagittis sapien. Cum sociis natoque penatibus et magnis dis parturient montes, nascetur ridiculus mus. Etiam vel augue. Vestibulum rutrum rutrum neque. Aenean auctor gravida sem.');
INSERT INTO ClasificacionHistorica (idClasificacionHistorica, nombre, descripcion) values (2, 'Mod Era', 'Vestibulum ante ipsum primis in faucibus orci luctus et ultrices posuere cubilia Curae; Donec pharetra, magna vestibulum aliquet ultrices, erat tortor sollicitudin mi, sit amet lobortis sapien sapien non mi. Integer ac neque. Duis bibendum. Morbi non quam nec dui luctus rutrum. Nulla tellus. In sagittis dui vel nisl. Duis ac nibh. Fusce lacus purus, aliquet at, feugiat non, pretium quis, lectus. Suspendisse potenti. In eleifend quam a odio.');
INSERT INTO ClasificacionHistorica (idClasificacionHistorica, nombre, descripcion) values (3, 'Malibu Era', 'Fusce lacus purus, aliquet at, feugiat non, pretium quis, lectus. Suspendisse potenti. In eleifend quam a odio. In hac habitasse platea dictumst. Maecenas ut massa quis augue luctus tincidunt.');
INSERT INTO ClasificacionHistorica (idClasificacionHistorica, nombre, descripcion) values (4, 'Superstar Era', 'Aliquam erat volutpat. In congue. Etiam justo. Etiam pretium iaculis justo. In hac habitasse platea dictumst. Etiam faucibus cursus urna.');
INSERT INTO ClasificacionHistorica (idClasificacionHistorica, nombre, descripcion) values (5, 'Collectible Era', 'Proin interdum mauris non ligula pellentesque ultrices. Phasellus id sapien in sapien iaculis congue.');
INSERT INTO ClasificacionHistorica (idClasificacionHistorica, nombre, descripcion) values (6, 'Modern Era', 'Morbi odio odio, elementum eu, interdum eu, tincidunt in, leo. Maecenas pulvinar lobortis est. Phasellus sit amet erat. Nulla tempus.');
INSERT INTO ClasificacionHistorica (idClasificacionHistorica, nombre, descripcion) values (7, 'Fashionistas Era', 'Nunc rhoncus dui vel sem. Sed sagittis. Nam congue, risus semper porta volutpat, quam pede lobortis ligula, sit amet eleifend pede libero quis orci.');
INSERT INTO ClasificacionHistorica (idClasificacionHistorica, nombre, descripcion) values (8, 'Y2K Revival', 'Nulla tempus. Vivamus in felis eu sapien cursus vestibulum. Proin eu mi. Nulla ac enim. In tempor, turpis nec euismod scelerisque, quam turpis adipiscing lorem, vitae mattis nibh ligula nec sem. Duis aliquam convallis nunc.');
INSERT INTO ClasificacionHistorica (idClasificacionHistorica, nombre, descripcion) values (9, 'Silkstone Era', 'Donec dapibus. Duis at velit eu est congue elementum. In hac habitasse platea dictumst. Morbi vestibulum, velit id pretium iaculis, diam erat fermentum justo, nec condimentum neque sapien placerat ante. Nulla justo. Aliquam quis turpis eget elit sodales scelerisque. Mauris sit amet eros. Suspendisse accumsan tortor quis turpis.');
INSERT INTO ClasificacionHistorica (idClasificacionHistorica, nombre, descripcion) values (10, 'Reproduction Era', 'Aliquam erat volutpat. In congue. Etiam justo. Etiam pretium iaculis justo. In hac habitasse platea dictumst. Etiam faucibus cursus urna. Ut tellus. Nulla ut erat id mauris vulputate elementum.');
INSERT INTO ClasificacionHistorica (idClasificacionHistorica, nombre, descripcion) values (11, 'BMR1959', 'Phasellus id sapien in sapien iaculis congue. Vivamus metus arcu, adipiscing molestie, hendrerit at, vulputate vitae, nisl. Aenean lectus. Pellentesque eget nunc. Donec quis orci eget orci vehicula condimentum. Curabitur in libero ut massa volutpat convallis.');
INSERT INTO ClasificacionHistorica (idClasificacionHistorica, nombre, descripcion) values (12, 'Pre-Mattel Origin', 'Integer non velit.');
INSERT INTO ClasificacionHistorica (idClasificacionHistorica, nombre, descripcion) values (13, 'Anniversary Editions', 'Phasellus in felis. Donec semper sapien a libero. Nam dui. Proin leo odio, porttitor id, consequat in, consequat ut, nulla.');
INSERT INTO ClasificacionHistorica (idClasificacionHistorica, nombre, descripcion) values (14, 'Holiday Editions', 'Morbi vel lectus in quam fringilla rhoncus. Mauris enim leo, rhoncus sed, vestibulum sit amet, cursus id, turpis. Integer aliquet, massa id lobortis convallis, tortor risus dapibus augue, vel accumsan tellus nisi eu orci. Mauris lacinia sapien quis libero. Nullam sit amet turpis elementum ligula vehicula consequat. Morbi a ipsum. Integer a nibh. In quis justo. Maecenas rhoncus aliquam lacus. Morbi quis tortor id nulla ultrices aliquet.');
INSERT INTO ClasificacionHistorica (idClasificacionHistorica, nombre, descripcion) values (15, 'Pop Culture Era', 'Nunc purus.');

--------------------------------------------------------------------------------------------------
-- CLASIFICACION DE EXCLUSIVIDAD

INSERT INTO ClasificacionExclusividad (idClasificacionExclusividad, nombre, descripcion) values (1, 'Playline', 'In hac habitasse platea dictumst.');
INSERT INTO ClasificacionExclusividad (idClasificacionExclusividad, nombre, descripcion) values (2, 'Pink Label', 'Suspendisse accumsan tortor quis turpis. Sed ante. Vivamus tortor. Duis mattis egestas metus. Aenean fermentum. Donec ut mauris eget massa tempor convallis.');
INSERT INTO ClasificacionExclusividad (idClasificacionExclusividad, nombre, descripcion) values (3, 'Black Label', 'Mauris enim leo, rhoncus sed, vestibulum sit amet, cursus id, turpis.');
INSERT INTO ClasificacionExclusividad (idClasificacionExclusividad, nombre, descripcion) values (4, 'Silver Label', 'Lorem ipsum dolor sit amet, consectetuer adipiscing elit. Proin risus. Praesent lectus. Vestibulum quam sapien, varius ut, blandit non, interdum in, ante.');
INSERT INTO ClasificacionExclusividad (idClasificacionExclusividad, nombre, descripcion) values (5, 'Gold Label', 'Morbi porttitor lorem id ligula. Suspendisse ornare consequat lectus. In est risus, auctor sed, tristique in, tempus sit amet, sem. Fusce consequat.');
INSERT INTO ClasificacionExclusividad (idClasificacionExclusividad, nombre, descripcion) values (6, 'Platinum Label', 'Phasellus id sapien in sapien iaculis congue. Vivamus metus arcu, adipiscing molestie, hendrerit at, vulputate vitae, nisl. Aenean lectus. Pellentesque eget nunc. Donec quis orci eget orci vehicula condimentum.');
INSERT INTO ClasificacionExclusividad (idClasificacionExclusividad, nombre, descripcion) values (7, 'Direct Exclusive (Mattel Creations)', 'Donec diam neque, vestibulum eget, vulputate ut, ultrices vel, augue. Vestibulum ante ipsum primis in faucibus orci luctus et ultrices posuere cubilia Curae; Donec pharetra, magna vestibulum aliquet ultrices, erat tortor sollicitudin mi, sit amet lobortis sapien sapien non mi. Integer ac neque. Duis bibendum. Morbi non quam nec dui luctus rutrum. Nulla tellus. In sagittis dui vel nisl. Duis ac nibh. Fusce lacus purus, aliquet at, feugiat non, pretium quis, lectus. Suspendisse potenti.');
INSERT INTO ClasificacionExclusividad (idClasificacionExclusividad, nombre, descripcion) values (8, 'Fan Club Exclusive (BFC)', 'Morbi non quam nec dui luctus rutrum. Nulla tellus. In sagittis dui vel nisl. Duis ac nibh.');
INSERT INTO ClasificacionExclusividad (idClasificacionExclusividad, nombre, descripcion) values (9, 'Convention Exclusive', 'Aliquam non mauris. Morbi non lectus. Aliquam sit amet diam in magna bibendum imperdiet. Nullam orci pede, venenatis non, sodales sed, tincidunt eu, felis. Fusce posuere felis sed lacus. Morbi sem mauris, laoreet ut, rhoncus aliquet, pulvinar sed, nisl. Nunc rhoncus dui vel sem.');
INSERT INTO ClasificacionExclusividad (idClasificacionExclusividad, nombre, descripcion) values (10, 'Store Exclusive (Target/Walmart)', 'Maecenas leo odio, condimentum id, luctus nec, molestie sed, justo. Pellentesque viverra pede ac diam. Cras pellentesque volutpat dui. Maecenas tristique, est et tempus semper, est quam pharetra magna, ac consequat metus sapien ut nunc. Vestibulum ante ipsum primis in faucibus orci luctus et ultrices posuere cubilia Curae; Mauris viverra diam vitae quam.');
INSERT INTO ClasificacionExclusividad (idClasificacionExclusividad, nombre, descripcion) values (11, 'Regional Exclusive (Europe/Asia)', 'In tempor, turpis nec euismod scelerisque, quam turpis adipiscing lorem, vitae mattis nibh ligula nec sem. Duis aliquam convallis nunc. Proin at turpis a pede posuere nonummy. Integer non velit. Donec diam neque, vestibulum eget, vulputate ut, ultrices vel, augue. Vestibulum ante ipsum primis in faucibus orci luctus et ultrices posuere cubilia Curae; Donec pharetra, magna vestibulum aliquet ultrices, erat tortor sollicitudin mi, sit amet lobortis sapien sapien non mi. Integer ac neque. Duis bibendum.');
INSERT INTO ClasificacionExclusividad (idClasificacionExclusividad, nombre, descripcion) values (12, 'Limited Run', 'Morbi sem mauris, laoreet ut, rhoncus aliquet, pulvinar sed, nisl. Nunc rhoncus dui vel sem. Sed sagittis. Nam congue, risus semper porta volutpat, quam pede lobortis ligula, sit amet eleifend pede libero quis orci. Nullam molestie nibh in lectus. Pellentesque at nulla. Suspendisse potenti. Cras in purus eu magna vulputate luctus. Cum sociis natoque penatibus et magnis dis parturient montes, nascetur ridiculus mus.');
INSERT INTO ClasificacionExclusividad (idClasificacionExclusividad, nombre, descripcion) values (13, 'OOAK (One of a Kind)', 'Nunc purus. Phasellus in felis. Donec semper sapien a libero. Nam dui. Proin leo odio, porttitor id, consequat in, consequat ut, nulla. Sed accumsan felis. Ut at dolor quis odio consequat varius. Integer ac leo. Pellentesque ultrices mattis odio. Donec vitae nisi.');
INSERT INTO ClasificacionExclusividad (idClasificacionExclusividad, nombre, descripcion) values (14, 'Signature Collection', 'Aenean lectus. Pellentesque eget nunc. Donec quis orci eget orci vehicula condimentum. Curabitur in libero ut massa volutpat convallis. Morbi odio odio, elementum eu, interdum eu, tincidunt in, leo. Maecenas pulvinar lobortis est. Phasellus sit amet erat.');
INSERT INTO ClasificacionExclusividad (idClasificacionExclusividad, nombre, descripcion) values (15, 'Employee Exclusive', 'Proin interdum mauris non ligula pellentesque ultrices. Phasellus id sapien in sapien iaculis congue. Vivamus metus arcu, adipiscing molestie, hendrerit at, vulputate vitae, nisl. Aenean lectus. Pellentesque eget nunc. Donec quis orci eget orci vehicula condimentum.');

--------------------------------------------------------------------------------------------------
-- MOLDE DE ROSTRO

INSERT INTO MoldeRostro (idMoldeRostro, nombre, descripcion, añoPatente) values (1, 'Millie', 'Integer ac leo. Pellentesque ultrices mattis odio. Donec vitae nisi. Nam ultrices, libero non mattis pulvinar, nulla pede ullamcorper augue, a suscipit nulla elit ac nulla. Sed vel enim sit amet nunc viverra dapibus. Nulla suscipit ligula in lacus. Curabitur at ipsum ac tellus semper interdum. Mauris ullamcorper purus sit amet nulla. Quisque arcu libero, rutrum ac, lobortis vel, dapibus at, diam. Nam tristique tortor eu pede.', '1977-06-30');
INSERT INTO MoldeRostro (idMoldeRostro, nombre, descripcion, añoPatente) values (2, 'CEO / Generation Girl', 'In hac habitasse platea dictumst. Aliquam augue quam, sollicitudin vitae, consectetuer eget, rutrum at, lorem. Integer tincidunt ante vel ipsum. Praesent blandit lacinia erat. Vestibulum sed magna at nunc commodo placerat.', '2008-12-10');
INSERT INTO MoldeRostro (idMoldeRostro, nombre, descripcion, añoPatente) values (3, 'Superstar', 'Nulla justo. Aliquam quis turpis eget elit sodales scelerisque. Mauris sit amet eros. Suspendisse accumsan tortor quis turpis. Sed ante. Vivamus tortor. Duis mattis egestas metus. Aenean fermentum. Donec ut mauris eget massa tempor convallis. Nulla neque libero, convallis eget, eleifend luctus, ultricies eu, nibh.', '1985-10-26');
INSERT INTO MoldeRostro (idMoldeRostro, nombre, descripcion, añoPatente) values (4, 'Mackie', 'Donec dapibus. Duis at velit eu est congue elementum. In hac habitasse platea dictumst. Morbi vestibulum, velit id pretium iaculis, diam erat fermentum justo, nec condimentum neque sapien placerat ante. Nulla justo. Aliquam quis turpis eget elit sodales scelerisque. Mauris sit amet eros. Suspendisse accumsan tortor quis turpis. Sed ante. Vivamus tortor.', '2016-10-23');
INSERT INTO MoldeRostro (idMoldeRostro, nombre, descripcion, añoPatente) values (5, 'Neysa', 'Morbi sem mauris, laoreet ut, rhoncus aliquet, pulvinar sed, nisl. Nunc rhoncus dui vel sem. Sed sagittis. Nam congue, risus semper porta volutpat, quam pede lobortis ligula, sit amet eleifend pede libero quis orci.', '2021-01-03');
INSERT INTO MoldeRostro (idMoldeRostro, nombre, descripcion, añoPatente) values (6, 'Ken (Original)', 'Aliquam quis turpis eget elit sodales scelerisque. Mauris sit amet eros. Suspendisse accumsan tortor quis turpis. Sed ante.', '2015-10-04');
INSERT INTO MoldeRostro (idMoldeRostro, nombre, descripcion, añoPatente) values (7, 'Ryan', 'Morbi porttitor lorem id ligula. Suspendisse ornare consequat lectus. In est risus, auctor sed, tristique in, tempus sit amet, sem. Fusce consequat. Nulla nisl. Nunc nisl. Duis bibendum, felis sed interdum venenatis, turpis enim blandit mi, in porttitor pede justo eu massa.', '1960-11-01');
INSERT INTO MoldeRostro (idMoldeRostro, nombre, descripcion, añoPatente) values (8, 'Steffie', 'Etiam pretium iaculis justo.', '2006-11-07');
INSERT INTO MoldeRostro (idMoldeRostro, nombre, descripcion, añoPatente) values (9, 'Teresa', 'Cras in purus eu magna vulputate luctus. Cum sociis natoque penatibus et magnis dis parturient montes, nascetur ridiculus mus. Vivamus vestibulum sagittis sapien.', '2009-08-28');
INSERT INTO MoldeRostro (idMoldeRostro, nombre, descripcion, añoPatente) values (10, 'Lea / Kayla', 'Morbi porttitor lorem id ligula. Suspendisse ornare consequat lectus. In est risus, auctor sed, tristique in, tempus sit amet, sem. Fusce consequat. Nulla nisl. Nunc nisl. Duis bibendum, felis sed interdum venenatis, turpis enim blandit mi, in porttitor pede justo eu massa. Donec dapibus.', '1967-07-30');
INSERT INTO MoldeRostro (idMoldeRostro, nombre, descripcion, añoPatente) values (11, 'Asha', 'Nullam varius. Nulla facilisi. Cras non velit nec nisi vulputate nonummy. Maecenas tincidunt lacus at velit. Vivamus vel nulla eget eros elementum pellentesque.', '1985-11-05');
INSERT INTO MoldeRostro (idMoldeRostro, nombre, descripcion, añoPatente) values (12, 'Goddess / Angel', 'Nulla mollis molestie lorem.', '1990-06-16');
INSERT INTO MoldeRostro (idMoldeRostro, nombre, descripcion, añoPatente) values (13, 'Mbili', 'Maecenas ut massa quis augue luctus tincidunt. Nulla mollis molestie lorem. Quisque ut erat. Curabitur gravida nisi at nibh. In hac habitasse platea dictumst. Aliquam augue quam, sollicitudin vitae, consectetuer eget, rutrum at, lorem.', '1960-03-29');
INSERT INTO MoldeRostro (idMoldeRostro, nombre, descripcion, añoPatente) values (14, 'Lara', 'Aenean fermentum. Donec ut mauris eget massa tempor convallis. Nulla neque libero, convallis eget, eleifend luctus, ultricies eu, nibh. Quisque id justo sit amet sapien dignissim vestibulum. Vestibulum ante ipsum primis in faucibus orci luctus et ultrices posuere cubilia Curae; Nulla dapibus dolor vel est. Donec odio justo, sollicitudin ut, suscipit a, feugiat et, eros.', '1977-06-19');
INSERT INTO MoldeRostro (idMoldeRostro, nombre, descripcion, añoPatente) values (15, 'Karl', 'Praesent blandit lacinia erat. Vestibulum sed magna at nunc commodo placerat. Praesent blandit. Nam nulla. Integer pede justo, lacinia eget, tincidunt eget, tempus vel, pede. Morbi porttitor lorem id ligula. Suspendisse ornare consequat lectus. In est risus, auctor sed, tristique in, tempus sit amet, sem.', '2017-06-28');

--------------------------------------------------------------------------------------------------
-- TONO PIEL

INSERT INTO TonoPiel (idTonoPiel, nombre, escalaFitzpatrick, valorClaridad, luminosidad) values (1, 'Nostalgic (Pale)', '2025-07-07', 'Claro', 15);
INSERT INTO TonoPiel (idTonoPiel, nombre, escalaFitzpatrick, valorClaridad, luminosidad) values (2, 'Neutra', '2025-09-11', 'Claro', 16);
INSERT INTO TonoPiel (idTonoPiel, nombre, escalaFitzpatrick, valorClaridad, luminosidad) values (3, 'LA Tan', '2025-12-29', 'Medio', 53);
INSERT INTO TonoPiel (idTonoPiel, nombre, escalaFitzpatrick, valorClaridad, luminosidad) values (4, 'Aphrodite', '2025-06-27', 'Oscuro', 13);
INSERT INTO TonoPiel (idTonoPiel, nombre, escalaFitzpatrick, valorClaridad, luminosidad) values (5, 'Brooklyn', '2026-05-13', 'Oscuro', 22);
INSERT INTO TonoPiel (idTonoPiel, nombre, escalaFitzpatrick, valorClaridad, luminosidad) values (6, 'Asha (Deep Brown)', '2026-03-11', 'Oscuro', 7);
INSERT INTO TonoPiel (idTonoPiel, nombre, escalaFitzpatrick, valorClaridad, luminosidad) values (7, 'Mbili (Medium Brown)', '2025-11-12', 'Claro', 32);
INSERT INTO TonoPiel (idTonoPiel, nombre, escalaFitzpatrick, valorClaridad, luminosidad) values (8, 'Pazette (Dark Brown)', '2026-06-06', 'Oscuro', 34);
INSERT INTO TonoPiel (idTonoPiel, nombre, escalaFitzpatrick, valorClaridad, luminosidad) values (9, 'Mari (Olive)', '2026-05-29', 'Oscuro', 64);
INSERT INTO TonoPiel (idTonoPiel, nombre, escalaFitzpatrick, valorClaridad, luminosidad) values (10, 'Lea (Light Tan)', '2026-01-14', 'Claro', 71);
INSERT INTO TonoPiel (idTonoPiel, nombre, escalaFitzpatrick, valorClaridad, luminosidad) values (11, 'Kayla (Light Olive)', '2025-10-30', 'Medio', 14);
INSERT INTO TonoPiel (idTonoPiel, nombre, escalaFitzpatrick, valorClaridad, luminosidad) values (12, 'Kira (Warm Tan)', '2026-02-26', 'Claro', 7);
INSERT INTO TonoPiel (idTonoPiel, nombre, escalaFitzpatrick, valorClaridad, luminosidad) values (13, 'Teresa (Medium Tan)', '2025-10-31', 'Oscuro', 83);
INSERT INTO TonoPiel (idTonoPiel, nombre, escalaFitzpatrick, valorClaridad, luminosidad) values (14, 'Porcelain', '2025-11-29', 'Claro', 68);
INSERT INTO TonoPiel (idTonoPiel, nombre, escalaFitzpatrick, valorClaridad, luminosidad) values (15, 'Fantasy (Blue/Green/Pink)', '2025-09-24', 'Claro', 54);

--------------------------------------------------------------------------------------------------
-- TIPO DE DISEÑO

INSERT INTO TipoDiseño (idTipoDiseño, nombre) values (1, 'Muñeca Articulada');
INSERT INTO TipoDiseño (idTipoDiseño, nombre) values (2, 'Muñeca Estática');
INSERT INTO TipoDiseño (idTipoDiseño, nombre) values (3, 'Playset (Escenario)');
INSERT INTO TipoDiseño (idTipoDiseño, nombre) values (4, 'Vehículo Terrestre');
INSERT INTO TipoDiseño (idTipoDiseño, nombre) values (5, 'Vehículo Acuático');
INSERT INTO TipoDiseño (idTipoDiseño, nombre) values (6, 'Vehículo Aéreo');
INSERT INTO TipoDiseño (idTipoDiseño, nombre) values (7, 'Prenda de Vestir (Ropa)');
INSERT INTO TipoDiseño (idTipoDiseño, nombre) values (8, 'Accesorio Pequeño');
INSERT INTO TipoDiseño (idTipoDiseño, nombre) values (9, 'Mascota / Animal');
INSERT INTO TipoDiseño (idTipoDiseño, nombre) values (10, 'Casa de Muñecas');
INSERT INTO TipoDiseño (idTipoDiseño, nombre) values (11, 'Dispositivo Electrónico (Toy)');
INSERT INTO TipoDiseño (idTipoDiseño, nombre) values (12, 'Figura de Acción (Masculina)');
INSERT INTO TipoDiseño (idTipoDiseño, nombre) values (13, 'Muebles a Escala');
INSERT INTO TipoDiseño (idTipoDiseño, nombre) values (14, 'Juego de Construcción');
INSERT INTO TipoDiseño (idTipoDiseño, nombre) values (15, 'Coleccionable Diorama');

--------------------------------------------------------------------------------------------------
-- DISEÑO

TRUNCATE TABLE diseño CASCADE;

INSERT INTO Diseño (idDiseño, nombre, descripcion, ClasificacionHistorica_idClasificacionHistorica, ClasificacionExclusividad_idClasificacionExclusividad, TonoPiel_idTonoPiel, MoldeRostro_idMoldeRostro, TipoDiseño_idTipoDiseño, Diseño_idDiseño) values (1, 'Barbie Original 1959 (Bathing Suit)', 'Primera edición histórica. Muñeca con traje de baño a rayas blancas y negras, gafas de sol y zapatos abiertos.', 14, 7, 9, 6, 7, null);
INSERT INTO Diseño (idDiseño, nombre, descripcion, ClasificacionHistorica_idClasificacionHistorica, ClasificacionExclusividad_idClasificacionExclusividad, TonoPiel_idTonoPiel, MoldeRostro_idMoldeRostro, TipoDiseño_idTipoDiseño, Diseño_idDiseño) values (2, 'Barbie Malibu 1971', 'La icónica muñeca de playa con piel bronceada, cabello rubio liso y traje de baño azul celeste.', 1, 8, 11, 6, 6, null);
INSERT INTO Diseño (idDiseño, nombre, descripcion, ClasificacionHistorica_idClasificacionHistorica, ClasificacionExclusividad_idClasificacionExclusividad, TonoPiel_idTonoPiel, MoldeRostro_idMoldeRostro, TipoDiseño_idTipoDiseño, Diseño_idDiseño) values (3, 'Barbie Totally Hair 1992', 'La muñeca más vendida de la historia, caracterizada por su cabello hasta los tobillos y minivestido psicodélico.', 8, 6, 2, 11, 3, null);
INSERT INTO Diseño (idDiseño, nombre, descripcion, ClasificacionHistorica_idClasificacionHistorica, ClasificacionExclusividad_idClasificacionExclusividad, TonoPiel_idTonoPiel, MoldeRostro_idMoldeRostro, TipoDiseño_idTipoDiseño, Diseño_idDiseño) values (4, 'Barbie Peaches ''n Cream 1984', 'Edición clásica de los 80s con un elegante vestido de gala color durazno y accesorios a juego.', 4, 1, 1, 2, 12, null);
INSERT INTO Diseño (idDiseño, nombre, descripcion, ClasificacionHistorica_idClasificacionHistorica, ClasificacionExclusividad_idClasificacionExclusividad, TonoPiel_idTonoPiel, MoldeRostro_idMoldeRostro, TipoDiseño_idTipoDiseño, Diseño_idDiseño) values (5, 'Ken Original 1961', 'Primer modelo del novio de Barbie, con traje de baño rojo, toalla amarilla y sandalias.', 8, 2, 6, 5, 2, null);
INSERT INTO Diseño (idDiseño, nombre, descripcion, ClasificacionHistorica_idClasificacionHistorica, ClasificacionExclusividad_idClasificacionExclusividad, TonoPiel_idTonoPiel, MoldeRostro_idMoldeRostro, TipoDiseño_idTipoDiseño, Diseño_idDiseño) values (6, 'Barbie Dreamhouse Playset (3 Pisos)', 'Estructura modular de casa de muñecas con ascensor funcional, piscina y accesorios de mobiliario.', 10, 15, 9, 12, 14, null);
INSERT INTO Diseño (idDiseño, nombre, descripcion, ClasificacionHistorica_idClasificacionHistorica, ClasificacionExclusividad_idClasificacionExclusividad, TonoPiel_idTonoPiel, MoldeRostro_idMoldeRostro, TipoDiseño_idTipoDiseño, Diseño_idDiseño) values (7, 'Barbie Holiday 2021 (Gold Dress)', 'Edición especial de Navidad con un espectacular vestido metálico dorado y detalles de pedrería.', 3, 11, 6, 1, 13, null);
INSERT INTO Diseño (idDiseño, nombre, descripcion, ClasificacionHistorica_idClasificacionHistorica, ClasificacionExclusividad_idClasificacionExclusividad, TonoPiel_idTonoPiel, MoldeRostro_idMoldeRostro, TipoDiseño_idTipoDiseño, Diseño_idDiseño) values (8, 'Barbie Inspiring Women: Frida Kahlo', 'Figura coleccionable que rinde homenaje a la icónica pintora mexicana con vestuario tradicional.', 15, 11, 1, 1, 3, null);
INSERT INTO Diseño (idDiseño, nombre, descripcion, ClasificacionHistorica_idClasificacionHistorica, ClasificacionExclusividad_idClasificacionExclusividad, TonoPiel_idTonoPiel, MoldeRostro_idMoldeRostro, TipoDiseño_idTipoDiseño, Diseño_idDiseño) values (9, 'Barbie Fashionistas #144 (Vitíligo)', 'Muñeca de la línea inclusiva Fashionistas que presenta vitíligo, fomentando la diversidad corporal.', 5, 10, 5, 9, 11, null);
INSERT INTO Diseño (idDiseño, nombre, descripcion, ClasificacionHistorica_idClasificacionHistorica, ClasificacionExclusividad_idClasificacionExclusividad, TonoPiel_idTonoPiel, MoldeRostro_idMoldeRostro, TipoDiseño_idTipoDiseño, Diseño_idDiseño) values (10, 'Barbie Color Reveal (Serie Sirena)', 'Innovador concepto de empaque ciego donde la muñeca revela su diseño al sumergirse en agua tibia.', 6, 7, 1, 4, 13, null);
INSERT INTO Diseño (idDiseño, nombre, descripcion, ClasificacionHistorica_idClasificacionHistorica, ClasificacionExclusividad_idClasificacionExclusividad, TonoPiel_idTonoPiel, MoldeRostro_idMoldeRostro, TipoDiseño_idTipoDiseño, Diseño_idDiseño) values (11, 'Barbie Camper RV 3-en-1', 'Vehículo recreativo transformable que se abre para revelar múltiples áreas de juego y una barca.', 12, 9, 15, 9, 11, null);
INSERT INTO Diseño (idDiseño, nombre, descripcion, ClasificacionHistorica_idClasificacionHistorica, ClasificacionExclusividad_idClasificacionExclusividad, TonoPiel_idTonoPiel, MoldeRostro_idMoldeRostro, TipoDiseño_idTipoDiseño, Diseño_idDiseño) values (12, 'Barbie Extra #1 (Abrigo Arcoíris)', 'Línea de moda urbana exagerada, incluye mascota cerdito y múltiples accesorios brillantes.', 3, 7, 8, 8, 9, null);
INSERT INTO Diseño (idDiseño, nombre, descripcion, ClasificacionHistorica_idClasificacionHistorica, ClasificacionExclusividad_idClasificacionExclusividad, TonoPiel_idTonoPiel, MoldeRostro_idMoldeRostro, TipoDiseño_idTipoDiseño, Diseño_idDiseño) values (13, 'Skipper Babysitters Inc. Playset', 'Set de juego que incluye a la hermana menor Skipper, un bebé y accesorios para el cuidado infantil.', 15, 1, 6, 5, 13, null);
INSERT INTO Diseño (idDiseño, nombre, descripcion, ClasificacionHistorica_idClasificacionHistorica, ClasificacionExclusividad_idClasificacionExclusividad, TonoPiel_idTonoPiel, MoldeRostro_idMoldeRostro, TipoDiseño_idTipoDiseño, Diseño_idDiseño) values (14, 'Barbie Dia de Muertos 2022', 'Edición de coleccionista con maquillaje de calavera tradicional y vestido bordado floral premium.', 14, 8, 11, 7, 2, null);
INSERT INTO Diseño (idDiseño, nombre, descripcion, ClasificacionHistorica_idClasificacionHistorica, ClasificacionExclusividad_idClasificacionExclusividad, TonoPiel_idTonoPiel, MoldeRostro_idMoldeRostro, TipoDiseño_idTipoDiseño, Diseño_idDiseño) values (15, 'Ken Fashionistas #152 (Silla de Ruedas)', 'Muñeco Ken de la línea inclusiva, equipado con una silla de ruedas funcional y rampa.', 6, 7, 2, 14, 7, null);
INSERT INTO Diseño (idDiseño, nombre, descripcion, ClasificacionHistorica_idClasificacionHistorica, ClasificacionExclusividad_idClasificacionExclusividad, TonoPiel_idTonoPiel, MoldeRostro_idMoldeRostro, TipoDiseño_idTipoDiseño, Diseño_idDiseño) values (16, 'Barbie Astronauta 1965', 'Histórico diseño lanzado cuatro años antes de que el hombre llegara a la luna. Traje espacial plateado.', 14, 4, 10, 11, 8, null);
INSERT INTO Diseño (idDiseño, nombre, descripcion, ClasificacionHistorica_idClasificacionHistorica, ClasificacionExclusividad_idClasificacionExclusividad, TonoPiel_idTonoPiel, MoldeRostro_idMoldeRostro, TipoDiseño_idTipoDiseño, Diseño_idDiseño) values (17, 'Barbie Made to Move (Curvy)', 'Cuerpo con 22 puntos de articulación diseñado para posabilidad extrema, en silueta Curvy.', 14, 14, 3, 8, 12, null);
INSERT INTO Diseño (idDiseño, nombre, descripcion, ClasificacionHistorica_idClasificacionHistorica, ClasificacionExclusividad_idClasificacionExclusividad, TonoPiel_idTonoPiel, MoldeRostro_idMoldeRostro, TipoDiseño_idTipoDiseño, Diseño_idDiseño) values (18, 'Barbie Corvette Convertible', 'Vehículo deportivo a escala 1/6 con detalles cromados y asientos para dos muñecas.', 7, 15, 4, 9, 6, null);
INSERT INTO Diseño (idDiseño, nombre, descripcion, ClasificacionHistorica_idClasificacionHistorica, ClasificacionExclusividad_idClasificacionExclusividad, TonoPiel_idTonoPiel, MoldeRostro_idMoldeRostro, TipoDiseño_idTipoDiseño, Diseño_idDiseño) values (19, 'Barbie Signature: Bob Mackie Gold', 'Edición ultra exclusiva diseñada por Bob Mackie, con lentejuelas bordadas a mano y plumas.', 15, 9, 1, 2, 8, null);
INSERT INTO Diseño (idDiseño, nombre, descripcion, ClasificacionHistorica_idClasificacionHistorica, ClasificacionExclusividad_idClasificacionExclusividad, TonoPiel_idTonoPiel, MoldeRostro_idMoldeRostro, TipoDiseño_idTipoDiseño, Diseño_idDiseño) values (20, 'Teresa Rollerblade 1992', 'Amiga de Barbie con patines en línea funcionales que emiten chispas al rodar gracias a fricción interna.', 3, 7, 5, 6, 6, null);
INSERT INTO Diseño (idDiseño, nombre, descripcion, ClasificacionHistorica_idClasificacionHistorica, ClasificacionExclusividad_idClasificacionExclusividad, TonoPiel_idTonoPiel, MoldeRostro_idMoldeRostro, TipoDiseño_idTipoDiseño, Diseño_idDiseño) values (21, 'Barbie Veterinaria de la Selva', 'Set de profesiones que incluye crías de animales salvajes, mesa de examinación y estetoscopio.', 8, 10, 4, 3, 7, null);
INSERT INTO Diseño (idDiseño, nombre, descripcion, ClasificacionHistorica_idClasificacionHistorica, ClasificacionExclusividad_idClasificacionExclusividad, TonoPiel_idTonoPiel, MoldeRostro_idMoldeRostro, TipoDiseño_idTipoDiseño, Diseño_idDiseño) values (22, 'Barbie BMR1959 (Neon Jumpsuit)', 'Colección streetwear que celebra los 60 años de la marca con moda urbana de los años 90.', 12, 4, 3, 2, 8, null);
INSERT INTO Diseño (idDiseño, nombre, descripcion, ClasificacionHistorica_idClasificacionHistorica, ClasificacionExclusividad_idClasificacionExclusividad, TonoPiel_idTonoPiel, MoldeRostro_idMoldeRostro, TipoDiseño_idTipoDiseño, Diseño_idDiseño) values (23, 'Chelsea Club Treehouse Playset', 'Casa del árbol a escala de la hermana pequeña Chelsea, con tobogán y perrito de mascota.', 2, 5, 5, 6, 10, null);
INSERT INTO Diseño (idDiseño, nombre, descripcion, ClasificacionHistorica_idClasificacionHistorica, ClasificacionExclusividad_idClasificacionExclusividad, TonoPiel_idTonoPiel, MoldeRostro_idMoldeRostro, TipoDiseño_idTipoDiseño, Diseño_idDiseño) values (24, 'Barbie Silkstone Lingerie Model', 'Modelo coleccionista hecho de resina Silkstone pesada, simulando porcelana. Ropa interior vintage.', 12, 3, 4, 12, 11, null);
INSERT INTO Diseño (idDiseño, nombre, descripcion, ClasificacionHistorica_idClasificacionHistorica, ClasificacionExclusividad_idClasificacionExclusividad, TonoPiel_idTonoPiel, MoldeRostro_idMoldeRostro, TipoDiseño_idTipoDiseño, Diseño_idDiseño) values (25, 'Barbie Doctora de Bebés', 'Línea "Puedes ser lo que quieras". Incluye estación médica, incubadoras y dos muñecos bebés.', 7, 2, 10, 9, 10, null);
INSERT INTO Diseño (idDiseño, nombre, descripcion, ClasificacionHistorica_idClasificacionHistorica, ClasificacionExclusividad_idClasificacionExclusividad, TonoPiel_idTonoPiel, MoldeRostro_idMoldeRostro, TipoDiseño_idTipoDiseño, Diseño_idDiseño) values (26, 'Barbie Dream Boat (Avión/Crucero)', 'Vehículo de gran formato que se expande para formar un jet privado con compartimentos de lujo.', 2, 2, 6, 9, 11, null);
INSERT INTO Diseño (idDiseño, nombre, descripcion, ClasificacionHistorica_idClasificacionHistorica, ClasificacionExclusividad_idClasificacionExclusividad, TonoPiel_idTonoPiel, MoldeRostro_idMoldeRostro, TipoDiseño_idTipoDiseño, Diseño_idDiseño) values (27, 'Midge Pregnant (Happy Family 2002)', 'Polémica edición de la amiga Midge con pancita de embarazo magnética desprendible.', 12, 13, 2, 12, 11, null);
INSERT INTO Diseño (idDiseño, nombre, descripcion, ClasificacionHistorica_idClasificacionHistorica, ClasificacionExclusividad_idClasificacionExclusividad, TonoPiel_idTonoPiel, MoldeRostro_idMoldeRostro, TipoDiseño_idTipoDiseño, Diseño_idDiseño) values (28, 'Barbie Inspiring Women: Rosa Parks', 'Edición histórica celebrando los derechos civiles, con abrigo clásico y sombrero.', 13, 11, 11, 15, 7, null);
INSERT INTO Diseño (idDiseño, nombre, descripcion, ClasificacionHistorica_idClasificacionHistorica, ClasificacionExclusividad_idClasificacionExclusividad, TonoPiel_idTonoPiel, MoldeRostro_idMoldeRostro, TipoDiseño_idTipoDiseño, Diseño_idDiseño) values (29, 'Barbie Glam Convertible (Rosa)', 'Clásico auto convertible de dos plazas en rosa brillante, ruedas giratorias y cinturones de seguridad.', 6, 14, 9, 15, 2, null);
INSERT INTO Diseño (idDiseño, nombre, descripcion, ClasificacionHistorica_idClasificacionHistorica, ClasificacionExclusividad_idClasificacionExclusividad, TonoPiel_idTonoPiel, MoldeRostro_idMoldeRostro, TipoDiseño_idTipoDiseño, Diseño_idDiseño) values (30, 'Ken Earring Magic 1993', 'El modelo Ken más vendido de los 90s, con chaleco morado, cabello rubio y pendiente circular.', 8, 5, 9, 5, 5, null);
INSERT INTO Diseño (idDiseño, nombre, descripcion, ClasificacionHistorica_idClasificacionHistorica, ClasificacionExclusividad_idClasificacionExclusividad, TonoPiel_idTonoPiel, MoldeRostro_idMoldeRostro, TipoDiseño_idTipoDiseño, Diseño_idDiseño) values (31, 'Barbie Princesa Dreamtopia', 'Línea de fantasía. Vestido con luces LED interactivas en la falda y corona de arcoíris.', 11, 8, 2, 8, 1, null);
INSERT INTO Diseño (idDiseño, nombre, descripcion, ClasificacionHistorica_idClasificacionHistorica, ClasificacionExclusividad_idClasificacionExclusividad, TonoPiel_idTonoPiel, MoldeRostro_idMoldeRostro, TipoDiseño_idTipoDiseño, Diseño_idDiseño) values (32, 'Barbie Crystal Fantasy Collection (Amethyst)', 'Colección de diseñador inspirada en cristales naturales, maquillaje etéreo e incrustaciones.', 6, 9, 4, 3, 3, null);
INSERT INTO Diseño (idDiseño, nombre, descripcion, ClasificacionHistorica_idClasificacionHistorica, ClasificacionExclusividad_idClasificacionExclusividad, TonoPiel_idTonoPiel, MoldeRostro_idMoldeRostro, TipoDiseño_idTipoDiseño, Diseño_idDiseño) values (33, 'Barbie Fashionistas #167 (Prótesis)', 'Inclusión y diversidad. Muñeca con pierna protésica extraíble y estilo casual moderno.', 9, 7, 3, 10, 7, null);
INSERT INTO Diseño (idDiseño, nombre, descripcion, ClasificacionHistorica_idClasificacionHistorica, ClasificacionExclusividad_idClasificacionExclusividad, TonoPiel_idTonoPiel, MoldeRostro_idMoldeRostro, TipoDiseño_idTipoDiseño, Diseño_idDiseño) values (34, 'Barbie Pop Star 1986', 'Muñeca estrella de rock con micrófono de utilería, calentadores neón y guitarra eléctrica.', 7, 8, 13, 1, 7, null);
INSERT INTO Diseño (idDiseño, nombre, descripcion, ClasificacionHistorica_idClasificacionHistorica, ClasificacionExclusividad_idClasificacionExclusividad, TonoPiel_idTonoPiel, MoldeRostro_idMoldeRostro, TipoDiseño_idTipoDiseño, Diseño_idDiseño) values (35, 'Barbie Sirena Luces Brillantes', 'Aleta de plástico translúcido que se ilumina al presionar el collar, sellada contra agua.', 15, 9, 1, 10, 6, null);
INSERT INTO Diseño (idDiseño, nombre, descripcion, ClasificacionHistorica_idClasificacionHistorica, ClasificacionExclusividad_idClasificacionExclusividad, TonoPiel_idTonoPiel, MoldeRostro_idMoldeRostro, TipoDiseño_idTipoDiseño, Diseño_idDiseño) values (36, 'Barbie Signature: Tina Turner', 'Serie de mujeres inspiradoras. Incluye chaqueta de denim y look característico de los escenarios.', 8, 13, 12, 9, 12, null);
INSERT INTO Diseño (idDiseño, nombre, descripcion, ClasificacionHistorica_idClasificacionHistorica, ClasificacionExclusividad_idClasificacionExclusividad, TonoPiel_idTonoPiel, MoldeRostro_idMoldeRostro, TipoDiseño_idTipoDiseño, Diseño_idDiseño) values (37, 'Stacie Team Stacie Gymnastics', 'Set deportivo de la hermana Stacie, con barra de equilibrio funcional y medalla.', 10, 6, 15, 10, 4, null);
INSERT INTO Diseño (idDiseño, nombre, descripcion, ClasificacionHistorica_idClasificacionHistorica, ClasificacionExclusividad_idClasificacionExclusividad, TonoPiel_idTonoPiel, MoldeRostro_idMoldeRostro, TipoDiseño_idTipoDiseño, Diseño_idDiseño) values (38, 'Barbie Día de Spa y Mascarillas', 'Playset con masilla moldeable para crear mascarillas faciales, bata y estación de tocador.', 9, 2, 14, 6, 14, null);
INSERT INTO Diseño (idDiseño, nombre, descripcion, ClasificacionHistorica_idClasificacionHistorica, ClasificacionExclusividad_idClasificacionExclusividad, TonoPiel_idTonoPiel, MoldeRostro_idMoldeRostro, TipoDiseño_idTipoDiseño, Diseño_idDiseño) values (39, 'Barbie Repro: 1977 Superstar', 'Reproducción fiel para coleccionistas del icónico molde Superstar y vestido de satén fucsia.', 12, 1, 11, 13, 10, null);
INSERT INTO Diseño (idDiseño, nombre, descripcion, ClasificacionHistorica_idClasificacionHistorica, ClasificacionExclusividad_idClasificacionExclusividad, TonoPiel_idTonoPiel, MoldeRostro_idMoldeRostro, TipoDiseño_idTipoDiseño, Diseño_idDiseño) values (40, 'Barbie Ambulancia Clínica Móvil', 'Furgoneta transformable de más de 60 cm con sirenas funcionales, sala de espera y rayos X.', 12, 10, 4, 7, 15, null);
INSERT INTO Diseño (idDiseño, nombre, descripcion, ClasificacionHistorica_idClasificacionHistorica, ClasificacionExclusividad_idClasificacionExclusividad, TonoPiel_idTonoPiel, MoldeRostro_idMoldeRostro, TipoDiseño_idTipoDiseño, Diseño_idDiseño) values (41, 'Ken Fashionistas #164 (Cabello Largo)', 'Molde moderno con cabello enraizado largo rubio, camisa floral y cuerpo Broad.', 10, 11, 11, 8, 2, null);
INSERT INTO Diseño (idDiseño, nombre, descripcion, ClasificacionHistorica_idClasificacionHistorica, ClasificacionExclusividad_idClasificacionExclusividad, TonoPiel_idTonoPiel, MoldeRostro_idMoldeRostro, TipoDiseño_idTipoDiseño, Diseño_idDiseño) values (42, 'Barbie Extra Minis Playset', 'Boutique plegable con perchero rodante, espejos y accesorios miniatura para la línea Extra.', 6, 5, 3, 4, 12, null);
INSERT INTO Diseño (idDiseño, nombre, descripcion, ClasificacionHistorica_idClasificacionHistorica, ClasificacionExclusividad_idClasificacionExclusividad, TonoPiel_idTonoPiel, MoldeRostro_idMoldeRostro, TipoDiseño_idTipoDiseño, Diseño_idDiseño) values (43, 'Barbie Jueza 1993', 'Pieza vintage de empoderamiento femenino. Toga negra oficial y mazo de tribunal.', 11, 15, 7, 13, 2, null);
INSERT INTO Diseño (idDiseño, nombre, descripcion, ClasificacionHistorica_idClasificacionHistorica, ClasificacionExclusividad_idClasificacionExclusividad, TonoPiel_idTonoPiel, MoldeRostro_idMoldeRostro, TipoDiseño_idTipoDiseño, Diseño_idDiseño) values (44, 'Barbie Signature: David Bowie', 'Edición tributo al estilo de los años 90 de Bowie. Cabello rojo enraizado, traje a medida.', 5, 15, 11, 8, 1, null);
INSERT INTO Diseño (idDiseño, nombre, descripcion, ClasificacionHistorica_idClasificacionHistorica, ClasificacionExclusividad_idClasificacionExclusividad, TonoPiel_idTonoPiel, MoldeRostro_idMoldeRostro, TipoDiseño_idTipoDiseño, Diseño_idDiseño) values (45, 'Barbie Gimnasta Rítmica', 'Cuerpo Made to Move, incluye aros, cintas y batón. Diseño orientado a Juegos Olímpicos.', 4, 13, 6, 8, 8, null);
INSERT INTO Diseño (idDiseño, nombre, descripcion, ClasificacionHistorica_idClasificacionHistorica, ClasificacionExclusividad_idClasificacionExclusividad, TonoPiel_idTonoPiel, MoldeRostro_idMoldeRostro, TipoDiseño_idTipoDiseño, Diseño_idDiseño) values (46, 'Barbie Color Reveal (Serie Neón)', 'Tubo sorpresa donde la pintura hidrosoluble revela estampados reactivos a luz UV.', 12, 11, 4, 8, 3, null);
INSERT INTO Diseño (idDiseño, nombre, descripcion, ClasificacionHistorica_idClasificacionHistorica, ClasificacionExclusividad_idClasificacionExclusividad, TonoPiel_idTonoPiel, MoldeRostro_idMoldeRostro, TipoDiseño_idTipoDiseño, Diseño_idDiseño) values (47, 'Barbie Cafetería Pastelería', 'Playset interactivo. Funciones mecánicas para "hornear" plastilina con moldes de tartas.', 14, 5, 8, 8, 13, null);
INSERT INTO Diseño (idDiseño, nombre, descripcion, ClasificacionHistorica_idClasificacionHistorica, ClasificacionExclusividad_idClasificacionExclusividad, TonoPiel_idTonoPiel, MoldeRostro_idMoldeRostro, TipoDiseño_idTipoDiseño, Diseño_idDiseño) values (48, 'Ken Sireno (Merman)', 'Pieza de la línea Dreamtopia. Molde masculino con aleta colorida moldeada y corona.', 5, 2, 7, 1, 9, null);
INSERT INTO Diseño (idDiseño, nombre, descripcion, ClasificacionHistorica_idClasificacionHistorica, ClasificacionExclusividad_idClasificacionExclusividad, TonoPiel_idTonoPiel, MoldeRostro_idMoldeRostro, TipoDiseño_idTipoDiseño, Diseño_idDiseño) values (49, 'Barbie Repro: 1986 Rockers', 'Regreso a la era glam. Incluye cassette miniatura de colección y teclado keytar.', 2, 10, 8, 3, 10, null);
INSERT INTO Diseño (idDiseño, nombre, descripcion, ClasificacionHistorica_idClasificacionHistorica, ClasificacionExclusividad_idClasificacionExclusividad, TonoPiel_idTonoPiel, MoldeRostro_idMoldeRostro, TipoDiseño_idTipoDiseño, Diseño_idDiseño) values (50, 'Barbie Caballo Andador Interactivo', 'Accesorio motorizado. Caballo blanco con articulaciones autónomas y crin peinable.', 2, 6, 13, 12, 7, null);
INSERT INTO Diseño (idDiseño, nombre, descripcion, ClasificacionHistorica_idClasificacionHistorica, ClasificacionExclusividad_idClasificacionExclusividad, TonoPiel_idTonoPiel, MoldeRostro_idMoldeRostro, TipoDiseño_idTipoDiseño, Diseño_idDiseño) values (51, 'Barbie Piloto Comercial', 'Promoción de carreras STEM. Uniforme azul, sombrero de capitán y maleta rodante.', 4, 7, 3, 10, 2, null);
INSERT INTO Diseño (idDiseño, nombre, descripcion, ClasificacionHistorica_idClasificacionHistorica, ClasificacionExclusividad_idClasificacionExclusividad, TonoPiel_idTonoPiel, MoldeRostro_idMoldeRostro, TipoDiseño_idTipoDiseño, Diseño_idDiseño) values (52, 'Barbie Signature: Eleanor Roosevelt', 'Recreación histórica. Incluye vestido de época y empaque tipo libro biográfico.', 1, 12, 2, 11, 7, null);
INSERT INTO Diseño (idDiseño, nombre, descripcion, ClasificacionHistorica_idClasificacionHistorica, ClasificacionExclusividad_idClasificacionExclusividad, TonoPiel_idTonoPiel, MoldeRostro_idMoldeRostro, TipoDiseño_idTipoDiseño, Diseño_idDiseño) values (53, 'Barbie Creadora de Emojis', 'Prendas con tecnología de transferencia térmica para estampar gráficos mediante fricción.', 8, 14, 1, 9, 2, null);
INSERT INTO Diseño (idDiseño, nombre, descripcion, ClasificacionHistorica_idClasificacionHistorica, ClasificacionExclusividad_idClasificacionExclusividad, TonoPiel_idTonoPiel, MoldeRostro_idMoldeRostro, TipoDiseño_idTipoDiseño, Diseño_idDiseño) values (54, 'Barbie Gran Princesa (43 cm)', 'Muñeca de tamaño ampliado. Cepillo de gran formato para estilizar cabello extra largo.', 10, 15, 14, 6, 7, null);
INSERT INTO Diseño (idDiseño, nombre, descripcion, ClasificacionHistorica_idClasificacionHistorica, ClasificacionExclusividad_idClasificacionExclusividad, TonoPiel_idTonoPiel, MoldeRostro_idMoldeRostro, TipoDiseño_idTipoDiseño, Diseño_idDiseño) values (55, 'Ken Surfista (Malibu)', 'Figura playera. Tabla de surf de plástico sólido con anclajes para los pies del muñeco.', 14, 8, 15, 15, 3, null);
INSERT INTO Diseño (idDiseño, nombre, descripcion, ClasificacionHistorica_idClasificacionHistorica, ClasificacionExclusividad_idClasificacionExclusividad, TonoPiel_idTonoPiel, MoldeRostro_idMoldeRostro, TipoDiseño_idTipoDiseño, Diseño_idDiseño) values (56, 'Barbie Fashionistas #119 (Petite)', 'Nuevo cuerpo Petite introducido en 2016. Cabello azul corto y vestido a cuadros.', 3, 6, 13, 14, 8, null);
INSERT INTO Diseño (idDiseño, nombre, descripcion, ClasificacionHistorica_idClasificacionHistorica, ClasificacionExclusividad_idClasificacionExclusividad, TonoPiel_idTonoPiel, MoldeRostro_idMoldeRostro, TipoDiseño_idTipoDiseño, Diseño_idDiseño) values (57, 'Barbie Exploradora de Marte', 'Lanzamiento especial con casco presurizado de plástico ABS y mochila de soporte vital.', 15, 8, 12, 15, 7, null);
INSERT INTO Diseño (idDiseño, nombre, descripcion, ClasificacionHistorica_idClasificacionHistorica, ClasificacionExclusividad_idClasificacionExclusividad, TonoPiel_idTonoPiel, MoldeRostro_idMoldeRostro, TipoDiseño_idTipoDiseño, Diseño_idDiseño) values (58, 'Barbie Scooter Ciclomotor', 'Vehículo de dos ruedas motorizado en rosa pastel, con casco y cesta trasera para mascota.', 11, 15, 3, 8, 4, null);
INSERT INTO Diseño (idDiseño, nombre, descripcion, ClasificacionHistorica_idClasificacionHistorica, ClasificacionExclusividad_idClasificacionExclusividad, TonoPiel_idTonoPiel, MoldeRostro_idMoldeRostro, TipoDiseño_idTipoDiseño, Diseño_idDiseño) values (59, 'Barbie Signature: Elvis Presley', 'Traje ajustado "American Eagle" lleno de cristales, botas blancas y peinado icónico.', 13, 8, 15, 15, 2, null);
INSERT INTO Diseño (idDiseño, nombre, descripcion, ClasificacionHistorica_idClasificacionHistorica, ClasificacionExclusividad_idClasificacionExclusividad, TonoPiel_idTonoPiel, MoldeRostro_idMoldeRostro, TipoDiseño_idTipoDiseño, Diseño_idDiseño) values (60, 'Christie Original 1968', 'Primera amiga afroamericana de Barbie. Traje de baño de una pieza y corte de cabello Mod.', 4, 14, 14, 7, 4, null);
INSERT INTO Diseño (idDiseño, nombre, descripcion, ClasificacionHistorica_idClasificacionHistorica, ClasificacionExclusividad_idClasificacionExclusividad, TonoPiel_idTonoPiel, MoldeRostro_idMoldeRostro, TipoDiseño_idTipoDiseño, Diseño_idDiseño) values (61, 'Barbie Helicóptero de Lujo', 'Estructura rígida de gran volumen. Espacio para pilotos y pasajeros, carrito de snacks incluido.', 1, 7, 5, 3, 10, null);
INSERT INTO Diseño (idDiseño, nombre, descripcion, ClasificacionHistorica_idClasificacionHistorica, ClasificacionExclusividad_idClasificacionExclusividad, TonoPiel_idTonoPiel, MoldeRostro_idMoldeRostro, TipoDiseño_idTipoDiseño, Diseño_idDiseño) values (62, 'Barbie Extra #5 (Chaqueta Flecos)', 'Línea de tendencias audaces. Trenzas arcoíris extra largas, vehículo de mascota incorporado.', 2, 3, 1, 2, 8, null);
INSERT INTO Diseño (idDiseño, nombre, descripcion, ClasificacionHistorica_idClasificacionHistorica, ClasificacionExclusividad_idClasificacionExclusividad, TonoPiel_idTonoPiel, MoldeRostro_idMoldeRostro, TipoDiseño_idTipoDiseño, Diseño_idDiseño) values (63, 'Barbie Cuidadora de Pandas', 'Estación de rescate en la selva, hamacas columpio de bambú, báscula y pandas de PVC.', 14, 9, 6, 12, 15, null);
INSERT INTO Diseño (idDiseño, nombre, descripcion, ClasificacionHistorica_idClasificacionHistorica, ClasificacionExclusividad_idClasificacionExclusividad, TonoPiel_idTonoPiel, MoldeRostro_idMoldeRostro, TipoDiseño_idTipoDiseño, Diseño_idDiseño) values (64, 'Barbie Repro: Day-to-Night 1985', 'Innovación en moda transformable. Vestido de oficina que se revierte en traje de noche fucsia.', 10, 15, 1, 10, 2, null);
INSERT INTO Diseño (idDiseño, nombre, descripcion, ClasificacionHistorica_idClasificacionHistorica, ClasificacionExclusividad_idClasificacionExclusividad, TonoPiel_idTonoPiel, MoldeRostro_idMoldeRostro, TipoDiseño_idTipoDiseño, Diseño_idDiseño) values (65, 'Ken BMR1959 (Topknot)', 'Streetwear moderno de colección. Molde facial detallado, moño superior enraizado y chaqueta verde.', 10, 6, 1, 15, 1, null);
INSERT INTO Diseño (idDiseño, nombre, descripcion, ClasificacionHistorica_idClasificacionHistorica, ClasificacionExclusividad_idClasificacionExclusividad, TonoPiel_idTonoPiel, MoldeRostro_idMoldeRostro, TipoDiseño_idTipoDiseño, Diseño_idDiseño) values (66, 'Barbie Food Truck', 'Playset de granito plástico. Máquina de batidos, plancha de hamburguesas y accesorios miniatura.', 10, 3, 10, 14, 3, null);
INSERT INTO Diseño (idDiseño, nombre, descripcion, ClasificacionHistorica_idClasificacionHistorica, ClasificacionExclusividad_idClasificacionExclusividad, TonoPiel_idTonoPiel, MoldeRostro_idMoldeRostro, TipoDiseño_idTipoDiseño, Diseño_idDiseño) values (67, 'Barbie Fashionistas #135 (Alopecia)', 'Avance en representación. Muñeca sin cabello con maxiaretes dorados y vestido floral.', 8, 2, 12, 10, 3, null);
INSERT INTO Diseño (idDiseño, nombre, descripcion, ClasificacionHistorica_idClasificacionHistorica, ClasificacionExclusividad_idClasificacionExclusividad, TonoPiel_idTonoPiel, MoldeRostro_idMoldeRostro, TipoDiseño_idTipoDiseño, Diseño_idDiseño) values (68, 'Barbie Armario de Ensueño (Closet)', 'Mobiliario modular transportable con estantes, cajones, espejos y ganchos de ropa.', 9, 8, 8, 11, 3, null);
INSERT INTO Diseño (idDiseño, nombre, descripcion, ClasificacionHistorica_idClasificacionHistorica, ClasificacionExclusividad_idClasificacionExclusividad, TonoPiel_idTonoPiel, MoldeRostro_idMoldeRostro, TipoDiseño_idTipoDiseño, Diseño_idDiseño) values (69, 'Barbie Ingeniería Robótica', 'Iniciativa educativa. Incluye robot articulado, laptop y gafas protectoras para ensamblaje.', 10, 5, 9, 7, 7, null);
INSERT INTO Diseño (idDiseño, nombre, descripcion, ClasificacionHistorica_idClasificacionHistorica, ClasificacionExclusividad_idClasificacionExclusividad, TonoPiel_idTonoPiel, MoldeRostro_idMoldeRostro, TipoDiseño_idTipoDiseño, Diseño_idDiseño) values (70, 'Barbie Signature: Iris Apfel', 'Colección Mujeres Inspiradoras. Traje sastre texturizado y broche de perlas fiel a la época.', 13, 8, 2, 10, 4, null);
INSERT INTO Diseño (idDiseño, nombre, descripcion, ClasificacionHistorica_idClasificacionHistorica, ClasificacionExclusividad_idClasificacionExclusividad, TonoPiel_idTonoPiel, MoldeRostro_idMoldeRostro, TipoDiseño_idTipoDiseño, Diseño_idDiseño) values (71, 'Barbie Club de Chelsea: Cama', 'Módulo de habitación infantil. Cama nido doble, osito de felpa y estrella brillante de noche.', 11, 14, 1, 5, 10, null);
INSERT INTO Diseño (idDiseño, nombre, descripcion, ClasificacionHistorica_idClasificacionHistorica, ClasificacionExclusividad_idClasificacionExclusividad, TonoPiel_idTonoPiel, MoldeRostro_idMoldeRostro, TipoDiseño_idTipoDiseño, Diseño_idDiseño) values (72, 'Barbie Boutique de Mascotas', 'Estación de lavado canino con mecanismo de espuma usando agua real y jabón.', 13, 12, 11, 1, 11, null);
INSERT INTO Diseño (idDiseño, nombre, descripcion, ClasificacionHistorica_idClasificacionHistorica, ClasificacionExclusividad_idClasificacionExclusividad, TonoPiel_idTonoPiel, MoldeRostro_idMoldeRostro, TipoDiseño_idTipoDiseño, Diseño_idDiseño) values (73, 'Barbie Extra Muñeca + Auto', 'Bundle de lujo. Deportivo plateado brillante con puertas en ala de gaviota y piscina canina.', 10, 2, 1, 3, 8, null);
INSERT INTO Diseño (idDiseño, nombre, descripcion, ClasificacionHistorica_idClasificacionHistorica, ClasificacionExclusividad_idClasificacionExclusividad, TonoPiel_idTonoPiel, MoldeRostro_idMoldeRostro, TipoDiseño_idTipoDiseño, Diseño_idDiseño) values (74, 'Ken Fashionistas #174 (Cuerpo Broad)', 'Cuerpo modificado más ancho. Sudadera gráfica de cuadros y estilo urbano contemporáneo.', 4, 1, 15, 5, 4, null);
INSERT INTO Diseño (idDiseño, nombre, descripcion, ClasificacionHistorica_idClasificacionHistorica, ClasificacionExclusividad_idClasificacionExclusividad, TonoPiel_idTonoPiel, MoldeRostro_idMoldeRostro, TipoDiseño_idTipoDiseño, Diseño_idDiseño) values (75, 'Barbie Repro: Black Francie 1967', 'Tributo a la historia. Francie con atuendo geométrico vibrante y pestañas enraizadas reales.', 3, 13, 10, 4, 3, null);
INSERT INTO Diseño (idDiseño, nombre, descripcion, ClasificacionHistorica_idClasificacionHistorica, ClasificacionExclusividad_idClasificacionExclusividad, TonoPiel_idTonoPiel, MoldeRostro_idMoldeRostro, TipoDiseño_idTipoDiseño, Diseño_idDiseño) values (76, 'Barbie Supermercado Móvil', 'Estructura desplegable de mercado, escáner registradora, cinta transportadora y estanterías.', 5, 6, 15, 11, 13, null);
INSERT INTO Diseño (idDiseño, nombre, descripcion, ClasificacionHistorica_idClasificacionHistorica, ClasificacionExclusividad_idClasificacionExclusividad, TonoPiel_idTonoPiel, MoldeRostro_idMoldeRostro, TipoDiseño_idTipoDiseño, Diseño_idDiseño) values (77, 'Barbie Color Reveal (Serie Fiesta)', 'Acabados perlados y esponja reactiva a temperatura para revelar maquillaje festivo en el rostro.', 13, 15, 13, 7, 4, null);
INSERT INTO Diseño (idDiseño, nombre, descripcion, ClasificacionHistorica_idClasificacionHistorica, ClasificacionExclusividad_idClasificacionExclusividad, TonoPiel_idTonoPiel, MoldeRostro_idMoldeRostro, TipoDiseño_idTipoDiseño, Diseño_idDiseño) values (78, 'Barbie Bióloga Marina', 'Estación de laboratorio acuático. Telescopio, tubos de ensayo y flora marina de colores vivos.', 8, 2, 15, 7, 13, null);
INSERT INTO Diseño (idDiseño, nombre, descripcion, ClasificacionHistorica_idClasificacionHistorica, ClasificacionExclusividad_idClasificacionExclusividad, TonoPiel_idTonoPiel, MoldeRostro_idMoldeRostro, TipoDiseño_idTipoDiseño, Diseño_idDiseño) values (79, 'Barbie Signature: Celia Cruz', 'Muñeca tributo a la Reina de la Salsa. Micrófono vintage, vestido de rumbera y pedrería.', 8, 11, 13, 3, 13, null);
INSERT INTO Diseño (idDiseño, nombre, descripcion, ClasificacionHistorica_idClasificacionHistorica, ClasificacionExclusividad_idClasificacionExclusividad, TonoPiel_idTonoPiel, MoldeRostro_idMoldeRostro, TipoDiseño_idTipoDiseño, Diseño_idDiseño) values (80, 'Barbie Estudio de Diseño 3D', 'Playset creativo enfocado a moda DIY. Impresora 3D figurativa y textiles estampables.', 11, 2, 3, 6, 1, null);
INSERT INTO Diseño (idDiseño, nombre, descripcion, ClasificacionHistorica_idClasificacionHistorica, ClasificacionExclusividad_idClasificacionExclusividad, TonoPiel_idTonoPiel, MoldeRostro_idMoldeRostro, TipoDiseño_idTipoDiseño, Diseño_idDiseño) values (81, 'Stacie Scooters de Verano', 'Vehículo patinete plegable a escala 1/6 con clips de agarre de silicona para sostener a la muñeca.', 1, 7, 6, 15, 1, null);
INSERT INTO Diseño (idDiseño, nombre, descripcion, ClasificacionHistorica_idClasificacionHistorica, ClasificacionExclusividad_idClasificacionExclusividad, TonoPiel_idTonoPiel, MoldeRostro_idMoldeRostro, TipoDiseño_idTipoDiseño, Diseño_idDiseño) values (82, 'Barbie Repro: Dream Date 1984', 'Remake ochentero de la línea Date. Cabello voluminoso con laca y atuendo de lentejuelas.', 12, 6, 14, 7, 12, null);
INSERT INTO Diseño (idDiseño, nombre, descripcion, ClasificacionHistorica_idClasificacionHistorica, ClasificacionExclusividad_idClasificacionExclusividad, TonoPiel_idTonoPiel, MoldeRostro_idMoldeRostro, TipoDiseño_idTipoDiseño, Diseño_idDiseño) values (83, 'Barbie Floristería Mágica', 'Mecanismo de empaque que extruye flores de plastilina reutilizable. Estantes y jarrones.', 12, 11, 5, 7, 14, null);
INSERT INTO Diseño (idDiseño, nombre, descripcion, ClasificacionHistorica_idClasificacionHistorica, ClasificacionExclusividad_idClasificacionExclusividad, TonoPiel_idTonoPiel, MoldeRostro_idMoldeRostro, TipoDiseño_idTipoDiseño, Diseño_idDiseño) values (84, 'Ken Cuidado de Perritos', 'Centro de baño canino, esponjas y bañera que retiene el agua para simular el aseo.', 15, 6, 5, 11, 7, null);
INSERT INTO Diseño (idDiseño, nombre, descripcion, ClasificacionHistorica_idClasificacionHistorica, ClasificacionExclusividad_idClasificacionExclusividad, TonoPiel_idTonoPiel, MoldeRostro_idMoldeRostro, TipoDiseño_idTipoDiseño, Diseño_idDiseño) values (85, 'Barbie Extra #12 (Abrigo Floral)', 'Acento en modas exageradas, incluye bolso de DJ portátil de la mascota con detalles neón.', 2, 5, 13, 5, 4, null);
INSERT INTO Diseño (idDiseño, nombre, descripcion, ClasificacionHistorica_idClasificacionHistorica, ClasificacionExclusividad_idClasificacionExclusividad, TonoPiel_idTonoPiel, MoldeRostro_idMoldeRostro, TipoDiseño_idTipoDiseño, Diseño_idDiseño) values (86, 'Barbie Signature: Mark Ryden', 'Colaboración de diseñador, vestuario surrealista, pelaje sintético premium y bolsa peculiar.', 9, 5, 15, 2, 3, null);
INSERT INTO Diseño (idDiseño, nombre, descripcion, ClasificacionHistorica_idClasificacionHistorica, ClasificacionExclusividad_idClasificacionExclusividad, TonoPiel_idTonoPiel, MoldeRostro_idMoldeRostro, TipoDiseño_idTipoDiseño, Diseño_idDiseño) values (87, 'Barbie Piscina Glamour', 'Molde de piscina azul traslúcido, trampolín, tumbonas de plástico ABS y toldo extraíble.', 9, 13, 13, 11, 9, null);
INSERT INTO Diseño (idDiseño, nombre, descripcion, ClasificacionHistorica_idClasificacionHistorica, ClasificacionExclusividad_idClasificacionExclusividad, TonoPiel_idTonoPiel, MoldeRostro_idMoldeRostro, TipoDiseño_idTipoDiseño, Diseño_idDiseño) values (88, 'Chelsea Feria de Diversiones', 'Playset mecánico. Noria y coches de choque operables manualmente mediante una manivela.', 6, 11, 12, 5, 2, null);
INSERT INTO Diseño (idDiseño, nombre, descripcion, ClasificacionHistorica_idClasificacionHistorica, ClasificacionExclusividad_idClasificacionExclusividad, TonoPiel_idTonoPiel, MoldeRostro_idMoldeRostro, TipoDiseño_idTipoDiseño, Diseño_idDiseño) values (89, 'Barbie Cuidado de Elefantes', 'Centro de rescate asiático. Báscula pesada, hojas de bambú y elefantes de resina plástica.', 8, 4, 4, 5, 6, null);
INSERT INTO Diseño (idDiseño, nombre, descripcion, ClasificacionHistorica_idClasificacionHistorica, ClasificacionExclusividad_idClasificacionExclusividad, TonoPiel_idTonoPiel, MoldeRostro_idMoldeRostro, TipoDiseño_idTipoDiseño, Diseño_idDiseño) values (90, 'Barbie Astronauta Exploración', 'Conjunto exploratorio lunar. Herramientas de extracción, rocas lunares y bandera de la paz.', 9, 9, 15, 14, 13, null);
INSERT INTO Diseño (idDiseño, nombre, descripcion, ClasificacionHistorica_idClasificacionHistorica, ClasificacionExclusividad_idClasificacionExclusividad, TonoPiel_idTonoPiel, MoldeRostro_idMoldeRostro, TipoDiseño_idTipoDiseño, Diseño_idDiseño) values (91, 'Barbie Repro: 1962 Bubblecut', 'Edición clásica homenajeando el icónico peinado Bubblecut, vestido de punto dorado retro.', 5, 5, 13, 11, 6, null);
INSERT INTO Diseño (idDiseño, nombre, descripcion, ClasificacionHistorica_idClasificacionHistorica, ClasificacionExclusividad_idClasificacionExclusividad, TonoPiel_idTonoPiel, MoldeRostro_idMoldeRostro, TipoDiseño_idTipoDiseño, Diseño_idDiseño) values (92, 'Barbie Signature: Laverne Cox', 'Pieza histórica de activismo. Traje de gala en capas, peinado volumétrico y gran caja vitrina.', 4, 13, 1, 5, 14, null);
INSERT INTO Diseño (idDiseño, nombre, descripcion, ClasificacionHistorica_idClasificacionHistorica, ClasificacionExclusividad_idClasificacionExclusividad, TonoPiel_idTonoPiel, MoldeRostro_idMoldeRostro, TipoDiseño_idTipoDiseño, Diseño_idDiseño) values (93, 'Barbie Pizzería Móvil', 'Estación rodante de cocina de masa. Horno con efecto luz simulada de fuego e ingredientes miniatura.', 15, 13, 7, 10, 9, null);
INSERT INTO Diseño (idDiseño, nombre, descripcion, ClasificacionHistorica_idClasificacionHistorica, ClasificacionExclusividad_idClasificacionExclusividad, TonoPiel_idTonoPiel, MoldeRostro_idMoldeRostro, TipoDiseño_idTipoDiseño, Diseño_idDiseño) values (94, 'Ken Médico de Campo', 'Profesiones STEM. Ken equipado con maletín de primeros auxilios y férulas removibles de PVC.', 12, 11, 1, 14, 11, null);
INSERT INTO Diseño (idDiseño, nombre, descripcion, ClasificacionHistorica_idClasificacionHistorica, ClasificacionExclusividad_idClasificacionExclusividad, TonoPiel_idTonoPiel, MoldeRostro_idMoldeRostro, TipoDiseño_idTipoDiseño, Diseño_idDiseño) values (95, 'Barbie Color Reveal (Sorpresa Lluvia)', 'Capa especial que se deshace bajo la lluvia. Paraguas funcional con apertura de botón.', 8, 8, 9, 13, 2, null);
INSERT INTO Diseño (idDiseño, nombre, descripcion, ClasificacionHistorica_idClasificacionHistorica, ClasificacionExclusividad_idClasificacionExclusividad, TonoPiel_idTonoPiel, MoldeRostro_idMoldeRostro, TipoDiseño_idTipoDiseño, Diseño_idDiseño) values (96, 'Barbie BMR1959 (Puffer Jacket)', 'Moda de archivo coleccionable, chaquetón plateado sobredimensionado y gafas geométricas.', 5, 4, 10, 2, 12, null);
INSERT INTO Diseño (idDiseño, nombre, descripcion, ClasificacionHistorica_idClasificacionHistorica, ClasificacionExclusividad_idClasificacionExclusividad, TonoPiel_idTonoPiel, MoldeRostro_idMoldeRostro, TipoDiseño_idTipoDiseño, Diseño_idDiseño) values (97, 'Barbie Dreamtopia Castillo de Dulces', 'Playset vertical de 3 pisos ambientado en repostería fantástica, escalera de caracol azucarada.', 9, 3, 8, 10, 2, null);
INSERT INTO Diseño (idDiseño, nombre, descripcion, ClasificacionHistorica_idClasificacionHistorica, ClasificacionExclusividad_idClasificacionExclusividad, TonoPiel_idTonoPiel, MoldeRostro_idMoldeRostro, TipoDiseño_idTipoDiseño, Diseño_idDiseño) values (98, 'Barbie Paseo Perruno', 'Mecanismo de acción para enseñar adiestramiento. Cuerda articulada y perro paseador dinámico.', 12, 13, 2, 1, 3, null);
INSERT INTO Diseño (idDiseño, nombre, descripcion, ClasificacionHistorica_idClasificacionHistorica, ClasificacionExclusividad_idClasificacionExclusividad, TonoPiel_idTonoPiel, MoldeRostro_idMoldeRostro, TipoDiseño_idTipoDiseño, Diseño_idDiseño) values (99, 'Barbie Signature: Maya Angelou', 'Homenaje a la poetisa norteamericana. Diadema tradicional, libro en miniatura y vestido sastre.', 11, 4, 6, 10, 1, null);
INSERT INTO Diseño (idDiseño, nombre, descripcion, ClasificacionHistorica_idClasificacionHistorica, ClasificacionExclusividad_idClasificacionExclusividad, TonoPiel_idTonoPiel, MoldeRostro_idMoldeRostro, TipoDiseño_idTipoDiseño, Diseño_idDiseño) values (100, 'Barbie Fashionistas #175 (Tall)', 'Cuerpo modificado más alto y alargado, zapatos de piso modernos y camisa teñida tipo tie-dye.', 8, 6, 4, 13, 10, null);


--------------------------------------------------------------------------------------------------
-- TIPO DE RELACION

TRUNCATE TABLE TipoRelacion CASCADE;

INSERT INTO TipoRelacion (idTipoRelacion, nombreRelacion, Diseño_idDiseño, Diseño_idDiseño2) VALUES (1, 'Novios', 1, 5);
INSERT INTO TipoRelacion (idTipoRelacion, nombreRelacion, Diseño_idDiseño, Diseño_idDiseño2) VALUES (2, 'Hermanas (Mayor/Menor)', 1, 13);
INSERT INTO TipoRelacion (idTipoRelacion, nombreRelacion, Diseño_idDiseño, Diseño_idDiseño2) VALUES (3, 'Hermanas (Mayor/Toddler)', 1, 23);
INSERT INTO TipoRelacion (idTipoRelacion, nombreRelacion, Diseño_idDiseño, Diseño_idDiseño2) VALUES (4, 'Hermanas (Mayor/Tween)', 1, 37);
INSERT INTO TipoRelacion (idTipoRelacion, nombreRelacion, Diseño_idDiseño, Diseño_idDiseño2) VALUES (5, 'Mejores Amigas', 1, 27);
INSERT INTO TipoRelacion (idTipoRelacion, nombreRelacion, Diseño_idDiseño, Diseño_idDiseño2) VALUES (6, 'Amigas Históricas', 1, 60);
INSERT INTO TipoRelacion (idTipoRelacion, nombreRelacion, Diseño_idDiseño, Diseño_idDiseño2) VALUES (7, 'Amigas Íntimas', 1, 20);
INSERT INTO TipoRelacion (idTipoRelacion, nombreRelacion, Diseño_idDiseño, Diseño_idDiseño2) VALUES (8, 'Dueña / Mascota', 12, 12);
INSERT INTO TipoRelacion (idTipoRelacion, nombreRelacion, Diseño_idDiseño, Diseño_idDiseño2) VALUES (9, 'Hermanas (Medianas)', 13, 37);
INSERT INTO TipoRelacion (idTipoRelacion, nombreRelacion, Diseño_idDiseño, Diseño_idDiseño2) VALUES (10, 'Evolución de Personaje', 5, 30);
INSERT INTO TipoRelacion (idTipoRelacion, nombreRelacion, Diseño_idDiseño, Diseño_idDiseño2) VALUES (11, 'Evolución de Personaje', 1, 2);
INSERT INTO TipoRelacion (idTipoRelacion, nombreRelacion, Diseño_idDiseño, Diseño_idDiseño2) VALUES (12, 'Variante de Era', 39, 64);
INSERT INTO TipoRelacion (idTipoRelacion, nombreRelacion, Diseño_idDiseño, Diseño_idDiseño2) VALUES (13, 'Amigos / Compañeros', 15, 74);
INSERT INTO TipoRelacion (idTipoRelacion, nombreRelacion, Diseño_idDiseño, Diseño_idDiseño2) VALUES (14, 'Compañeros de Playa', 2, 55);
INSERT INTO TipoRelacion (idTipoRelacion, nombreRelacion, Diseño_idDiseño, Diseño_idDiseño2) VALUES (15, 'Colección Compartida', 22, 65);

--------------------------------------------------------------------------------------------------
-- COLOR

INSERT INTO Color (idColor, codigoHexadecimal, nombre) values (1, '#E0218A', 'Barbie Pink');
INSERT INTO Color (idColor, codigoHexadecimal, nombre) values (2, '#FF1493', 'Hot Pink');
INSERT INTO Color (idColor, codigoHexadecimal, nombre) values (3, '#FFB6C1', 'Pastel Pink');
INSERT INTO Color (idColor, codigoHexadecimal, nombre) values (4, '#00FFFF', 'Cyan');
INSERT INTO Color (idColor, codigoHexadecimal, nombre) values (5, '#FF00FF', 'Magenta');
INSERT INTO Color (idColor, codigoHexadecimal, nombre) values (6, '#32CD32', 'Lime Green');
INSERT INTO Color (idColor, codigoHexadecimal, nombre) values (7, '#E6E6FA', 'Lavender');
INSERT INTO Color (idColor, codigoHexadecimal, nombre) values (8, '#EE82EE', 'Violet');
INSERT INTO Color (idColor, codigoHexadecimal, nombre) values (9, '#98FF98', 'Mint');
INSERT INTO Color (idColor, codigoHexadecimal, nombre) values (10, '#FFD700', 'Gold');
INSERT INTO Color (idColor, codigoHexadecimal, nombre) values (11, '#C0C0C0', 'Silver');
INSERT INTO Color (idColor, codigoHexadecimal, nombre) values (12, '#B76E79', 'Rose Gold');
INSERT INTO Color (idColor, codigoHexadecimal, nombre) values (13, '#F3E5AB', 'Pearlescent White');
INSERT INTO Color (idColor, codigoHexadecimal, nombre) values (14, '#0F0F0F', 'Onyx Black');
INSERT INTO Color (idColor, codigoHexadecimal, nombre) values (15, '#FFFFFF', 'Clear Translucent');

--------------------------------------------------------------------------------------------------
-- MATERIAL

INSERT INTO Material (idMaterial, nombre, descripcion) values (1, 'Tela Algodón', 'Vivamus tortor. Duis mattis egestas metus. Aenean fermentum. Donec ut mauris eget massa tempor convallis. Nulla neque libero, convallis eget, eleifend luctus, ultricies eu, nibh. Quisque id justo sit amet sapien dignissim vestibulum. Vestibulum ante ipsum primis in faucibus orci luctus et ultrices posuere cubilia Curae; Nulla dapibus dolor vel est. Donec odio justo, sollicitudin ut, suscipit a, feugiat et, eros.');
INSERT INTO Material (idMaterial, nombre, descripcion) values (2, 'Metal Die-Cast', 'In hac habitasse platea dictumst. Aliquam augue quam, sollicitudin vitae, consectetuer eget, rutrum at, lorem. Integer tincidunt ante vel ipsum. Praesent blandit lacinia erat. Vestibulum sed magna at nunc commodo placerat.');
INSERT INTO Material (idMaterial, nombre, descripcion) values (3, 'PVC Blando', 'Integer non velit. Donec diam neque, vestibulum eget, vulputate ut, ultrices vel, augue. Vestibulum ante ipsum primis in faucibus orci luctus et ultrices posuere cubilia Curae; Donec pharetra, magna vestibulum aliquet ultrices, erat tortor sollicitudin mi, sit amet lobortis sapien sapien non mi. Integer ac neque. Duis bibendum. Morbi non quam nec dui luctus rutrum. Nulla tellus. In sagittis dui vel nisl. Duis ac nibh.');
INSERT INTO Material (idMaterial, nombre, descripcion) values (4, 'Poliéster', 'Vestibulum rutrum rutrum neque. Aenean auctor gravida sem. Praesent id massa id nisl venenatis lacinia. Aenean sit amet justo. Morbi ut odio. Cras mi pede, malesuada in, imperdiet et, commodo vulputate, justo.');
INSERT INTO Material (idMaterial, nombre, descripcion) values (5, 'PVC Blando', 'Phasellus in felis. Donec semper sapien a libero.');
INSERT INTO Material (idMaterial, nombre, descripcion) values (6, 'Kanekalon (Cabello)', 'Proin interdum mauris non ligula pellentesque ultrices. Phasellus id sapien in sapien iaculis congue. Vivamus metus arcu, adipiscing molestie, hendrerit at, vulputate vitae, nisl. Aenean lectus. Pellentesque eget nunc. Donec quis orci eget orci vehicula condimentum.');
INSERT INTO Material (idMaterial, nombre, descripcion) values (7, 'Cartón Reciclado', 'Proin leo odio, porttitor id, consequat in, consequat ut, nulla. Sed accumsan felis. Ut at dolor quis odio consequat varius. Integer ac leo. Pellentesque ultrices mattis odio. Donec vitae nisi. Nam ultrices, libero non mattis pulvinar, nulla pede ullamcorper augue, a suscipit nulla elit ac nulla. Sed vel enim sit amet nunc viverra dapibus.');
INSERT INTO Material (idMaterial, nombre, descripcion) values (8, 'PVC Blando', 'Maecenas leo odio, condimentum id, luctus nec, molestie sed, justo. Pellentesque viverra pede ac diam. Cras pellentesque volutpat dui. Maecenas tristique, est et tempus semper, est quam pharetra magna, ac consequat metus sapien ut nunc. Vestibulum ante ipsum primis in faucibus orci luctus et ultrices posuere cubilia Curae; Mauris viverra diam vitae quam. Suspendisse potenti. Nullam porttitor lacus at turpis. Donec posuere metus vitae ipsum. Aliquam non mauris.');
INSERT INTO Material (idMaterial, nombre, descripcion) values (9, 'Resina Epóxica', 'Sed ante.');
INSERT INTO Material (idMaterial, nombre, descripcion) values (10, 'Poliuretano', 'Integer ac neque. Duis bibendum. Morbi non quam nec dui luctus rutrum. Nulla tellus. In sagittis dui vel nisl. Duis ac nibh.');
INSERT INTO Material (idMaterial, nombre, descripcion) values (11, 'Poliuretano', 'Donec ut mauris eget massa tempor convallis. Nulla neque libero, convallis eget, eleifend luctus, ultricies eu, nibh. Quisque id justo sit amet sapien dignissim vestibulum. Vestibulum ante ipsum primis in faucibus orci luctus et ultrices posuere cubilia Curae; Nulla dapibus dolor vel est. Donec odio justo, sollicitudin ut, suscipit a, feugiat et, eros. Vestibulum ac est lacinia nisi venenatis tristique.');
INSERT INTO Material (idMaterial, nombre, descripcion) values (12, 'Poliéster', 'Donec diam neque, vestibulum eget, vulputate ut, ultrices vel, augue. Vestibulum ante ipsum primis in faucibus orci luctus et ultrices posuere cubilia Curae; Donec pharetra, magna vestibulum aliquet ultrices, erat tortor sollicitudin mi, sit amet lobortis sapien sapien non mi. Integer ac neque. Duis bibendum. Morbi non quam nec dui luctus rutrum. Nulla tellus. In sagittis dui vel nisl. Duis ac nibh. Fusce lacus purus, aliquet at, feugiat non, pretium quis, lectus. Suspendisse potenti.');
INSERT INTO Material (idMaterial, nombre, descripcion) values (13, 'Nylon (Cabello)', 'Etiam vel augue. Vestibulum rutrum rutrum neque. Aenean auctor gravida sem. Praesent id massa id nisl venenatis lacinia. Aenean sit amet justo. Morbi ut odio. Cras mi pede, malesuada in, imperdiet et, commodo vulputate, justo. In blandit ultrices enim.');
INSERT INTO Material (idMaterial, nombre, descripcion) values (14, 'Tela Sintética', 'Cum sociis natoque penatibus et magnis dis parturient montes, nascetur ridiculus mus. Vivamus vestibulum sagittis sapien. Cum sociis natoque penatibus et magnis dis parturient montes, nascetur ridiculus mus. Etiam vel augue. Vestibulum rutrum rutrum neque. Aenean auctor gravida sem. Praesent id massa id nisl venenatis lacinia.');
INSERT INTO Material (idMaterial, nombre, descripcion) values (15, 'Poliuretano', 'Vivamus tortor. Duis mattis egestas metus. Aenean fermentum.');

--------------------------------------------------------------------------------------------------
-- RESTRICCION

INSERT INTO Restriccion (idRestriccion, nombre, descripcion) values (1, 'Edad +3', 'Donec ut dolor. Morbi vel lectus in quam fringilla rhoncus. Mauris enim leo, rhoncus sed, vestibulum sit amet, cursus id, turpis. Integer aliquet, massa id lobortis convallis, tortor risus dapibus augue, vel accumsan tellus nisi eu orci. Mauris lacinia sapien quis libero. Nullam sit amet turpis elementum ligula vehicula consequat. Morbi a ipsum.');
INSERT INTO Restriccion (idRestriccion, nombre, descripcion) values (2, 'Edad +6', 'Donec posuere metus vitae ipsum. Aliquam non mauris. Morbi non lectus. Aliquam sit amet diam in magna bibendum imperdiet. Nullam orci pede, venenatis non, sodales sed, tincidunt eu, felis. Fusce posuere felis sed lacus. Morbi sem mauris, laoreet ut, rhoncus aliquet, pulvinar sed, nisl. Nunc rhoncus dui vel sem. Sed sagittis.');
INSERT INTO Restriccion (idRestriccion, nombre, descripcion) values (3, 'Piezas Pequeñas (Asfixia)', 'Mauris enim leo, rhoncus sed, vestibulum sit amet, cursus id, turpis. Integer aliquet, massa id lobortis convallis, tortor risus dapibus augue, vel accumsan tellus nisi eu orci. Mauris lacinia sapien quis libero. Nullam sit amet turpis elementum ligula vehicula consequat. Morbi a ipsum. Integer a nibh. In quis justo. Maecenas rhoncus aliquam lacus.');
INSERT INTO Restriccion (idRestriccion, nombre, descripcion) values (4, 'Uso Baterías', 'Duis consequat dui nec nisi volutpat eleifend. Donec ut dolor. Morbi vel lectus in quam fringilla rhoncus. Mauris enim leo, rhoncus sed, vestibulum sit amet, cursus id, turpis. Integer aliquet, massa id lobortis convallis, tortor risus dapibus augue, vel accumsan tellus nisi eu orci.');
INSERT INTO Restriccion (idRestriccion, nombre, descripcion) values (5, 'Peligro Enredo', 'Suspendisse potenti. Cras in purus eu magna vulputate luctus. Cum sociis natoque penatibus et magnis dis parturient montes, nascetur ridiculus mus. Vivamus vestibulum sagittis sapien. Cum sociis natoque penatibus et magnis dis parturient montes, nascetur ridiculus mus. Etiam vel augue.');
INSERT INTO Restriccion (idRestriccion, nombre, descripcion) values (6, 'Requiere Ensamblaje', 'Nulla tellus. In sagittis dui vel nisl. Duis ac nibh. Fusce lacus purus, aliquet at, feugiat non, pretium quis, lectus. Suspendisse potenti. In eleifend quam a odio. In hac habitasse platea dictumst.');
INSERT INTO Restriccion (idRestriccion, nombre, descripcion) values (7, 'Pintura No Tóxica', 'Cras mi pede, malesuada in, imperdiet et, commodo vulputate, justo. In blandit ultrices enim. Lorem ipsum dolor sit amet, consectetuer adipiscing elit. Proin interdum mauris non ligula pellentesque ultrices. Phasellus id sapien in sapien iaculis congue. Vivamus metus arcu, adipiscing molestie, hendrerit at, vulputate vitae, nisl. Aenean lectus. Pellentesque eget nunc. Donec quis orci eget orci vehicula condimentum. Curabitur in libero ut massa volutpat convallis.');
INSERT INTO Restriccion (idRestriccion, nombre, descripcion) values (8, 'Lejos del Fuego', 'Nulla facilisi. Cras non velit nec nisi vulputate nonummy. Maecenas tincidunt lacus at velit. Vivamus vel nulla eget eros elementum pellentesque. Quisque porta volutpat erat. Quisque erat eros, viverra eget, congue eget, semper rutrum, nulla.');
INSERT INTO Restriccion (idRestriccion, nombre, descripcion) values (9, 'No Sumergir', 'Quisque porta volutpat erat. Quisque erat eros, viverra eget, congue eget, semper rutrum, nulla. Nunc purus.');
INSERT INTO Restriccion (idRestriccion, nombre, descripcion) values (10, 'Lavar a Mano', 'Proin leo odio, porttitor id, consequat in, consequat ut, nulla.');
INSERT INTO Restriccion (idRestriccion, nombre, descripcion) values (11, 'No Planchar', 'Nullam orci pede, venenatis non, sodales sed, tincidunt eu, felis. Fusce posuere felis sed lacus. Morbi sem mauris, laoreet ut, rhoncus aliquet, pulvinar sed, nisl. Nunc rhoncus dui vel sem. Sed sagittis. Nam congue, risus semper porta volutpat, quam pede lobortis ligula, sit amet eleifend pede libero quis orci. Nullam molestie nibh in lectus. Pellentesque at nulla.');
INSERT INTO Restriccion (idRestriccion, nombre, descripcion) values (12, 'Fragil (Coleccionista)', 'Integer ac leo. Pellentesque ultrices mattis odio. Donec vitae nisi. Nam ultrices, libero non mattis pulvinar, nulla pede ullamcorper augue, a suscipit nulla elit ac nulla. Sed vel enim sit amet nunc viverra dapibus. Nulla suscipit ligula in lacus. Curabitur at ipsum ac tellus semper interdum. Mauris ullamcorper purus sit amet nulla. Quisque arcu libero, rutrum ac, lobortis vel, dapibus at, diam.');
INSERT INTO Restriccion (idRestriccion, nombre, descripcion) values (13, 'Certificación CE', 'Morbi porttitor lorem id ligula. Suspendisse ornare consequat lectus. In est risus, auctor sed, tristique in, tempus sit amet, sem. Fusce consequat. Nulla nisl. Nunc nisl. Duis bibendum, felis sed interdum venenatis, turpis enim blandit mi, in porttitor pede justo eu massa. Donec dapibus. Duis at velit eu est congue elementum.');
INSERT INTO Restriccion (idRestriccion, nombre, descripcion) values (14, 'Certificación ASTM', 'Duis bibendum. Morbi non quam nec dui luctus rutrum. Nulla tellus. In sagittis dui vel nisl. Duis ac nibh. Fusce lacus purus, aliquet at, feugiat non, pretium quis, lectus.');
INSERT INTO Restriccion (idRestriccion, nombre, descripcion) values (15, 'Edición Limitada', 'Aliquam sit amet diam in magna bibendum imperdiet. Nullam orci pede, venenatis non, sodales sed, tincidunt eu, felis. Fusce posuere felis sed lacus. Morbi sem mauris, laoreet ut, rhoncus aliquet, pulvinar sed, nisl. Nunc rhoncus dui vel sem. Sed sagittis. Nam congue, risus semper porta volutpat, quam pede lobortis ligula, sit amet eleifend pede libero quis orci.');

--------------------------------------------------------------------------------------------------
-- TIPO DE CUERPO

INSERT INTO TipoCuerpo (idTipoCuerpo, nombre, descripcion) values (1, 'Original', 'Duis ac nibh. Fusce lacus purus, aliquet at, feugiat non, pretium quis, lectus.');
INSERT INTO TipoCuerpo (idTipoCuerpo, nombre, descripcion) values (2, 'Broad (Ken)', 'In hac habitasse platea dictumst. Etiam faucibus cursus urna. Ut tellus. Nulla ut erat id mauris vulputate elementum. Nullam varius. Nulla facilisi. Cras non velit nec nisi vulputate nonummy. Maecenas tincidunt lacus at velit. Vivamus vel nulla eget eros elementum pellentesque. Quisque porta volutpat erat.');
INSERT INTO TipoCuerpo (idTipoCuerpo, nombre, descripcion) values (3, 'Model Muse', 'Nullam varius. Nulla facilisi. Cras non velit nec nisi vulputate nonummy. Maecenas tincidunt lacus at velit. Vivamus vel nulla eget eros elementum pellentesque. Quisque porta volutpat erat.');
INSERT INTO TipoCuerpo (idTipoCuerpo, nombre, descripcion) values (4, 'Made to Move', 'Proin at turpis a pede posuere nonummy. Integer non velit. Donec diam neque, vestibulum eget, vulputate ut, ultrices vel, augue. Vestibulum ante ipsum primis in faucibus orci luctus et ultrices posuere cubilia Curae; Donec pharetra, magna vestibulum aliquet ultrices, erat tortor sollicitudin mi, sit amet lobortis sapien sapien non mi. Integer ac neque.');
INSERT INTO TipoCuerpo (idTipoCuerpo, nombre, descripcion) values (5, 'Ever Flex', 'Cum sociis natoque penatibus et magnis dis parturient montes, nascetur ridiculus mus. Vivamus vestibulum sagittis sapien. Cum sociis natoque penatibus et magnis dis parturient montes, nascetur ridiculus mus. Etiam vel augue. Vestibulum rutrum rutrum neque. Aenean auctor gravida sem. Praesent id massa id nisl venenatis lacinia. Aenean sit amet justo. Morbi ut odio. Cras mi pede, malesuada in, imperdiet et, commodo vulputate, justo.');
INSERT INTO TipoCuerpo (idTipoCuerpo, nombre, descripcion) values (6, 'Skipper', 'In hac habitasse platea dictumst. Aliquam augue quam, sollicitudin vitae, consectetuer eget, rutrum at, lorem. Integer tincidunt ante vel ipsum. Praesent blandit lacinia erat.');
INSERT INTO TipoCuerpo (idTipoCuerpo, nombre, descripcion) values (7, 'Made to Move', 'Phasellus sit amet erat. Nulla tempus. Vivamus in felis eu sapien cursus vestibulum. Proin eu mi. Nulla ac enim. In tempor, turpis nec euismod scelerisque, quam turpis adipiscing lorem, vitae mattis nibh ligula nec sem. Duis aliquam convallis nunc. Proin at turpis a pede posuere nonummy. Integer non velit. Donec diam neque, vestibulum eget, vulputate ut, ultrices vel, augue.');
INSERT INTO TipoCuerpo (idTipoCuerpo, nombre, descripcion) values (8, 'Pivotal', 'Aenean auctor gravida sem. Praesent id massa id nisl venenatis lacinia. Aenean sit amet justo. Morbi ut odio. Cras mi pede, malesuada in, imperdiet et, commodo vulputate, justo. In blandit ultrices enim. Lorem ipsum dolor sit amet, consectetuer adipiscing elit.');
INSERT INTO TipoCuerpo (idTipoCuerpo, nombre, descripcion) values (9, 'Petite', 'Quisque id justo sit amet sapien dignissim vestibulum. Vestibulum ante ipsum primis in faucibus orci luctus et ultrices posuere cubilia Curae; Nulla dapibus dolor vel est. Donec odio justo, sollicitudin ut, suscipit a, feugiat et, eros.');
INSERT INTO TipoCuerpo (idTipoCuerpo, nombre, descripcion) values (10, 'Stacie', 'Maecenas pulvinar lobortis est. Phasellus sit amet erat. Nulla tempus.');
INSERT INTO TipoCuerpo (idTipoCuerpo, nombre, descripcion) values (11, 'Model Muse', 'Curabitur convallis. Duis consequat dui nec nisi volutpat eleifend. Donec ut dolor. Morbi vel lectus in quam fringilla rhoncus. Mauris enim leo, rhoncus sed, vestibulum sit amet, cursus id, turpis. Integer aliquet, massa id lobortis convallis, tortor risus dapibus augue, vel accumsan tellus nisi eu orci. Mauris lacinia sapien quis libero. Nullam sit amet turpis elementum ligula vehicula consequat.');
INSERT INTO TipoCuerpo (idTipoCuerpo, nombre, descripcion) values (12, 'Petite', 'Nam dui. Proin leo odio, porttitor id, consequat in, consequat ut, nulla. Sed accumsan felis. Ut at dolor quis odio consequat varius.');
INSERT INTO TipoCuerpo (idTipoCuerpo, nombre, descripcion) values (13, 'Stacie', 'Vestibulum ante ipsum primis in faucibus orci luctus et ultrices posuere cubilia Curae; Duis faucibus accumsan odio. Curabitur convallis.');
INSERT INTO TipoCuerpo (idTipoCuerpo, nombre, descripcion) values (14, 'Made to Move', 'In sagittis dui vel nisl. Duis ac nibh. Fusce lacus purus, aliquet at, feugiat non, pretium quis, lectus. Suspendisse potenti. In eleifend quam a odio. In hac habitasse platea dictumst. Maecenas ut massa quis augue luctus tincidunt. Nulla mollis molestie lorem. Quisque ut erat.');
INSERT INTO TipoCuerpo (idTipoCuerpo, nombre, descripcion) values (15, 'Pivotal', 'Nulla mollis molestie lorem. Quisque ut erat. Curabitur gravida nisi at nibh. In hac habitasse platea dictumst. Aliquam augue quam, sollicitudin vitae, consectetuer eget, rutrum at, lorem. Integer tincidunt ante vel ipsum. Praesent blandit lacinia erat.');

--------------------------------------------------------------------------------------------------
-- TIPO DE PIEZA

INSERT INTO TipoPieza (idTipoPieza, nombre) values (1, 'Cabeza');
INSERT INTO TipoPieza (idTipoPieza, nombre) values (2, 'Torso Superior');
INSERT INTO TipoPieza (idTipoPieza, nombre) values (3, 'Torso Inferior');
INSERT INTO TipoPieza (idTipoPieza, nombre) values (4, 'Brazo Izquierdo');
INSERT INTO TipoPieza (idTipoPieza, nombre) values (5, 'Brazo Derecho');
INSERT INTO TipoPieza (idTipoPieza, nombre) values (6, 'Pierna Izquierda');
INSERT INTO TipoPieza (idTipoPieza, nombre) values (7, 'Pierna Derecha');
INSERT INTO TipoPieza (idTipoPieza, nombre) values (8, 'Articulación Hombro');
INSERT INTO TipoPieza (idTipoPieza, nombre) values (9, 'Articulación Rodilla');
INSERT INTO TipoPieza (idTipoPieza, nombre) values (10, 'Cabello');
INSERT INTO TipoPieza (idTipoPieza, nombre) values (11, 'Ojos (Insert)');
INSERT INTO TipoPieza (idTipoPieza, nombre) values (12, 'Mano Izquierda');
INSERT INTO TipoPieza (idTipoPieza, nombre) values (13, 'Mano Derecha');
INSERT INTO TipoPieza (idTipoPieza, nombre) values (14, 'Pie Izquierdo');
INSERT INTO TipoPieza (idTipoPieza, nombre) values (15, 'Pie Derecho');

--------------------------------------------------------------------------------------------------
-- AMBIENTE

INSERT INTO Ambiente (idAmbiente, nombre, descripcion) VALUES
(1, 'Dreamhouse', 'Casa de ensueño icónica de 3 pisos con ascensor.'),
(2, 'Malibu Beach', 'Costa soleada con arena, olas y palmeras de plástico.'),
(3, 'Glam Pool', 'Piscina de verano con tobogán y tumbonas.'),
(4, 'Camper Van', 'Entorno de camping y carretera para vehículos recreativos.'),
(5, 'Dream Plane', 'Interior de jet privado de lujo y cabina de piloto.'),
(6, 'Vet Clinic', 'Clínica veterinaria con estación de cuidado y rayos X.'),
(7, 'Bakery Shop', 'Pastelería con hornos interactivos y estantes de dulces.'),
(8, 'Space Station', 'Entorno de gravedad cero para la línea de astronautas.'),
(9, 'Mermaid Cove', 'Reino submarino de Dreamtopia para sirenas.'),
(10, 'Fairy Kingdom', 'Bosque encantado con flora mágica y alas brillantes.'),
(11, 'Equestrian Center', 'Establo y pista de obstáculos para caballos interactivos.'),
(12, 'School Classroom', 'Aula con pizarra, pupitres y accesorios educativos STEM.'),
(13, 'Concert Stage', 'Escenario de rock con luces LED y micrófonos.'),
(14, 'Fashion Runway', 'Pasarela de moda con iluminación frontal y backstage.'),
(15, 'Boutique', 'Tienda de ropa con espejos, probadores y percheros.');

--------------------------------------------------------------------------------------------------
-- PIEZA

INSERT INTO Pieza (idPieza, nombre, descripcion, Color_idColor, TipoPieza_idTipoPieza) VALUES
(1, 'Cabeza Base Pearlescent', 'Cabeza moldeada lista para enraizado de cabello y pintura facial.', 13, 1),
(2, 'Torso Superior Original', 'Torso de plástico duro con anclajes para cuello y hombros.', 1, 2),
(3, 'Torso Inferior Articulado', 'Pelvis con sistema de rotación para piernas.', 1, 3),
(4, 'Brazo Izquierdo Recto', 'Brazo estándar sin articulación de codo.', 13, 4),
(5, 'Brazo Derecho Flexionado', 'Brazo moldeado en ángulo de 90 grados.', 13, 5),
(6, 'Pierna Izquierda Click-Clack', 'Pierna de vinilo con mecanismo interno de doble flexión.', 13, 6),
(7, 'Pierna Derecha Click-Clack', 'Pierna de vinilo con mecanismo interno de doble flexión.', 13, 7),
(8, 'Articulación Hombro Esférica', 'Bola de tensión para rotación de 360 grados.', 13, 8),
(9, 'Articulación Rodilla Doble', 'Mecanismo expuesto para la línea Made to Move.', 13, 9),
(10, 'Cabello Kanekalon Rubio', 'Lote de hebras sintéticas color Gold para enraizado.', 10, 10),
(11, 'Ojo Cyan (Inserto Acrílico)', 'Pieza ocular para modelos con mirada incrustada.', 4, 11),
(12, 'Mano Izquierda Abierta', 'Mano con dedos separados para sostener accesorios.', 13, 12),
(13, 'Mano Derecha con Anclaje', 'Mano con orificio para sujetar cepillos o carteras.', 13, 13),
(14, 'Pie Izquierdo Tacón', 'Pie arqueado moldeado para calzado de tacón alto.', 13, 14),
(15, 'Pie Derecho Tacón', 'Pie arqueado moldeado para calzado de tacón alto.', 13, 15);

--------------------------------------------------------------------------------------------------
-- SUB-ENSAMBLAJE

INSERT INTO SubEnsamblaje (idSubEnsamblaje, cantidad, Pieza_idPieza, Pieza_idPieza2) VALUES
(1, 1, 1, 2),   -- Cabeza (1) anclada a Torso Superior (2)
(2, 1, 2, 3),   -- Torso Superior (2) anclado a Torso Inferior (3)
(3, 1, 2, 4),   -- Torso Superior (2) anclado a Brazo Izquierdo (4)
(4, 1, 2, 5),   -- Torso Superior (2) anclado a Brazo Derecho (5)
(5, 1, 3, 6),   -- Torso Inferior (3) anclado a Pierna Izquierda (6)
(6, 1, 3, 7),   -- Torso Inferior (3) anclado a Pierna Derecha (7)
(7, 1, 4, 8),   -- Brazo Izquierdo (4) a Articulación Hombro (8)
(8, 1, 5, 8),   -- Brazo Derecho (5) a Articulación Hombro (8)
(9, 1, 6, 9),   -- Pierna Izquierda (6) a Articulación Rodilla (9)
(10, 1, 7, 9),  -- Pierna Derecha (7) a Articulación Rodilla (9)
(11, 150, 10, 1),-- 150 hebras de Cabello (10) enraizadas a Cabeza (1)
(12, 2, 11, 1), -- 2 Ojos Acrílicos (11) insertados en Cabeza (1)
(13, 1, 4, 12), -- Brazo Izquierdo (4) a Mano Izquierda (12)
(14, 1, 5, 13), -- Brazo Derecho (5) a Mano Derecha (13)
(15, 1, 6, 14); -- Pierna Izquierda (6) a Pie Izquierdo (14)

--------------------------------------------------------------------------------------------------
-- MATERIAL DISEÑO

INSERT INTO MaterialDiseño (idMaterialDiseño, cantidad, Diseño_idDiseño, Pieza_idPieza, Material_idMaterial) VALUES
(1, 50, 1, 1, 3),   -- Barbie 1959: Cabeza (1) usa 50g de PVC Blando (3)
(2, 120, 1, 2, 1),  -- Barbie 1959: Torso (2) usa 120g de Tela/Algodón (1)
(3, 30, 3, 10, 6),  -- Totally Hair: Cabello (10) usa 30g de Kanekalon (6)
(4, 60, 5, 1, 3),   -- Ken Original: Cabeza usa PVC Blando
(5, 150, 5, 2, 2),  -- Ken Original: Torso usa Metal/Plástico Duro (2)
(6, 20, 12, 1, 5),  -- Barbie Extra: Cabeza usa variante de PVC (5)
(7, 10, 17, 8, 10), -- Made to Move: Hombro usa Poliuretano duro (10)
(8, 10, 17, 9, 10), -- Made to Move: Rodilla usa Poliuretano duro (10)
(9, 45, 60, 1, 3),  -- Christie Original: Cabeza PVC Blando
(10, 35, 60, 10, 6),-- Christie Original: Cabello Kanekalon
(11, 25, 30, 4, 11),-- Ken Earring Magic: Brazo Poliuretano (11)
(12, 25, 30, 5, 11),-- Ken Earring Magic: Brazo Poliuretano (11)
(13, 15, 14, 10, 13),-- Dia de Muertos: Cabello Nylon (13)
(14, 90, 74, 2, 15),-- Ken Broad: Torso Poliuretano especial (15)
(15, 80, 100, 6, 8);-- Fashionista Tall: Piernas de PVC (8)

--------------------------------------------------------------------------------------------------
-- RESTRICCION-DISEÑO

INSERT INTO RestriccionDiseño (idRestriccionDiseño, nombre, descripcion, Diseño_idDiseño, Restriccion_idRestriccion, TipoCuerpo_idTipoCuerpo) VALUES
(1, 'Norma +3 Barbie Clásica', 'Evaluación de seguridad por piezas medianas desprendibles.', 1, 1, 1),
(2, 'Alerta Piezas Ken Original', 'Precaución por calzado miniatura que representa riesgo de asfixia.', 5, 3, 2),
(3, 'Norma Baterías Corvette', 'El circuito del motor del vehículo requiere supervisión de un adulto.', 18, 4, 1),
(4, 'Coleccionista Silkstone Premium', 'Material pesado imitación porcelana, prohibido para menores de 14 años.', 24, 12, 3),
(5, 'Ensamblaje Dreamhouse 3 Pisos', 'Requiere herramientas y armado estructural por parte de un adulto.', 6, 6, 1),
(6, 'Norma +3 Edición Skipper', 'Restricción preventiva por incluir accesorios de guardería pequeños.', 13, 1, 6),
(7, 'Certificación CE Barbie Extra', 'Sello de conformidad obligatoria para distribución en la Unión Europea.', 12, 13, 1),
(8, 'Exclusividad Limitada Bob Mackie', 'Lote numerado con restricción de venta masiva en tiendas playline.', 19, 15, 11),
(9, 'Pintura No Tóxica Fashionistas', 'Certificación química libre de plomo para los pigmentos del rostro.', 9, 7, 1),
(10, 'No Sumergir Princesa LED', 'La falda contiene fibra óptica y cables; prohibido el contacto con agua.', 31, 9, 1),
(11, 'Norma ASTM MadeToMove', 'Test de estrés mecánico superado en los 22 puntos de articulación.', 17, 14, 4),
(12, 'No Planchar Traje Día de Muertos', 'El vestido textil sintético cuenta con bordados propensos a derretirse.', 14, 11, 1),
(13, 'Lavar a Mano Abrigo Extra', 'Pelaje artificial delicado que pierde consistencia en lavadora automática.', 12, 10, 1),
(14, 'Alerta Enredo Totally Hair', 'Cabello de 30cm; peligro de atasco en piezas móviles o ruedas de juego.', 3, 5, 1),
(15, 'Norma +6 Ambulancia Clínica', 'Complejidad operativa alta por la cantidad de instrumental médico de PVC.', 40, 2, 1);

--------------------------------------------------------------------------------------------------
-- DISEÑO-AMBIENTE

INSERT INTO DiseñoAmbiente (idDiseñoAmbiente, interactivo, Diseño_idDiseño, Ambiente_idAmbiente) VALUES
(1, 'N', 2, 2),   -- Barbie Malibu (2) en Malibu Beach (2)
(2, 'N', 55, 2),  -- Ken Surfista (55) en Malibu Beach (2)
(3, 'Y', 6, 1),   -- Dreamhouse Playset (6) en Dreamhouse (1)
(4, 'Y', 11, 4),  -- Camper Van (11) en Camper Van (4)
(5, 'Y', 26, 5),  -- Dream Plane (26) en Dream Plane (5)
(6, 'Y', 21, 6),  -- Veterinaria Selva (21) en Vet Clinic (6)
(7, 'Y', 47, 7),  -- Cafetería (47) en Bakery Shop (7)
(8, 'N', 16, 8),  -- Astronauta 1965 (16) en Space Station (8)
(9, 'N', 57, 8),  -- Exploradora Marte (57) en Space Station (8)
(10, 'Y', 10, 9), -- Color Reveal Sirena (10) en Mermaid Cove (9)
(11, 'N', 48, 9), -- Ken Sireno (48) en Mermaid Cove (9)
(12, 'Y', 31, 10),-- Princesa Dreamtopia (31) en Fairy Kingdom (10)
(13, 'Y', 50, 11),-- Caballo Andador (50) en Equestrian Center (11)
(14, 'N', 34, 13),-- Pop Star 1986 (34) en Concert Stage (13)
(15, 'N', 12, 15);-- Barbie Extra (12) en Boutique (15)

--------------------------------------------------------------------------------------------------
-- DEPARTAMENTO

INSERT INTO Departamento (idDepartamento, nombre, direccion) VALUES
(1, 'Investigación y Desarrollo (I+D)', 'Torre Creativa, Piso 10'),
(2, 'Escultura y Modelado 3D', 'Torre Creativa, Piso 9'),
(3, 'Ingeniería de Materiales', 'Laboratorio Central, Ala Norte'),
(4, 'Matricería y Moldes', 'Planta de Manufactura, Sector A'),
(5, 'Inyección de Plásticos', 'Planta de Manufactura, Sector B'),
(6, 'Ensamblaje y Articulación', 'Planta de Manufactura, Sector C'),
(7, 'Enraizado y Estilismo de Cabello', 'Planta de Manufactura, Sector D'),
(8, 'Pintura Facial y Acabados', 'Planta de Manufactura, Sector E'),
(9, 'Confección Textil y Vestuario', 'Taller de Costura Principal'),
(10, 'Control de Calidad (QA)', 'Laboratorio Central, Ala Sur'),
(11, 'Empaquetado y Blíster', 'Centro de Distribución, Zona 1'),
(12, 'Logística y Despachos B2B', 'Centro de Distribución, Zona 2'),
(13, 'Marketing y Mercado B2C', 'Torre Corporativa, Piso 15'),
(14, 'Gestión de Subastas y Coleccionistas', 'Torre Corporativa, Piso 16'),
(15, 'Talento Humano y Nómina', 'Torre Corporativa, Piso 2');

--------------------------------------------------------------------------------------------------
-- PUESTO DE TRABAJO

INSERT INTO PuestoTrabajo (id, nombre, descripcion) VALUES
(1, 'Director de Diseño PLM', 'Lidera la conceptualización de nuevas líneas de Barbie.'),
(2, 'Escultor Digital Senior', 'Crea modelos 3D y aprueba mallas para mecanizado.'),
(3, 'Ingeniero Químico de Polímeros', 'Formula las mezclas de PVC, ABS y colorantes.'),
(4, 'Técnico Tornero CNC', 'Fabrica los moldes de acero inoxidable para inyección.'),
(5, 'Operador de Inyectora', 'Maneja la maquinaria pesada de inyección de plástico.'),
(6, 'Técnico de Enraizado', 'Opera las máquinas de costura capilar en las cabezas.'),
(7, 'Artista de Tampografía', 'Aplica la pintura de ojos, labios y cejas con precisión.'),
(8, 'Ensamblador de Línea', 'Une torsos, extremidades y articulaciones de presión.'),
(9, 'Costurera a Escala', 'Cose la indumentaria miniatura (1/6) de las muñecas.'),
(10, 'Inspector de Estrés ASTM', 'Aplica pruebas de fuerza y toxicidad a los prototipos.'),
(11, 'Empacador de Línea Final', 'Coloca el producto en su blíster e inserta manuales.'),
(12, 'Coordinador de Flota Logística', 'Supervisa despachos a retailers (Target, Walmart).'),
(13, 'Analista de Mercado Secundario', 'Fija precios base para el módulo de subastas BFC.'),
(14, 'Especialista en Reclutamiento', 'Contrata personal de planta e ingenieros.'),
(15, 'Analista de Sistemas (IT)', 'Mantiene activo el sistema Dream Legacy y la BD.');

--------------------------------------------------------------------------------------------------
-- PROFESION

INSERT INTO Profesion (idProfesion, nombre, descripcion) VALUES
(1, 'Diseñador Industrial', 'Especialista en ergonomía y diseño de productos de consumo.'),
(2, 'Ingeniero Industrial', 'Experto en optimización de líneas de producción y tiempos.'),
(3, 'Ingeniero de Materiales', 'Conocimientos avanzados en termoplásticos y resinas.'),
(4, 'Artista Plástico / Escultor', 'Habilidad manual y digital para anatomía a escala.'),
(5, 'Técnico Mecánico', 'Mantenimiento preventivo y correctivo de maquinaria pesada.'),
(6, 'Técnico Superior en Logística', 'Manejo de inventarios, Kardex y rutas de distribución.'),
(7, 'Diseñador de Modas', 'Creación de patrones y selección de textiles.'),
(8, 'Ingeniero Químico', 'Formulación de pinturas no tóxicas y tintes capilares.'),
(9, 'Licenciado en Mercadeo', 'Estrategias de penetración y comportamiento del consumidor.'),
(10, 'Licenciado en Administración', 'Manejo de presupuestos operativos y costos de producción.'),
(11, 'Psicólogo Industrial', 'Evaluación de clima laboral y pruebas psicotécnicas.'),
(12, 'Médico Ocupacional', 'Salud en planta y prevención de riesgos laborales.'),
(13, 'Ingeniero en Computación', 'Desarrollador Full Stack (Angular/C#) e infraestructura.'),
(14, 'Abogado Corporativo', 'Gestión de patentes de moldes y derechos de autor.'),
(15, 'Operario Integral Certificado', 'Personal capacitado en múltiples estaciones de ensamblaje.');

--------------------------------------------------------------------------------------------------
-- TURNO

INSERT INTO Turno (idTurno, porcentajeRecargo, nombre) VALUES
(1, 0, 'Diurno - Administrativo'), (2, 0, 'Diurno - Planta Línea 1'), (3, 0, 'Diurno - Planta Línea 2'),
(4, 15, 'Mixto - Planta Línea 1'), (5, 15, 'Mixto - Planta Línea 2'), (6, 15, 'Mixto - Logística B2B'),
(7, 30, 'Nocturno - Inyección Continua'), (8, 30, 'Nocturno - Mantenimiento'), (9, 30, 'Nocturno - Seguridad'),
(10, 50, 'Fin de Semana - Sábado Mañana'), (11, 50, 'Fin de Semana - Sábado Tarde'), (12, 75, 'Fin de Semana - Domingo'),
(13, 100, 'Feriado - Operación Mínima'), (14, 0, 'Rotativo A (I+D)'), (15, 0, 'Rotativo B (I+D)');

--------------------------------------------------------------------------------------------------
-- HORARIO

INSERT INTO Horario (idHorario, dia, horaInicio, horaFin) VALUES
(1, 'Lunes', '08:00:00', '17:00:00'), (2, 'Martes', '08:00:00', '17:00:00'), (3, 'Miercoles', '08:00:00', '17:00:00'),
(4, 'Jueves', '08:00:00', '17:00:00'), (5, 'Viernes', '08:00:00', '17:00:00'), (6, 'Lunes', '14:00:00', '22:00:00'),
(7, 'Martes', '14:00:00', '22:00:00'), (8, 'Miercoles', '14:00:00', '22:00:00'), (9, 'Jueves', '14:00:00', '22:00:00'),
(10, 'Viernes', '14:00:00', '22:00:00');

--------------------------------------------------------------------------------------------------
-- TURNO HORARIO

INSERT INTO TurnoHorario (idTurnoHorario, Horario_idHorario, Turno_idTurno) VALUES
(1, 1, 1), (2, 2, 1), (3, 3, 1), (4, 4, 1), (5, 5, 1),
(6, 6, 4), (7, 7, 4), (8, 8, 4), (9, 9, 4), (10, 10, 4);

--------------------------------------------------------------------------------------------------
-- FASE

INSERT INTO Fase (idFase, nombreFase, descripcionFase, Diseño_idDiseño) VALUES
(1, 'Conceptualización', 'Creación del moodboard y referencias históricas.', 1),
(2, 'Esculpido Facial', 'Modelado en arcilla o 3D del molde del rostro.', 2),
(3, 'Aprobación de Patrón', 'Selección de telas y colores corporativos.', 3),
(4, 'Prototipo Resina', 'Impresión 3D inicial para validar articulaciones.', 4),
(5, 'Mecanizado de Moldes', 'Corte CNC del acero para la inyectora.', 5),
(6, 'Prueba de Inyección', 'Inyección del primer lote (First Shot) para ajuste.', 6),
(7, 'Enraizado Piloto', 'Prueba de densidad capilar en la cabeza base.', 7),
(8, 'Tampografía Facial', 'Ajuste de los tampones de silicona para los ojos.', 8),
(9, 'Producción Masiva', 'Inicio de la cadena de inyección ininterrumpida.', 9),
(10, 'Ensamblaje Mecánico', 'Unión a presión de extremidades y torsos.', 10),
(11, 'Vestido y Peinado', 'Acabado manual de la muñeca en línea.', 11),
(12, 'Control de Calidad Final', 'Inspección visual antes de sellar el blíster.', 12),
(13, 'Empaquetado', 'Sellado térmico del juguete en caja de cartón/PET.', 13),
(14, 'Paletización', 'Embalaje en cajas maestras para B2B.', 14),
(15, 'Lanzamiento Comercial', 'Liberación del producto al mercado secundario.', 15);

--------------------------------------------------------------------------------------------------
-- PRUEBA

INSERT INTO Prueba (idPrueba, nombrePrueba, descripcionPrueba, resultado, tipoPrueba, Diseño_idDiseño) VALUES
(1, 'Tensión de Cuello (Norma ASTM)', 'Verifica que la cabeza no se desprenda con 10kg de fuerza.', 'Aprobado', 'Tecnica', 1),
(2, 'Toxicidad de Pintura', 'Prueba química de plomo en labios y ojos.', 'Aprobado', 'Tecnica', 2),
(3, 'Caída Libre (Drop Test)', 'Caída desde 1.5m para asegurar que el ABS no se astilla.', 'Reprobado', 'Tecnica', 3),
(4, 'Combustión de Cabello', 'Prueba térmica sobre el Kanekalon.', 'Aprobado', 'Tecnica', 4),
(5, 'Examen Visual de Operario', 'Prueba oftalmológica para pintores de tampografía.', 'Aprobado', 'Medica', 5),
(6, 'Evaluación de Estrés Térmico', 'Comportamiento del plástico en contenedores a 50°C.', 'Aprobado', 'Tecnica', 6),
(7, 'Prueba Psicométrica de Ensamblaje', 'Test de destreza y concentración bajo presión.', 'Aprobado', 'Psicologica', 7),
(8, 'Audiometría Anual', 'Examen obligatorio para operadores de inyectoras.', 'Aprobado', 'Medica', 8),
(9, 'Resistencia de Articulaciones', '10,000 ciclos de doblez en la línea Made to Move.', 'Aprobado', 'Tecnica', 17),
(10, 'Prueba de Flotabilidad', 'Verificación de sellado en vehículos acuáticos.', 'Reprobado', 'Tecnica', 26),
(11, 'Prueba de Liderazgo', 'Test para aspirantes a Gerentes de Línea.', 'Aprobado', 'Psicologica', 11),
(12, 'Examen Toxicológico', 'Prueba antidoping obligatoria en Planta.', 'Aprobado', 'Medica', 12),
(13, 'Lavado de Textiles', 'Ciclos de lavado para probar decoloración del vestido.', 'Aprobado', 'Tecnica', 13),
(14, 'Manejo de Montacargas', 'Examen práctico de conducción en almacén.', 'Aprobado', 'Tecnica', 14),
(15, 'Prueba de Funcionamiento LED', 'Verificación de circuitos en juguetes electrónicos.', 'Aprobado', 'Tecnica', 31);

--------------------------------------------------------------------------------------------------
-- CURRICULUM VITAE

INSERT INTO CurriculumVitae (idCurriculumVitae, añoDeAsignacion, Profesion_idProfesion, Diseño_idDiseño) VALUES
(1, 2020, 1, 1), (2, 2021, 2, 2), (3, 2022, 3, 3), (4, 2019, 4, 4), (5, 2023, 5, 5),
(6, 2018, 6, 6), (7, 2024, 7, 7), (8, 2020, 8, 8), (9, 2021, 9, 9), (10, 2022, 10, 10),
(11, 2017, 11, 11), (12, 2023, 12, 12), (13, 2024, 13, 13), (14, 2019, 14, 14), (15, 2020, 15, 15);

--------------------------------------------------------------------------------------------------
-- TURNO EMPLEADO

INSERT INTO TurnoEmpleado (idTurnoEmpleado, fecha, feriado, Empleado_idEmpleado, Turno_idTurno) VALUES
(1, '2023-10-02', 'N', 1, 1), (2, '2023-10-03', 'N', 2, 2), (3, '2023-10-04', 'N', 3, 3),
(4, '2023-10-05', 'N', 4, 4), (5, '2023-10-06', 'N', 5, 5), (6, '2023-10-09', 'N', 6, 6),
(7, '2023-10-10', 'N', 7, 7), (8, '2023-10-11', 'N', 8, 8), (9, '2023-10-12', 'N', 9, 9),
(10, '2023-10-14', 'Y', 10, 10), (11, '2023-10-15', 'Y', 11, 11), (12, '2023-10-21', 'Y', 12, 12),
(13, '2023-10-22', 'Y', 13, 13), (14, '2023-10-23', 'N', 14, 14), (15, '2023-10-24', 'N', 15, 15);

--------------------------------------------------------------------------------------------------
-- ASISTENCIA

INSERT INTO Asistencia (idAsistencia, fecha, horaEntrada, horaSalida, Empleado_idEmpleado) VALUES
(1, '2023-10-02', '08:00:00', '17:05:00', 1), (2, '2023-10-03', '07:55:00', '17:00:00', 2),
(3, '2023-10-04', '08:10:00', '17:15:00', 3), (4, '2023-10-05', '13:50:00', '22:00:00', 4),
(5, '2023-10-06', '14:00:00', '22:10:00', 5), (6, '2023-10-09', '14:05:00', '22:00:00', 6),
(7, '2023-10-10', '21:55:00', '06:00:00', 7), (8, '2023-10-11', '22:00:00', '06:05:00', 8),
(9, '2023-10-12', '22:00:00', '06:00:00', 9), (10, '2023-10-14', '08:00:00', '14:00:00', 10),
(11, '2023-10-15', '08:00:00', '14:00:00', 11), (12, '2023-10-21', '08:00:00', '14:00:00', 12),
(13, '2023-10-22', '08:00:00', '12:00:00', 13), (14, '2023-10-23', '08:00:00', '17:00:00', 14),
(15, '2023-10-24', '08:00:00', '17:00:00', 15);

--------------------------------------------------------------------------------------------------
-- FASE EMPLEADO

INSERT INTO FaseEmpleado (idFaseEmpleado, fechaInicio, fechaFin, Empleado_idEmpleado, Fase_idFase) VALUES
(1, '2023-01-10', '2023-02-15', 1, 1), (2, '2023-02-16', '2023-04-20', 2, 2),
(3, '2023-04-21', '2023-05-10', 3, 3), (4, '2023-05-11', '2023-06-30', 4, 4),
(5, '2023-07-01', '2023-08-15', 5, 5), (6, '2023-08-16', '2023-09-01', 6, 6),
(7, '2023-09-02', '2023-09-15', 7, 7), (8, '2023-09-16', '2023-10-05', 8, 8),
(9, '2023-10-06', NULL, 9, 9), (10, '2023-10-10', NULL, 10, 10),
(11, '2023-10-15', NULL, 11, 11), (12, '2023-10-20', NULL, 12, 12),
(13, '2023-10-25', NULL, 13, 13), (14, '2023-11-01', NULL, 14, 14),
(15, '2023-11-05', NULL, 15, 15);

--------------------------------------------------------------------------------------------------
-- PRUEBA EMPLEADO

INSERT INTO PruebaEmpleado (idPruebaEmpleado, fechaInicio, fechaFin, Prueba_idPrueba, Empleado_idEmpleado) VALUES
(1, '2023-03-01', '2023-03-02', 5, 1), (2, '2023-03-15', '2023-03-16', 8, 2),
(3, '2023-04-05', '2023-04-06', 12, 3), (4, '2023-05-20', '2023-05-21', 11, 4),
(5, '2023-06-10', '2023-06-11', 7, 5), (6, '2023-07-12', '2023-07-13', 5, 6),
(7, '2023-08-05', '2023-08-06', 8, 7), (8, '2023-09-01', '2023-09-02', 12, 8),
(9, '2023-09-20', '2023-09-21', 11, 9), (10, '2023-10-01', '2023-10-02', 7, 10),
(11, '2023-10-10', '2023-10-11', 5, 11), (12, '2023-10-18', '2023-10-19', 8, 12),
(13, '2023-11-02', '2023-11-03', 12, 13), (14, '2023-11-15', '2023-11-16', 11, 14),
(15, '2023-11-20', '2023-11-21', 7, 15);

--------------------------------------------------------------------------------------------------
-- LOTE MATERIA PRIMA

INSERT INTO LoteMateriaPrima (idLoteMateriaPrima, costoAdquisicion, nombre, descripcion, Material_idMaterial) VALUES
(1, 15000, 'Lote Algodón Premium', 'Rollos de tela cruda para vestuario escala 1/6.', 1),
(2, 22500, 'Lote Metal Die-Cast', 'Aleación para chasis de vehículos de juguete.', 2),
(3, 18000, 'Lote PVC Blando Alpha', 'Polímero base para inyección de cabezas y rostros.', 3),
(4, 9500,  'Lote Poliéster Color', 'Fardos de poliéster para estampados.', 4),
(5, 17200, 'Lote PVC Blando Beta', 'Variante de polímero con mayor flexibilidad.', 5),
(6, 31000, 'Lote Kanekalon Rubio', 'Hebras sintéticas de alta calidad para enraizado.', 6),
(7, 4500,  'Lote Cartón Corrugado', 'Material reciclado para cajas master B2B.', 7),
(8, 18000, 'Lote PVC Blando Gamma', 'Polímero para extremidades flex (Click-Clack).', 8),
(9, 28000, 'Lote Resina Epóxica', 'Resina pesada para edición coleccionista Silkstone.', 9),
(10, 14000, 'Lote Poliuretano A', 'Espuma rígida para accesorios de playsets.', 10),
(11, 14500, 'Lote Poliuretano B', 'Variante de espuma para mobiliario Dreamhouse.', 11),
(12, 9800,  'Lote Poliéster Extra', 'Tela con acabado brillante para línea Fashionistas.', 12),
(13, 34000, 'Lote Nylon Capilar', 'Hebras de nylon para resistencia al calor.', 13),
(14, 8700,  'Lote Tela Sintética', 'Tejido base para interiores de camper y carpas.', 14),
(15, 16000, 'Lote Poliuretano C', 'Compuesto inyectable para mascotas miniatura.', 15);

--------------------------------------------------------------------------------------------------
-- LOTE DE PRODUCCION

INSERT INTO LoteProduccion (idLote, fechaInicio, fechaFin) VALUES
(1, '2023-01-05', '2023-01-20'),
(2, '2023-02-01', '2023-02-15'),
(3, '2023-03-10', '2023-03-25'),
(4, '2023-04-05', '2023-04-20'),
(5, '2023-05-15', '2023-05-30'),
(6, '2023-06-01', '2023-06-10'),
(7, '2023-07-10', '2023-07-25'),
(8, '2023-08-05', '2023-08-15'),
(9, '2023-09-01', '2023-09-10'),
(10, '2023-09-15', '2023-09-30'),
(11, '2023-10-01', '2023-10-15'),
(12, '2023-10-20', '2023-10-31'),
(13, '2023-11-05', '2023-11-20'),
(14, '2023-11-25', '2023-12-05'),
(15, '2023-12-10', '2023-12-22');

--------------------------------------------------------------------------------------------------
-- INSUMO DE PRODUCCION

INSERT INTO InsumoProduccion (idInsumoProduccion, cantidad, LoteMateriaPrima_idLoteMateriaPrima, LoteProduccion_idLote) VALUES
(1, 500, 3, 1),  -- El Lote 1 usó 500kg del Lote de PVC Blando
(2, 100, 6, 1),  -- El Lote 1 usó 100kg de Kanekalon
(3, 450, 1, 2),  -- El Lote 2 usó Tela Algodón
(4, 800, 2, 3),  -- El Lote 3 usó Metal Die-Cast
(5, 300, 9, 4),  -- El Lote 4 usó Resina Epóxica
(6, 600, 10, 5), -- El Lote 5 usó Poliuretano
(7, 200, 4, 6),  -- El Lote 6 usó Poliéster
(8, 150, 13, 7), -- El Lote 7 usó Nylon
(9, 700, 5, 8),  -- El Lote 8 usó PVC Beta
(10, 550, 8, 9), -- El Lote 9 usó PVC Gamma
(11, 400, 11, 10),
(12, 350, 12, 11),
(13, 900, 7, 12), -- Uso de cartón corrugado
(14, 250, 14, 13),
(15, 650, 15, 14);

--------------------------------------------------------------------------------------------------
-- UNIDAD PRODUCIDA

INSERT INTO UnidadProducida (idUnidadProducidad, fechaSalida, nombre, LoteProduccion_idLote) VALUES
(1, '2023-01-21', 'Unidad Test B59-001', 1),
(2, '2023-01-21', 'Unidad Test B59-002', 1),
(3, '2023-02-16', 'Unidad Malibu-010', 2),
(4, '2023-03-26', 'Unidad Vehículo-045', 3),
(5, '2023-04-21', 'Unidad Silkstone-001', 4),
(6, '2023-05-31', 'Unidad Playset-099', 5),
(7, '2023-06-11', 'Unidad Fashion-012', 6),
(8, '2023-07-26', 'Unidad Hair-055', 7),
(9, '2023-08-16', 'Unidad Flex-023', 8),
(10, '2023-09-11', 'Unidad Flex-024', 9),
(11, '2023-10-01', 'Unidad Accesorio-101', 10),
(12, '2023-10-16', 'Unidad Accesorio-102', 11),
(13, '2023-11-01', 'Unidad MasterBox-01', 12),
(14, '2023-11-21', 'Unidad Textil-088', 13),
(15, '2023-12-06', 'Unidad Mascota-005', 14);

--------------------------------------------------------------------------------------------------
-- TIPO UBICACIÓN STOCK

INSERT INTO TipoUbicacionStock (idTipoUbicacionStock, nombre, direccion, Lugar_idLugar, UnidadProducida_idUnidadProducidad) VALUES
(1, 'Fabrica de Origen', 'Planta Central, Galpón 4', 8, 1),
(2, 'Fabrica de Origen', 'Planta Central, Galpón 5', 8, 2),
(3, 'Hub Regional', 'Zona Franca, Almacén B2B', 15, 3),
(4, 'Transito', 'Ruta Logística Nacional', 8, 4),
(5, 'Fabrica de Origen', 'Bodega de Materiales A', 8, 5),
(6, 'Hub Regional', 'Centro de Distribución Mayorista', 15, 6),
(7, 'Transito', 'Contenedor Aduanero', 15, 7),
(8, 'Fabrica de Origen', 'Sótano Archivo Prototipos', 8, 8),
(9, 'Hub Regional', 'Almacén E-Commerce Local', 15, 9),
(10, 'Fabrica de Origen', 'Taller Textil Auxiliar', 8, 10),
(11, 'Transito', 'Despacho a Retailer', 15, 11),
(12, 'Fabrica de Origen', 'Zona de Cuarentena QA', 8, 12),
(13, 'Hub Regional', 'Bóveda de Coleccionistas', 15, 13),
(14, 'Fabrica de Origen', 'Planta Empaquetado Final', 8, 14),
(15, 'Transito', 'Ruta Internacional Exportación', 8, 15);

--------------------------------------------------------------------------------------------------
-- HISTÓRICO EMPLEADO

INSERT INTO HistoricoEmpleado (idHistoricoEmpleado, fechaInicio, fechaFin, salarioBase, Empleado_idEmpleado, Departamento_idDepartamento, PuestoTrabajo_id, TipoUbicacionStock_idTipoUbicacionStock) VALUES
(1, '2020-01-15', NULL, 4500.00, 1, 1, 1, 8),   -- Director de Diseño en Archivo Prototipos
(2, '2021-03-01', NULL, 3200.00, 2, 2, 2, 8),   -- Escultor en Archivo Prototipos
(3, '2022-05-10', NULL, 3800.00, 3, 3, 3, 5),   -- Ing Químico en Bodega de Materiales
(4, '2019-02-20', NULL, 2800.00, 4, 4, 4, 1),   -- Tornero CNC en Planta Central
(5, '2023-01-05', NULL, 2200.00, 5, 5, 5, 1),   -- Operador Inyectora en Planta Central
(6, '2018-11-12', NULL, 2500.00, 6, 7, 6, 2),   -- Técnico Enraizado en Planta Ensamblaje
(7, '2024-02-01', NULL, 2400.00, 7, 8, 7, 2),   -- Artista Tampografía en Planta Ensamblaje
(8, '2020-08-15', '2023-12-31', 1900.00, 8, 6, 8, 2), -- Ensamblador (Ex-empleado)
(9, '2021-09-10', NULL, 2100.00, 9, 9, 9, 10),  -- Costurera en Taller Textil
(10, '2022-04-01', NULL, 3500.00, 10, 10, 10, 12),-- Inspector Estrés en Zona Cuarentena
(11, '2017-06-20', NULL, 1800.00, 11, 11, 11, 14),-- Empacador en Planta Empaquetado
(12, '2023-10-15', NULL, 4100.00, 12, 12, 12, 3), -- Coord Logística en Almacén B2B
(13, '2024-01-10', NULL, 3900.00, 13, 14, 13, 13),-- Analista Mercado en Bóveda Coleccionistas
(14, '2019-05-05', NULL, 3100.00, 14, 15, 14, 3), -- Esp Reclutamiento (Asignado Hub)
(15, '2020-11-01', NULL, 4800.00, 15, 1, 15, 8);  -- Analista IT en Torre Creativa

--------------------------------------------------------------------------------------------------
-- PRODUCTO

INSERT INTO Producto (idProducto, nombre, descripcion, fechaSalida, Diseño_idDiseño, LoteProduccion_idLote, precioLanzamiento, limiteCompraPorUsuario, BackOrder_idBackOrder) VALUES
(1, 'Barbie Original 1959', 'Reedición de aniversario en blíster de colección.', '2023-01-25', 1, 1, 39.99, 2, NULL),
(2, 'Barbie Malibu 1971', 'Edición de verano con accesorios de playa.', '2023-02-20', 2, 2, 24.99, 5, NULL),
(3, 'Barbie Totally Hair', 'Muñeca de pelo largo con gel fijador incluido.', '2023-10-15', 3, 5, 29.99, 3, NULL),
(4, 'Ken Original 1961', 'Figura de acción articulada con ropa de tela.', '2023-09-25', 5, 3, 29.99, 5, NULL),
(5, 'Dreamhouse 3 Pisos', 'Casa interactiva con luces y sonidos.', '2023-10-05', 6, 4, 199.99, 1, NULL),
(6, 'Barbie Peaches n Cream', 'Edición vintage de los años 80.', '2023-10-20', 4, 6, 34.99, 2, NULL),
(7, 'Barbie Holiday 2021', 'Vestido de gala dorado, edición limitada anual.', '2023-10-25', 7, 7, 49.99, 2, NULL),
(8, 'Inspiring Women: Frida', 'Colección de mujeres inspiradoras. Caja con libro.', '2023-10-30', 8, 8, 39.99, 1, NULL),
(9, 'Fashionista Vitíligo', 'Línea inclusiva con empaque reutilizable.', '2023-11-05', 9, 9, 14.99, 10, NULL),
(10, 'Color Reveal Sirena', 'Tubo sorpresa que se revela con agua tibia.', '2023-11-15', 10, 10, 19.99, 5, NULL),
(11, 'Barbie Camper RV 3-en-1', 'Vehículo de lujo que se transforma en bote.', '2023-11-20', 11, 11, 89.99, 2, NULL),
(12, 'Barbie Extra #1', 'Look atrevido con mascota y accesorios oversize.', '2023-11-25', 12, 12, 29.99, 4, NULL),
(13, 'Skipper Babysitters', 'Muñeca y bebé con cuna y teteros.', '2023-11-30', 13, 13, 22.99, 5, NULL),
(14, 'Barbie Dia de Muertos', 'Edición de lujo con detalles bordados a mano.', '2023-12-10', 14, 14, 79.99, 1, NULL),
(15, 'Ken en Silla de Ruedas', 'Línea de diversidad. Incluye rampa compatible.', '2023-12-25', 15, 15, 19.99, 5, NULL);


--------------------------------------------------------------------------------------------------
-- PIEZA PRODUCTO

INSERT INTO PiezaProducto (idPiezaProducto, Pieza_idPieza, Producto_idProducto) VALUES
(1, 1, 1),   -- Cabeza Base en Barbie Original (Producto 1)
(2, 2, 1),   -- Torso Superior en Barbie Original (Producto 1)
(3, 11, 1),  -- Ojo Cyan en Barbie Original (Producto 1)
(4, 10, 3),  -- Cabello Kanekalon en Barbie Totally Hair (Producto 3)
(5, 1, 4),   -- Cabeza Base en Ken Original (Producto 4)
(6, 2, 4),   -- Torso Superior en Ken Original (Producto 4)
(7, 4, 4),   -- Brazo Izquierdo en Ken Original (Producto 4)
(8, 5, 4),   -- Brazo Derecho en Ken Original (Producto 4)
(9, 6, 2),   -- Pierna Izquierda en Barbie Malibu (Producto 2)
(10, 7, 2),  -- Pierna Derecha en Barbie Malibu (Producto 2)
(11, 10, 12),-- Cabello Kanekalon en Barbie Extra (Producto 12)
(12, 1, 14), -- Cabeza Base en Dia de Muertos (Producto 14)
(13, 10, 14),-- Cabello Kanekalon en Dia de Muertos (Producto 14)
(14, 8, 15), -- Articulación Hombro en Ken Silla de Ruedas (Producto 15)
(15, 9, 15); -- Articulación Rodilla en Ken Silla de Ruedas (Producto 15)

--------------------------------------------------------------------------------------------------
-- OBJETIVO GLOBAL PRODUCTO

TRUNCATE TABLE ObjetivoGlobalProducto CASCADE;
INSERT INTO ObjetivoGlobalProducto (idObjetivoGlobalProducto, objetivoSuperado, Producto_idProducto, ObjetivoGlobal_idObjetivoGlobal) VALUES
(1, 'Y', 1, 1),
(2, 'N', 2, 2),
(3, 'Y', 3, 3),
(4, 'Y', 4, 4),
(5, 'N', 5, 5),
(6, 'Y', 6, 6),
(7, 'Y', 7, 7),
(8, 'Y', 8, 8),
(9, 'N', 9, 9),
(10, 'Y', 10, 10),
(11, 'N', 11, 11),
(12, 'Y', 12, 12),
(13, 'N', 13, 13),
(14, 'Y', 14, 14),
(15, 'Y', 15, 15);

--------------------------------------------------------------------------------------------------
-- PACK (Agrupaciones de productos)

INSERT INTO Pack (idPack, Producto_idProducto, Producto_idProducto2) VALUES
(1, 1, 4),   -- Pack Barbie + Ken
(2, 5, 2),   -- Pack Dreamhouse + Barbie Malibu
(3, 11, 13), -- Pack Camper RV + Skipper Babysitters
(4, 3, 12),  -- Pack "Hair & Fashion" (Totally Hair + Extra)
(5, 7, 14),  -- Pack "Coleccionistas" (Holiday + Dia de Muertos)
(6, 4, 15),  -- Pack Inclusión Ken (Original + Silla de ruedas)
(7, 2, 10),  -- Pack Sirena & Playa (Malibu + Sirena)
(8, 6, 8),   -- Pack Retro & Historia (Peaches + Frida)
(9, 9, 15),  -- Pack Inclusión Total (Fashionista Vitiligo + Ken Silla)
(10, 1, 3),  -- Pack "Iconos de Mattel" (Original + Totally Hair)
(11, 4, 2),  -- Pack Pareja Verano (Ken + Malibu)
(12, 5, 11), -- Pack "Mi Casa, Mi Auto" (Dreamhouse + RV)
(13, 12, 9), -- Pack Modas Locas (Extra + Fashionista)
(14, 7, 6),  -- Pack Gala (Holiday + Peaches)
(15, 14, 8); -- Pack "Tributo a México" (Dia de Muertos + Frida)


----------------------------------------------------------------------------------------------------------------------------------------------------------------------
-- DEPENDE DE LA PARTE DE ANDREA (CLIENTES)...
----------------------------------------------------------------------------------------------------------------------------------------------------------------------

--------------------------------------------------------------------------------------------------
-- TELEFONO

INSERT INTO Telefono (idTelefono, codigoPais, codigoOperadora, numeroAbonado, ClienteJuridico_idClienteJuridico, ClienteNatural_idClienteNatural) VALUES
(1, 1, 555, 1001001, 1, NULL),
(2, 49, 170, 2002002, 2, NULL),
(3, 1, 305, 3003003, 3, NULL),
(4, 81, 90, 4004004, 4, NULL),
(5, 1, 212, 5005005, 5, NULL),
(6, 81, 80, 6006006, 6, NULL),
(7, 52, 55, 7007007, 7, NULL),
(8, 1, 415, 8008008, 8, NULL),
(9, 1, 650, 9009009, 9, NULL),
(10, 31, 20, 1010101, 10, NULL),
(11, 44, 207, 1111111, 11, NULL),
(12, 1, 786, 1212121, 12, NULL),
(13, 1, 213, 1313131, 13, NULL),
(14, 1, 917, 1414141, 14, NULL),
(15, 1, 310, 1515151, 15, NULL);

-- BackOrder (IDs 1-10)
INSERT INTO BackOrder (idBackOrder, cantidadPendiente, precioOriginalPactado, fechaGeneracion, estatus) VALUES
(1, 500, 150, '2024-01-15', 1),
(2, 300, 200, '2024-02-10', 1),
(3, 700, 175.5, '2024-03-05', 2),
(4, 200, 250, '2024-04-20', 1),
(5, 1000, 120, '2024-05-12', 2),
(6, 450, 190, '2024-06-01', 1),
(7, 600, 210, '2024-07-18', 1),
(8, 350, 180, '2024-08-22', 2),
(9, 800, 160, '2024-09-14', 1),
(10, 250, 230, '2024-10-05', 1);

-- Descuento
INSERT INTO Descuento (idDescuento, nombre, descripcion, porcentaje) VALUES
(1, 'Descuento por Volumen Mayorista', 'Aplica para compras B2B con cantidad superior a 1000 unidades', 15.00),
(2, 'Descuento por Pronto Pago', 'Aplica para pagos realizados dentro de los primeros 5 dias habiles', 5.00),
(3, 'Descuento por Temporada', 'Ofertas especiales para liquidacion de inventario por cambio de temporada', 25.00),
(4, 'Descuento por Fidelidad', 'Aplica a clientes con mas de 2 anhos de antiguedad y compras regulares', 10.00),
(5, 'Descuento por Lanzamiento', 'Descuento promocional para productos nuevos en su primer mes', 20.00),
(6, 'Descuento por Referido', 'Aplica cuando un cliente existente refiere a un nuevo cliente corporativo', 8.00),
(7, 'Descuento por Alianza Estrategica', 'Descuento especial para socios comerciales con contrato anual', 12.00),
(8, 'Descuento por Compra Recurrente', 'Aplica a pedidos automaticos recurrentes mensuales', 7.00),
(9, 'Descuento por Mayorista Premium', 'Para distribuidores autorizados con volumen superior a 5000 unidades', 18.00),
(10, 'Descuento por Exclusividad', 'Para clientes con acuerdo de exclusividad territorial o de canal', 22.00);

-- CondicionFisica
INSERT INTO CondicionFisica (idCondicionFisica, nombre, descripcion) VALUES
(1, 'Nuevo', 'Producto en su empaque original, sin uso, en perfecto estado'),
(2, 'Como Nuevo', 'Producto abierto pero sin uso aparente, completo con todos sus accesorios'),
(3, 'Usado - Buen Estado', 'Producto con signos de uso ligero, funciona correctamente'),
(4, 'Usado - Regular', 'Producto con uso evidente, funcional pero con detalles esteticos'),
(5, 'Usado - Mal Estado', 'Producto con danhos significativos, puede tener fallas funcionales'),
(6, 'Para Piezas/Reparacion', 'Producto no funcional, util solo para extraer piezas o reparar'),
(7, 'Nuevo Sellado', 'Producto completamente sellado en su empaque original de fabrica'),
(8, 'Nuevo sin Empaque', 'Producto nuevo pero sin empaque original, con accesorios'),
(9, 'Exhibicion', 'Producto utilizado solo para exhibicion en tienda, como nuevo'),
(10, 'Edicion Limitada', 'Producto de coleccion, edicion especial, estado impecable');

-- EstadoOrden
INSERT INTO EstadoOrden (idEstadoOrden, nombre, descripcion) VALUES
(1, 'Procesado', 'Compra procesada exitosamente'),
(2, 'En Preparacion', 'Compra siendo preparada para envio'),
(3, 'Enviado', 'Compra enviada al cliente'),
(4, 'Entregado', 'Compra entregada al cliente'),
(5, 'Cancelado', 'Compra cancelada'),
(6, 'Reembolsado', 'Compra reembolsada'),
(7, 'Pendiente', 'Compra pendiente de procesar'),
(8, 'En Revision', 'Compra en revision por el equipo'),
(9, 'Devuelto', 'Producto devuelto por el cliente'),
(10, 'Completado', 'Compra completada');

-- Estatus
INSERT INTO Estatus (idEstatus, nombre, tipoEstatus) VALUES
(1, 'Activa', 'Subasta'),
(2, 'Pendiente', 'Subasta'),
(3, 'Cancelada', 'Subasta'),
(4, 'Finalizada', 'Subasta'),
(5, 'En Proceso', 'Subasta'),
(6, 'Pendiente', 'OrdenVenta'),
(7, 'Completada', 'OrdenVenta'),
(8, 'Expirada', 'Subasta'),
(9, 'Pagada', 'OrdenVenta'),
(10, 'En Disputa', 'Subasta');

-- Transporte
INSERT INTO Transporte (idTransporte, matricula, nombreConductor, apellidoConductor) VALUES
(1, 'ABC-1234', 'Carlos', 'Mendoza'),
(2, 'DEF-5678', 'Maria', 'Gonzalez'),
(3, 'GHI-9012', 'Jose', 'Perez'),
(4, 'JKL-3456', 'Ana', 'Torres'),
(5, 'MNO-7890', 'Pedro', 'Ramirez'),
(6, 'PQR-1234', 'Laura', 'Diaz'),
(7, 'STU-5678', 'Miguel', 'Morales'),
(8, 'VWX-9012', 'Sofia', 'Castillo'),
(9, 'YZA-3456', 'Diego', 'Rojas'),
(10, 'BCD-7890', 'Valentina', 'Moreno');

-- Regalia
INSERT INTO Regalia (idRegalia, monto, fechaHora) VALUES
(1, 5000.00, '2024-01-15 10:00:00'),
(2, 7500.00, '2024-02-20 11:30:00'),
(3, 3200.00, '2024-03-10 09:15:00'),
(4, 8800.00, '2024-04-05 14:45:00'),
(5, 2100.00, '2024-05-18 08:00:00'),
(6, 9500.00, '2024-06-22 16:30:00'),
(7, 4100.00, '2024-07-30 12:00:00'),
(8, 6700.00, '2024-08-14 10:45:00'),
(9, 5300.00, '2024-09-25 15:20:00'),
(10, 7900.00, '2024-10-10 13:00:00');

-- MetaMensual
INSERT INTO MetaMensual (idMetaMensual, fechaInicio, fechaFin, porcentajeComision) VALUES
(1, '2024-01-01', '2024-01-31', 5.00),
(2, '2024-02-01', '2024-02-29', 5.00),
(3, '2024-03-01', '2024-03-31', 5.50),
(4, '2024-04-01', '2024-04-30', 5.50),
(5, '2024-05-01', '2024-05-31', 6.00),
(6, '2024-06-01', '2024-06-30', 6.00),
(7, '2024-07-01', '2024-07-31', 6.50),
(8, '2024-08-01', '2024-08-31', 6.50),
(9, '2024-09-01', '2024-09-30', 7.00),
(10, '2024-10-01', '2024-10-31', 7.00);

-- ValoracionMercado
INSERT INTO ValoracionMercado (idValoracionMercado, fechaValoracion, precioDelMercado, UnidadProducida_idUnidadProducidad) VALUES
(1, '2024-01-15', 250.00, 1),
(2, '2024-02-10', 260.00, 2),
(3, '2024-03-05', 245.00, 3),
(4, '2024-04-20', 270.00, 4),
(5, '2024-05-12', 255.00, 5),
(6, '2024-06-01', 265.00, 6),
(7, '2024-07-18', 240.00, 7),
(8, '2024-08-22', 275.00, 8),
(9, '2024-09-14', 258.00, 9),
(10, '2024-10-05', 262.00, 10);

-- OBJETIVO GLOBAL (15 registros)
INSERT INTO ObjetivoGlobal (idObjetivoGlobal, volumenVentas, porcentajeRegalia) VALUES
(1, 8391952, 21.69),
(2, 134565, 14.21),
(3, 1364254, 17.06),
(4, 1452266, 16.63),
(5, 9166328, 18.07),
(6, 8651875, 5.24),
(7, 5485454, 1.26),
(8, 5269363, 9.52),
(9, 6758049, 10.85),
(10, 7487936, 11.84),
(11, 4374376, 25.86),
(12, 6822107, 21.42),
(13, 5492483, 19.11),
(14, 7580920, 19.8),
(15, 2880627, 29.03);

-- CLIENTE JURIDICO (200 registros B2B)
INSERT INTO ClienteJuridico (idClienteJuridico, rif, razonSocial, nombre, direccionJuridica, limiteCredito, Lugar_idLugar) VALUES
(1, 48528568, 'Servicios Papelero SRL', 'Servicios Papelero', 'Servicios Papelero, Av. 10', 561001, 306),
(2, 27830106, 'Exportaciones Comercial CA', 'Exportaciones Comercial', 'Exportaciones Comercial, Av. 26', 320197, 328),
(3, 54857308, 'Grupo Juguete SRL', 'Grupo Juguete', 'Grupo Juguete, Av. 19', 678247, 336),
(4, 39014597, 'Grupo Transporte SRL', 'Grupo Transporte', 'Grupo Transporte, Av. 12', 358897, 330),
(5, 14814435, 'Productos Alimenticio CA', 'Productos Alimenticio', 'Productos Alimenticio, Av. 23', 243306, 322),
(6, 79836589, 'Exportaciones Metalurgico CA', 'Exportaciones Metalurgico', 'Exportaciones Metalurgico, Av. 42', 239959, 348),
(7, 82596314, 'Industrias Alimenticio CA', 'Industrias Alimenticio', 'Industrias Alimenticio, Av. 40', 589342, 307),
(8, 60883535, 'Tecnologia Metalurgico SRL', 'Tecnologia Metalurgico', 'Tecnologia Metalurgico, Av. 47', 250831, 356),
(9, 41813631, 'Manufacturas Constructor SRL', 'Manufacturas Constructor', 'Manufacturas Constructor, Av. 42', 930613, 353),
(10, 44772272, 'Corporacion Metalurgico CA', 'Corporacion Metalurgico', 'Corporacion Metalurgico, Av. 28', 390742, 350),
(11, 62192321, 'Inversiones Plastico SRL', 'Inversiones Plastico', 'Inversiones Plastico, Av. 41', 934296, 291),
(12, 75875462, 'Exportaciones Farmaceutico SRL', 'Exportaciones Farmaceutico', 'Exportaciones Farmaceutico, Av. 27', 826514, 303),
(13, 79948382, 'Servicios Macila SRL', 'Servicios Macila', 'Servicios Macila, Av. 7', 522837, 306),
(14, 75507227, 'Logistica Papelero SRL', 'Logistica Papelero', 'Logistica Papelero, Av. 35', 804869, 332),
(15, 73709973, 'Inversiones Automotriz CA', 'Inversiones Automotriz', 'Inversiones Automotriz, Av. 43', 517543, 348),
(16, 69243276, 'Grupo Embalaje CA', 'Grupo Embalaje', 'Grupo Embalaje, Av. 21', 260481, 320),
(17, 17150006, 'Distribuidora Transporte SRL', 'Distribuidora Transporte', 'Distribuidora Transporte, Av. 20', 482244, 349),
(18, 87526090, 'Comercializadora Embalaje SRL', 'Comercializadora Embalaje', 'Comercializadora Embalaje, Av. 6', 162763, 340),
(19, 81306610, 'Industrias Macila SRL', 'Industrias Macila', 'Industrias Macila, Av. 10', 883266, 286),
(20, 66979518, 'Distribuidora Comercial CA', 'Distribuidora Comercial', 'Distribuidora Comercial, Av. 32', 267458, 309),
(21, 36548339, 'Exportaciones Farmaceutico SRL', 'Exportaciones Farmaceutico', 'Exportaciones Farmaceutico, Av. 38', 609564, 349),
(22, 26691069, 'Industrias Textil SRL', 'Industrias Textil', 'Industrias Textil, Av. 20', 757041, 336),
(23, 54537980, 'Manufacturas Alimenticio CA', 'Manufacturas Alimenticio', 'Manufacturas Alimenticio, Av. 4', 110817, 351),
(24, 14241798, 'Soluciones Papelero CA', 'Soluciones Papelero', 'Soluciones Papelero, Av. 7', 183583, 347),
(25, 21803947, 'Tecnologia Plastico SRL', 'Tecnologia Plastico', 'Tecnologia Plastico, Av. 36', 638150, 288),
(26, 78310755, 'Servicios Juguete SRL', 'Servicios Juguete', 'Servicios Juguete, Av. 18', 129314, 293),
(27, 80752502, 'Grupo Embalaje CA', 'Grupo Embalaje', 'Grupo Embalaje, Av. 33', 111895, 297),
(28, 53476324, 'Corporacion Textil SRL', 'Corporacion Textil', 'Corporacion Textil, Av. 1', 660084, 310),
(29, 97671206, 'Industrias Automotriz SRL', 'Industrias Automotriz', 'Industrias Automotriz, Av. 16', 767510, 283),
(30, 19421907, 'Distribuidora Alimenticio CA', 'Distribuidora Alimenticio', 'Distribuidora Alimenticio, Av. 20', 713831, 335),
(31, 11734321, 'Productos Farmaceutico SRL', 'Productos Farmaceutico', 'Productos Farmaceutico, Av. 33', 328054, 315),
(32, 10072027, 'Grupo Textil CA', 'Grupo Textil', 'Grupo Textil, Av. 48', 980484, 308),
(33, 37140954, 'Grupo Juguete SRL', 'Grupo Juguete', 'Grupo Juguete, Av. 7', 380122, 306),
(34, 62648553, 'Consultoria Plastico SRL', 'Consultoria Plastico', 'Consultoria Plastico, Av. 37', 638674, 359),
(35, 90307796, 'Distribuidora Transporte CA', 'Distribuidora Transporte', 'Distribuidora Transporte, Av. 12', 816421, 340),
(36, 44509599, 'Comercializadora Constructor SRL', 'Comercializadora Constructor', 'Comercializadora Constructor, Av. 8', 117251, 327),
(37, 89984122, 'Corporacion Textil SRL', 'Corporacion Textil', 'Corporacion Textil, Av. 46', 790082, 318),
(38, 74177917, 'Grupo Juguete CA', 'Grupo Juguete', 'Grupo Juguete, Av. 16', 161293, 319),
(39, 90241720, 'Comercializadora Embalaje SRL', 'Comercializadora Embalaje', 'Comercializadora Embalaje, Av. 29', 190515, 327),
(40, 22087444, 'Grupo Comercial CA', 'Grupo Comercial', 'Grupo Comercial, Av. 29', 941894, 355),
(41, 90025250, 'Corporacion Papelero SRL', 'Corporacion Papelero', 'Corporacion Papelero, Av. 17', 546868, 294),
(42, 76750646, 'Grupo Plastico CA', 'Grupo Plastico', 'Grupo Plastico, Av. 4', 481652, 339),
(43, 25526854, 'Corporacion Automotriz SRL', 'Corporacion Automotriz', 'Corporacion Automotriz, Av. 25', 730057, 354),
(44, 95240633, 'Exportaciones Comercial CA', 'Exportaciones Comercial', 'Exportaciones Comercial, Av. 13', 963660, 339),
(45, 23486977, 'Corporacion Metalurgico CA', 'Corporacion Metalurgico', 'Corporacion Metalurgico, Av. 2', 162565, 299),
(46, 35623943, 'Exportaciones Industrial CA', 'Exportaciones Industrial', 'Exportaciones Industrial, Av. 2', 146741, 336),
(47, 60860290, 'Soluciones Metalurgico SRL', 'Soluciones Metalurgico', 'Soluciones Metalurgico, Av. 20', 573780, 310),
(48, 37065610, 'Corporacion Farmaceutico SRL', 'Corporacion Farmaceutico', 'Corporacion Farmaceutico, Av. 38', 616353, 325),
(49, 79960721, 'Soluciones Automotriz SRL', 'Soluciones Automotriz', 'Soluciones Automotriz, Av. 46', 379488, 283),
(50, 92287161, 'Inversiones Plastico SRL', 'Inversiones Plastico', 'Inversiones Plastico, Av. 37', 594509, 350),
(51, 56445971, 'Servicios Metalurgico CA', 'Servicios Metalurgico', 'Servicios Metalurgico, Av. 17', 270062, 299),
(52, 23653668, 'Soluciones Comercial SRL', 'Soluciones Comercial', 'Soluciones Comercial, Av. 28', 952514, 298),
(53, 70295727, 'Industrias Alimenticio CA', 'Industrias Alimenticio', 'Industrias Alimenticio, Av. 6', 891306, 307),
(54, 57104229, 'Soluciones Industrial CA', 'Soluciones Industrial', 'Soluciones Industrial, Av. 24', 903001, 300),
(55, 89958654, 'Grupo Industrial CA', 'Grupo Industrial', 'Grupo Industrial, Av. 16', 835582, 310),
(56, 56326539, 'Industrias Plastico CA', 'Industrias Plastico', 'Industrias Plastico, Av. 36', 222532, 356),
(57, 81608469, 'Consultoria Comercial SRL', 'Consultoria Comercial', 'Consultoria Comercial, Av. 9', 305182, 308),
(58, 40684142, 'Tecnologia Farmaceutico CA', 'Tecnologia Farmaceutico', 'Tecnologia Farmaceutico, Av. 29', 855557, 302),
(59, 52449934, 'Distribuidora Embalaje SRL', 'Distribuidora Embalaje', 'Distribuidora Embalaje, Av. 36', 795474, 328),
(60, 95553164, 'Comercializadora Constructor SRL', 'Comercializadora Constructor', 'Comercializadora Constructor, Av. 14', 154616, 351),
(61, 43987336, 'Comercializadora Automotriz SRL', 'Comercializadora Automotriz', 'Comercializadora Automotriz, Av. 33', 666982, 303),
(62, 81656155, 'Productos Metalurgico SRL', 'Productos Metalurgico', 'Productos Metalurgico, Av. 41', 263764, 324),
(63, 11694120, 'Comercializadora Textil CA', 'Comercializadora Textil', 'Comercializadora Textil, Av. 45', 691075, 333),
(64, 73626855, 'Exportaciones Farmaceutico SRL', 'Exportaciones Farmaceutico', 'Exportaciones Farmaceutico, Av. 19', 788443, 358),
(65, 93386972, 'Logistica Industrial SRL', 'Logistica Industrial', 'Logistica Industrial, Av. 29', 771691, 283),
(66, 35056284, 'Tecnologia Papelero SRL', 'Tecnologia Papelero', 'Tecnologia Papelero, Av. 49', 446647, 335),
(67, 61601025, 'Industrias Textil CA', 'Industrias Textil', 'Industrias Textil, Av. 2', 600341, 295),
(68, 91910597, 'Servicios Automotriz CA', 'Servicios Automotriz', 'Servicios Automotriz, Av. 36', 942699, 352),
(69, 73521335, 'Comercializadora Embalaje SRL', 'Comercializadora Embalaje', 'Comercializadora Embalaje, Av. 4', 910219, 339),
(70, 20919965, 'Industrias Macila SRL', 'Industrias Macila', 'Industrias Macila, Av. 28', 999746, 288),
(71, 75123571, 'Tecnologia Embalaje CA', 'Tecnologia Embalaje', 'Tecnologia Embalaje, Av. 41', 399720, 308),
(72, 84172621, 'Inversiones Constructor CA', 'Inversiones Constructor', 'Inversiones Constructor, Av. 49', 199304, 355),
(73, 72662321, 'Exportaciones Constructor CA', 'Exportaciones Constructor', 'Exportaciones Constructor, Av. 24', 170746, 337),
(74, 32049579, 'Distribuidora Constructor CA', 'Distribuidora Constructor', 'Distribuidora Constructor, Av. 41', 663567, 325),
(75, 94608541, 'Servicios Textil SRL', 'Servicios Textil', 'Servicios Textil, Av. 1', 540508, 334),
(76, 43251041, 'Consultoria Textil SRL', 'Consultoria Textil', 'Consultoria Textil, Av. 36', 284844, 359),
(77, 94775007, 'Grupo Embalaje SRL', 'Grupo Embalaje', 'Grupo Embalaje, Av. 32', 965526, 304),
(78, 16682082, 'Industrias Embalaje SRL', 'Industrias Embalaje', 'Industrias Embalaje, Av. 20', 413426, 305),
(79, 62264042, 'Servicios Metalurgico CA', 'Servicios Metalurgico', 'Servicios Metalurgico, Av. 18', 410139, 323),
(80, 11919772, 'Grupo Alimenticio SRL', 'Grupo Alimenticio', 'Grupo Alimenticio, Av. 15', 777713, 292),
(81, 48828569, 'Distribuidora Metalurgico CA', 'Distribuidora Metalurgico', 'Distribuidora Metalurgico, Av. 19', 895631, 351),
(82, 77259581, 'Tecnologia Textil CA', 'Tecnologia Textil', 'Tecnologia Textil, Av. 12', 382574, 316),
(83, 51793342, 'Tecnologia Comercial CA', 'Tecnologia Comercial', 'Tecnologia Comercial, Av. 27', 125502, 343),
(84, 29219382, 'Logistica Alimenticio SRL', 'Logistica Alimenticio', 'Logistica Alimenticio, Av. 26', 801203, 315),
(85, 14385036, 'Soluciones Juguete SRL', 'Soluciones Juguete', 'Soluciones Juguete, Av. 2', 709188, 339),
(86, 76363273, 'Inversiones Automotriz SRL', 'Inversiones Automotriz', 'Inversiones Automotriz, Av. 40', 975467, 304),
(87, 89469414, 'Distribuidora Juguete CA', 'Distribuidora Juguete', 'Distribuidora Juguete, Av. 12', 131515, 286),
(88, 30444685, 'Distribuidora Alimenticio CA', 'Distribuidora Alimenticio', 'Distribuidora Alimenticio, Av. 28', 883060, 351),
(89, 88722746, 'Tecnologia Macila CA', 'Tecnologia Macila', 'Tecnologia Macila, Av. 7', 958646, 313),
(90, 22497410, 'Inversiones Metalurgico SRL', 'Inversiones Metalurgico', 'Inversiones Metalurgico, Av. 10', 521429, 320),
(91, 81132164, 'Inversiones Transporte SRL', 'Inversiones Transporte', 'Inversiones Transporte, Av. 25', 689846, 316),
(92, 43664529, 'Productos Textil SRL', 'Productos Textil', 'Productos Textil, Av. 6', 986567, 351),
(93, 62085691, 'Tecnologia Embalaje CA', 'Tecnologia Embalaje', 'Tecnologia Embalaje, Av. 10', 832698, 343),
(94, 91277107, 'Logistica Plastico SRL', 'Logistica Plastico', 'Logistica Plastico, Av. 47', 182495, 291),
(95, 70043333, 'Servicios Industrial SRL', 'Servicios Industrial', 'Servicios Industrial, Av. 46', 121471, 347),
(96, 49805174, 'Corporacion Transporte CA', 'Corporacion Transporte', 'Corporacion Transporte, Av. 46', 504861, 353),
(97, 48988811, 'Consultoria Automotriz CA', 'Consultoria Automotriz', 'Consultoria Automotriz, Av. 22', 589447, 333),
(98, 93267146, 'Industrias Plastico CA', 'Industrias Plastico', 'Industrias Plastico, Av. 21', 196090, 291),
(99, 33781191, 'Industrias Constructor CA', 'Industrias Constructor', 'Industrias Constructor, Av. 30', 288214, 289),
(100, 66006414, 'Corporacion Plastico CA', 'Corporacion Plastico', 'Corporacion Plastico, Av. 16', 941156, 301),
(101, 85930858, 'Corporacion Industrial CA', 'Corporacion Industrial', 'Corporacion Industrial, Av. 35', 851283, 356),
(102, 35388293, 'Logistica Textil CA', 'Logistica Textil', 'Logistica Textil, Av. 30', 531370, 292),
(103, 14477354, 'Servicios Plastico CA', 'Servicios Plastico', 'Servicios Plastico, Av. 10', 826626, 354),
(104, 23487334, 'Tecnologia Farmaceutico SRL', 'Tecnologia Farmaceutico', 'Tecnologia Farmaceutico, Av. 21', 337231, 332),
(105, 86559384, 'Industrias Metalurgico CA', 'Industrias Metalurgico', 'Industrias Metalurgico, Av. 44', 947892, 351),
(106, 87811667, 'Exportaciones Alimenticio CA', 'Exportaciones Alimenticio', 'Exportaciones Alimenticio, Av. 45', 287934, 344),
(107, 29985585, 'Exportaciones Papelero CA', 'Exportaciones Papelero', 'Exportaciones Papelero, Av. 8', 406863, 307),
(108, 87826477, 'Manufacturas Alimenticio SRL', 'Manufacturas Alimenticio', 'Manufacturas Alimenticio, Av. 6', 136414, 320),
(109, 57846174, 'Soluciones Embalaje SRL', 'Soluciones Embalaje', 'Soluciones Embalaje, Av. 41', 554152, 352),
(110, 28595332, 'Consultoria Farmaceutico CA', 'Consultoria Farmaceutico', 'Consultoria Farmaceutico, Av. 39', 833075, 341),
(111, 74166912, 'Soluciones Metalurgico CA', 'Soluciones Metalurgico', 'Soluciones Metalurgico, Av. 34', 248158, 324),
(112, 76862026, 'Grupo Automotriz SRL', 'Grupo Automotriz', 'Grupo Automotriz, Av. 19', 882566, 354),
(113, 36108857, 'Comercializadora Plastico CA', 'Comercializadora Plastico', 'Comercializadora Plastico, Av. 14', 487701, 347),
(114, 82451599, 'Logistica Juguete CA', 'Logistica Juguete', 'Logistica Juguete, Av. 25', 392125, 350),
(115, 11416738, 'Logistica Embalaje CA', 'Logistica Embalaje', 'Logistica Embalaje, Av. 18', 211327, 336),
(116, 99350220, 'Tecnologia Automotriz SRL', 'Tecnologia Automotriz', 'Tecnologia Automotriz, Av. 47', 428422, 325),
(117, 65815024, 'Productos Industrial CA', 'Productos Industrial', 'Productos Industrial, Av. 14', 238439, 332),
(118, 89390061, 'Manufacturas Industrial SRL', 'Manufacturas Industrial', 'Manufacturas Industrial, Av. 10', 847375, 326),
(119, 38496220, 'Logistica Farmaceutico SRL', 'Logistica Farmaceutico', 'Logistica Farmaceutico, Av. 47', 840323, 315),
(120, 67816442, 'Grupo Macila CA', 'Grupo Macila', 'Grupo Macila, Av. 35', 859879, 338),
(121, 72955508, 'Exportaciones Juguete CA', 'Exportaciones Juguete', 'Exportaciones Juguete, Av. 36', 336690, 358),
(122, 64341990, 'Tecnologia Transporte CA', 'Tecnologia Transporte', 'Tecnologia Transporte, Av. 19', 894140, 315),
(123, 75893313, 'Inversiones Alimenticio SRL', 'Inversiones Alimenticio', 'Inversiones Alimenticio, Av. 2', 769801, 356),
(124, 15669413, 'Consultoria Industrial SRL', 'Consultoria Industrial', 'Consultoria Industrial, Av. 26', 183793, 318),
(125, 22061794, 'Productos Textil CA', 'Productos Textil', 'Productos Textil, Av. 15', 182579, 341),
(126, 28982554, 'Consultoria Macila SRL', 'Consultoria Macila', 'Consultoria Macila, Av. 35', 379073, 340),
(127, 96704847, 'Productos Textil CA', 'Productos Textil', 'Productos Textil, Av. 15', 413480, 330),
(128, 58974860, 'Servicios Plastico CA', 'Servicios Plastico', 'Servicios Plastico, Av. 3', 420567, 337),
(129, 65463193, 'Distribuidora Papelero SRL', 'Distribuidora Papelero', 'Distribuidora Papelero, Av. 10', 661680, 300),
(130, 79991721, 'Grupo Farmaceutico CA', 'Grupo Farmaceutico', 'Grupo Farmaceutico, Av. 10', 163529, 285),
(131, 34773794, 'Servicios Comercial CA', 'Servicios Comercial', 'Servicios Comercial, Av. 1', 631396, 301),
(132, 24136052, 'Corporacion Farmaceutico CA', 'Corporacion Farmaceutico', 'Corporacion Farmaceutico, Av. 27', 987432, 302),
(133, 51763414, 'Logistica Textil CA', 'Logistica Textil', 'Logistica Textil, Av. 2', 156141, 310),
(134, 53150699, 'Productos Constructor CA', 'Productos Constructor', 'Productos Constructor, Av. 4', 738243, 298),
(135, 18494087, 'Tecnologia Industrial CA', 'Tecnologia Industrial', 'Tecnologia Industrial, Av. 44', 194108, 295),
(136, 62756509, 'Tecnologia Macila CA', 'Tecnologia Macila', 'Tecnologia Macila, Av. 34', 583320, 333),
(137, 37940465, 'Manufacturas Transporte CA', 'Manufacturas Transporte', 'Manufacturas Transporte, Av. 38', 345782, 308),
(138, 40344941, 'Inversiones Embalaje CA', 'Inversiones Embalaje', 'Inversiones Embalaje, Av. 30', 234323, 336),
(139, 96008507, 'Logistica Constructor SRL', 'Logistica Constructor', 'Logistica Constructor, Av. 44', 153638, 351),
(140, 67869938, 'Consultoria Transporte SRL', 'Consultoria Transporte', 'Consultoria Transporte, Av. 34', 448344, 302),
(141, 94244241, 'Corporacion Constructor CA', 'Corporacion Constructor', 'Corporacion Constructor, Av. 29', 189830, 295),
(142, 62571573, 'Consultoria Metalurgico CA', 'Consultoria Metalurgico', 'Consultoria Metalurgico, Av. 13', 223880, 356),
(143, 99049365, 'Corporacion Alimenticio SRL', 'Corporacion Alimenticio', 'Corporacion Alimenticio, Av. 44', 250261, 312),
(144, 51430581, 'Logistica Textil CA', 'Logistica Textil', 'Logistica Textil, Av. 45', 563130, 291),
(145, 68124177, 'Logistica Plastico SRL', 'Logistica Plastico', 'Logistica Plastico, Av. 44', 386430, 326),
(146, 61508426, 'Exportaciones Textil CA', 'Exportaciones Textil', 'Exportaciones Textil, Av. 4', 486127, 351),
(147, 19703136, 'Servicios Juguete SRL', 'Servicios Juguete', 'Servicios Juguete, Av. 5', 702801, 309),
(148, 78929445, 'Productos Papelero SRL', 'Productos Papelero', 'Productos Papelero, Av. 12', 923883, 313),
(149, 86922000, 'Grupo Textil CA', 'Grupo Textil', 'Grupo Textil, Av. 10', 398980, 323),
(150, 19591753, 'Productos Embalaje CA', 'Productos Embalaje', 'Productos Embalaje, Av. 12', 974054, 358),
(151, 54764335, 'Distribuidora Embalaje CA', 'Distribuidora Embalaje', 'Distribuidora Embalaje, Av. 46', 136792, 304),
(152, 57448397, 'Inversiones Alimenticio SRL', 'Inversiones Alimenticio', 'Inversiones Alimenticio, Av. 8', 948637, 304),
(153, 43470343, 'Inversiones Automotriz SRL', 'Inversiones Automotriz', 'Inversiones Automotriz, Av. 41', 864158, 303),
(154, 50894364, 'Tecnologia Farmaceutico CA', 'Tecnologia Farmaceutico', 'Tecnologia Farmaceutico, Av. 1', 646216, 294),
(155, 19940192, 'Productos Alimenticio SRL', 'Productos Alimenticio', 'Productos Alimenticio, Av. 5', 994738, 318),
(156, 65604928, 'Logistica Juguete SRL', 'Logistica Juguete', 'Logistica Juguete, Av. 11', 788417, 340),
(157, 29855801, 'Comercializadora Transporte SRL', 'Comercializadora Transporte', 'Comercializadora Transporte, Av. 12', 382133, 294),
(158, 16089583, 'Consultoria Farmaceutico SRL', 'Consultoria Farmaceutico', 'Consultoria Farmaceutico, Av. 44', 489173, 323),
(159, 68294278, 'Distribuidora Industrial CA', 'Distribuidora Industrial', 'Distribuidora Industrial, Av. 9', 739383, 308),
(160, 22512101, 'Industrias Textil CA', 'Industrias Textil', 'Industrias Textil, Av. 12', 151250, 309),
(161, 69390070, 'Logistica Transporte SRL', 'Logistica Transporte', 'Logistica Transporte, Av. 38', 634575, 301),
(162, 71139122, 'Industrias Farmaceutico CA', 'Industrias Farmaceutico', 'Industrias Farmaceutico, Av. 36', 330116, 342),
(163, 76211975, 'Servicios Constructor CA', 'Servicios Constructor', 'Servicios Constructor, Av. 43', 328134, 304),
(164, 66652089, 'Exportaciones Transporte CA', 'Exportaciones Transporte', 'Exportaciones Transporte, Av. 2', 900726, 351),
(165, 53231657, 'Manufacturas Automotriz CA', 'Manufacturas Automotriz', 'Manufacturas Automotriz, Av. 39', 189053, 304),
(166, 86670346, 'Comercializadora Industrial CA', 'Comercializadora Industrial', 'Comercializadora Industrial, Av. 29', 700900, 291),
(167, 89677123, 'Tecnologia Transporte SRL', 'Tecnologia Transporte', 'Tecnologia Transporte, Av. 43', 297636, 332),
(168, 42610343, 'Distribuidora Transporte SRL', 'Distribuidora Transporte', 'Distribuidora Transporte, Av. 11', 341328, 348),
(169, 84055946, 'Tecnologia Automotriz SRL', 'Tecnologia Automotriz', 'Tecnologia Automotriz, Av. 8', 248438, 354),
(170, 82271430, 'Tecnologia Automotriz CA', 'Tecnologia Automotriz', 'Tecnologia Automotriz, Av. 28', 709165, 288),
(171, 87332860, 'Productos Metalurgico SRL', 'Productos Metalurgico', 'Productos Metalurgico, Av. 5', 340267, 300),
(172, 53834756, 'Consultoria Automotriz CA', 'Consultoria Automotriz', 'Consultoria Automotriz, Av. 17', 881928, 333),
(173, 45551267, 'Distribuidora Papelero CA', 'Distribuidora Papelero', 'Distribuidora Papelero, Av. 34', 157338, 289),
(174, 68065859, 'Logistica Comercial CA', 'Logistica Comercial', 'Logistica Comercial, Av. 20', 931429, 329),
(175, 51931738, 'Distribuidora Farmaceutico SRL', 'Distribuidora Farmaceutico', 'Distribuidora Farmaceutico, Av. 7', 734447, 296),
(176, 85210780, 'Manufacturas Embalaje CA', 'Manufacturas Embalaje', 'Manufacturas Embalaje, Av. 17', 758181, 322),
(177, 17076985, 'Manufacturas Transporte SRL', 'Manufacturas Transporte', 'Manufacturas Transporte, Av. 32', 510529, 312),
(178, 56502035, 'Logistica Constructor CA', 'Logistica Constructor', 'Logistica Constructor, Av. 45', 235431, 310),
(179, 89264751, 'Productos Constructor SRL', 'Productos Constructor', 'Productos Constructor, Av. 41', 672098, 308),
(180, 38106000, 'Industrias Farmaceutico SRL', 'Industrias Farmaceutico', 'Industrias Farmaceutico, Av. 38', 767226, 304),
(181, 79636927, 'Logistica Embalaje CA', 'Logistica Embalaje', 'Logistica Embalaje, Av. 33', 754465, 318),
(182, 92981445, 'Soluciones Constructor SRL', 'Soluciones Constructor', 'Soluciones Constructor, Av. 32', 926401, 303),
(183, 70104721, 'Tecnologia Comercial SRL', 'Tecnologia Comercial', 'Tecnologia Comercial, Av. 10', 343547, 323),
(184, 72158291, 'Corporacion Textil CA', 'Corporacion Textil', 'Corporacion Textil, Av. 26', 115197, 354),
(185, 40921365, 'Tecnologia Textil CA', 'Tecnologia Textil', 'Tecnologia Textil, Av. 23', 321325, 356),
(186, 78876131, 'Productos Farmaceutico SRL', 'Productos Farmaceutico', 'Productos Farmaceutico, Av. 44', 216762, 291),
(187, 44316438, 'Consultoria Transporte SRL', 'Consultoria Transporte', 'Consultoria Transporte, Av. 30', 679112, 350),
(188, 86360577, 'Distribuidora Juguete SRL', 'Distribuidora Juguete', 'Distribuidora Juguete, Av. 12', 521965, 351),
(189, 37401076, 'Inversiones Farmaceutico SRL', 'Inversiones Farmaceutico', 'Inversiones Farmaceutico, Av. 3', 698278, 285),
(190, 19288833, 'Servicios Farmaceutico CA', 'Servicios Farmaceutico', 'Servicios Farmaceutico, Av. 32', 903585, 312),
(191, 72887975, 'Consultoria Juguete CA', 'Consultoria Juguete', 'Consultoria Juguete, Av. 45', 725097, 283),
(192, 85654635, 'Productos Metalurgico CA', 'Productos Metalurgico', 'Productos Metalurgico, Av. 35', 722236, 331),
(193, 26750059, 'Industrias Macila SRL', 'Industrias Macila', 'Industrias Macila, Av. 4', 698027, 322),
(194, 25122353, 'Productos Industrial SRL', 'Productos Industrial', 'Productos Industrial, Av. 26', 547299, 306),
(195, 33679948, 'Comercializadora Automotriz SRL', 'Comercializadora Automotriz', 'Comercializadora Automotriz, Av. 38', 407736, 286),
(196, 99541070, 'Servicios Constructor CA', 'Servicios Constructor', 'Servicios Constructor, Av. 21', 914311, 334),
(197, 60884625, 'Exportaciones Papelero SRL', 'Exportaciones Papelero', 'Exportaciones Papelero, Av. 42', 122507, 341),
(198, 57587672, 'Logistica Papelero CA', 'Logistica Papelero', 'Logistica Papelero, Av. 36', 876644, 336),
(199, 72775475, 'Logistica Alimenticio CA', 'Logistica Alimenticio', 'Logistica Alimenticio, Av. 10', 653727, 284),
(200, 19565100, 'Productos Textil SRL', 'Productos Textil', 'Productos Textil, Av. 17', 748169, 324);
-- CLIENTE NATURAL (200 registros B2C)
INSERT INTO ClienteNatural (idClienteNatural, cedula, pNombre, sNombre, pApellido, sApellido, direccion, MonitorActividadSopechosa_idMonitorActividadSopechosa, Lugar_idLugar) VALUES
(1, 10000001, 'Viviana', 'Natalia', 'Morales', 'Castillo', 'Calle 6, Casa 9, Urb. Castillo', 1, 60),
(2, 10000002, 'Veronica', NULL, 'Castro', NULL, 'Calle 65, Casa 9, Urb. Reyes', 1, 51),
(3, 10000003, 'Valentina', NULL, 'Lopez', NULL, 'Calle 23, Casa 14, Urb. Contreras', 1, 61),
(4, 10000004, 'Valentina', NULL, 'Leon', 'Romero', 'Calle 6, Casa 12, Urb. Paredes', 1, 12),
(5, 10000005, 'Beatriz', 'Sofia', 'Medina', 'Moreno', 'Calle 43, Casa 31, Urb. Morales', 1, 11),
(6, 10000006, 'Claudia', 'Ana', 'Perez', NULL, 'Calle 84, Casa 29, Urb. Medina', 1, 34),
(7, 10000007, 'Mariela', NULL, 'Peña', 'Campos', 'Calle 38, Casa 44, Urb. Medina', 1, 30),
(8, 10000008, 'Andrea', NULL, 'Rojas', NULL, 'Calle 98, Casa 40, Urb. Fuentes', 1, 13),
(9, 10000009, 'Elena', NULL, 'Castro', NULL, 'Calle 94, Casa 29, Urb. Hernandez', 1, 6),
(10, 10000010, 'Gloria', NULL, 'Molina', 'Rivas', 'Calle 70, Casa 2, Urb. Campos', 1, 14),
(11, 10000011, 'Natalia', 'Andrea', 'Campos', 'Soto', 'Calle 50, Casa 17, Urb. Ramirez', 1, 4),
(12, 10000012, 'Martha', 'Paula', 'Medina', NULL, 'Calle 41, Casa 38, Urb. Navarro', 1, 9),
(13, 10000013, 'Gabriela', NULL, 'Carrillo', NULL, 'Calle 12, Casa 43, Urb. Flores', 1, 3),
(14, 10000014, 'Monica', NULL, 'Torres', NULL, 'Calle 24, Casa 37, Urb. Fuentes', 1, 54),
(15, 10000015, 'Alejandra', NULL, 'Soto', NULL, 'Calle 8, Casa 36, Urb. Cruz', 1, 35),
(16, 10000016, 'Martha', 'Viviana', 'Aguilar', 'Rojas', 'Calle 22, Casa 20, Urb. Cordero', 1, 48),
(17, 10000017, 'Patricia', NULL, 'Peña', NULL, 'Calle 78, Casa 48, Urb. Campos', 1, 40),
(18, 10000018, 'Diana', 'Carolina', 'Rojas', 'Castro', 'Calle 42, Casa 43, Urb. Cruz', 1, 62),
(19, 10000019, 'Elena', 'Diana', 'Campos', 'Aguilar', 'Calle 46, Casa 30, Urb. Contreras', 1, 10),
(20, 10000020, 'Andrea', NULL, 'Cruz', NULL, 'Calle 21, Casa 37, Urb. Vargas', 1, 10),
(21, 10000021, 'Elena', NULL, 'Mendoza', 'Garcia', 'Calle 15, Casa 18, Urb. Fuentes', 1, 27),
(22, 10000022, 'Beatriz', 'Mariela', 'Castillo', 'Aguilar', 'Calle 78, Casa 7, Urb. Rivera', 1, 25),
(23, 10000023, 'Ana', NULL, 'Medina', NULL, 'Calle 24, Casa 42, Urb. Ortiz', 1, 32),
(24, 10000024, 'Beatriz', NULL, 'Peña', NULL, 'Calle 41, Casa 48, Urb. Campos', 1, 15),
(25, 10000025, 'Patricia', 'Veronica', 'Peña', NULL, 'Calle 72, Casa 20, Urb. Reyes', 1, 10),
(26, 10000026, 'Adriana', 'Carolina', 'Rivas', NULL, 'Calle 12, Casa 1, Urb. Molina', 1, 61),
(27, 10000027, 'Mariela', 'Maria', 'Delgado', 'Mendoza', 'Calle 64, Casa 11, Urb. Contreras', 1, 54),
(28, 10000028, 'Ana', NULL, 'Ramirez', NULL, 'Calle 19, Casa 12, Urb. Reyes', 1, 59),
(29, 10000029, 'Laura', NULL, 'Diaz', 'Reyes', 'Calle 45, Casa 7, Urb. Hernandez', 1, 28),
(30, 10000030, 'Diana', 'Maria', 'Moreno', 'Cordero', 'Calle 79, Casa 2, Urb. Castillo', 1, 55),
(31, 10000031, 'Rosa', 'Alejandra', 'Zambrano', NULL, 'Calle 84, Casa 43, Urb. Rodriguez', 1, 18),
(32, 10000032, 'Beatriz', 'Carmen', 'Soto', 'Ortiz', 'Calle 73, Casa 48, Urb. Gonzalez', 1, 60),
(33, 10000033, 'Sofia', NULL, 'Flores', NULL, 'Calle 41, Casa 20, Urb. Sosa', 1, 15),
(34, 10000034, 'Paula', NULL, 'Rivas', 'Carrillo', 'Calle 41, Casa 27, Urb. Rivas', 1, 60),
(35, 10000035, 'Andrea', NULL, 'Sosa', 'Contreras', 'Calle 32, Casa 38, Urb. Flores', 1, 49),
(36, 10000036, 'Veronica', NULL, 'Diaz', 'Fuentes', 'Calle 92, Casa 21, Urb. Molina', 1, 25),
(37, 10000037, 'Elena', 'Laura', 'Alvarez', 'Paredes', 'Calle 56, Casa 47, Urb. Escobar', 1, 9),
(38, 10000038, 'Viviana', 'Paula', 'Lopez', NULL, 'Calle 74, Casa 20, Urb. Rivas', 1, 44),
(39, 10000039, 'Isabella', NULL, 'Peña', 'Garcia', 'Calle 73, Casa 26, Urb. Miranda', 1, 31),
(40, 10000040, 'Monica', 'Laura', 'Miranda', 'Reyes', 'Calle 63, Casa 36, Urb. Castro', 1, 27),
(41, 10000041, 'Lorena', 'Veronica', 'Rivas', 'Sanchez', 'Calle 46, Casa 32, Urb. Leon', 1, 43),
(42, 10000042, 'Beatriz', 'Sofia', 'Perez', 'Aguilar', 'Calle 88, Casa 5, Urb. Soto', 1, 6),
(43, 10000043, 'Beatriz', 'Diana', 'Sosa', NULL, 'Calle 79, Casa 11, Urb. Fuentes', 1, 11),
(44, 10000044, 'Martha', NULL, 'Gonzalez', 'Martinez', 'Calle 69, Casa 42, Urb. Cabrera', 1, 46),
(45, 10000045, 'Andrea', 'Alejandra', 'Rivas', NULL, 'Calle 47, Casa 34, Urb. Molina', 1, 38),
(46, 10000046, 'Alejandra', 'Maria', 'Zambrano', 'Zambrano', 'Calle 80, Casa 22, Urb. Gonzalez', 1, 8),
(47, 10000047, 'Laura', 'Claudia', 'Escobar', 'Molina', 'Calle 40, Casa 15, Urb. Castillo', 1, 12),
(48, 10000048, 'Mariela', NULL, 'Vega', 'Mendoza', 'Calle 51, Casa 33, Urb. Silva', 1, 52),
(49, 10000049, 'Gabriela', NULL, 'Sanchez', 'Romero', 'Calle 44, Casa 23, Urb. Cruz', 1, 28),
(50, 10000050, 'Maria', NULL, 'Ramirez', NULL, 'Calle 74, Casa 32, Urb. Perez', 1, 7),
(51, 10000051, 'Maria', NULL, 'Cabrera', NULL, 'Calle 68, Casa 12, Urb. Castillo', 1, 38),
(52, 10000052, 'Paula', NULL, 'Reyes', NULL, 'Calle 51, Casa 29, Urb. Campos', 1, 50),
(53, 10000053, 'Isabella', NULL, 'Alvarez', NULL, 'Calle 2, Casa 17, Urb. Cabrera', 1, 48),
(54, 10000054, 'Diana', NULL, 'Diaz', 'Molina', 'Calle 77, Casa 9, Urb. Garcia', 1, 34),
(55, 10000055, 'Viviana', 'Claudia', 'Contreras', 'Castro', 'Calle 2, Casa 5, Urb. Delgado', 1, 20),
(56, 10000056, 'Natalia', 'Carolina', 'Castro', NULL, 'Calle 2, Casa 22, Urb. Garcia', 1, 34),
(57, 10000057, 'Alejandra', NULL, 'Medina', NULL, 'Calle 89, Casa 36, Urb. Leon', 1, 34),
(58, 10000058, 'Diana', NULL, 'Leon', 'Cabrera', 'Calle 56, Casa 33, Urb. Flores', 1, 28),
(59, 10000059, 'Teresa', 'Lorena', 'Soto', 'Ramirez', 'Calle 25, Casa 41, Urb. Delgado', 1, 39),
(60, 10000060, 'Beatriz', NULL, 'Cordero', NULL, 'Calle 94, Casa 21, Urb. Morales', 1, 41),
(61, 10000061, 'Maria', NULL, 'Peña', 'Campos', 'Calle 21, Casa 13, Urb. Molina', 1, 37),
(62, 10000062, 'Valentina', 'Natalia', 'Diaz', 'Rivera', 'Calle 22, Casa 6, Urb. Soto', 1, 7),
(63, 10000063, 'Carolina', NULL, 'Contreras', 'Carrillo', 'Calle 13, Casa 31, Urb. Torres', 1, 19),
(64, 10000064, 'Diana', NULL, 'Garcia', NULL, 'Calle 64, Casa 38, Urb. Delgado', 1, 10),
(65, 10000065, 'Diana', NULL, 'Moreno', 'Martinez', 'Calle 70, Casa 31, Urb. Rodriguez', 1, 46),
(66, 10000066, 'Mariela', 'Valentina', 'Ortega', NULL, 'Calle 47, Casa 18, Urb. Diaz', 1, 7),
(67, 10000067, 'Viviana', 'Gloria', 'Ramirez', 'Miranda', 'Calle 40, Casa 30, Urb. Silva', 1, 34),
(68, 10000068, 'Alejandra', 'Laura', 'Ortiz', NULL, 'Calle 19, Casa 48, Urb. Martinez', 1, 43),
(69, 10000069, 'Monica', 'Natalia', 'Diaz', 'Miranda', 'Calle 46, Casa 20, Urb. Mendoza', 1, 4),
(70, 10000070, 'Diana', NULL, 'Rivas', NULL, 'Calle 32, Casa 4, Urb. Moreno', 1, 34),
(71, 10000071, 'Beatriz', NULL, 'Soto', NULL, 'Calle 33, Casa 4, Urb. Rodriguez', 1, 58),
(72, 10000072, 'Carmen', 'Lorena', 'Cruz', NULL, 'Calle 31, Casa 8, Urb. Campos', 1, 39),
(73, 10000073, 'Viviana', NULL, 'Mendoza', NULL, 'Calle 69, Casa 27, Urb. Aguilar', 1, 1),
(74, 10000074, 'Martha', 'Valentina', 'Aguilar', 'Alvarez', 'Calle 40, Casa 37, Urb. Contreras', 1, 34),
(75, 10000075, 'Rosa', 'Natalia', 'Cruz', 'Leon', 'Calle 10, Casa 11, Urb. Rivas', 1, 45),
(76, 10000076, 'Natalia', NULL, 'Diaz', 'Garcia', 'Calle 6, Casa 34, Urb. Campos', 1, 18),
(77, 10000077, 'Silvia', 'Elena', 'Ortega', 'Rodriguez', 'Calle 44, Casa 7, Urb. Lopez', 1, 7),
(78, 10000078, 'Teresa', 'Valentina', 'Contreras', NULL, 'Calle 16, Casa 37, Urb. Perez', 1, 23),
(79, 10000079, 'Natalia', NULL, 'Miranda', 'Vega', 'Calle 76, Casa 19, Urb. Escobar', 1, 45),
(80, 10000080, 'Veronica', 'Sofia', 'Vargas', NULL, 'Calle 26, Casa 13, Urb. Zambrano', 1, 10),
(81, 10000081, 'Diana', NULL, 'Garcia', 'Paredes', 'Calle 44, Casa 24, Urb. Sosa', 1, 22),
(82, 10000082, 'Rosa', NULL, 'Cordero', 'Cordero', 'Calle 48, Casa 9, Urb. Sosa', 1, 28),
(83, 10000083, 'Lorena', 'Isabella', 'Garcia', NULL, 'Calle 89, Casa 13, Urb. Alvarez', 1, 26),
(84, 10000084, 'Beatriz', NULL, 'Castillo', 'Escobar', 'Calle 36, Casa 8, Urb. Sosa', 1, 60),
(85, 10000085, 'Carmen', 'Viviana', 'Rojas', 'Peña', 'Calle 18, Casa 2, Urb. Rojas', 1, 51),
(86, 10000086, 'Veronica', 'Mariela', 'Ramirez', NULL, 'Calle 41, Casa 33, Urb. Ortega', 1, 35),
(87, 10000087, 'Lorena', 'Martha', 'Medina', 'Contreras', 'Calle 82, Casa 14, Urb. Ortega', 1, 15),
(88, 10000088, 'Carmen', NULL, 'Sosa', NULL, 'Calle 62, Casa 49, Urb. Rojas', 1, 58),
(89, 10000089, 'Ana', 'Paula', 'Contreras', 'Soto', 'Calle 71, Casa 38, Urb. Paredes', 1, 25),
(90, 10000090, 'Laura', 'Mariela', 'Aguilar', NULL, 'Calle 64, Casa 6, Urb. Paredes', 1, 12),
(91, 10000091, 'Adriana', 'Gloria', 'Miranda', 'Alvarez', 'Calle 40, Casa 19, Urb. Silva', 1, 61),
(92, 10000092, 'Mariela', NULL, 'Sosa', NULL, 'Calle 40, Casa 35, Urb. Castro', 1, 54),
(93, 10000093, 'Maria', 'Carolina', 'Moreno', 'Carrillo', 'Calle 94, Casa 18, Urb. Sanchez', 1, 41),
(94, 10000094, 'Claudia', 'Gloria', 'Contreras', 'Torres', 'Calle 46, Casa 46, Urb. Hernandez', 1, 60),
(95, 10000095, 'Claudia', 'Martha', 'Navarro', NULL, 'Calle 2, Casa 30, Urb. Diaz', 1, 45),
(96, 10000096, 'Elena', 'Carolina', 'Rivas', 'Hernandez', 'Calle 76, Casa 4, Urb. Vega', 1, 55),
(97, 10000097, 'Maria', 'Gloria', 'Hernandez', NULL, 'Calle 25, Casa 8, Urb. Cabrera', 1, 54),
(98, 10000098, 'Andrea', NULL, 'Garcia', NULL, 'Calle 73, Casa 26, Urb. Martinez', 1, 60),
(99, 10000099, 'Veronica', NULL, 'Carrillo', 'Carrillo', 'Calle 51, Casa 2, Urb. Leon', 1, 30),
(100, 10000100, 'Elena', NULL, 'Peña', NULL, 'Calle 67, Casa 27, Urb. Miranda', 1, 3),
(101, 10000101, 'Carmen', NULL, 'Cordero', 'Torres', 'Calle 46, Casa 11, Urb. Leon', 1, 1),
(102, 10000102, 'Veronica', 'Sofia', 'Miranda', 'Romero', 'Calle 81, Casa 17, Urb. Rivas', 1, 26),
(103, 10000103, 'Viviana', NULL, 'Cordero', 'Castillo', 'Calle 72, Casa 3, Urb. Morales', 1, 49),
(104, 10000104, 'Gabriela', NULL, 'Miranda', NULL, 'Calle 77, Casa 49, Urb. Paredes', 1, 46),
(105, 10000105, 'Mariela', 'Lorena', 'Ortega', 'Molina', 'Calle 70, Casa 16, Urb. Flores', 1, 30),
(106, 10000106, 'Teresa', NULL, 'Gonzalez', NULL, 'Calle 18, Casa 44, Urb. Rivera', 1, 62),
(107, 10000107, 'Silvia', NULL, 'Castro', NULL, 'Calle 30, Casa 24, Urb. Aguilar', 1, 52),
(108, 10000108, 'Claudia', 'Rosa', 'Rojas', 'Ortega', 'Calle 10, Casa 25, Urb. Delgado', 1, 25),
(109, 10000109, 'Rosa', NULL, 'Ramirez', 'Alvarez', 'Calle 94, Casa 49, Urb. Martinez', 1, 55),
(110, 10000110, 'Alejandra', 'Andrea', 'Medina', NULL, 'Calle 34, Casa 32, Urb. Sanchez', 1, 55),
(111, 10000111, 'Andrea', 'Carmen', 'Rivera', NULL, 'Calle 21, Casa 16, Urb. Molina', 1, 51),
(112, 10000112, 'Ana', 'Laura', 'Vega', 'Paredes', 'Calle 79, Casa 44, Urb. Medina', 1, 8),
(113, 10000113, 'Patricia', 'Silvia', 'Carrillo', 'Romero', 'Calle 40, Casa 35, Urb. Silva', 1, 17),
(114, 10000114, 'Patricia', NULL, 'Moreno', NULL, 'Calle 70, Casa 12, Urb. Molina', 1, 58),
(115, 10000115, 'Sofia', 'Diana', 'Reyes', 'Sosa', 'Calle 80, Casa 19, Urb. Leon', 1, 18),
(116, 10000116, 'Isabella', 'Rosa', 'Miranda', NULL, 'Calle 82, Casa 25, Urb. Torres', 1, 45),
(117, 10000117, 'Rosa', 'Sofia', 'Sanchez', NULL, 'Calle 12, Casa 18, Urb. Martinez', 1, 45),
(118, 10000118, 'Gabriela', 'Diana', 'Delgado', NULL, 'Calle 30, Casa 36, Urb. Sanchez', 1, 56),
(119, 10000119, 'Viviana', NULL, 'Cabrera', 'Vega', 'Calle 41, Casa 19, Urb. Moreno', 1, 38),
(120, 10000120, 'Laura', 'Diana', 'Fuentes', NULL, 'Calle 22, Casa 48, Urb. Perez', 1, 1),
(121, 10000121, 'Gloria', NULL, 'Silva', NULL, 'Calle 22, Casa 30, Urb. Cordero', 1, 1),
(122, 10000122, 'Rosa', 'Ana', 'Perez', NULL, 'Calle 82, Casa 8, Urb. Silva', 1, 40),
(123, 10000123, 'Andrea', NULL, 'Torres', 'Hernandez', 'Calle 33, Casa 5, Urb. Ramirez', 1, 24),
(124, 10000124, 'Laura', 'Mariela', 'Castro', NULL, 'Calle 29, Casa 5, Urb. Escobar', 1, 30),
(125, 10000125, 'Maria', 'Laura', 'Ramirez', NULL, 'Calle 71, Casa 19, Urb. Peña', 1, 55),
(126, 10000126, 'Beatriz', 'Claudia', 'Silva', NULL, 'Calle 59, Casa 43, Urb. Ortega', 1, 44),
(127, 10000127, 'Silvia', 'Elena', 'Aguilar', 'Aguilar', 'Calle 65, Casa 16, Urb. Castro', 1, 23),
(128, 10000128, 'Teresa', NULL, 'Sosa', 'Martinez', 'Calle 67, Casa 40, Urb. Torres', 1, 3),
(129, 10000129, 'Teresa', NULL, 'Rojas', 'Soto', 'Calle 71, Casa 26, Urb. Carrillo', 1, 42),
(130, 10000130, 'Beatriz', NULL, 'Rivas', NULL, 'Calle 78, Casa 15, Urb. Morales', 1, 37),
(131, 10000131, 'Lorena', 'Carolina', 'Carrillo', 'Perez', 'Calle 88, Casa 31, Urb. Navarro', 1, 56),
(132, 10000132, 'Rosa', 'Viviana', 'Rivas', NULL, 'Calle 11, Casa 5, Urb. Rivera', 1, 4),
(133, 10000133, 'Valentina', NULL, 'Ortiz', NULL, 'Calle 9, Casa 10, Urb. Contreras', 1, 35),
(134, 10000134, 'Silvia', 'Viviana', 'Lopez', 'Leon', 'Calle 59, Casa 44, Urb. Aguilar', 1, 47),
(135, 10000135, 'Gabriela', NULL, 'Ortiz', NULL, 'Calle 82, Casa 31, Urb. Reyes', 1, 20),
(136, 10000136, 'Gloria', NULL, 'Carrillo', NULL, 'Calle 60, Casa 22, Urb. Soto', 1, 55),
(137, 10000137, 'Gabriela', NULL, 'Rivera', 'Navarro', 'Calle 93, Casa 30, Urb. Cordero', 1, 39),
(138, 10000138, 'Teresa', NULL, 'Reyes', 'Vega', 'Calle 17, Casa 25, Urb. Morales', 1, 30),
(139, 10000139, 'Elena', NULL, 'Moreno', NULL, 'Calle 3, Casa 19, Urb. Torres', 1, 10),
(140, 10000140, 'Paula', NULL, 'Rojas', 'Navarro', 'Calle 18, Casa 26, Urb. Morales', 1, 14),
(141, 10000141, 'Valentina', NULL, 'Garcia', 'Sosa', 'Calle 75, Casa 20, Urb. Sosa', 1, 13),
(142, 10000142, 'Maria', NULL, 'Rivas', NULL, 'Calle 34, Casa 38, Urb. Contreras', 1, 21),
(143, 10000143, 'Sofia', 'Ana', 'Mendoza', 'Hernandez', 'Calle 14, Casa 9, Urb. Reyes', 1, 36),
(144, 10000144, 'Isabella', 'Gloria', 'Ramirez', 'Morales', 'Calle 42, Casa 47, Urb. Medina', 1, 48),
(145, 10000145, 'Beatriz', NULL, 'Leon', 'Rivera', 'Calle 56, Casa 9, Urb. Fuentes', 1, 39),
(146, 10000146, 'Sofia', NULL, 'Fuentes', 'Moreno', 'Calle 7, Casa 11, Urb. Garcia', 1, 48),
(147, 10000147, 'Natalia', NULL, 'Aguilar', 'Campos', 'Calle 60, Casa 22, Urb. Paredes', 1, 44),
(148, 10000148, 'Andrea', NULL, 'Reyes', 'Ramirez', 'Calle 36, Casa 18, Urb. Soto', 1, 58),
(149, 10000149, 'Adriana', NULL, 'Sosa', NULL, 'Calle 23, Casa 30, Urb. Hernandez', 1, 46),
(150, 10000150, 'Patricia', 'Isabella', 'Castillo', NULL, 'Calle 69, Casa 5, Urb. Campos', 1, 62),
(151, 10000151, 'Adriana', NULL, 'Moreno', 'Carrillo', 'Calle 46, Casa 6, Urb. Campos', 1, 37),
(152, 10000152, 'Martha', 'Carmen', 'Romero', NULL, 'Calle 29, Casa 1, Urb. Rodriguez', 1, 53),
(153, 10000153, 'Beatriz', NULL, 'Castillo', NULL, 'Calle 72, Casa 15, Urb. Ortega', 1, 32),
(154, 10000154, 'Alejandra', NULL, 'Aguilar', 'Cabrera', 'Calle 81, Casa 2, Urb. Lopez', 1, 50),
(155, 10000155, 'Veronica', 'Gloria', 'Diaz', NULL, 'Calle 46, Casa 8, Urb. Mendoza', 1, 58),
(156, 10000156, 'Silvia', 'Carolina', 'Vega', 'Reyes', 'Calle 50, Casa 45, Urb. Reyes', 1, 12),
(157, 10000157, 'Carmen', 'Isabella', 'Zambrano', NULL, 'Calle 74, Casa 2, Urb. Ramirez', 1, 21),
(158, 10000158, 'Beatriz', 'Natalia', 'Martinez', NULL, 'Calle 14, Casa 16, Urb. Castro', 1, 33),
(159, 10000159, 'Silvia', 'Gloria', 'Sanchez', NULL, 'Calle 64, Casa 6, Urb. Ramirez', 1, 40),
(160, 10000160, 'Gloria', NULL, 'Rodriguez', NULL, 'Calle 20, Casa 25, Urb. Perez', 1, 18),
(161, 10000161, 'Viviana', 'Patricia', 'Zambrano', NULL, 'Calle 23, Casa 22, Urb. Ortiz', 1, 27),
(162, 10000162, 'Diana', NULL, 'Ortega', NULL, 'Calle 31, Casa 31, Urb. Alvarez', 1, 10),
(163, 10000163, 'Claudia', NULL, 'Contreras', NULL, 'Calle 81, Casa 18, Urb. Fuentes', 1, 4),
(164, 10000164, 'Gabriela', 'Mariela', 'Sanchez', NULL, 'Calle 96, Casa 21, Urb. Peña', 1, 38),
(165, 10000165, 'Viviana', 'Carolina', 'Flores', 'Miranda', 'Calle 66, Casa 49, Urb. Medina', 1, 34),
(166, 10000166, 'Mariela', 'Carolina', 'Cruz', 'Cabrera', 'Calle 96, Casa 4, Urb. Moreno', 1, 31),
(167, 10000167, 'Beatriz', NULL, 'Sanchez', 'Perez', 'Calle 39, Casa 21, Urb. Paredes', 1, 34),
(168, 10000168, 'Isabella', 'Patricia', 'Medina', 'Fuentes', 'Calle 79, Casa 4, Urb. Sanchez', 1, 49),
(169, 10000169, 'Ana', NULL, 'Mendoza', NULL, 'Calle 95, Casa 12, Urb. Miranda', 1, 27),
(170, 10000170, 'Lorena', 'Maria', 'Contreras', 'Leon', 'Calle 35, Casa 48, Urb. Rivera', 1, 51),
(171, 10000171, 'Monica', NULL, 'Sanchez', 'Vega', 'Calle 51, Casa 14, Urb. Rodriguez', 1, 11),
(172, 10000172, 'Viviana', NULL, 'Rivera', NULL, 'Calle 4, Casa 19, Urb. Ramirez', 1, 23),
(173, 10000173, 'Laura', NULL, 'Sanchez', NULL, 'Calle 98, Casa 16, Urb. Delgado', 1, 38),
(174, 10000174, 'Silvia', 'Ana', 'Ramirez', NULL, 'Calle 70, Casa 23, Urb. Leon', 1, 55),
(175, 10000175, 'Isabella', 'Carolina', 'Perez', 'Torres', 'Calle 82, Casa 26, Urb. Flores', 1, 14),
(176, 10000176, 'Veronica', 'Paula', 'Rivera', NULL, 'Calle 3, Casa 43, Urb. Leon', 1, 55),
(177, 10000177, 'Martha', NULL, 'Miranda', NULL, 'Calle 84, Casa 4, Urb. Vega', 1, 51),
(178, 10000178, 'Alejandra', NULL, 'Mendoza', 'Ortega', 'Calle 20, Casa 32, Urb. Zambrano', 1, 3),
(179, 10000179, 'Andrea', 'Paula', 'Campos', 'Martinez', 'Calle 38, Casa 37, Urb. Rivas', 1, 55),
(180, 10000180, 'Martha', NULL, 'Cabrera', 'Vargas', 'Calle 74, Casa 40, Urb. Sosa', 1, 25),
(181, 10000181, 'Claudia', NULL, 'Ortiz', NULL, 'Calle 69, Casa 11, Urb. Paredes', 1, 34),
(182, 10000182, 'Patricia', 'Beatriz', 'Aguilar', NULL, 'Calle 31, Casa 16, Urb. Peña', 1, 29),
(183, 10000183, 'Viviana', 'Paula', 'Rodriguez', NULL, 'Calle 10, Casa 12, Urb. Diaz', 1, 41),
(184, 10000184, 'Silvia', 'Ana', 'Campos', NULL, 'Calle 12, Casa 28, Urb. Diaz', 1, 38),
(185, 10000185, 'Adriana', 'Adriana', 'Ramirez', NULL, 'Calle 61, Casa 22, Urb. Cabrera', 1, 17),
(186, 10000186, 'Carmen', NULL, 'Cordero', 'Moreno', 'Calle 86, Casa 4, Urb. Martinez', 1, 55),
(187, 10000187, 'Claudia', NULL, 'Ortiz', NULL, 'Calle 59, Casa 43, Urb. Vega', 1, 58),
(188, 10000188, 'Martha', NULL, 'Molina', NULL, 'Calle 28, Casa 36, Urb. Gonzalez', 1, 57),
(189, 10000189, 'Natalia', 'Gloria', 'Romero', 'Miranda', 'Calle 24, Casa 20, Urb. Castro', 1, 53),
(190, 10000190, 'Lorena', 'Lorena', 'Rivas', 'Cabrera', 'Calle 95, Casa 3, Urb. Molina', 1, 19),
(191, 10000191, 'Monica', 'Adriana', 'Martinez', NULL, 'Calle 67, Casa 7, Urb. Cordero', 1, 24),
(192, 10000192, 'Rosa', 'Claudia', 'Castillo', 'Paredes', 'Calle 69, Casa 15, Urb. Zambrano', 1, 17),
(193, 10000193, 'Mariela', 'Veronica', 'Sosa', NULL, 'Calle 5, Casa 8, Urb. Garcia', 1, 41),
(194, 10000194, 'Martha', NULL, 'Contreras', 'Romero', 'Calle 87, Casa 15, Urb. Ortiz', 1, 17),
(195, 10000195, 'Patricia', NULL, 'Zambrano', 'Lopez', 'Calle 3, Casa 39, Urb. Paredes', 1, 48),
(196, 10000196, 'Valentina', NULL, 'Rivera', 'Ortega', 'Calle 94, Casa 36, Urb. Molina', 1, 5),
(197, 10000197, 'Monica', NULL, 'Rivera', NULL, 'Calle 21, Casa 2, Urb. Sosa', 1, 62),
(198, 10000198, 'Valentina', NULL, 'Peña', NULL, 'Calle 93, Casa 20, Urb. Navarro', 1, 31),
(199, 10000199, 'Carmen', 'Beatriz', 'Rivera', 'Ortiz', 'Calle 98, Casa 32, Urb. Ramirez', 1, 8),
(200, 10000200, 'Natalia', NULL, 'Moreno', NULL, 'Calle 88, Casa 36, Urb. Carrillo', 1, 15);
-- MONITOR ACTIVIDAD SOSPECHOSA (200 registros)
INSERT INTO MonitorActividadSopechosa (idMonitorActividadSopechosa, fechaHora, ClienteNatural_idClienteNatural) VALUES
(1, '2024-01-01 00:00:00', 1),
(2, '2024-01-01 00:00:00', 2),
(3, '2024-01-01 00:00:00', 3),
(4, '2024-01-01 00:00:00', 4),
(5, '2024-01-01 00:00:00', 5),
(6, '2024-01-01 00:00:00', 6),
(7, '2024-01-01 00:00:00', 7),
(8, '2024-01-01 00:00:00', 8),
(9, '2024-01-01 00:00:00', 9),
(10, '2024-01-01 00:00:00', 10),
(11, '2024-01-01 00:00:00', 11),
(12, '2024-01-01 00:00:00', 12),
(13, '2024-01-01 00:00:00', 13),
(14, '2024-01-01 00:00:00', 14),
(15, '2024-01-01 00:00:00', 15),
(16, '2024-01-01 00:00:00', 16),
(17, '2024-01-01 00:00:00', 17),
(18, '2024-01-01 00:00:00', 18),
(19, '2024-01-01 00:00:00', 19),
(20, '2024-01-01 00:00:00', 20),
(21, '2024-01-01 00:00:00', 21),
(22, '2024-01-01 00:00:00', 22),
(23, '2024-01-01 00:00:00', 23),
(24, '2024-01-01 00:00:00', 24),
(25, '2024-01-01 00:00:00', 25),
(26, '2024-01-01 00:00:00', 26),
(27, '2024-01-01 00:00:00', 27),
(28, '2024-01-01 00:00:00', 28),
(29, '2024-01-01 00:00:00', 29),
(30, '2024-01-01 00:00:00', 30),
(31, '2024-01-01 00:00:00', 31),
(32, '2024-01-01 00:00:00', 32),
(33, '2024-01-01 00:00:00', 33),
(34, '2024-01-01 00:00:00', 34),
(35, '2024-01-01 00:00:00', 35),
(36, '2024-01-01 00:00:00', 36),
(37, '2024-01-01 00:00:00', 37),
(38, '2024-01-01 00:00:00', 38),
(39, '2024-01-01 00:00:00', 39),
(40, '2024-01-01 00:00:00', 40),
(41, '2024-01-01 00:00:00', 41),
(42, '2024-01-01 00:00:00', 42),
(43, '2024-01-01 00:00:00', 43),
(44, '2024-01-01 00:00:00', 44),
(45, '2024-01-01 00:00:00', 45),
(46, '2024-01-01 00:00:00', 46),
(47, '2024-01-01 00:00:00', 47),
(48, '2024-01-01 00:00:00', 48),
(49, '2024-01-01 00:00:00', 49),
(50, '2024-01-01 00:00:00', 50),
(51, '2024-01-01 00:00:00', 51),
(52, '2024-01-01 00:00:00', 52),
(53, '2024-01-01 00:00:00', 53),
(54, '2024-01-01 00:00:00', 54),
(55, '2024-01-01 00:00:00', 55),
(56, '2024-01-01 00:00:00', 56),
(57, '2024-01-01 00:00:00', 57),
(58, '2024-01-01 00:00:00', 58),
(59, '2024-01-01 00:00:00', 59),
(60, '2024-01-01 00:00:00', 60),
(61, '2024-01-01 00:00:00', 61),
(62, '2024-01-01 00:00:00', 62),
(63, '2024-01-01 00:00:00', 63),
(64, '2024-01-01 00:00:00', 64),
(65, '2024-01-01 00:00:00', 65),
(66, '2024-01-01 00:00:00', 66),
(67, '2024-01-01 00:00:00', 67),
(68, '2024-01-01 00:00:00', 68),
(69, '2024-01-01 00:00:00', 69),
(70, '2024-01-01 00:00:00', 70),
(71, '2024-01-01 00:00:00', 71),
(72, '2024-01-01 00:00:00', 72),
(73, '2024-01-01 00:00:00', 73),
(74, '2024-01-01 00:00:00', 74),
(75, '2024-01-01 00:00:00', 75),
(76, '2024-01-01 00:00:00', 76),
(77, '2024-01-01 00:00:00', 77),
(78, '2024-01-01 00:00:00', 78),
(79, '2024-01-01 00:00:00', 79),
(80, '2024-01-01 00:00:00', 80),
(81, '2024-01-01 00:00:00', 81),
(82, '2024-01-01 00:00:00', 82),
(83, '2024-01-01 00:00:00', 83),
(84, '2024-01-01 00:00:00', 84),
(85, '2024-01-01 00:00:00', 85),
(86, '2024-01-01 00:00:00', 86),
(87, '2024-01-01 00:00:00', 87),
(88, '2024-01-01 00:00:00', 88),
(89, '2024-01-01 00:00:00', 89),
(90, '2024-01-01 00:00:00', 90),
(91, '2024-01-01 00:00:00', 91),
(92, '2024-01-01 00:00:00', 92),
(93, '2024-01-01 00:00:00', 93),
(94, '2024-01-01 00:00:00', 94),
(95, '2024-01-01 00:00:00', 95),
(96, '2024-01-01 00:00:00', 96),
(97, '2024-01-01 00:00:00', 97),
(98, '2024-01-01 00:00:00', 98),
(99, '2024-01-01 00:00:00', 99),
(100, '2024-01-01 00:00:00', 100),
(101, '2024-01-01 00:00:00', 101),
(102, '2024-01-01 00:00:00', 102),
(103, '2024-01-01 00:00:00', 103),
(104, '2024-01-01 00:00:00', 104),
(105, '2024-01-01 00:00:00', 105),
(106, '2024-01-01 00:00:00', 106),
(107, '2024-01-01 00:00:00', 107),
(108, '2024-01-01 00:00:00', 108),
(109, '2024-01-01 00:00:00', 109),
(110, '2024-01-01 00:00:00', 110),
(111, '2024-01-01 00:00:00', 111),
(112, '2024-01-01 00:00:00', 112),
(113, '2024-01-01 00:00:00', 113),
(114, '2024-01-01 00:00:00', 114),
(115, '2024-01-01 00:00:00', 115),
(116, '2024-01-01 00:00:00', 116),
(117, '2024-01-01 00:00:00', 117),
(118, '2024-01-01 00:00:00', 118),
(119, '2024-01-01 00:00:00', 119),
(120, '2024-01-01 00:00:00', 120),
(121, '2024-01-01 00:00:00', 121),
(122, '2024-01-01 00:00:00', 122),
(123, '2024-01-01 00:00:00', 123),
(124, '2024-01-01 00:00:00', 124),
(125, '2024-01-01 00:00:00', 125),
(126, '2024-01-01 00:00:00', 126),
(127, '2024-01-01 00:00:00', 127),
(128, '2024-01-01 00:00:00', 128),
(129, '2024-01-01 00:00:00', 129),
(130, '2024-01-01 00:00:00', 130),
(131, '2024-01-01 00:00:00', 131),
(132, '2024-01-01 00:00:00', 132),
(133, '2024-01-01 00:00:00', 133),
(134, '2024-01-01 00:00:00', 134),
(135, '2024-01-01 00:00:00', 135),
(136, '2024-01-01 00:00:00', 136),
(137, '2024-01-01 00:00:00', 137),
(138, '2024-01-01 00:00:00', 138),
(139, '2024-01-01 00:00:00', 139),
(140, '2024-01-01 00:00:00', 140),
(141, '2024-01-01 00:00:00', 141),
(142, '2024-01-01 00:00:00', 142),
(143, '2024-01-01 00:00:00', 143),
(144, '2024-01-01 00:00:00', 144),
(145, '2024-01-01 00:00:00', 145),
(146, '2024-01-01 00:00:00', 146),
(147, '2024-01-01 00:00:00', 147),
(148, '2024-01-01 00:00:00', 148),
(149, '2024-01-01 00:00:00', 149),
(150, '2024-01-01 00:00:00', 150),
(151, '2024-01-01 00:00:00', 151),
(152, '2024-01-01 00:00:00', 152),
(153, '2024-01-01 00:00:00', 153),
(154, '2024-01-01 00:00:00', 154),
(155, '2024-01-01 00:00:00', 155),
(156, '2024-01-01 00:00:00', 156),
(157, '2024-01-01 00:00:00', 157),
(158, '2024-01-01 00:00:00', 158),
(159, '2024-01-01 00:00:00', 159),
(160, '2024-01-01 00:00:00', 160),
(161, '2024-01-01 00:00:00', 161),
(162, '2024-01-01 00:00:00', 162),
(163, '2024-01-01 00:00:00', 163),
(164, '2024-01-01 00:00:00', 164),
(165, '2024-01-01 00:00:00', 165),
(166, '2024-01-01 00:00:00', 166),
(167, '2024-01-01 00:00:00', 167),
(168, '2024-01-01 00:00:00', 168),
(169, '2024-01-01 00:00:00', 169),
(170, '2024-01-01 00:00:00', 170),
(171, '2024-01-01 00:00:00', 171),
(172, '2024-01-01 00:00:00', 172),
(173, '2024-01-01 00:00:00', 173),
(174, '2024-01-01 00:00:00', 174),
(175, '2024-01-01 00:00:00', 175),
(176, '2024-01-01 00:00:00', 176),
(177, '2024-01-01 00:00:00', 177),
(178, '2024-01-01 00:00:00', 178),
(179, '2024-01-01 00:00:00', 179),
(180, '2024-01-01 00:00:00', 180),
(181, '2024-01-01 00:00:00', 181),
(182, '2024-01-01 00:00:00', 182),
(183, '2024-01-01 00:00:00', 183),
(184, '2024-01-01 00:00:00', 184),
(185, '2024-01-01 00:00:00', 185),
(186, '2024-01-01 00:00:00', 186),
(187, '2024-01-01 00:00:00', 187),
(188, '2024-01-01 00:00:00', 188),
(189, '2024-01-01 00:00:00', 189),
(190, '2024-01-01 00:00:00', 190),
(191, '2024-01-01 00:00:00', 191),
(192, '2024-01-01 00:00:00', 192),
(193, '2024-01-01 00:00:00', 193),
(194, '2024-01-01 00:00:00', 194),
(195, '2024-01-01 00:00:00', 195),
(196, '2024-01-01 00:00:00', 196),
(197, '2024-01-01 00:00:00', 197),
(198, '2024-01-01 00:00:00', 198),
(199, '2024-01-01 00:00:00', 199),
(200, '2024-01-01 00:00:00', 200);

-- Vincular ClienteNatural con su MonitorActividadSopechosa (1:1)
UPDATE ClienteNatural SET MonitorActividadSopechosa_idMonitorActividadSopechosa = idClienteNatural WHERE idClienteNatural BETWEEN 1 AND 200;

-- BACKORDER (IDs 11-1210)
INSERT INTO BackOrder (idBackOrder, cantidadPendiente, precioOriginalPactado, fechaGeneracion, estatus) VALUES
(11, 5756, 22.25, '2025-03-08', 1),
(12, 8090, 37.55, '2025-04-04', 1),
(13, 3348, 23.1, '2025-06-18', 1),
(14, 6723, 71.54, '2025-03-03', 1),
(15, 9474, 33.85, '2025-05-07', 1),
(16, 7552, 29.48, '2025-10-07', 1),
(17, 5670, 20.65, '2025-10-18', 2),
(18, 6792, 34.79, '2025-06-06', 2),
(19, 9860, 40.47, '2025-02-04', 2),
(20, 1424, 73.3, '2025-06-19', 1),
(21, 1066, 47.11, '2025-06-04', 1),
(22, 6647, 61.92, '2025-05-12', 1),
(23, 7713, 61.7, '2025-07-08', 1),
(24, 4607, 53.8, '2025-03-04', 1),
(25, 9154, 39.57, '2025-06-07', 2),
(26, 4104, 22.79, '2025-06-02', 2),
(27, 2495, 21.76, '2025-09-02', 2),
(28, 1174, 60.45, '2025-11-23', 1),
(29, 2445, 33.89, '2025-02-04', 2),
(30, 1147, 27.06, '2025-01-10', 2),
(31, 9842, 45.59, '2025-05-13', 1),
(32, 8559, 56.06, '2025-03-03', 1),
(33, 4566, 35.5, '2025-10-09', 2),
(34, 7762, 71.99, '2025-02-10', 2),
(35, 8426, 76.01, '2025-09-08', 1),
(36, 1448, 71.41, '2025-06-16', 2),
(37, 5893, 66.63, '2025-10-07', 1),
(38, 5764, 49.19, '2025-03-25', 2),
(39, 1857, 58.62, '2025-03-23', 1),
(40, 9096, 66.71, '2025-02-03', 1),
(41, 4703, 28.65, '2025-03-06', 1),
(42, 3504, 25.55, '2025-10-19', 1),
(43, 1118, 61.05, '2025-07-12', 2),
(44, 4652, 58.98, '2025-11-14', 1),
(45, 3719, 35.1, '2025-09-16', 2),
(46, 4660, 27.37, '2025-03-19', 1),
(47, 7193, 55.53, '2025-02-10', 1),
(48, 3302, 74.12, '2025-09-07', 2),
(49, 8370, 35.58, '2025-01-11', 2),
(50, 1438, 20.31, '2025-08-03', 1),
(51, 9961, 36.92, '2025-08-14', 1),
(52, 7155, 22.41, '2025-01-23', 1),
(53, 3206, 72.86, '2025-11-10', 2),
(54, 1870, 34.69, '2025-04-14', 1),
(55, 5536, 32.05, '2025-11-05', 2),
(56, 6785, 40.64, '2025-08-13', 2),
(57, 4905, 79.55, '2025-01-16', 2),
(58, 1651, 50.8, '2025-10-14', 1),
(59, 5101, 67.78, '2025-09-13', 2),
(60, 6947, 42.14, '2025-03-08', 1),
(61, 5616, 49.8, '2025-06-13', 1),
(62, 7245, 37.49, '2025-03-22', 1),
(63, 9161, 40.17, '2025-11-26', 1),
(64, 8560, 37.68, '2025-03-18', 2),
(65, 7982, 35.18, '2025-05-11', 2),
(66, 2387, 39.8, '2025-11-18', 2),
(67, 1815, 26.48, '2025-08-10', 1),
(68, 2759, 28.34, '2025-10-04', 2),
(69, 4548, 55.5, '2025-07-05', 2),
(70, 9986, 73.93, '2025-06-21', 2),
(71, 3121, 67.62, '2025-03-24', 1),
(72, 4980, 35.79, '2025-06-11', 2),
(73, 9154, 55.2, '2025-09-06', 1),
(74, 8826, 41.32, '2025-04-08', 1),
(75, 3069, 28.46, '2025-01-23', 2),
(76, 1516, 70.75, '2025-03-16', 2),
(77, 3817, 54.99, '2025-05-06', 1),
(78, 6948, 31.95, '2025-07-10', 2),
(79, 8275, 37.55, '2025-10-19', 2),
(80, 3488, 34.68, '2025-05-16', 1),
(81, 9642, 28.11, '2025-02-22', 2),
(82, 1750, 75.07, '2025-02-08', 1),
(83, 5453, 51.99, '2025-01-26', 2),
(84, 3733, 25.4, '2025-10-01', 1),
(85, 1223, 65.37, '2025-07-05', 2),
(86, 7678, 66.17, '2025-11-25', 1),
(87, 8933, 68.6, '2025-11-14', 2),
(88, 8833, 53.48, '2025-02-23', 2),
(89, 9122, 25.64, '2025-09-25', 1),
(90, 7550, 57.09, '2025-06-19', 2),
(91, 2406, 75.51, '2025-05-09', 1),
(92, 2643, 29.78, '2025-09-07', 2),
(93, 2587, 57.78, '2025-05-18', 1),
(94, 6227, 58.11, '2025-04-24', 2),
(95, 9463, 24.72, '2025-03-11', 2),
(96, 3340, 52.92, '2025-03-19', 2),
(97, 9500, 76.43, '2025-11-06', 2),
(98, 6755, 33.03, '2025-02-08', 2),
(99, 9021, 49.16, '2025-05-03', 1),
(100, 3066, 60.33, '2025-02-18', 1),
(101, 1901, 65.82, '2025-03-01', 2),
(102, 7611, 64.86, '2025-03-02', 2),
(103, 8903, 65.71, '2025-06-14', 1),
(104, 8541, 72.96, '2025-06-21', 1),
(105, 2626, 38.08, '2025-11-16', 1),
(106, 7573, 31.88, '2025-01-16', 2),
(107, 3651, 27.92, '2025-06-20', 1),
(108, 8767, 75.07, '2025-09-25', 1),
(109, 6978, 31.39, '2025-01-17', 1),
(110, 4728, 62.79, '2025-03-21', 1),
(111, 9229, 24.88, '2025-03-04', 1),
(112, 9426, 67.8, '2025-02-06', 2),
(113, 5556, 63.54, '2025-11-25', 2),
(114, 2979, 60.52, '2025-04-18', 2),
(115, 9265, 74.3, '2025-01-22', 2),
(116, 9730, 61.28, '2025-02-13', 1),
(117, 5788, 77.43, '2025-09-19', 2),
(118, 8699, 40.02, '2025-05-26', 2),
(119, 4801, 24.18, '2025-06-27', 1),
(120, 8316, 36.16, '2025-10-01', 1),
(121, 2102, 54.7, '2025-05-14', 2),
(122, 5573, 31.41, '2025-11-23', 1),
(123, 5652, 53.25, '2025-08-13', 2),
(124, 7178, 41.16, '2025-11-02', 1),
(125, 5790, 46.62, '2025-06-15', 2),
(126, 8439, 65.03, '2025-11-21', 2),
(127, 4969, 29.12, '2025-07-09', 1),
(128, 7063, 23.56, '2025-02-05', 1),
(129, 3576, 75.57, '2025-09-09', 1),
(130, 2534, 27.94, '2025-08-23', 1),
(131, 6520, 79.11, '2025-08-02', 2),
(132, 3479, 51.86, '2025-03-11', 1),
(133, 9624, 73.79, '2025-08-25', 1),
(134, 7580, 52.1, '2025-02-14', 1),
(135, 8007, 61.96, '2025-05-13', 2),
(136, 9702, 65.92, '2025-01-12', 1),
(137, 9241, 64.52, '2025-08-13', 2),
(138, 1067, 40.89, '2025-02-09', 2),
(139, 4763, 22.03, '2025-03-16', 1),
(140, 7958, 78.92, '2025-01-13', 2),
(141, 2443, 54.56, '2025-06-05', 1),
(142, 6126, 72.53, '2025-05-01', 2),
(143, 3468, 46.12, '2025-10-25', 1),
(144, 1110, 73.09, '2025-07-23', 2),
(145, 6355, 75.7, '2025-07-10', 2),
(146, 5572, 66.49, '2025-05-18', 2),
(147, 6238, 22.84, '2025-08-24', 2),
(148, 1920, 52.77, '2025-09-24', 1),
(149, 1479, 32.68, '2025-02-23', 1),
(150, 6239, 50.6, '2025-01-17', 1),
(151, 8523, 46.15, '2025-06-13', 2),
(152, 4971, 71.2, '2025-08-02', 2),
(153, 4685, 35.77, '2025-10-15', 2),
(154, 2023, 57.73, '2025-03-06', 1),
(155, 2841, 32.03, '2025-02-24', 1),
(156, 7624, 60.24, '2025-01-20', 2),
(157, 8319, 77.4, '2025-08-27', 2),
(158, 3812, 30.1, '2025-03-08', 1),
(159, 9117, 21.55, '2025-11-25', 2),
(160, 6220, 77.91, '2025-01-20', 2),
(161, 8485, 46.51, '2025-09-01', 2),
(162, 7884, 45.96, '2025-09-12', 1),
(163, 4616, 52.63, '2025-11-23', 1),
(164, 6018, 67.6, '2025-11-22', 1),
(165, 2728, 20.66, '2025-06-17', 2),
(166, 2619, 46.69, '2025-11-13', 2),
(167, 3658, 69.06, '2025-09-19', 2),
(168, 5018, 20.68, '2025-02-14', 1),
(169, 3048, 51.4, '2025-02-14', 2),
(170, 3971, 70.54, '2025-10-26', 1),
(171, 9366, 63.33, '2025-09-20', 1),
(172, 5046, 64.48, '2025-11-23', 2),
(173, 5932, 46.65, '2025-05-21', 2),
(174, 4957, 49.82, '2025-03-03', 1),
(175, 9897, 30.61, '2025-07-04', 1),
(176, 8428, 66.99, '2025-01-12', 1),
(177, 8888, 42.09, '2025-03-04', 2),
(178, 3153, 46.25, '2025-08-13', 2),
(179, 9973, 41.28, '2025-06-11', 2),
(180, 3997, 21.17, '2025-03-09', 1),
(181, 4809, 28.92, '2025-09-15', 1),
(182, 5223, 79.76, '2025-07-18', 1),
(183, 5940, 27.54, '2025-10-06', 1),
(184, 2443, 28.78, '2025-07-03', 2),
(185, 3705, 76.11, '2025-08-13', 2),
(186, 2127, 74.41, '2025-05-27', 2),
(187, 6195, 50.24, '2025-09-13', 2),
(188, 6265, 41.2, '2025-09-15', 2),
(189, 7561, 45.88, '2025-11-09', 2),
(190, 5212, 35.69, '2025-06-10', 1),
(191, 5725, 31.01, '2025-08-09', 1),
(192, 6220, 29.73, '2025-09-20', 2),
(193, 1110, 67.53, '2025-07-17', 1),
(194, 6275, 66.79, '2025-08-03', 2),
(195, 7501, 37.44, '2025-07-10', 2),
(196, 5428, 50.37, '2025-03-17', 1),
(197, 1628, 78.02, '2025-05-10', 1),
(198, 1797, 39.12, '2025-11-21', 1),
(199, 1850, 23.26, '2025-11-09', 2),
(200, 5416, 32.57, '2025-10-09', 2),
(201, 9812, 68.2, '2025-06-24', 1),
(202, 1343, 59.39, '2025-09-15', 1),
(203, 4133, 49.62, '2025-05-09', 2),
(204, 4859, 46.13, '2025-02-19', 2),
(205, 1183, 58.98, '2025-01-10', 2),
(206, 8880, 48.86, '2025-10-14', 2),
(207, 2266, 62.59, '2025-06-27', 1),
(208, 8370, 33.76, '2025-11-20', 2),
(209, 3162, 40.29, '2025-03-26', 1),
(210, 5016, 41.27, '2025-06-11', 2),
(211, 3314, 50.51, '2025-07-20', 1),
(212, 7331, 65.73, '2025-07-04', 1),
(213, 7172, 24.99, '2025-03-15', 1),
(214, 7229, 32.41, '2025-02-16', 1),
(215, 7623, 54.12, '2025-06-26', 2),
(216, 9088, 29.72, '2025-05-10', 2),
(217, 9645, 32.18, '2025-05-08', 2),
(218, 9587, 56.89, '2025-04-01', 2),
(219, 9152, 77.13, '2025-07-08', 2),
(220, 3467, 34.44, '2025-05-18', 1),
(221, 7001, 74.28, '2025-09-25', 1),
(222, 9089, 54.61, '2025-06-03', 1),
(223, 1890, 38.64, '2025-02-27', 1),
(224, 5592, 20.08, '2025-04-08', 1),
(225, 2161, 63.35, '2025-07-19', 1),
(226, 2689, 27.6, '2025-10-05', 1),
(227, 6775, 25.83, '2025-02-25', 2),
(228, 3438, 62.36, '2025-02-03', 2),
(229, 2296, 35.35, '2025-06-04', 2),
(230, 6407, 74.96, '2025-02-12', 2),
(231, 4923, 60.19, '2025-08-16', 2),
(232, 1629, 25.81, '2025-07-14', 2),
(233, 2407, 58.48, '2025-05-27', 1),
(234, 5217, 70.47, '2025-03-04', 2),
(235, 4932, 64.1, '2025-07-12', 2),
(236, 1962, 78.93, '2025-04-08', 2),
(237, 4211, 35.96, '2025-03-19', 2),
(238, 3762, 37.83, '2025-03-03', 2),
(239, 1421, 52.2, '2025-04-16', 2),
(240, 1396, 66.96, '2025-06-03', 2),
(241, 1466, 60.42, '2025-03-27', 1),
(242, 6137, 64.16, '2025-08-01', 2),
(243, 2019, 71.4, '2025-07-14', 2),
(244, 4915, 72.72, '2025-06-07', 2),
(245, 6074, 49.42, '2025-05-25', 1),
(246, 1841, 67.58, '2025-04-03', 1),
(247, 2498, 51.52, '2025-08-24', 1),
(248, 7005, 52.82, '2025-08-07', 1),
(249, 2202, 58.62, '2025-05-15', 1),
(250, 9880, 40.82, '2025-02-13', 2),
(251, 2097, 20.23, '2025-04-11', 2),
(252, 5087, 36.46, '2025-03-12', 2),
(253, 2793, 50.4, '2025-10-01', 1),
(254, 7902, 21.12, '2025-03-12', 2),
(255, 5958, 79.86, '2025-10-20', 1),
(256, 6000, 36.76, '2025-02-25', 1),
(257, 3259, 57.9, '2025-04-11', 2),
(258, 9107, 51.73, '2025-05-22', 1),
(259, 6819, 26.72, '2025-04-17', 2),
(260, 3157, 46.56, '2025-10-11', 2),
(261, 9307, 49.96, '2025-10-21', 1),
(262, 7984, 65.31, '2025-10-11', 1),
(263, 8957, 45.99, '2025-09-02', 1),
(264, 5547, 38.01, '2025-01-09', 1),
(265, 5455, 58.57, '2025-10-01', 2),
(266, 5821, 70.56, '2025-08-01', 2),
(267, 6712, 36.07, '2025-03-26', 2),
(268, 5647, 27.43, '2025-09-03', 1),
(269, 5431, 76.57, '2025-06-01', 1),
(270, 5662, 33.36, '2025-05-20', 1),
(271, 8577, 72.07, '2025-01-24', 1),
(272, 9094, 58.84, '2025-09-10', 1),
(273, 6733, 79.2, '2025-05-05', 1),
(274, 3258, 60.93, '2025-07-27', 2),
(275, 1280, 21.06, '2025-01-09', 1),
(276, 8758, 38.27, '2025-11-06', 2),
(277, 8234, 51.37, '2025-04-12', 1),
(278, 3861, 38.93, '2025-06-22', 2),
(279, 6773, 46.86, '2025-07-16', 1),
(280, 1501, 69.21, '2025-06-18', 2),
(281, 8344, 22.4, '2025-04-16', 1),
(282, 7448, 66.19, '2025-11-14', 1),
(283, 5781, 60.08, '2025-08-03', 1),
(284, 8044, 65.36, '2025-01-24', 2),
(285, 1081, 20.64, '2025-09-14', 2),
(286, 3696, 24.69, '2025-02-22', 2),
(287, 9828, 57.11, '2025-11-24', 1),
(288, 6827, 57.01, '2025-04-02', 1),
(289, 4872, 21.46, '2025-11-10', 1),
(290, 4493, 24.22, '2025-07-27', 2),
(291, 2782, 22.59, '2025-10-01', 1),
(292, 9045, 22.41, '2025-10-09', 2),
(293, 2553, 35.26, '2025-03-06', 2),
(294, 2047, 79.32, '2025-08-02', 1),
(295, 8076, 35.06, '2025-03-25', 2),
(296, 1053, 36.56, '2025-10-14', 2),
(297, 2706, 38.01, '2025-05-07', 2),
(298, 7435, 66.23, '2025-10-24', 1),
(299, 9856, 58.17, '2025-08-11', 2),
(300, 4628, 75.86, '2025-03-04', 2),
(301, 9185, 34.36, '2025-10-02', 2),
(302, 4264, 28.86, '2025-03-17', 1),
(303, 6102, 55.06, '2025-09-27', 2),
(304, 7782, 23.03, '2025-04-23', 1),
(305, 3668, 31.69, '2025-08-07', 2),
(306, 9331, 64.64, '2025-01-23', 1),
(307, 3347, 51.04, '2025-01-18', 2),
(308, 1226, 62.63, '2025-02-05', 1),
(309, 9176, 77.87, '2025-04-03', 1),
(310, 6369, 53.14, '2025-09-09', 1),
(311, 2906, 52.86, '2025-06-20', 2),
(312, 8212, 48.64, '2025-08-05', 2),
(313, 7601, 47.76, '2025-05-10', 1),
(314, 2196, 73.61, '2025-02-03', 1),
(315, 3917, 57.18, '2025-07-09', 1),
(316, 2458, 72.08, '2025-03-08', 1),
(317, 4317, 40.56, '2025-01-16', 2),
(318, 3703, 24.66, '2025-03-23', 1),
(319, 9517, 75.31, '2025-04-03', 2),
(320, 4030, 68.03, '2025-09-25', 2),
(321, 6693, 68.14, '2025-09-19', 1),
(322, 3835, 33.39, '2025-10-26', 2),
(323, 8891, 77.07, '2025-07-04', 2),
(324, 1951, 33.34, '2025-08-22', 2),
(325, 3691, 22.22, '2025-10-04', 1),
(326, 3131, 20.91, '2025-10-14', 1),
(327, 9150, 36.44, '2025-04-09', 1),
(328, 7419, 45.64, '2025-08-01', 1),
(329, 7668, 79.3, '2025-07-09', 2),
(330, 5087, 73.34, '2025-04-26', 2),
(331, 2926, 63.58, '2025-03-07', 1),
(332, 6822, 46.13, '2025-11-08', 2),
(333, 5387, 32.84, '2025-11-17', 2),
(334, 8940, 65.25, '2025-11-02', 1),
(335, 6126, 78.57, '2025-07-22', 1),
(336, 1233, 70.21, '2025-08-10', 1),
(337, 7956, 24.93, '2025-06-18', 2),
(338, 3218, 67.12, '2025-07-17', 2),
(339, 4756, 63.72, '2025-07-25', 2),
(340, 7342, 56.88, '2025-04-04', 2),
(341, 2145, 20.66, '2025-02-27', 2),
(342, 1633, 22.19, '2025-08-01', 2),
(343, 2262, 46.19, '2025-10-10', 1),
(344, 4571, 33.43, '2025-07-14', 1),
(345, 8183, 31.67, '2025-02-26', 2),
(346, 1845, 26.96, '2025-10-20', 1),
(347, 3902, 43.77, '2025-02-11', 1),
(348, 3838, 43, '2025-04-08', 1),
(349, 7816, 67.39, '2025-07-07', 1),
(350, 2708, 67.58, '2025-03-03', 2),
(351, 3792, 72.75, '2025-09-23', 1),
(352, 3471, 78.77, '2025-07-27', 1),
(353, 5701, 39.21, '2025-05-24', 2),
(354, 6700, 54.96, '2025-04-19', 2),
(355, 1233, 20.56, '2025-06-16', 1),
(356, 4831, 74.44, '2025-10-06', 1),
(357, 5443, 77.21, '2025-08-09', 2),
(358, 7230, 58.15, '2025-10-09', 1),
(359, 7012, 38.02, '2025-05-07', 2),
(360, 7071, 20.88, '2025-10-12', 1),
(361, 5846, 22.42, '2025-11-26', 2),
(362, 9155, 49.68, '2025-05-12', 2),
(363, 3040, 49.91, '2025-03-08', 2),
(364, 4923, 24.79, '2025-08-11', 1),
(365, 5852, 75.47, '2025-11-02', 1),
(366, 2237, 51.89, '2025-01-26', 1),
(367, 6639, 58.37, '2025-10-20', 2),
(368, 4182, 28.81, '2025-11-02', 1),
(369, 7737, 32.29, '2025-02-16', 1),
(370, 5871, 32.22, '2025-04-11', 2),
(371, 8872, 36.42, '2025-08-24', 1),
(372, 1837, 37.25, '2025-04-27', 2),
(373, 4205, 38.38, '2025-09-04', 2),
(374, 2603, 31.22, '2025-03-15', 1),
(375, 8977, 71.52, '2025-10-15', 2),
(376, 9726, 70.54, '2025-03-04', 2),
(377, 1825, 42.23, '2025-09-27', 1),
(378, 4208, 22.33, '2025-07-12', 2),
(379, 7417, 50.53, '2025-05-27', 1),
(380, 8699, 63.16, '2025-10-09', 2),
(381, 9761, 38.52, '2025-05-11', 2),
(382, 1277, 41.58, '2025-01-02', 2),
(383, 3895, 50.61, '2025-11-05', 2),
(384, 1416, 49.91, '2025-02-22', 2),
(385, 2627, 34.26, '2025-02-20', 1),
(386, 4296, 78.76, '2025-01-04', 1),
(387, 1261, 52.4, '2025-04-11', 1),
(388, 6476, 37.47, '2025-02-03', 1),
(389, 8389, 71.97, '2025-11-15', 2),
(390, 3232, 75.82, '2025-07-14', 1),
(391, 2877, 30.19, '2025-05-17', 1),
(392, 6037, 43.29, '2025-09-16', 1),
(393, 4716, 26.71, '2025-03-03', 2),
(394, 8034, 65.17, '2025-11-18', 2),
(395, 9984, 25.46, '2025-07-18', 2),
(396, 8812, 79.45, '2025-01-05', 2),
(397, 4495, 36.91, '2025-05-18', 2),
(398, 9496, 40.53, '2025-08-01', 2),
(399, 4726, 32.93, '2025-07-15', 2),
(400, 5859, 44.5, '2025-01-22', 1),
(401, 9155, 53.83, '2025-09-07', 2),
(402, 4811, 34.74, '2025-10-27', 1),
(403, 4474, 36.09, '2025-08-04', 1),
(404, 2588, 25.81, '2025-04-05', 2),
(405, 3939, 32.84, '2025-03-14', 2),
(406, 2129, 77.82, '2025-09-17', 2),
(407, 8241, 56.93, '2025-05-13', 1),
(408, 6599, 67.42, '2025-08-04', 1),
(409, 7171, 52.96, '2025-10-16', 1),
(410, 2840, 68.58, '2025-04-01', 2),
(411, 1848, 63.87, '2025-08-25', 2),
(412, 1184, 36.61, '2025-10-19', 2),
(413, 3740, 58.4, '2025-02-16', 2),
(414, 5035, 43.03, '2025-09-18', 2),
(415, 5147, 77.58, '2025-11-16', 2),
(416, 7445, 50.23, '2025-02-07', 2),
(417, 7958, 60.89, '2025-03-02', 2),
(418, 8204, 74.01, '2025-07-01', 2),
(419, 3541, 49.97, '2025-07-01', 2),
(420, 5803, 63.71, '2025-07-15', 1),
(421, 6561, 33.2, '2025-01-18', 1),
(422, 2187, 63.03, '2025-05-15', 2),
(423, 8391, 50.11, '2025-11-08', 1),
(424, 9383, 34.78, '2025-03-26', 2),
(425, 7261, 63.58, '2025-02-05', 1),
(426, 4294, 68.13, '2025-02-07', 1),
(427, 8552, 61.83, '2025-03-15', 1),
(428, 2667, 39.66, '2025-07-02', 1),
(429, 2365, 37.53, '2025-02-03', 1),
(430, 3087, 76, '2025-01-23', 1),
(431, 8491, 78.18, '2025-10-06', 2),
(432, 1830, 56.54, '2025-01-07', 1),
(433, 7854, 76.23, '2025-10-26', 1),
(434, 3783, 57.68, '2025-08-18', 2),
(435, 6972, 72.94, '2025-09-25', 1),
(436, 5989, 76.06, '2025-02-21', 1),
(437, 5247, 52.86, '2025-03-17', 1),
(438, 8967, 72.66, '2025-11-06', 2),
(439, 3789, 21.02, '2025-03-12', 1),
(440, 5680, 56.55, '2025-05-17', 1),
(441, 7381, 42.84, '2025-02-02', 1),
(442, 1631, 63.28, '2025-09-18', 2),
(443, 2149, 35.46, '2025-11-25', 2),
(444, 2568, 67.58, '2025-07-14', 1),
(445, 9367, 32.39, '2025-04-15', 2),
(446, 8590, 27.18, '2025-06-25', 2),
(447, 2961, 39.81, '2025-11-27', 2),
(448, 4797, 64.08, '2025-10-04', 1),
(449, 4022, 33.82, '2025-04-12', 2),
(450, 9814, 59.48, '2025-02-07', 2),
(451, 7875, 35.17, '2025-09-17', 2),
(452, 5782, 49.85, '2025-05-05', 2),
(453, 2852, 22.44, '2025-04-01', 2),
(454, 8699, 51.27, '2025-07-25', 1),
(455, 4575, 36.5, '2025-05-21', 2),
(456, 9915, 43.49, '2025-04-02', 1),
(457, 5170, 28.17, '2025-07-20', 2),
(458, 1204, 76.51, '2025-08-08', 2),
(459, 9803, 73.89, '2025-11-23', 1),
(460, 1606, 63.42, '2025-11-07', 2),
(461, 2217, 68.33, '2025-04-06', 2),
(462, 2778, 47.28, '2025-01-01', 1),
(463, 5550, 28.67, '2025-09-04', 1),
(464, 4627, 52.25, '2025-02-13', 2),
(465, 9590, 38.2, '2025-05-07', 2),
(466, 7263, 46.06, '2025-03-13', 2),
(467, 5249, 63.33, '2025-01-24', 2),
(468, 4816, 44.41, '2025-10-24', 2),
(469, 4916, 29.83, '2025-04-08', 2),
(470, 3687, 26.9, '2025-04-15', 2),
(471, 7490, 57.72, '2025-02-05', 2),
(472, 5484, 39.78, '2025-09-13', 2),
(473, 4680, 50.27, '2025-07-14', 2),
(474, 2273, 36.06, '2025-01-10', 2),
(475, 1721, 75.91, '2025-06-17', 1),
(476, 4334, 58.13, '2025-09-05', 1),
(477, 5434, 69.18, '2025-05-09', 2),
(478, 6329, 61.81, '2025-03-15', 1),
(479, 3115, 53.31, '2025-02-13', 2),
(480, 4837, 57.37, '2025-01-02', 1),
(481, 2919, 31.7, '2025-07-08', 2),
(482, 4697, 76.12, '2025-02-21', 1),
(483, 4293, 72.99, '2025-08-20', 1),
(484, 9680, 49.85, '2025-02-04', 2),
(485, 7495, 73.28, '2025-01-10', 2),
(486, 6884, 27.77, '2025-09-05', 1),
(487, 7673, 20.85, '2025-11-25', 1),
(488, 1665, 31.13, '2025-02-08', 1),
(489, 8119, 25.37, '2025-08-12', 1),
(490, 8751, 20.62, '2025-03-11', 1),
(491, 1910, 77.72, '2025-08-11', 2),
(492, 8120, 26.12, '2025-06-19', 2),
(493, 9015, 51.45, '2025-06-04', 1),
(494, 2525, 21.82, '2025-04-21', 2),
(495, 3267, 47.96, '2025-03-20', 1),
(496, 5183, 34.92, '2025-04-13', 1),
(497, 8466, 71.87, '2025-05-01', 1),
(498, 6583, 25.25, '2025-07-16', 2),
(499, 4242, 24.95, '2025-11-05', 2),
(500, 4910, 73.13, '2025-04-10', 2),
(501, 8549, 52.55, '2025-08-27', 2),
(502, 9117, 22.57, '2025-05-04', 1),
(503, 9087, 23.04, '2025-07-09', 2),
(504, 1837, 40.57, '2025-11-01', 1),
(505, 9425, 44.08, '2025-02-25', 1),
(506, 3578, 74.08, '2025-09-27', 1),
(507, 5328, 23.64, '2025-05-18', 2),
(508, 4516, 32.99, '2025-03-17', 1),
(509, 3358, 48.19, '2025-11-15', 1),
(510, 5683, 20.39, '2025-05-08', 1),
(511, 7261, 70.82, '2025-05-22', 2),
(512, 1317, 62.7, '2025-10-27', 1),
(513, 1323, 73.66, '2025-04-17', 1),
(514, 8280, 69.18, '2025-06-25', 1),
(515, 6198, 35.73, '2025-02-11', 1),
(516, 9428, 76.51, '2025-11-12', 1),
(517, 5951, 33.59, '2025-08-18', 1),
(518, 7202, 69.39, '2025-05-18', 1),
(519, 3203, 36.04, '2025-08-22', 1),
(520, 5515, 54.86, '2025-05-13', 1),
(521, 5766, 69.36, '2025-10-23', 2),
(522, 8007, 47.78, '2025-09-21', 1),
(523, 9345, 61.17, '2025-08-07', 1),
(524, 1715, 31.2, '2025-04-27', 2),
(525, 8116, 56.33, '2025-04-08', 2),
(526, 7643, 58.39, '2025-05-05', 1),
(527, 6733, 76.39, '2025-05-24', 2),
(528, 9926, 73.3, '2025-09-02', 1),
(529, 8912, 35.48, '2025-06-21', 1),
(530, 7270, 34.79, '2025-10-06', 1),
(531, 9009, 25.24, '2025-04-14', 2),
(532, 1179, 26.93, '2025-03-05', 1),
(533, 4617, 62.3, '2025-05-23', 2),
(534, 6453, 71.71, '2025-06-25', 2),
(535, 6434, 57.72, '2025-02-19', 2),
(536, 6444, 77.71, '2025-01-02', 1),
(537, 3341, 42.98, '2025-06-22', 1),
(538, 6033, 52.96, '2025-05-23', 2),
(539, 3829, 23.54, '2025-05-08', 2),
(540, 8528, 44.32, '2025-06-04', 1),
(541, 2460, 51.79, '2025-07-10', 1),
(542, 2014, 50.22, '2025-06-25', 1),
(543, 5501, 48.8, '2025-08-01', 1),
(544, 5362, 59.55, '2025-09-02', 2),
(545, 2495, 50.25, '2025-02-10', 1),
(546, 2321, 51.31, '2025-04-07', 2),
(547, 7325, 22.91, '2025-06-21', 2),
(548, 1613, 54.58, '2025-07-03', 2),
(549, 4116, 28.96, '2025-07-25', 2),
(550, 1841, 37.08, '2025-07-07', 2),
(551, 7513, 47.99, '2025-06-21', 1),
(552, 6387, 58.22, '2025-08-22', 2),
(553, 6860, 33.55, '2025-05-17', 2),
(554, 7028, 52.26, '2025-01-24', 1),
(555, 6847, 58.16, '2025-05-09', 1),
(556, 8856, 49.2, '2025-02-14', 2),
(557, 8570, 39.24, '2025-05-13', 1),
(558, 7230, 59.06, '2025-10-24', 2),
(559, 4453, 78.97, '2025-04-01', 1),
(560, 7782, 27, '2025-02-06', 2),
(561, 7238, 52.14, '2025-03-05', 1),
(562, 2476, 31.44, '2025-10-18', 2),
(563, 6539, 60.06, '2025-03-01', 2),
(564, 9578, 30.44, '2025-04-12', 1),
(565, 2695, 42.72, '2025-07-25', 2),
(566, 7349, 60.81, '2025-03-20', 2),
(567, 4971, 66.37, '2025-11-23', 2),
(568, 5040, 55.1, '2025-09-21', 1),
(569, 7035, 21.13, '2025-06-19', 2),
(570, 5052, 33.26, '2025-04-21', 1),
(571, 5897, 26.39, '2025-05-22', 1),
(572, 5530, 43.16, '2025-03-21', 2),
(573, 1640, 53.57, '2025-01-21', 1),
(574, 2244, 57.14, '2025-10-20', 2),
(575, 4674, 68.23, '2025-09-08', 1),
(576, 9792, 20.26, '2025-08-11', 2),
(577, 8903, 36.42, '2025-05-21', 1),
(578, 5215, 49.09, '2025-05-22', 1),
(579, 2721, 21.77, '2025-09-12', 2),
(580, 6718, 38.5, '2025-06-20', 2),
(581, 2287, 23.93, '2025-05-25', 2),
(582, 2421, 49.42, '2025-07-19', 2),
(583, 3857, 65.71, '2025-04-05', 2),
(584, 1962, 41.24, '2025-07-26', 2),
(585, 6645, 41.29, '2025-05-08', 2),
(586, 3066, 29.19, '2025-02-09', 2),
(587, 1262, 64.09, '2025-05-07', 2),
(588, 4262, 65.41, '2025-05-10', 2),
(589, 9935, 61.58, '2025-10-18', 2),
(590, 5150, 75.16, '2025-04-14', 2),
(591, 5411, 41.42, '2025-01-22', 2),
(592, 7227, 28.47, '2025-02-17', 2),
(593, 1899, 48.48, '2025-04-25', 1),
(594, 7579, 54.8, '2025-01-19', 1),
(595, 7755, 41.23, '2025-02-15', 2),
(596, 9770, 74.74, '2025-06-05', 2),
(597, 6845, 23.69, '2025-08-13', 2),
(598, 5616, 60.6, '2025-05-22', 2),
(599, 6726, 52.83, '2025-11-22', 1),
(600, 9205, 45.21, '2025-01-11', 2),
(601, 3542, 67.75, '2025-11-21', 2),
(602, 3328, 72.32, '2025-06-05', 1),
(603, 1329, 24.98, '2025-07-14', 1),
(604, 8821, 30.03, '2025-10-06', 1),
(605, 3160, 71.5, '2025-03-25', 2),
(606, 1203, 59.81, '2025-02-14', 1),
(607, 6008, 59.41, '2025-05-23', 2),
(608, 6344, 37.73, '2025-11-04', 2),
(609, 8266, 31.22, '2025-02-16', 2),
(610, 3864, 29.66, '2025-04-19', 1),
(611, 5412, 38.95, '2025-10-11', 2),
(612, 8254, 41.67, '2025-08-23', 1),
(613, 7212, 75.06, '2025-02-05', 2),
(614, 9354, 48.22, '2025-06-22', 2),
(615, 5744, 32.28, '2025-03-03', 2),
(616, 6421, 33.92, '2025-06-27', 1),
(617, 7425, 33, '2025-05-24', 1),
(618, 5826, 48.72, '2025-11-24', 1),
(619, 4233, 38.13, '2025-05-08', 2),
(620, 6080, 45.32, '2025-11-07', 2),
(621, 5334, 66.68, '2025-05-07', 2),
(622, 2263, 31.93, '2025-07-22', 1),
(623, 9540, 31.59, '2025-02-06', 1),
(624, 7938, 64, '2025-06-17', 2),
(625, 1552, 24.64, '2025-07-11', 1),
(626, 5938, 34.84, '2025-03-23', 1),
(627, 7013, 35.2, '2025-11-11', 1),
(628, 7139, 49.34, '2025-05-24', 1),
(629, 3283, 21.85, '2025-11-18', 2),
(630, 3167, 33.17, '2025-05-20', 1),
(631, 7598, 62.7, '2025-03-04', 2),
(632, 6925, 64.73, '2025-05-25', 2),
(633, 2251, 38.77, '2025-10-13', 2),
(634, 3560, 74.64, '2025-01-01', 2),
(635, 5194, 33.62, '2025-07-22', 2),
(636, 8927, 72.3, '2025-03-09', 2),
(637, 8509, 54.98, '2025-06-11', 1),
(638, 9233, 73.87, '2025-01-19', 2),
(639, 3489, 72.86, '2025-05-04', 1),
(640, 5118, 54.96, '2025-08-02', 1),
(641, 1151, 76.27, '2025-04-09', 1),
(642, 9152, 35.03, '2025-04-08', 2),
(643, 5602, 24.17, '2025-07-10', 2),
(644, 3643, 59.08, '2025-09-16', 1),
(645, 8075, 23.42, '2025-04-12', 2),
(646, 1714, 56.75, '2025-09-13', 2),
(647, 9054, 24.19, '2025-11-14', 1),
(648, 5879, 54.95, '2025-06-27', 1),
(649, 1082, 52.95, '2025-09-20', 1),
(650, 6592, 76.67, '2025-06-17', 1),
(651, 7084, 30.69, '2025-06-12', 2),
(652, 5883, 48.27, '2025-08-14', 2),
(653, 1406, 50.5, '2025-03-10', 1),
(654, 9482, 44.62, '2025-06-25', 2),
(655, 9828, 61.21, '2025-09-27', 2),
(656, 5685, 22.54, '2025-01-18', 2),
(657, 9899, 71.87, '2025-03-05', 2),
(658, 9676, 20.29, '2025-04-17', 1),
(659, 1336, 77.54, '2025-01-16', 2),
(660, 4985, 66.87, '2025-01-24', 2),
(661, 3379, 31.59, '2025-07-20', 2),
(662, 7122, 51.62, '2025-06-13', 2),
(663, 3655, 50.84, '2025-04-27', 1),
(664, 8245, 34.6, '2025-04-22', 2),
(665, 9435, 39.3, '2025-05-19', 1),
(666, 8813, 75.26, '2025-11-15', 1),
(667, 7235, 60.05, '2025-04-02', 1),
(668, 1502, 38.19, '2025-06-17', 2),
(669, 5002, 26.07, '2025-03-19', 2),
(670, 3278, 66.15, '2025-11-03', 1),
(671, 2651, 38.89, '2025-11-01', 1),
(672, 5740, 29.16, '2025-08-27', 1),
(673, 8605, 24.73, '2025-03-03', 1),
(674, 6336, 49.15, '2025-09-18', 2),
(675, 6827, 30.56, '2025-05-18', 2),
(676, 2403, 21.77, '2025-06-16', 2),
(677, 7053, 44.93, '2025-09-07', 2),
(678, 6033, 31.67, '2025-02-19', 1),
(679, 5827, 23.55, '2025-02-13', 1),
(680, 5625, 57.34, '2025-05-16', 2),
(681, 3496, 64.24, '2025-10-11', 2),
(682, 5179, 41.81, '2025-01-12', 2),
(683, 8533, 47.79, '2025-11-25', 2),
(684, 2402, 22.36, '2025-09-27', 1),
(685, 4515, 34.52, '2025-02-12', 1),
(686, 9580, 38.96, '2025-08-17', 1),
(687, 4136, 24.83, '2025-11-16', 1),
(688, 8656, 22.17, '2025-06-03', 1),
(689, 1893, 27.39, '2025-08-20', 2),
(690, 4633, 36.99, '2025-03-16', 1),
(691, 3978, 38.03, '2025-01-21', 2),
(692, 6449, 51.43, '2025-08-15', 1),
(693, 6396, 22.82, '2025-04-24', 1),
(694, 1380, 62.68, '2025-02-17', 1),
(695, 7252, 51.48, '2025-06-04', 2),
(696, 6387, 21.64, '2025-09-22', 1),
(697, 1256, 43.45, '2025-11-10', 1),
(698, 3732, 53.52, '2025-09-14', 1),
(699, 3511, 22.42, '2025-03-11', 1),
(700, 6817, 34.65, '2025-08-27', 2),
(701, 8350, 45.59, '2025-03-11', 1),
(702, 8540, 64.76, '2025-02-06', 1),
(703, 7637, 22.31, '2025-11-03', 2),
(704, 9797, 22.93, '2025-07-14', 1),
(705, 4369, 47.06, '2025-08-13', 2),
(706, 8858, 52.56, '2025-02-26', 1),
(707, 8262, 41.8, '2025-01-20', 2),
(708, 2709, 57.74, '2025-10-13', 1),
(709, 9365, 70.51, '2025-04-20', 2),
(710, 9268, 27.05, '2025-06-25', 2),
(711, 8413, 65.9, '2025-09-17', 1),
(712, 9795, 39.72, '2025-06-07', 2),
(713, 2602, 49.25, '2025-09-20', 2),
(714, 7619, 43.05, '2025-01-23', 2),
(715, 6823, 39.02, '2025-03-26', 2),
(716, 6169, 26.53, '2025-06-24', 1),
(717, 7902, 27.86, '2025-10-22', 2),
(718, 4694, 21.67, '2025-06-27', 2),
(719, 3584, 70.45, '2025-01-10', 1),
(720, 6277, 42.63, '2025-01-23', 2),
(721, 2793, 24.13, '2025-03-17', 2),
(722, 4391, 35.56, '2025-01-06', 1),
(723, 1989, 58.73, '2025-04-05', 2),
(724, 5844, 64.73, '2025-04-22', 1),
(725, 2342, 57.01, '2025-01-07', 2),
(726, 7783, 35.16, '2025-06-03', 1),
(727, 8768, 51.44, '2025-05-01', 1),
(728, 5466, 69.82, '2025-11-07', 2),
(729, 5119, 75.39, '2025-04-27', 1),
(730, 7834, 61.64, '2025-06-21', 1),
(731, 3721, 21.26, '2025-10-06', 2),
(732, 5988, 41.88, '2025-01-14', 2),
(733, 4045, 41.77, '2025-11-02', 2),
(734, 1745, 36.75, '2025-10-17', 1),
(735, 7466, 38.25, '2025-01-10', 2),
(736, 6507, 42.04, '2025-02-08', 2),
(737, 6981, 77.03, '2025-01-15', 1),
(738, 9719, 66.82, '2025-08-01', 1),
(739, 6659, 35.47, '2025-08-25', 1),
(740, 8495, 39.74, '2025-11-27', 2),
(741, 9894, 32.77, '2025-02-01', 1),
(742, 3222, 32.4, '2025-06-02', 1),
(743, 9362, 48.48, '2025-05-25', 1),
(744, 6342, 28.45, '2025-09-17', 1),
(745, 4603, 36.07, '2025-07-08', 2),
(746, 5886, 53.39, '2025-06-13', 2),
(747, 4455, 36.41, '2025-10-13', 1),
(748, 4812, 53.76, '2025-02-10', 1),
(749, 6144, 53.54, '2025-09-07', 2),
(750, 2197, 70.5, '2025-04-18', 1),
(751, 2890, 34.31, '2025-01-15', 1),
(752, 8497, 46.21, '2025-08-24', 1),
(753, 2304, 56.81, '2025-02-21', 2),
(754, 3328, 20.26, '2025-05-24', 1),
(755, 1326, 65.62, '2025-06-26', 2),
(756, 5753, 68.18, '2025-07-22', 1),
(757, 4313, 38.98, '2025-03-03', 2),
(758, 9343, 41.77, '2025-04-25', 2),
(759, 5459, 41.86, '2025-05-03', 1),
(760, 4322, 40.12, '2025-04-12', 1),
(761, 2604, 78.49, '2025-03-11', 1),
(762, 5423, 77.82, '2025-01-12', 1),
(763, 6391, 55.13, '2025-09-02', 2),
(764, 8557, 46.41, '2025-01-20', 1),
(765, 9452, 47.85, '2025-03-08', 1),
(766, 7734, 66.48, '2025-07-15', 1),
(767, 2938, 24.04, '2025-05-20', 2),
(768, 8155, 51.75, '2025-01-10', 2),
(769, 1544, 32.13, '2025-08-10', 1),
(770, 8767, 27.19, '2025-06-24', 2),
(771, 5173, 73.04, '2025-09-01', 2),
(772, 1173, 54.86, '2025-05-11', 1),
(773, 3493, 69.36, '2025-11-14', 2),
(774, 4845, 66.59, '2025-06-11', 1),
(775, 5361, 72.43, '2025-05-19', 1),
(776, 6569, 63.49, '2025-02-15', 2),
(777, 5726, 70.75, '2025-06-24', 2),
(778, 5199, 35.7, '2025-04-20', 1),
(779, 6050, 37.1, '2025-05-02', 1),
(780, 3949, 42.32, '2025-11-03', 2),
(781, 9529, 23.43, '2025-09-11', 1),
(782, 5366, 26.76, '2025-01-23', 1),
(783, 6432, 56.25, '2025-07-13', 1),
(784, 4728, 77.04, '2025-05-23', 2),
(785, 9888, 63.56, '2025-03-02', 2),
(786, 9273, 61.21, '2025-09-13', 2),
(787, 7595, 57.09, '2025-06-23', 2),
(788, 9556, 74.66, '2025-06-23', 1),
(789, 5848, 60.22, '2025-11-23', 2),
(790, 5704, 77.91, '2025-06-07', 2),
(791, 4396, 75.73, '2025-03-12', 1),
(792, 2933, 20.98, '2025-03-18', 2),
(793, 4022, 42.66, '2025-08-10', 1),
(794, 7392, 48.08, '2025-11-16', 2),
(795, 9039, 43.21, '2025-09-15', 2),
(796, 7811, 28.35, '2025-04-03', 2),
(797, 7994, 70.34, '2025-11-22', 2),
(798, 8821, 72.8, '2025-01-06', 2),
(799, 3665, 66.18, '2025-11-07', 1),
(800, 9174, 66.42, '2025-04-21', 1),
(801, 4110, 39.55, '2025-02-26', 1),
(802, 7320, 58.7, '2025-04-14', 1),
(803, 3953, 79.12, '2025-10-12', 2),
(804, 7057, 40.03, '2025-09-02', 1),
(805, 6319, 29.88, '2025-06-27', 1),
(806, 9444, 67.95, '2025-09-20', 1),
(807, 8232, 74.69, '2025-11-10', 1),
(808, 5981, 26.16, '2025-01-03', 2),
(809, 9996, 61.33, '2025-02-06', 1),
(810, 3622, 49.59, '2025-02-21', 1),
(811, 2775, 39.05, '2025-11-07', 1),
(812, 4153, 68.36, '2025-04-03', 1),
(813, 7636, 26.63, '2025-08-19', 1),
(814, 2230, 69.34, '2025-03-14', 2),
(815, 1485, 65.57, '2025-10-03', 1),
(816, 4530, 65.3, '2025-08-13', 2),
(817, 5055, 38.37, '2025-04-07', 2),
(818, 9494, 36.41, '2025-04-07', 1),
(819, 8836, 59.37, '2025-05-03', 2),
(820, 5038, 49.26, '2025-11-14', 1),
(821, 9698, 32.5, '2025-09-13', 2),
(822, 9738, 64.13, '2025-07-18', 2),
(823, 1620, 70.68, '2025-08-02', 2),
(824, 2786, 30.36, '2025-06-16', 1),
(825, 6196, 27.12, '2025-11-02', 1),
(826, 1378, 26.4, '2025-08-09', 2),
(827, 5820, 68.78, '2025-04-01', 2),
(828, 4740, 27.75, '2025-04-26', 2),
(829, 2428, 62.91, '2025-11-17', 2),
(830, 5752, 65.01, '2025-07-22', 1),
(831, 6701, 67.26, '2025-09-02', 2),
(832, 4646, 43.81, '2025-10-02', 2),
(833, 8096, 49.69, '2025-02-06', 1),
(834, 2919, 24.44, '2025-03-03', 2),
(835, 4411, 53.31, '2025-11-16', 2),
(836, 9794, 54.18, '2025-01-15', 1),
(837, 8412, 72.22, '2025-03-23', 2),
(838, 3091, 30.32, '2025-04-12', 2),
(839, 7264, 78.41, '2025-06-24', 1),
(840, 5679, 56.3, '2025-06-16', 1),
(841, 3312, 78.58, '2025-05-13', 2),
(842, 3450, 57.01, '2025-03-06', 2),
(843, 6049, 62.48, '2025-10-10', 1),
(844, 4109, 56.38, '2025-03-07', 1),
(845, 4416, 43.15, '2025-06-08', 2),
(846, 9624, 47.41, '2025-01-18', 2),
(847, 5777, 36.41, '2025-09-08', 1),
(848, 3253, 48.77, '2025-10-24', 1),
(849, 8252, 50.52, '2025-06-08', 2),
(850, 4563, 63.38, '2025-07-24', 2),
(851, 6283, 73.68, '2025-11-17', 2),
(852, 4673, 25.64, '2025-09-06', 1),
(853, 2203, 74.15, '2025-11-25', 1),
(854, 9301, 21.59, '2025-05-18', 1),
(855, 8384, 77.33, '2025-07-21', 1),
(856, 6521, 25.3, '2025-03-13', 1),
(857, 5261, 70.71, '2025-07-22', 1),
(858, 2493, 42.68, '2025-03-15', 2),
(859, 6867, 22.52, '2025-06-06', 1),
(860, 1184, 63.29, '2025-07-19', 2),
(861, 7824, 28.4, '2025-11-07', 1),
(862, 6515, 37.49, '2025-05-01', 1),
(863, 7915, 59.36, '2025-08-26', 1),
(864, 8372, 42.74, '2025-11-27', 2),
(865, 2962, 27.13, '2025-03-17', 1),
(866, 8000, 34.84, '2025-06-07', 2),
(867, 8648, 75.79, '2025-04-05', 1),
(868, 5722, 32.36, '2025-08-23', 1),
(869, 9669, 61.7, '2025-11-18', 2),
(870, 7104, 69.77, '2025-09-26', 1),
(871, 8749, 62.78, '2025-10-03', 2),
(872, 5319, 52.73, '2025-01-06', 1),
(873, 7935, 22.4, '2025-09-16', 1),
(874, 8839, 28.88, '2025-07-08', 1),
(875, 5102, 45.37, '2025-05-12', 1),
(876, 7925, 60.91, '2025-05-14', 2),
(877, 3480, 22.9, '2025-10-06', 1),
(878, 4000, 77.56, '2025-05-04', 2),
(879, 4671, 29.43, '2025-02-23', 1),
(880, 6594, 41, '2025-06-19', 2),
(881, 3054, 30.55, '2025-09-19', 1),
(882, 2362, 40.81, '2025-05-15', 2),
(883, 3334, 50.63, '2025-03-04', 1),
(884, 6763, 66.58, '2025-06-01', 1),
(885, 6426, 39.06, '2025-08-24', 2),
(886, 9927, 53.6, '2025-01-21', 2),
(887, 6007, 72.62, '2025-10-24', 1),
(888, 4604, 56.88, '2025-10-21', 1),
(889, 6823, 22.07, '2025-11-06', 1),
(890, 6018, 79.2, '2025-06-15', 1),
(891, 1019, 28.88, '2025-05-03', 2),
(892, 4075, 48.15, '2025-08-16', 1),
(893, 4604, 43.4, '2025-05-02', 1),
(894, 6061, 77.23, '2025-03-09', 2),
(895, 4151, 47.94, '2025-06-16', 2),
(896, 5368, 27.24, '2025-01-02', 2),
(897, 4701, 70.28, '2025-08-17', 2),
(898, 6538, 39.99, '2025-10-18', 2),
(899, 9559, 71.38, '2025-09-14', 2),
(900, 2640, 47.31, '2025-10-26', 1),
(901, 3328, 46.23, '2025-05-10', 1),
(902, 7469, 27.29, '2025-06-13', 2),
(903, 3349, 44.79, '2025-05-27', 1),
(904, 9528, 53, '2025-07-06', 2),
(905, 7361, 35.19, '2025-09-24', 1),
(906, 7425, 73.68, '2025-04-05', 1),
(907, 1868, 45.16, '2025-04-05', 1),
(908, 2214, 64.08, '2025-10-19', 2),
(909, 9691, 33.79, '2025-06-05', 1),
(910, 3614, 67.44, '2025-02-17', 1),
(911, 5200, 72.9, '2025-11-27', 2),
(912, 7143, 31.48, '2025-07-19', 2),
(913, 5037, 31.34, '2025-10-11', 2),
(914, 5044, 42.33, '2025-09-17', 1),
(915, 9091, 68.35, '2025-11-01', 1),
(916, 9532, 58.47, '2025-03-17', 1),
(917, 9758, 35.6, '2025-02-24', 2),
(918, 5909, 30.87, '2025-02-01', 1),
(919, 8846, 69.82, '2025-03-11', 2),
(920, 6150, 61.51, '2025-09-15', 1),
(921, 2910, 46.95, '2025-09-08', 1),
(922, 2309, 43.27, '2025-08-18', 2),
(923, 6770, 24.24, '2025-08-18', 1),
(924, 7385, 59.44, '2025-08-05', 1),
(925, 6567, 69.25, '2025-11-20', 2),
(926, 7798, 28.31, '2025-01-10', 2),
(927, 2745, 48.03, '2025-01-15', 1),
(928, 7416, 73.24, '2025-03-22', 2),
(929, 5959, 42.33, '2025-09-02', 1),
(930, 2685, 24.38, '2025-08-04', 2),
(931, 2772, 26.63, '2025-08-04', 1),
(932, 4388, 55.81, '2025-06-02', 1),
(933, 9370, 24.07, '2025-10-05', 2),
(934, 2662, 37.65, '2025-11-05', 2),
(935, 9623, 50.39, '2025-05-18', 2),
(936, 5089, 39.37, '2025-01-27', 1),
(937, 6776, 64.9, '2025-01-13', 2),
(938, 4598, 21.6, '2025-04-23', 2),
(939, 9705, 30.24, '2025-02-21', 2),
(940, 8446, 42.73, '2025-01-25', 1),
(941, 7136, 47.16, '2025-08-27', 1),
(942, 7559, 52.93, '2025-07-12', 2),
(943, 4134, 61.03, '2025-11-11', 1),
(944, 4269, 26.1, '2025-05-07', 2),
(945, 2829, 67.28, '2025-09-06', 1),
(946, 4635, 23.03, '2025-08-02', 1),
(947, 9259, 69.26, '2025-11-08', 2),
(948, 1599, 63.82, '2025-10-19', 2),
(949, 9235, 61.43, '2025-07-24', 1),
(950, 4330, 56.3, '2025-06-16', 1),
(951, 3616, 44.66, '2025-07-16', 1),
(952, 8715, 20.66, '2025-06-20', 1),
(953, 5001, 43.42, '2025-09-11', 2),
(954, 2197, 63.05, '2025-08-18', 1),
(955, 1169, 41.06, '2025-06-25', 2),
(956, 8410, 43.26, '2025-09-19', 2),
(957, 7429, 29.79, '2025-05-18', 2),
(958, 5353, 42.75, '2025-02-02', 1),
(959, 9727, 72.35, '2025-11-09', 2),
(960, 2922, 63.25, '2025-02-20', 2),
(961, 7312, 77.72, '2025-03-19', 1),
(962, 3166, 73.68, '2025-03-11', 2),
(963, 7880, 77.84, '2025-02-11', 1),
(964, 1749, 40.39, '2025-08-21', 1),
(965, 8949, 46.44, '2025-04-08', 2),
(966, 1781, 37.62, '2025-05-16', 1),
(967, 6165, 52.44, '2025-11-07', 1),
(968, 1447, 60.42, '2025-09-21', 1),
(969, 9846, 29.47, '2025-07-10', 2),
(970, 3506, 51.12, '2025-10-25', 2),
(971, 5054, 75.06, '2025-09-04', 2),
(972, 6513, 35.93, '2025-08-08', 2),
(973, 6158, 45.08, '2025-06-12', 1),
(974, 8667, 58.19, '2025-07-14', 1),
(975, 4055, 33.17, '2025-09-15', 2),
(976, 8135, 53.8, '2025-01-10', 1),
(977, 4692, 39.18, '2025-02-24', 2),
(978, 5824, 69.84, '2025-01-09', 1),
(979, 5910, 49.33, '2025-05-01', 2),
(980, 1031, 64.39, '2025-09-26', 1),
(981, 5497, 20.2, '2025-10-27', 1),
(982, 6059, 52.15, '2025-06-19', 2),
(983, 4666, 23.01, '2025-03-19', 2),
(984, 9100, 69.85, '2025-06-15', 1),
(985, 1223, 57.85, '2025-08-15', 1),
(986, 3902, 31.68, '2025-05-05', 2),
(987, 8026, 22.88, '2025-08-08', 2),
(988, 2698, 35.16, '2025-11-04', 1),
(989, 1679, 50.21, '2025-05-09', 2),
(990, 6590, 79.06, '2025-07-12', 1),
(991, 5366, 47.04, '2025-10-18', 1),
(992, 5425, 24.6, '2025-08-16', 1),
(993, 2472, 47.09, '2025-05-08', 1),
(994, 8001, 69.89, '2025-04-20', 1),
(995, 1815, 20.32, '2025-07-10', 2),
(996, 4178, 57.59, '2025-02-16', 1),
(997, 3506, 38.87, '2025-11-25', 1),
(998, 3084, 30.2, '2025-11-26', 1),
(999, 5575, 30.27, '2025-09-26', 2),
(1000, 7037, 52.35, '2025-10-03', 2),
(1001, 2662, 69.94, '2025-03-09', 2),
(1002, 7237, 28.26, '2025-03-05', 1),
(1003, 9271, 47.61, '2025-04-13', 1),
(1004, 7588, 61.12, '2025-03-03', 1),
(1005, 7361, 51.51, '2025-02-05', 2),
(1006, 8681, 57.5, '2025-01-13', 1),
(1007, 5793, 68.32, '2025-01-10', 1),
(1008, 4158, 36.42, '2025-01-04', 1),
(1009, 2764, 43.19, '2025-07-25', 2),
(1010, 3390, 48.58, '2025-07-23', 1),
(1011, 6145, 68.09, '2025-08-09', 1),
(1012, 4520, 20.94, '2025-10-15', 2),
(1013, 6871, 66.23, '2025-03-03', 1),
(1014, 3819, 48.5, '2025-03-22', 2),
(1015, 2554, 57.43, '2025-10-09', 1),
(1016, 1731, 77.53, '2025-06-08', 1),
(1017, 5718, 46.61, '2025-09-16', 1),
(1018, 6795, 41.14, '2025-04-03', 2),
(1019, 1490, 39.96, '2025-07-10', 2),
(1020, 1670, 76.95, '2025-09-18', 1),
(1021, 8306, 75.37, '2025-05-27', 1),
(1022, 5318, 24.56, '2025-03-07', 2),
(1023, 2475, 46.51, '2025-06-01', 2),
(1024, 6258, 52.6, '2025-09-22', 2),
(1025, 6513, 35.43, '2025-08-19', 2),
(1026, 3100, 70.55, '2025-08-12', 2),
(1027, 5873, 68.18, '2025-10-03', 1),
(1028, 5513, 68.36, '2025-11-12', 2),
(1029, 9334, 47.75, '2025-05-25', 1),
(1030, 5558, 73.66, '2025-05-18', 1),
(1031, 1520, 33.74, '2025-11-18', 2),
(1032, 5976, 30.06, '2025-09-06', 1),
(1033, 5082, 46.53, '2025-01-20', 1),
(1034, 9137, 72.54, '2025-01-20', 1),
(1035, 2881, 28.92, '2025-04-03', 2),
(1036, 7377, 29.5, '2025-05-02', 2),
(1037, 8826, 46.7, '2025-11-26', 1),
(1038, 6012, 64.97, '2025-04-10', 1),
(1039, 5700, 78.61, '2025-05-04', 1),
(1040, 5865, 67.66, '2025-10-17', 2),
(1041, 9584, 37.53, '2025-10-14', 2),
(1042, 9646, 39.55, '2025-05-22', 2),
(1043, 5825, 31.15, '2025-03-05', 1),
(1044, 7748, 31.42, '2025-05-23', 1),
(1045, 8263, 30.61, '2025-10-07', 2),
(1046, 9029, 39.4, '2025-10-17', 1),
(1047, 9093, 36.19, '2025-05-01', 2),
(1048, 3084, 77.99, '2025-11-01', 2),
(1049, 3585, 46.54, '2025-03-08', 1),
(1050, 4426, 29.17, '2025-07-25', 2),
(1051, 9749, 27.61, '2025-02-05', 1),
(1052, 6336, 75.96, '2025-07-05', 2),
(1053, 3351, 51.24, '2025-09-10', 2),
(1054, 2142, 39.35, '2025-03-02', 2),
(1055, 8679, 66.43, '2025-02-15', 2),
(1056, 6144, 64.44, '2025-11-16', 1),
(1057, 3820, 60.93, '2025-07-04', 1),
(1058, 2370, 32.98, '2025-07-04', 2),
(1059, 6676, 31.02, '2025-04-12', 2),
(1060, 6869, 35.67, '2025-01-18', 1),
(1061, 8436, 35.38, '2025-04-05', 1),
(1062, 8563, 23.9, '2025-08-17', 2),
(1063, 3090, 57.3, '2025-06-17', 1),
(1064, 6331, 49.65, '2025-05-16', 1),
(1065, 5234, 75.34, '2025-10-07', 1),
(1066, 9596, 29.32, '2025-11-20', 2),
(1067, 2442, 76.66, '2025-11-10', 1),
(1068, 1266, 65.92, '2025-02-23', 2),
(1069, 9840, 58.21, '2025-09-27', 1),
(1070, 8146, 63.99, '2025-05-03', 1),
(1071, 6843, 56.96, '2025-10-11', 2),
(1072, 3585, 22.08, '2025-05-11', 1),
(1073, 7530, 45.75, '2025-03-08', 2),
(1074, 5054, 33.23, '2025-05-09', 2),
(1075, 9525, 74.88, '2025-03-06', 2),
(1076, 5681, 51.05, '2025-02-05', 2),
(1077, 2489, 66.66, '2025-10-26', 1),
(1078, 3470, 59.66, '2025-08-18', 2),
(1079, 4559, 30.67, '2025-05-12', 1),
(1080, 5710, 42.77, '2025-10-02', 2),
(1081, 7465, 69.67, '2025-01-24', 1),
(1082, 6300, 79.29, '2025-02-25', 1),
(1083, 3933, 76.71, '2025-06-12', 2),
(1084, 8705, 24.97, '2025-08-23', 1),
(1085, 1747, 54.7, '2025-03-11', 2),
(1086, 1164, 32.18, '2025-04-01', 1),
(1087, 2167, 44.54, '2025-09-26', 1),
(1088, 9472, 69.06, '2025-10-20', 2),
(1089, 5684, 33.41, '2025-02-26', 1),
(1090, 7551, 67.68, '2025-08-11', 2),
(1091, 6580, 59.95, '2025-08-25', 2),
(1092, 8972, 30.99, '2025-06-03', 2),
(1093, 4481, 53.96, '2025-06-06', 2),
(1094, 7634, 23.04, '2025-06-17', 1),
(1095, 6245, 68.88, '2025-03-15', 1),
(1096, 4995, 74.84, '2025-06-19', 1),
(1097, 5476, 51.52, '2025-02-22', 2),
(1098, 7447, 65, '2025-11-15', 1),
(1099, 2853, 50.2, '2025-03-07', 2),
(1100, 2116, 48.96, '2025-09-02', 2),
(1101, 4259, 52.73, '2025-06-17', 1),
(1102, 8799, 50.56, '2025-03-13', 2),
(1103, 7088, 53.26, '2025-05-27', 2),
(1104, 1729, 21.61, '2025-01-19', 2),
(1105, 8536, 77.8, '2025-09-23', 1),
(1106, 6872, 36.59, '2025-04-18', 1),
(1107, 6456, 74.39, '2025-09-27', 2),
(1108, 8655, 42.86, '2025-02-12', 2),
(1109, 4081, 37.06, '2025-11-27', 1),
(1110, 1465, 25.61, '2025-09-21', 2),
(1111, 3258, 34.66, '2025-05-13', 2),
(1112, 3127, 40.63, '2025-03-27', 2),
(1113, 1952, 57.59, '2025-04-15', 1),
(1114, 4898, 77.4, '2025-02-06', 1),
(1115, 9243, 49.86, '2025-05-18', 1),
(1116, 8780, 30.42, '2025-06-05', 2),
(1117, 5014, 51.28, '2025-06-03', 1),
(1118, 7156, 35.97, '2025-09-11', 1),
(1119, 1357, 79.67, '2025-01-24', 2),
(1120, 6860, 24.64, '2025-03-23', 2),
(1121, 9340, 54.17, '2025-04-20', 2),
(1122, 1844, 52.46, '2025-02-03', 2),
(1123, 1372, 52.93, '2025-07-03', 1),
(1124, 3911, 35.4, '2025-04-10', 2),
(1125, 3729, 46.24, '2025-01-15', 2),
(1126, 2630, 67.29, '2025-02-07', 2),
(1127, 5083, 69.33, '2025-06-25', 1),
(1128, 7631, 77.5, '2025-05-11', 2),
(1129, 6465, 20.41, '2025-09-17', 1),
(1130, 3952, 49.62, '2025-01-14', 1),
(1131, 9693, 79.58, '2025-05-21', 1),
(1132, 9709, 36.87, '2025-09-10', 2),
(1133, 1242, 70.74, '2025-06-19', 2),
(1134, 8242, 68.01, '2025-03-26', 2),
(1135, 8646, 68.49, '2025-08-22', 1),
(1136, 8316, 43.48, '2025-10-05', 1),
(1137, 3000, 35.96, '2025-08-06', 2),
(1138, 4045, 20.24, '2025-01-27', 2),
(1139, 8659, 68.05, '2025-02-18', 1),
(1140, 3672, 79, '2025-11-23', 2),
(1141, 3162, 79.54, '2025-04-24', 1),
(1142, 5680, 75.54, '2025-01-01', 2),
(1143, 9189, 27.43, '2025-07-17', 2),
(1144, 5539, 68.5, '2025-05-22', 2),
(1145, 6933, 48.77, '2025-09-27', 1),
(1146, 1247, 41.31, '2025-09-04', 2),
(1147, 4432, 41.17, '2025-02-19', 1),
(1148, 3810, 78.14, '2025-06-13', 1),
(1149, 6601, 65.3, '2025-06-26', 1),
(1150, 8515, 27.16, '2025-06-17', 1),
(1151, 2769, 64.2, '2025-11-23', 2),
(1152, 4566, 57.96, '2025-02-15', 1),
(1153, 7385, 48.15, '2025-01-09', 1),
(1154, 5255, 69.02, '2025-07-04', 1),
(1155, 1543, 52.94, '2025-10-13', 1),
(1156, 9804, 36.82, '2025-02-14', 1),
(1157, 1978, 69.6, '2025-09-20', 2),
(1158, 1735, 55.29, '2025-09-27', 1),
(1159, 9859, 51.67, '2025-07-08', 2),
(1160, 2353, 46.27, '2025-11-11', 1),
(1161, 6993, 32.2, '2025-06-03', 1),
(1162, 6488, 20.93, '2025-03-22', 1),
(1163, 4421, 73.21, '2025-08-12', 2),
(1164, 3736, 23.3, '2025-08-09', 1),
(1165, 8167, 77.02, '2025-01-05', 2),
(1166, 8970, 35.02, '2025-07-13', 1),
(1167, 3734, 57.1, '2025-06-20', 2),
(1168, 7099, 60.03, '2025-02-04', 1),
(1169, 9882, 49.57, '2025-06-18', 2),
(1170, 8154, 75.82, '2025-02-23', 2),
(1171, 5131, 35.88, '2025-04-11', 1),
(1172, 4486, 29.99, '2025-10-06', 1),
(1173, 9916, 26.28, '2025-04-16', 1),
(1174, 4983, 41.69, '2025-04-15', 1),
(1175, 2780, 43.21, '2025-04-20', 1),
(1176, 6846, 72.51, '2025-06-08', 1),
(1177, 4088, 46.01, '2025-10-26', 2),
(1178, 9312, 71.99, '2025-10-12', 2),
(1179, 6985, 21.87, '2025-11-04', 2),
(1180, 4806, 23.78, '2025-02-03', 1),
(1181, 7396, 49.36, '2025-08-11', 1),
(1182, 7019, 37.96, '2025-06-24', 1),
(1183, 6673, 37.02, '2025-01-01', 2),
(1184, 2885, 75.37, '2025-06-17', 2),
(1185, 4015, 20.57, '2025-05-18', 2),
(1186, 9999, 32.23, '2025-02-17', 2),
(1187, 1975, 55.21, '2025-06-24', 1),
(1188, 7676, 55.19, '2025-01-22', 2),
(1189, 6657, 46.32, '2025-04-09', 1),
(1190, 4339, 68.68, '2025-02-21', 2),
(1191, 6122, 44.39, '2025-08-20', 1),
(1192, 8128, 75.39, '2025-10-21', 2),
(1193, 6169, 61.47, '2025-06-01', 1),
(1194, 9839, 53.44, '2025-09-05', 1),
(1195, 5381, 34.88, '2025-04-02', 1),
(1196, 7583, 55.19, '2025-05-16', 2),
(1197, 8101, 65.21, '2025-08-14', 1),
(1198, 6195, 22.07, '2025-04-17', 2),
(1199, 9062, 64.12, '2025-03-19', 2),
(1200, 3694, 35.55, '2025-06-04', 2),
(1201, 8690, 75.38, '2025-04-05', 2),
(1202, 8684, 76.87, '2025-02-17', 1),
(1203, 9006, 77.82, '2025-03-19', 2),
(1204, 9105, 46.54, '2025-01-05', 2),
(1205, 3744, 26.66, '2025-10-18', 2),
(1206, 9671, 70.1, '2025-11-06', 2),
(1207, 4560, 69.17, '2025-05-20', 2),
(1208, 2618, 59.13, '2025-08-14', 1),
(1209, 8051, 58.86, '2025-01-22', 2),
(1210, 1115, 79.36, '2025-09-08', 2);

-- ORDEN COMPRA (400 registros B2B)
INSERT INTO OrdenCompra (idOrdenCompra, fechaEmision, fechaVencimiento, especificacionesTecnicas, precioUnitario, subTotal, impuestos, ClienteJuridico_idClienteJuridico, BackOrder_idBackOrder) VALUES
(1, '2025-01-25', '2025-04-26', 'Especificaciones OC 1', 188.56, 17158.96, 2745.43, 48, 1),
(2, '2025-06-13', '2025-02-10', 'Especificaciones OC 2', 175.39, 8418.72, 1347, 164, 2),
(3, '2025-01-24', '2025-08-27', 'Especificaciones OC 3', 425.97, 23854.32, 3816.69, 54, 3),
(4, '2025-08-23', '2025-03-11', 'Especificaciones OC 4', 322.19, 28352.72, 4536.44, 199, 4),
(5, '2025-04-12', '2025-07-26', 'Especificaciones OC 5', 206.97, 9727.59, 1556.41, 45, 5),
(6, '2025-03-23', '2025-07-26', 'Especificaciones OC 6', 364.37, 19675.98, 3148.16, 152, 6),
(7, '2025-04-21', '2025-02-19', 'Especificaciones OC 7', 251.03, 11798.41, 1887.75, 30, 7),
(8, '2025-08-13', '2025-07-18', 'Especificaciones OC 8', 159.72, 9583.2, 1533.31, 16, 8),
(9, '2025-04-21', '2025-06-13', 'Especificaciones OC 9', 215.7, 12079.2, 1932.67, 148, 9),
(10, '2025-05-13', '2025-02-11', 'Especificaciones OC 10', 297.78, 23226.84, 3716.29, 67, 10),
(11, '2025-06-25', '2025-05-14', 'Especificaciones OC 11', 62.33, 2991.84, 478.69, 72, 11),
(12, '2025-07-27', '2025-02-19', 'Especificaciones OC 12', 300.69, 5111.73, 817.88, 131, 12),
(13, '2025-02-18', '2025-08-24', 'Especificaciones OC 13', 53.39, 3577.13, 572.34, 95, 13),
(14, '2025-03-17', '2025-05-15', 'Especificaciones OC 14', 303.14, 13035.02, 2085.6, 25, 14),
(15, '2025-06-22', '2025-06-12', 'Especificaciones OC 15', 230.17, 17492.92, 2798.87, 104, 15),
(16, '2025-03-12', '2025-05-10', 'Especificaciones OC 16', 178.59, 7500.78, 1200.12, 65, 16),
(17, '2025-03-24', '2025-04-13', 'Especificaciones OC 17', 323.95, 17169.35, 2747.1, 163, 17),
(18, '2025-04-17', '2025-05-19', 'Especificaciones OC 18', 299.26, 5386.68, 861.87, 30, 18),
(19, '2025-05-22', '2025-06-17', 'Especificaciones OC 19', 263.62, 9226.7, 1476.27, 193, 19),
(20, '2025-01-14', '2025-04-25', 'Especificaciones OC 20', 347.71, 19819.47, 3171.12, 185, 20),
(21, '2025-01-23', '2025-04-24', 'Especificaciones OC 21', 449.77, 9445.17, 1511.23, 29, 21),
(22, '2025-07-11', '2025-06-25', 'Especificaciones OC 22', 230.89, 3232.46, 517.19, 152, 22),
(23, '2025-06-10', '2025-06-21', 'Especificaciones OC 23', 323.96, 15874.04, 2539.85, 154, 23),
(24, '2025-05-18', '2025-05-15', 'Especificaciones OC 24', 265.29, 10876.89, 1740.3, 57, 24),
(25, '2025-03-16', '2025-02-16', 'Especificaciones OC 25', 435.1, 40464.3, 6474.29, 134, 25),
(26, '2025-03-14', '2025-03-20', 'Especificaciones OC 26', 114.86, 5513.28, 882.12, 64, 26),
(27, '2025-08-27', '2025-03-26', 'Especificaciones OC 27', 82.03, 7464.73, 1194.36, 45, 27),
(28, '2025-02-14', '2025-05-22', 'Especificaciones OC 28', 197.73, 18388.89, 2942.22, 154, 28),
(29, '2025-05-13', '2025-07-21', 'Especificaciones OC 29', 215.94, 20946.18, 3351.39, 110, 29),
(30, '2025-04-25', '2025-06-16', 'Especificaciones OC 30', 54.61, 3331.21, 532.99, 160, 30),
(31, '2025-05-25', '2025-05-17', 'Especificaciones OC 31', 10.02, 591.18, 94.59, 54, 31),
(32, '2025-07-25', '2025-06-12', 'Especificaciones OC 32', 333.98, 27720.34, 4435.25, 27, 32),
(33, '2025-05-26', '2025-08-16', 'Especificaciones OC 33', 122.05, 3417.4, 546.78, 23, 33),
(34, '2025-01-16', '2025-04-12', 'Especificaciones OC 34', 477.37, 34370.64, 5499.3, 34, 34),
(35, '2025-05-16', '2025-03-13', 'Especificaciones OC 35', 140.68, 7596.72, 1215.48, 6, 35),
(36, '2025-01-14', '2025-02-27', 'Especificaciones OC 36', 224.21, 21075.74, 3372.12, 2, 36),
(37, '2025-05-10', '2025-01-22', 'Especificaciones OC 37', 241.17, 13746.69, 2199.47, 152, 37),
(38, '2025-03-18', '2025-08-23', 'Especificaciones OC 38', 95.28, 1715.04, 274.41, 130, 38),
(39, '2025-05-21', '2025-04-24', 'Especificaciones OC 39', 391.72, 13710.2, 2193.63, 28, 39),
(40, '2025-07-16', '2025-08-25', 'Especificaciones OC 40', 263.97, 18477.9, 2956.46, 120, 40),
(41, '2025-07-18', '2025-06-14', 'Especificaciones OC 41', 123.11, 7879.04, 1260.65, 28, 41),
(42, '2025-07-11', '2025-08-24', 'Especificaciones OC 42', 195.84, 11358.72, 1817.4, 131, 42),
(43, '2025-05-15', '2025-02-10', 'Especificaciones OC 43', 219.23, 3726.91, 596.31, 156, 43),
(44, '2025-04-19', '2025-01-12', 'Especificaciones OC 44', 175.99, 3695.79, 591.33, 37, 44),
(45, '2025-04-17', '2025-05-24', 'Especificaciones OC 45', 453.18, 39426.66, 6308.27, 32, 45),
(46, '2025-04-10', '2025-05-14', 'Especificaciones OC 46', 297.87, 18467.94, 2954.87, 170, 46),
(47, '2025-06-18', '2025-06-10', 'Especificaciones OC 47', 130.16, 12365.2, 1978.43, 74, 47),
(48, '2025-02-18', '2025-02-26', 'Especificaciones OC 48', 399.14, 4789.68, 766.35, 135, 48),
(49, '2025-03-22', '2025-07-12', 'Especificaciones OC 49', 218.71, 20558.74, 3289.4, 13, 49),
(50, '2025-08-21', '2025-06-20', 'Especificaciones OC 50', 27.5, 1980, 316.8, 131, 50),
(51, '2025-08-14', '2025-04-14', 'Especificaciones OC 51', 423.78, 23307.9, 3729.26, 143, 51),
(52, '2025-02-18', '2025-06-26', 'Especificaciones OC 52', 329, 21056, 3368.96, 70, 52),
(53, '2025-06-27', '2025-01-14', 'Especificaciones OC 53', 68.16, 681.6, 109.06, 163, 53),
(54, '2025-04-13', '2025-03-23', 'Especificaciones OC 54', 428.78, 30872.16, 4939.55, 166, 54),
(55, '2025-03-27', '2025-06-21', 'Especificaciones OC 55', 406.63, 15858.57, 2537.37, 120, 55),
(56, '2025-08-17', '2025-05-27', 'Especificaciones OC 56', 339.15, 15261.75, 2441.88, 101, 56),
(57, '2025-04-11', '2025-06-25', 'Especificaciones OC 57', 486.38, 29182.8, 4669.25, 39, 57),
(58, '2025-07-24', '2025-07-12', 'Especificaciones OC 58', 103.87, 2908.36, 465.34, 199, 58),
(59, '2025-03-26', '2025-05-27', 'Especificaciones OC 59', 99.35, 3675.95, 588.15, 122, 59),
(60, '2025-02-13', '2025-08-21', 'Especificaciones OC 60', 410.25, 38153.25, 6104.52, 69, 60),
(61, '2025-07-24', '2025-06-25', 'Especificaciones OC 61', 119.48, 5018.16, 802.91, 56, 61),
(62, '2025-03-25', '2025-08-16', 'Especificaciones OC 62', 84.48, 5322.24, 851.56, 179, 62),
(63, '2025-04-24', '2025-08-12', 'Especificaciones OC 63', 449.51, 26970.6, 4315.3, 102, 63),
(64, '2025-05-10', '2025-08-22', 'Especificaciones OC 64', 420.09, 28146.03, 4503.36, 129, 64),
(65, '2025-07-11', '2025-02-22', 'Especificaciones OC 65', 269.29, 24505.39, 3920.86, 40, 65),
(66, '2025-07-26', '2025-03-21', 'Especificaciones OC 66', 423.99, 9751.77, 1560.28, 77, 66),
(67, '2025-07-18', '2025-05-14', 'Especificaciones OC 67', 468, 38376, 6140.16, 91, 67),
(68, '2025-08-21', '2025-04-15', 'Especificaciones OC 68', 34.06, 715.26, 114.44, 4, 68),
(69, '2025-06-27', '2025-02-21', 'Especificaciones OC 69', 20.36, 1750.96, 280.15, 49, 69),
(70, '2025-04-10', '2025-01-12', 'Especificaciones OC 70', 240.23, 17536.79, 2805.89, 171, 70),
(71, '2025-01-12', '2025-07-26', 'Especificaciones OC 71', 430.35, 29694.15, 4751.06, 127, 71),
(72, '2025-08-19', '2025-03-12', 'Especificaciones OC 72', 461.55, 31385.4, 5021.66, 30, 72),
(73, '2025-05-21', '2025-03-18', 'Especificaciones OC 73', 424.93, 6373.95, 1019.83, 105, 73),
(74, '2025-06-17', '2025-04-18', 'Especificaciones OC 74', 492.95, 7394.25, 1183.08, 33, 74),
(75, '2025-07-27', '2025-05-22', 'Especificaciones OC 75', 342, 13338, 2134.08, 123, 75),
(76, '2025-05-11', '2025-02-21', 'Especificaciones OC 76', 278.92, 27613.08, 4418.09, 144, 76),
(77, '2025-05-18', '2025-01-11', 'Especificaciones OC 77', 155.07, 15041.79, 2406.69, 93, 77),
(78, '2025-01-20', '2025-05-20', 'Especificaciones OC 78', 64.41, 5474.85, 875.98, 186, 78),
(79, '2025-04-21', '2025-07-18', 'Especificaciones OC 79', 34.53, 2693.34, 430.93, 143, 79),
(80, '2025-08-12', '2025-06-14', 'Especificaciones OC 80', 84.06, 3194.28, 511.08, 7, 80),
(81, '2025-06-12', '2025-06-16', 'Especificaciones OC 81', 200.64, 14847.36, 2375.58, 8, 81),
(82, '2025-05-17', '2025-05-20', 'Especificaciones OC 82', 238.49, 5723.76, 915.8, 145, 82),
(83, '2025-04-13', '2025-06-11', 'Especificaciones OC 83', 419.9, 10077.6, 1612.42, 123, 83),
(84, '2025-01-23', '2025-06-10', 'Especificaciones OC 84', 484.39, 16469.26, 2635.08, 161, 84),
(85, '2025-02-23', '2025-08-20', 'Especificaciones OC 85', 153.01, 7497.49, 1199.6, 97, 85),
(86, '2025-07-11', '2025-05-16', 'Especificaciones OC 86', 183.58, 5323.82, 851.81, 26, 86),
(87, '2025-05-19', '2025-08-15', 'Especificaciones OC 87', 287.32, 18101.16, 2896.19, 187, 87),
(88, '2025-08-15', '2025-05-23', 'Especificaciones OC 88', 138.44, 12182.72, 1949.24, 135, 88),
(89, '2025-01-23', '2025-05-17', 'Especificaciones OC 89', 260.1, 18207, 2913.12, 167, 89),
(90, '2025-08-14', '2025-04-22', 'Especificaciones OC 90', 131.6, 6448.4, 1031.74, 109, 90),
(91, '2025-07-22', '2025-08-27', 'Especificaciones OC 91', 199.05, 8161.05, 1305.77, 107, 91),
(92, '2025-04-20', '2025-05-26', 'Especificaciones OC 92', 375.25, 6379.25, 1020.68, 148, 92),
(93, '2025-02-12', '2025-05-15', 'Especificaciones OC 93', 121.37, 5825.76, 932.12, 16, 93),
(94, '2025-02-24', '2025-03-13', 'Especificaciones OC 94', 373.39, 8587.97, 1374.08, 61, 94),
(95, '2025-02-10', '2025-08-18', 'Especificaciones OC 95', 255.54, 20954.28, 3352.68, 106, 95),
(96, '2025-02-18', '2025-08-13', 'Especificaciones OC 96', 417.17, 11680.76, 1868.92, 67, 96),
(97, '2025-03-19', '2025-03-19', 'Especificaciones OC 97', 458.62, 37606.84, 6017.09, 179, 97),
(98, '2025-02-20', '2025-06-23', 'Especificaciones OC 98', 297.55, 13687.3, 2189.97, 10, 98),
(99, '2025-01-21', '2025-03-15', 'Especificaciones OC 99', 217.02, 4991.46, 798.63, 84, 99),
(100, '2025-05-23', '2025-07-20', 'Especificaciones OC 100', 498.77, 29926.2, 4788.19, 169, 100),
(101, '2025-04-22', '2025-01-23', 'Especificaciones OC 101', 192.79, 10796.24, 1727.4, 140, 101),
(102, '2025-04-23', '2025-01-17', 'Especificaciones OC 102', 315.75, 17366.25, 2778.6, 5, 102),
(103, '2025-02-10', '2025-08-17', 'Especificaciones OC 103', 423.19, 34701.58, 5552.25, 112, 103),
(104, '2025-01-14', '2025-07-16', 'Especificaciones OC 104', 410.96, 6986.32, 1117.81, 187, 104),
(105, '2025-02-23', '2025-08-26', 'Especificaciones OC 105', 15.01, 1440.96, 230.55, 188, 105),
(106, '2025-08-20', '2025-08-20', 'Especificaciones OC 106', 19.45, 1847.75, 295.64, 109, 106),
(107, '2025-03-10', '2025-02-12', 'Especificaciones OC 107', 258.78, 13715.34, 2194.45, 139, 107),
(108, '2025-04-18', '2025-04-27', 'Especificaciones OC 108', 405.29, 34854.94, 5576.79, 59, 108),
(109, '2025-04-16', '2025-02-13', 'Especificaciones OC 109', 14.16, 594.72, 95.16, 9, 109),
(110, '2025-01-25', '2025-02-17', 'Especificaciones OC 110', 435.99, 20055.54, 3208.89, 157, 110),
(111, '2025-08-11', '2025-03-14', 'Especificaciones OC 111', 443.06, 11962.62, 1914.02, 3, 111),
(112, '2025-02-13', '2025-06-26', 'Especificaciones OC 112', 220.07, 18485.88, 2957.74, 35, 112),
(113, '2025-04-25', '2025-03-18', 'Especificaciones OC 113', 49.08, 1815.96, 290.55, 36, 113),
(114, '2025-06-18', '2025-04-12', 'Especificaciones OC 114', 40.68, 1911.96, 305.91, 162, 114),
(115, '2025-08-13', '2025-04-26', 'Especificaciones OC 115', 282.89, 22631.2, 3620.99, 27, 115),
(116, '2025-02-15', '2025-03-13', 'Especificaciones OC 116', 493.72, 10368.12, 1658.9, 163, 116),
(117, '2025-07-20', '2025-04-25', 'Especificaciones OC 117', 105.25, 7999, 1279.84, 86, 117),
(118, '2025-01-10', '2025-01-18', 'Especificaciones OC 118', 336.57, 6394.83, 1023.17, 103, 118),
(119, '2025-02-12', '2025-07-25', 'Especificaciones OC 119', 72.95, 6638.45, 1062.15, 108, 119),
(120, '2025-02-16', '2025-01-12', 'Especificaciones OC 120', 22.56, 2143.2, 342.91, 33, 120),
(121, '2025-04-27', '2025-08-14', 'Especificaciones OC 121', 294.55, 25625.85, 4100.14, 43, 121),
(122, '2025-08-16', '2025-06-24', 'Especificaciones OC 122', 225.56, 16691.44, 2670.63, 75, 122),
(123, '2025-04-23', '2025-05-25', 'Especificaciones OC 123', 327.38, 19970.18, 3195.23, 146, 123),
(124, '2025-07-27', '2025-07-25', 'Especificaciones OC 124', 340.2, 15649.2, 2503.87, 174, 124),
(125, '2025-05-20', '2025-01-18', 'Especificaciones OC 125', 156.87, 5490.45, 878.47, 195, 125),
(126, '2025-05-24', '2025-01-13', 'Especificaciones OC 126', 63.52, 6288.48, 1006.16, 143, 126),
(127, '2025-04-21', '2025-01-12', 'Especificaciones OC 127', 354.63, 24469.47, 3915.12, 103, 127),
(128, '2025-05-17', '2025-08-12', 'Especificaciones OC 128', 58.43, 1285.46, 205.67, 195, 128),
(129, '2025-06-24', '2025-06-24', 'Especificaciones OC 129', 495.61, 5947.32, 951.57, 88, 129),
(130, '2025-02-14', '2025-06-24', 'Especificaciones OC 130', 337.11, 25957.47, 4153.2, 135, 130),
(131, '2025-01-26', '2025-01-24', 'Especificaciones OC 131', 399.01, 38304.96, 6128.79, 147, 131),
(132, '2025-08-19', '2025-02-24', 'Especificaciones OC 132', 202.29, 11732.82, 1877.25, 135, 132),
(133, '2025-01-11', '2025-05-13', 'Especificaciones OC 133', 34.88, 2581.12, 412.98, 194, 133),
(134, '2025-08-24', '2025-04-16', 'Especificaciones OC 134', 42.39, 1568.43, 250.95, 192, 134),
(135, '2025-04-14', '2025-05-25', 'Especificaciones OC 135', 331.7, 9619.3, 1539.09, 19, 135),
(136, '2025-08-17', '2025-07-10', 'Especificaciones OC 136', 91.9, 6249.2, 999.87, 67, 136),
(137, '2025-03-17', '2025-01-13', 'Especificaciones OC 137', 75.95, 911.4, 145.82, 75, 137),
(138, '2025-04-18', '2025-03-14', 'Especificaciones OC 138', 343.42, 22665.72, 3626.52, 178, 138),
(139, '2025-06-14', '2025-04-14', 'Especificaciones OC 139', 192.92, 4437.16, 709.95, 14, 139),
(140, '2025-06-18', '2025-03-15', 'Especificaciones OC 140', 54.93, 2966.22, 474.6, 173, 140),
(141, '2025-01-11', '2025-01-20', 'Especificaciones OC 141', 309.34, 4640.1, 742.42, 187, 141),
(142, '2025-06-18', '2025-01-10', 'Especificaciones OC 142', 180.75, 17171.25, 2747.4, 90, 142),
(143, '2025-05-23', '2025-08-21', 'Especificaciones OC 143', 416.42, 19988.16, 3198.11, 22, 143),
(144, '2025-04-15', '2025-04-15', 'Especificaciones OC 144', 165.05, 12213.7, 1954.19, 46, 144),
(145, '2025-07-14', '2025-03-14', 'Especificaciones OC 145', 28, 588, 94.08, 138, 145),
(146, '2025-04-26', '2025-05-17', 'Especificaciones OC 146', 255.62, 24539.52, 3926.32, 167, 146),
(147, '2025-03-14', '2025-01-23', 'Especificaciones OC 147', 208.38, 10835.76, 1733.72, 171, 147),
(148, '2025-02-13', '2025-06-21', 'Especificaciones OC 148', 419.15, 11317.05, 1810.73, 95, 148),
(149, '2025-07-13', '2025-04-17', 'Especificaciones OC 149', 215.91, 2806.83, 449.09, 9, 149),
(150, '2025-02-27', '2025-07-19', 'Especificaciones OC 150', 198.96, 11141.76, 1782.68, 155, 150),
(151, '2025-04-13', '2025-06-12', 'Especificaciones OC 151', 55.19, 5187.86, 830.06, 172, 151),
(152, '2025-04-16', '2025-08-23', 'Especificaciones OC 152', 153.8, 15226.2, 2436.19, 161, 152),
(153, '2025-07-12', '2025-03-24', 'Especificaciones OC 153', 288.36, 17013.24, 2722.12, 164, 153),
(154, '2025-02-19', '2025-06-17', 'Especificaciones OC 154', 69.69, 4599.54, 735.93, 133, 154),
(155, '2025-07-10', '2025-07-16', 'Especificaciones OC 155', 281.76, 13524.48, 2163.92, 30, 155),
(156, '2025-03-19', '2025-05-10', 'Especificaciones OC 156', 340.08, 29586.96, 4733.91, 100, 156),
(157, '2025-06-12', '2025-07-12', 'Especificaciones OC 157', 18.04, 902, 144.32, 78, 157),
(158, '2025-01-22', '2025-07-27', 'Especificaciones OC 158', 148.69, 11449.13, 1831.86, 110, 158),
(159, '2025-01-14', '2025-03-22', 'Especificaciones OC 159', 202.73, 15002.02, 2400.32, 34, 159),
(160, '2025-08-15', '2025-06-10', 'Especificaciones OC 160', 311.19, 9958.08, 1593.29, 27, 160),
(161, '2025-05-25', '2025-03-10', 'Especificaciones OC 161', 237.18, 7115.4, 1138.46, 60, 161),
(162, '2025-02-12', '2025-03-14', 'Especificaciones OC 162', 376.85, 10928.65, 1748.58, 188, 162),
(163, '2025-08-12', '2025-06-26', 'Especificaciones OC 163', 213.84, 12830.4, 2052.86, 115, 163),
(164, '2025-02-26', '2025-03-27', 'Especificaciones OC 164', 332.99, 25973.22, 4155.72, 144, 164),
(165, '2025-02-16', '2025-01-25', 'Especificaciones OC 165', 404.47, 30335.25, 4853.64, 85, 165),
(166, '2025-03-17', '2025-04-12', 'Especificaciones OC 166', 260.17, 24716.15, 3954.58, 118, 166),
(167, '2025-06-25', '2025-02-18', 'Especificaciones OC 167', 377.98, 10961.42, 1753.83, 4, 167),
(168, '2025-07-20', '2025-08-22', 'Especificaciones OC 168', 341.1, 7845.3, 1255.25, 50, 168),
(169, '2025-08-12', '2025-05-24', 'Especificaciones OC 169', 259.87, 24427.78, 3908.44, 74, 169),
(170, '2025-07-23', '2025-02-13', 'Especificaciones OC 170', 430.71, 41348.16, 6615.71, 7, 170),
(171, '2025-08-15', '2025-06-25', 'Especificaciones OC 171', 367.56, 10659.24, 1705.48, 49, 171),
(172, '2025-04-23', '2025-05-23', 'Especificaciones OC 172', 41.24, 2433.16, 389.31, 36, 172),
(173, '2025-04-16', '2025-02-16', 'Especificaciones OC 173', 98.62, 6706.16, 1072.99, 67, 173),
(174, '2025-02-20', '2025-01-22', 'Especificaciones OC 174', 72.68, 1308.24, 209.32, 83, 174),
(175, '2025-03-10', '2025-06-27', 'Especificaciones OC 175', 419.18, 33953.58, 5432.57, 60, 175),
(176, '2025-06-22', '2025-03-23', 'Especificaciones OC 176', 59.73, 2210.01, 353.6, 15, 176),
(177, '2025-07-12', '2025-02-12', 'Especificaciones OC 177', 165.4, 3308, 529.28, 100, 177),
(178, '2025-03-27', '2025-06-19', 'Especificaciones OC 178', 378.83, 20835.65, 3333.7, 114, 178),
(179, '2025-05-21', '2025-08-20', 'Especificaciones OC 179', 139.66, 6983, 1117.28, 170, 179),
(180, '2025-08-21', '2025-05-12', 'Especificaciones OC 180', 251.57, 9559.66, 1529.55, 59, 180),
(181, '2025-03-23', '2025-05-22', 'Especificaciones OC 181', 438.11, 28915.26, 4626.44, 67, 181),
(182, '2025-06-14', '2025-01-23', 'Especificaciones OC 182', 293.44, 10563.84, 1690.21, 122, 182),
(183, '2025-06-25', '2025-04-14', 'Especificaciones OC 183', 154.85, 14401.05, 2304.17, 165, 183),
(184, '2025-03-14', '2025-07-17', 'Especificaciones OC 184', 341.27, 12968.26, 2074.92, 37, 184),
(185, '2025-04-22', '2025-01-14', 'Especificaciones OC 185', 433.3, 13432.3, 2149.17, 176, 185),
(186, '2025-01-11', '2025-04-20', 'Especificaciones OC 186', 123.45, 11604.3, 1856.69, 65, 186),
(187, '2025-02-13', '2025-08-20', 'Especificaciones OC 187', 322.98, 9366.42, 1498.63, 139, 187),
(188, '2025-05-27', '2025-05-23', 'Especificaciones OC 188', 312.3, 22173.3, 3547.73, 28, 188),
(189, '2025-01-15', '2025-02-27', 'Especificaciones OC 189', 309.47, 8974.63, 1435.94, 168, 189),
(190, '2025-08-21', '2025-03-25', 'Especificaciones OC 190', 424.76, 27609.4, 4417.5, 41, 190),
(191, '2025-07-21', '2025-04-19', 'Especificaciones OC 191', 404.36, 7682.84, 1229.25, 94, 191),
(192, '2025-02-10', '2025-07-20', 'Especificaciones OC 192', 453.61, 29938.26, 4790.12, 69, 192),
(193, '2025-05-13', '2025-05-16', 'Especificaciones OC 193', 123.39, 2591.19, 414.59, 197, 193),
(194, '2025-04-12', '2025-04-18', 'Especificaciones OC 194', 155.72, 4204.44, 672.71, 88, 194),
(195, '2025-04-27', '2025-06-21', 'Especificaciones OC 195', 99.6, 9163.2, 1466.11, 129, 195),
(196, '2025-02-24', '2025-01-15', 'Especificaciones OC 196', 431.59, 22011.09, 3521.77, 1, 196),
(197, '2025-02-22', '2025-05-27', 'Especificaciones OC 197', 71.89, 3091.27, 494.6, 36, 197),
(198, '2025-01-23', '2025-02-18', 'Especificaciones OC 198', 314.37, 23263.38, 3722.14, 80, 198),
(199, '2025-05-14', '2025-02-18', 'Especificaciones OC 199', 413.44, 38036.48, 6085.84, 123, 199),
(200, '2025-04-11', '2025-01-18', 'Especificaciones OC 200', 484.32, 22278.72, 3564.6, 152, 200),
(201, '2025-03-15', '2025-07-25', 'Especificaciones OC 201', 13.6, 1074.4, 171.9, 189, 201),
(202, '2025-07-20', '2025-04-18', 'Especificaciones OC 202', 413.56, 11166.12, 1786.58, 90, 202),
(203, '2025-04-24', '2025-03-15', 'Especificaciones OC 203', 185.39, 11494.18, 1839.07, 146, 203),
(204, '2025-04-12', '2025-06-20', 'Especificaciones OC 204', 418.56, 4604.16, 736.67, 25, 204),
(205, '2025-05-12', '2025-08-10', 'Especificaciones OC 205', 12.67, 608.16, 97.31, 80, 205),
(206, '2025-07-17', '2025-08-22', 'Especificaciones OC 206', 225.21, 22295.79, 3567.33, 88, 206),
(207, '2025-01-16', '2025-03-17', 'Especificaciones OC 207', 248.39, 15151.79, 2424.29, 165, 207),
(208, '2025-02-27', '2025-04-18', 'Especificaciones OC 208', 177.18, 10985.16, 1757.63, 3, 208),
(209, '2025-05-19', '2025-01-27', 'Especificaciones OC 209', 437.98, 14453.34, 2312.53, 2, 209),
(210, '2025-05-16', '2025-06-26', 'Especificaciones OC 210', 60.36, 4949.52, 791.92, 106, 210),
(211, '2025-07-12', '2025-03-12', 'Especificaciones OC 211', 141.59, 12459.92, 1993.59, 127, 211),
(212, '2025-02-26', '2025-01-13', 'Especificaciones OC 212', 131.72, 5137.08, 821.93, 120, 212),
(213, '2025-07-27', '2025-06-15', 'Especificaciones OC 213', 436.18, 15266.3, 2442.61, 182, 213),
(214, '2025-05-22', '2025-01-26', 'Especificaciones OC 214', 336.16, 19161.12, 3065.78, 190, 214),
(215, '2025-01-23', '2025-01-17', 'Especificaciones OC 215', 314.02, 8164.52, 1306.32, 17, 215),
(216, '2025-01-21', '2025-05-17', 'Especificaciones OC 216', 297.49, 5354.82, 856.77, 199, 216),
(217, '2025-04-17', '2025-04-12', 'Especificaciones OC 217', 149.49, 4634.19, 741.47, 199, 217),
(218, '2025-08-23', '2025-04-26', 'Especificaciones OC 218', 55.49, 2219.6, 355.14, 24, 218),
(219, '2025-01-15', '2025-05-10', 'Especificaciones OC 219', 348.42, 25783.08, 4125.29, 75, 219),
(220, '2025-02-26', '2025-07-12', 'Especificaciones OC 220', 45.35, 1496.55, 239.45, 88, 220),
(221, '2025-08-21', '2025-05-26', 'Especificaciones OC 221', 309.6, 15789.6, 2526.34, 66, 221),
(222, '2025-07-27', '2025-07-26', 'Especificaciones OC 222', 91.69, 5226.33, 836.21, 85, 222),
(223, '2025-02-12', '2025-04-10', 'Especificaciones OC 223', 234.06, 4447.14, 711.54, 47, 223),
(224, '2025-04-21', '2025-01-25', 'Especificaciones OC 224', 240.73, 5777.52, 924.4, 115, 224),
(225, '2025-01-18', '2025-06-10', 'Especificaciones OC 225', 119, 10948, 1751.68, 74, 225),
(226, '2025-02-14', '2025-06-21', 'Especificaciones OC 226', 494.45, 28183.65, 4509.38, 99, 226),
(227, '2025-01-27', '2025-05-19', 'Especificaciones OC 227', 277.88, 2778.8, 444.61, 180, 227),
(228, '2025-07-16', '2025-03-27', 'Especificaciones OC 228', 153.48, 7980.96, 1276.95, 190, 228),
(229, '2025-01-23', '2025-02-20', 'Especificaciones OC 229', 387.66, 38378.34, 6140.53, 57, 229),
(230, '2025-08-10', '2025-02-13', 'Especificaciones OC 230', 216.87, 20602.65, 3296.42, 136, 230),
(231, '2025-04-20', '2025-08-20', 'Especificaciones OC 231', 425.33, 35727.72, 5716.44, 151, 231),
(232, '2025-04-12', '2025-07-25', 'Especificaciones OC 232', 372.57, 13785.09, 2205.61, 82, 232),
(233, '2025-02-19', '2025-06-23', 'Especificaciones OC 233', 165.52, 15558.88, 2489.42, 85, 233),
(234, '2025-02-18', '2025-04-23', 'Especificaciones OC 234', 376.55, 8660.65, 1385.7, 176, 234),
(235, '2025-07-26', '2025-04-24', 'Especificaciones OC 235', 318.98, 14673.08, 2347.69, 112, 235),
(236, '2025-02-25', '2025-04-26', 'Especificaciones OC 236', 349.23, 23747.64, 3799.62, 12, 236),
(237, '2025-01-18', '2025-04-17', 'Especificaciones OC 237', 69.96, 5876.64, 940.26, 125, 237),
(238, '2025-07-27', '2025-03-21', 'Especificaciones OC 238', 18.2, 1001, 160.16, 21, 238),
(239, '2025-03-19', '2025-06-16', 'Especificaciones OC 239', 48.14, 2936.54, 469.85, 8, 239),
(240, '2025-04-27', '2025-03-10', 'Especificaciones OC 240', 109.39, 3828.65, 612.58, 16, 240),
(241, '2025-06-19', '2025-06-23', 'Especificaciones OC 241', 468, 38376, 6140.16, 106, 241),
(242, '2025-04-14', '2025-04-16', 'Especificaciones OC 242', 51.48, 3191.76, 510.68, 146, 242),
(243, '2025-05-14', '2025-05-12', 'Especificaciones OC 243', 273.39, 6834.75, 1093.56, 178, 243),
(244, '2025-05-19', '2025-08-17', 'Especificaciones OC 244', 42.21, 2405.97, 384.96, 155, 244),
(245, '2025-08-24', '2025-02-24', 'Especificaciones OC 245', 166.1, 6145.7, 983.31, 68, 245),
(246, '2025-04-12', '2025-06-20', 'Especificaciones OC 246', 92.97, 5485.23, 877.64, 19, 246),
(247, '2025-03-27', '2025-05-13', 'Especificaciones OC 247', 130.86, 7459.02, 1193.44, 64, 247),
(248, '2025-08-11', '2025-03-17', 'Especificaciones OC 248', 216.83, 3469.28, 555.08, 132, 248),
(249, '2025-02-27', '2025-06-10', 'Especificaciones OC 249', 78.5, 5102.5, 816.4, 199, 249),
(250, '2025-01-10', '2025-02-11', 'Especificaciones OC 250', 241.9, 2902.8, 464.45, 31, 250),
(251, '2025-06-12', '2025-08-15', 'Especificaciones OC 251', 64.11, 4167.15, 666.74, 192, 251),
(252, '2025-08-21', '2025-01-11', 'Especificaciones OC 252', 397.32, 35361.48, 5657.84, 113, 252),
(253, '2025-06-10', '2025-05-21', 'Especificaciones OC 253', 240.61, 19970.63, 3195.3, 174, 253),
(254, '2025-08-14', '2025-08-14', 'Especificaciones OC 254', 181.04, 7060.56, 1129.69, 97, 254),
(255, '2025-03-26', '2025-06-21', 'Especificaciones OC 255', 309.6, 7740, 1238.4, 109, 255),
(256, '2025-08-12', '2025-02-14', 'Especificaciones OC 256', 214.9, 2149, 343.84, 107, 256),
(257, '2025-08-27', '2025-07-19', 'Especificaciones OC 257', 371.53, 22291.8, 3566.69, 11, 257),
(258, '2025-04-17', '2025-08-26', 'Especificaciones OC 258', 418.56, 35996.16, 5759.39, 19, 258),
(259, '2025-07-21', '2025-07-10', 'Especificaciones OC 259', 179.31, 2689.65, 430.34, 79, 259),
(260, '2025-05-25', '2025-08-10', 'Especificaciones OC 260', 102.56, 8512.48, 1362, 157, 260),
(261, '2025-08-10', '2025-03-19', 'Especificaciones OC 261', 319.11, 12764.4, 2042.3, 6, 261),
(262, '2025-03-18', '2025-06-15', 'Especificaciones OC 262', 200.42, 3206.72, 513.08, 169, 262),
(263, '2025-06-18', '2025-06-26', 'Especificaciones OC 263', 321.33, 6105.27, 976.84, 16, 263),
(264, '2025-05-14', '2025-07-22', 'Especificaciones OC 264', 213.28, 11303.84, 1808.61, 11, 264),
(265, '2025-07-23', '2025-06-11', 'Especificaciones OC 265', 109.21, 10593.37, 1694.94, 28, 265),
(266, '2025-03-16', '2025-01-27', 'Especificaciones OC 266', 357.67, 32905.64, 5264.9, 15, 266),
(267, '2025-01-20', '2025-08-12', 'Especificaciones OC 267', 99.36, 4371.84, 699.49, 107, 267),
(268, '2025-02-27', '2025-05-25', 'Especificaciones OC 268', 442.82, 30111.76, 4817.88, 188, 268),
(269, '2025-03-14', '2025-08-14', 'Especificaciones OC 269', 379.7, 26199.3, 4191.89, 125, 269),
(270, '2025-01-21', '2025-05-19', 'Especificaciones OC 270', 233.62, 9812.04, 1569.93, 193, 270),
(271, '2025-04-16', '2025-03-26', 'Especificaciones OC 271', 47.79, 2389.5, 382.32, 54, 271),
(272, '2025-02-14', '2025-04-17', 'Especificaciones OC 272', 282.81, 7635.87, 1221.74, 78, 272),
(273, '2025-05-26', '2025-01-22', 'Especificaciones OC 273', 151.58, 8185.32, 1309.65, 123, 273),
(274, '2025-02-19', '2025-05-20', 'Especificaciones OC 274', 168.66, 13324.14, 2131.86, 72, 274),
(275, '2025-03-13', '2025-06-19', 'Especificaciones OC 275', 396.7, 26578.9, 4252.62, 59, 275),
(276, '2025-05-12', '2025-05-20', 'Especificaciones OC 276', 33.94, 1968.52, 314.96, 196, 276),
(277, '2025-02-12', '2025-07-17', 'Especificaciones OC 277', 122.26, 7091.08, 1134.57, 177, 277),
(278, '2025-04-26', '2025-08-16', 'Especificaciones OC 278', 183.11, 11352.82, 1816.45, 172, 278),
(279, '2025-03-22', '2025-01-22', 'Especificaciones OC 279', 428.45, 35989.8, 5758.37, 156, 279),
(280, '2025-08-14', '2025-08-17', 'Especificaciones OC 280', 269.66, 16449.26, 2631.88, 145, 280),
(281, '2025-05-15', '2025-05-12', 'Especificaciones OC 281', 281.52, 24492.24, 3918.76, 45, 281),
(282, '2025-05-13', '2025-02-24', 'Especificaciones OC 282', 87.04, 3655.68, 584.91, 86, 282),
(283, '2025-03-17', '2025-07-27', 'Especificaciones OC 283', 308.99, 25646.17, 4103.39, 187, 283),
(284, '2025-02-20', '2025-04-22', 'Especificaciones OC 284', 118.82, 6416.28, 1026.6, 7, 284),
(285, '2025-01-12', '2025-03-25', 'Especificaciones OC 285', 74.34, 2750.58, 440.09, 44, 285),
(286, '2025-02-21', '2025-02-25', 'Especificaciones OC 286', 131.91, 1319.1, 211.06, 115, 286),
(287, '2025-03-12', '2025-02-25', 'Especificaciones OC 287', 174.03, 14792.55, 2366.81, 123, 287),
(288, '2025-04-13', '2025-06-25', 'Especificaciones OC 288', 130.85, 2617, 418.72, 147, 288),
(289, '2025-04-14', '2025-02-11', 'Especificaciones OC 289', 379.41, 18591.09, 2974.57, 94, 289),
(290, '2025-05-27', '2025-02-22', 'Especificaciones OC 290', 473.7, 25106.1, 4016.98, 19, 290),
(291, '2025-02-19', '2025-05-10', 'Especificaciones OC 291', 412.7, 17746.1, 2839.38, 141, 291),
(292, '2025-01-26', '2025-08-14', 'Especificaciones OC 292', 41.87, 2805.29, 448.85, 90, 292),
(293, '2025-04-19', '2025-06-22', 'Especificaciones OC 293', 151.59, 13643.1, 2182.9, 144, 293),
(294, '2025-04-20', '2025-04-24', 'Especificaciones OC 294', 284.84, 15096.52, 2415.44, 66, 294),
(295, '2025-07-22', '2025-04-18', 'Especificaciones OC 295', 387.94, 24440.22, 3910.44, 134, 295),
(296, '2025-05-22', '2025-06-15', 'Especificaciones OC 296', 420.29, 39927.55, 6388.41, 78, 296),
(297, '2025-05-12', '2025-06-25', 'Especificaciones OC 297', 115.28, 9798.8, 1567.81, 182, 297),
(298, '2025-03-10', '2025-06-20', 'Especificaciones OC 298', 416.97, 27520.02, 4403.2, 66, 298),
(299, '2025-06-19', '2025-08-11', 'Especificaciones OC 299', 208.11, 9364.95, 1498.39, 192, 299),
(300, '2025-04-14', '2025-05-23', 'Especificaciones OC 300', 459.65, 32635.15, 5221.62, 190, 300),
(301, '2025-06-15', '2025-03-24', 'Especificaciones OC 301', 169.25, 9647.25, 1543.56, 81, 301),
(302, '2025-04-18', '2025-02-22', 'Especificaciones OC 302', 180.76, 4699.76, 751.96, 26, 302),
(303, '2025-05-23', '2025-08-16', 'Especificaciones OC 303', 474.43, 28465.8, 4554.53, 2, 303),
(304, '2025-03-21', '2025-05-27', 'Especificaciones OC 304', 117.4, 2935, 469.6, 119, 304),
(305, '2025-08-23', '2025-05-18', 'Especificaciones OC 305', 219.38, 8775.2, 1404.03, 29, 305),
(306, '2025-02-17', '2025-01-25', 'Especificaciones OC 306', 465.73, 19560.66, 3129.71, 26, 306),
(307, '2025-05-14', '2025-07-13', 'Especificaciones OC 307', 246.8, 9131.6, 1461.06, 52, 307),
(308, '2025-06-20', '2025-07-18', 'Especificaciones OC 308', 458.19, 35280.63, 5644.9, 192, 308),
(309, '2025-04-17', '2025-08-25', 'Especificaciones OC 309', 349.42, 6988.4, 1118.14, 78, 309),
(310, '2025-08-27', '2025-03-15', 'Especificaciones OC 310', 414.13, 21948.89, 3511.82, 52, 310),
(311, '2025-04-19', '2025-02-21', 'Especificaciones OC 311', 99.53, 6568.98, 1051.04, 124, 311),
(312, '2025-08-25', '2025-03-22', 'Especificaciones OC 312', 157.83, 14520.36, 2323.26, 40, 312),
(313, '2025-04-18', '2025-07-27', 'Especificaciones OC 313', 38.92, 2880.08, 460.81, 165, 313),
(314, '2025-04-11', '2025-02-17', 'Especificaciones OC 314', 243.24, 9486.36, 1517.82, 76, 314),
(315, '2025-05-11', '2025-05-23', 'Especificaciones OC 315', 101.08, 1415.12, 226.42, 139, 315),
(316, '2025-02-15', '2025-04-10', 'Especificaciones OC 316', 320.51, 6730.71, 1076.91, 39, 316),
(317, '2025-01-26', '2025-01-24', 'Especificaciones OC 317', 270.73, 23012.05, 3681.93, 70, 317),
(318, '2025-06-25', '2025-01-14', 'Especificaciones OC 318', 259.26, 23074.14, 3691.86, 37, 318),
(319, '2025-02-15', '2025-01-26', 'Especificaciones OC 319', 35.66, 2710.16, 433.63, 127, 319),
(320, '2025-08-25', '2025-01-20', 'Especificaciones OC 320', 291.31, 6117.51, 978.8, 186, 320),
(321, '2025-04-25', '2025-07-17', 'Especificaciones OC 321', 237.18, 9250.02, 1480, 96, 321),
(322, '2025-02-25', '2025-01-14', 'Especificaciones OC 322', 379.46, 19352.46, 3096.39, 144, 322),
(323, '2025-05-19', '2025-03-27', 'Especificaciones OC 323', 349.39, 19915.23, 3186.44, 132, 323),
(324, '2025-06-10', '2025-04-11', 'Especificaciones OC 324', 350.85, 5262.75, 842.04, 131, 324),
(325, '2025-08-19', '2025-07-16', 'Especificaciones OC 325', 89.53, 1432.48, 229.2, 173, 325),
(326, '2025-01-18', '2025-05-21', 'Especificaciones OC 326', 131.69, 4082.39, 653.18, 101, 326),
(327, '2025-02-14', '2025-07-18', 'Especificaciones OC 327', 89.89, 7281.09, 1164.97, 50, 327),
(328, '2025-05-17', '2025-05-26', 'Especificaciones OC 328', 329.46, 13178.4, 2108.54, 143, 328),
(329, '2025-06-14', '2025-06-13', 'Especificaciones OC 329', 400.08, 20004, 3200.64, 176, 329),
(330, '2025-04-21', '2025-02-24', 'Especificaciones OC 330', 456.75, 35169.75, 5627.16, 186, 330),
(331, '2025-08-22', '2025-04-15', 'Especificaciones OC 331', 78.02, 1872.48, 299.6, 147, 331),
(332, '2025-01-21', '2025-04-25', 'Especificaciones OC 332', 101.65, 5082.5, 813.2, 91, 332),
(333, '2025-03-20', '2025-01-21', 'Especificaciones OC 333', 208.85, 13992.95, 2238.87, 155, 333),
(334, '2025-02-23', '2025-08-19', 'Especificaciones OC 334', 18.65, 279.75, 44.76, 133, 334),
(335, '2025-05-24', '2025-05-11', 'Especificaciones OC 335', 493.91, 33091.97, 5294.72, 163, 335),
(336, '2025-08-18', '2025-04-10', 'Especificaciones OC 336', 57.79, 4334.25, 693.48, 109, 336),
(337, '2025-05-19', '2025-02-12', 'Especificaciones OC 337', 443.95, 14206.4, 2273.02, 47, 337),
(338, '2025-08-20', '2025-02-12', 'Especificaciones OC 338', 115.35, 7728.45, 1236.55, 139, 338),
(339, '2025-06-21', '2025-04-13', 'Especificaciones OC 339', 487.28, 41418.8, 6627.01, 107, 339),
(340, '2025-08-11', '2025-04-27', 'Especificaciones OC 340', 179.96, 16736.28, 2677.8, 15, 340),
(341, '2025-07-27', '2025-04-27', 'Especificaciones OC 341', 47.3, 614.9, 98.38, 75, 341),
(342, '2025-08-25', '2025-01-17', 'Especificaciones OC 342', 392.06, 14506.22, 2321, 57, 342),
(343, '2025-04-17', '2025-06-15', 'Especificaciones OC 343', 128.27, 1667.51, 266.8, 197, 343),
(344, '2025-02-10', '2025-01-15', 'Especificaciones OC 344', 273.82, 18893.58, 3022.97, 22, 344),
(345, '2025-06-17', '2025-08-22', 'Especificaciones OC 345', 231.57, 6483.96, 1037.43, 39, 345),
(346, '2025-06-23', '2025-06-17', 'Especificaciones OC 346', 297.13, 23770.4, 3803.26, 83, 346),
(347, '2025-06-27', '2025-08-25', 'Especificaciones OC 347', 141.23, 9744.87, 1559.18, 11, 347),
(348, '2025-03-16', '2025-08-10', 'Especificaciones OC 348', 457.37, 35674.86, 5707.98, 183, 348),
(349, '2025-06-23', '2025-08-11', 'Especificaciones OC 349', 388.14, 20959.56, 3353.53, 161, 349),
(350, '2025-08-19', '2025-08-23', 'Especificaciones OC 350', 197.17, 5915.1, 946.42, 30, 350),
(351, '2025-08-24', '2025-03-20', 'Especificaciones OC 351', 311.23, 30811.77, 4929.88, 174, 351),
(352, '2025-07-22', '2025-04-10', 'Especificaciones OC 352', 48.09, 2933.49, 469.36, 140, 352),
(353, '2025-01-27', '2025-08-27', 'Especificaciones OC 353', 286.35, 15176.55, 2428.25, 56, 353),
(354, '2025-07-12', '2025-06-26', 'Especificaciones OC 354', 17.11, 1129.26, 180.68, 142, 354),
(355, '2025-05-10', '2025-07-20', 'Especificaciones OC 355', 315.26, 16078.26, 2572.52, 108, 355),
(356, '2025-04-12', '2025-04-17', 'Especificaciones OC 356', 285.03, 8265.87, 1322.54, 191, 356),
(357, '2025-06-10', '2025-02-21', 'Especificaciones OC 357', 365.95, 9148.75, 1463.8, 135, 357),
(358, '2025-02-21', '2025-06-24', 'Especificaciones OC 358', 25.81, 1445.36, 231.26, 56, 358),
(359, '2025-04-10', '2025-08-22', 'Especificaciones OC 359', 188.04, 15983.4, 2557.34, 36, 359),
(360, '2025-08-19', '2025-07-10', 'Especificaciones OC 360', 373.94, 7104.86, 1136.78, 165, 360),
(361, '2025-01-17', '2025-01-11', 'Especificaciones OC 361', 104.7, 2198.7, 351.79, 129, 361),
(362, '2025-06-10', '2025-08-18', 'Especificaciones OC 362', 352.03, 14785.26, 2365.64, 118, 362),
(363, '2025-01-11', '2025-07-12', 'Especificaciones OC 363', 248.09, 9427.42, 1508.39, 46, 363),
(364, '2025-06-12', '2025-08-14', 'Especificaciones OC 364', 95.81, 4407.26, 705.16, 80, 364),
(365, '2025-07-17', '2025-08-22', 'Especificaciones OC 365', 391.12, 22684.96, 3629.59, 195, 365),
(366, '2025-02-17', '2025-01-14', 'Especificaciones OC 366', 400.44, 12413.64, 1986.18, 168, 366),
(367, '2025-02-17', '2025-03-26', 'Especificaciones OC 367', 315.93, 5054.88, 808.78, 110, 367),
(368, '2025-08-19', '2025-02-16', 'Especificaciones OC 368', 116.92, 2455.32, 392.85, 184, 368),
(369, '2025-02-17', '2025-07-19', 'Especificaciones OC 369', 461.76, 19393.92, 3103.03, 154, 369),
(370, '2025-03-25', '2025-05-26', 'Especificaciones OC 370', 440.88, 25130.16, 4020.83, 96, 370),
(371, '2025-07-27', '2025-03-20', 'Especificaciones OC 371', 240.64, 22620.16, 3619.23, 21, 371),
(372, '2025-02-16', '2025-05-26', 'Especificaciones OC 372', 64.59, 6200.64, 992.1, 22, 372),
(373, '2025-01-16', '2025-06-15', 'Especificaciones OC 373', 337.18, 33380.82, 5340.93, 170, 373),
(374, '2025-07-11', '2025-07-14', 'Especificaciones OC 374', 312.06, 14042.7, 2246.83, 17, 374),
(375, '2025-01-16', '2025-04-21', 'Especificaciones OC 375', 345.08, 6556.52, 1049.04, 137, 375),
(376, '2025-08-24', '2025-03-27', 'Especificaciones OC 376', 427.85, 34228, 5476.48, 131, 376),
(377, '2025-08-22', '2025-03-17', 'Especificaciones OC 377', 393.12, 27911.52, 4465.84, 184, 377),
(378, '2025-05-12', '2025-01-26', 'Especificaciones OC 378', 336.84, 24926.16, 3988.19, 60, 378),
(379, '2025-08-12', '2025-08-27', 'Especificaciones OC 379', 63.48, 5649.72, 903.96, 12, 379),
(380, '2025-07-14', '2025-07-18', 'Especificaciones OC 380', 197.07, 15371.46, 2459.43, 182, 380),
(381, '2025-06-18', '2025-04-23', 'Especificaciones OC 381', 181.2, 5798.4, 927.74, 191, 381),
(382, '2025-01-13', '2025-08-19', 'Especificaciones OC 382', 96.57, 7725.6, 1236.1, 158, 382),
(383, '2025-03-18', '2025-08-20', 'Especificaciones OC 383', 474.93, 37994.4, 6079.1, 189, 383),
(384, '2025-02-24', '2025-07-15', 'Especificaciones OC 384', 499.04, 38925.12, 6228.02, 93, 384),
(385, '2025-01-18', '2025-08-20', 'Especificaciones OC 385', 475.3, 40875.8, 6540.13, 32, 385),
(386, '2025-05-21', '2025-04-18', 'Especificaciones OC 386', 203.71, 8963.24, 1434.12, 138, 386),
(387, '2025-04-17', '2025-06-12', 'Especificaciones OC 387', 289.88, 13914.24, 2226.28, 49, 387),
(388, '2025-05-27', '2025-05-14', 'Especificaciones OC 388', 359.61, 5394.15, 863.06, 77, 388),
(389, '2025-06-26', '2025-04-20', 'Especificaciones OC 389', 288.87, 25998.3, 4159.73, 129, 389),
(390, '2025-04-18', '2025-02-26', 'Especificaciones OC 390', 40.21, 1970.29, 315.25, 9, 390),
(391, '2025-08-14', '2025-03-18', 'Especificaciones OC 391', 70.37, 3448.13, 551.7, 26, 391),
(392, '2025-07-24', '2025-04-24', 'Especificaciones OC 392', 326.66, 6859.86, 1097.58, 106, 392),
(393, '2025-06-23', '2025-08-22', 'Especificaciones OC 393', 206.74, 10130.26, 1620.84, 63, 393),
(394, '2025-07-12', '2025-04-23', 'Especificaciones OC 394', 363.7, 7274, 1163.84, 97, 394),
(395, '2025-02-17', '2025-06-27', 'Especificaciones OC 395', 451.83, 15362.22, 2457.96, 41, 395),
(396, '2025-01-19', '2025-03-16', 'Especificaciones OC 396', 204.37, 19823.89, 3171.82, 162, 396),
(397, '2025-04-27', '2025-02-15', 'Especificaciones OC 397', 241.86, 5079.06, 812.65, 102, 397),
(398, '2025-01-12', '2025-04-15', 'Especificaciones OC 398', 341.91, 4102.92, 656.47, 147, 398),
(399, '2025-03-15', '2025-03-15', 'Especificaciones OC 399', 404.32, 19003.04, 3040.49, 17, 399),
(400, '2025-06-16', '2025-01-21', 'Especificaciones OC 400', 390.89, 10163.14, 1626.1, 72, 400);

-- COMISION VENTA (10)
INSERT INTO ComisionVenta (idComisionVenta, montoComision, fecha, OrdenCompra_idOrdenCompra) VALUES
(1, 71.85, '2025-04-15', 160),
(2, 19.02, '2025-04-21', 44),
(3, 56.49, '2025-02-15', 99),
(4, 42.68, '2025-03-21', 323),
(5, 16.45, '2025-04-12', 368),
(6, 90.24, '2025-02-26', 295),
(7, 80.53, '2025-06-17', 54),
(8, 41.58, '2025-01-17', 36),
(9, 91.54, '2025-08-23', 395),
(10, 91.42, '2025-01-27', 118);

-- MANIFIESTO CARGA (10)
INSERT INTO ManifiestoCarga (idManifiestoCarga, cantidadPaletas, cantidadCajasMaster, OrdenCompra_idOrdenCompra, Transporte_idTransporte) VALUES
(1, 8, 317, 74, 3),
(2, 11, 435, 386, 4),
(3, 5, 240, 182, 8),
(4, 2, 73, 155, 5),
(5, 13, 488, 44, 5),
(6, 10, 165, 62, 3),
(7, 13, 268, 337, 4),
(8, 19, 460, 44, 7),
(9, 2, 450, 314, 6),
(10, 6, 209, 288, 2);

-- ASIGNACION META (10)
INSERT INTO AsignacionMeta (idAsignacionMeta, metaCumplida, MetaMensual_idMetaMensual, Empleado_idEmpleado, ComisionVenta_idComisionVenta) VALUES
(1, 'N', 2, 19, 5),
(2, 'N', 8, 19, 6),
(3, 'Y', 3, 17, 8),
(4, 'N', 5, 14, 3),
(5, 'N', 5, 16, 6),
(6, 'Y', 3, 1, 9),
(7, 'N', 9, 5, 9),
(8, 'N', 3, 6, 8),
(9, 'Y', 1, 13, 1),
(10, 'N', 2, 4, 8);

-- COMPRA (400 registros B2C)
INSERT INTO Compra (idCompra, fechaHora, numeroCompra, totalPagar, subTotal, ClienteNatural_idClienteNatural, TipoUbicacionStock_idTipoUbicacionStock) VALUES
(1, '2025-01-11 10:', 100001, 567.46, 489.19, 77, 1),
(2, '2025-05-24 20:', 100002, 321.77, 277.39, 8, 4),
(3, '2025-06-19 7:', 100003, 283.01, 243.97, 191, 2),
(4, '2025-02-24 4:', 100004, 444.73, 383.39, 5, 5),
(5, '2025-02-25 18:', 100005, 472.39, 407.23, 121, 3),
(6, '2025-01-12 7:', 100006, 264.82, 228.29, 32, 4),
(7, '2025-02-18 8:', 100007, 280.87, 242.13, 83, 1),
(8, '2025-07-14 2:', 100008, 485, 418.1, 11, 8),
(9, '2025-08-25 7:', 100009, 411.59, 354.82, 164, 4),
(10, '2025-04-12 10:', 100010, 473.59, 408.27, 179, 3),
(11, '2025-02-12 18:', 100011, 405.27, 349.37, 166, 3),
(12, '2025-04-20 0:', 100012, 113.67, 97.99, 52, 2),
(13, '2025-04-24 7:', 100013, 223.39, 192.58, 162, 6),
(14, '2025-08-13 21:', 100014, 101.62, 87.6, 150, 5),
(15, '2025-07-18 11:', 100015, 427.81, 368.8, 36, 2),
(16, '2025-07-15 20:', 100016, 478.58, 412.57, 23, 8),
(17, '2025-06-11 18:', 100017, 379.67, 327.3, 19, 8),
(18, '2025-07-24 17:', 100018, 137.37, 118.42, 122, 4),
(19, '2025-06-24 20:', 100019, 25.1, 21.64, 64, 7),
(20, '2025-08-16 2:', 100020, 448.98, 387.05, 76, 3),
(21, '2025-02-19 11:', 100021, 70.96, 61.17, 108, 6),
(22, '2025-01-25 20:', 100022, 469.07, 404.37, 81, 2),
(23, '2025-08-12 12:', 100023, 330.74, 285.12, 105, 6),
(24, '2025-07-25 22:', 100024, 75.88, 65.41, 162, 8),
(25, '2025-08-12 4:', 100025, 30.31, 26.13, 127, 8),
(26, '2025-01-22 3:', 100026, 61.31, 52.85, 56, 2),
(27, '2025-01-17 12:', 100027, 106.87, 92.13, 133, 6),
(28, '2025-02-18 9:', 100028, 49.43, 42.61, 153, 5),
(29, '2025-01-10 9:', 100029, 103.33, 89.08, 6, 1),
(30, '2025-03-14 13:', 100030, 572.66, 493.67, 187, 7),
(31, '2025-08-11 21:', 100031, 504.4, 434.83, 44, 7),
(32, '2025-02-25 8:', 100032, 490.85, 423.15, 50, 4),
(33, '2025-03-14 7:', 100033, 272.09, 234.56, 78, 7),
(34, '2025-08-23 21:', 100034, 87.6, 75.52, 160, 6),
(35, '2025-04-23 16:', 100035, 279.21, 240.7, 147, 2),
(36, '2025-04-10 18:', 100036, 435.67, 375.58, 111, 8),
(37, '2025-07-23 22:', 100037, 356.14, 307.02, 114, 7),
(38, '2025-02-13 11:', 100038, 448.18, 386.36, 149, 2),
(39, '2025-02-14 4:', 100039, 310.71, 267.85, 149, 3),
(40, '2025-08-17 3:', 100040, 161.46, 139.19, 192, 4),
(41, '2025-02-15 16:', 100041, 28.32, 24.41, 26, 7),
(42, '2025-07-19 10:', 100042, 185.04, 159.52, 73, 8),
(43, '2025-02-17 18:', 100043, 351.89, 303.35, 191, 7),
(44, '2025-03-23 10:', 100044, 232.1, 200.09, 186, 4),
(45, '2025-03-15 7:', 100045, 197.77, 170.49, 125, 2),
(46, '2025-08-15 17:', 100046, 18.93, 16.32, 100, 8),
(47, '2025-02-10 0:', 100047, 306.59, 264.3, 130, 1),
(48, '2025-04-27 6:', 100048, 72.09, 62.15, 6, 5),
(49, '2025-06-16 5:', 100049, 511.37, 440.84, 179, 7),
(50, '2025-01-16 8:', 100050, 435.84, 375.72, 167, 2),
(51, '2025-03-10 11:', 100051, 520.76, 448.93, 129, 5),
(52, '2025-03-25 0:', 100052, 86.87, 74.89, 24, 4),
(53, '2025-02-27 11:', 100053, 278.32, 239.93, 36, 5),
(54, '2025-07-10 11:', 100054, 395.11, 340.61, 178, 8),
(55, '2025-01-22 8:', 100055, 312.71, 269.58, 183, 2),
(56, '2025-05-24 1:', 100056, 123.63, 106.58, 150, 2),
(57, '2025-08-19 4:', 100057, 562, 484.48, 148, 6),
(58, '2025-02-15 12:', 100058, 529.76, 456.69, 44, 4),
(59, '2025-02-24 21:', 100059, 104.75, 90.3, 61, 7),
(60, '2025-03-15 10:', 100060, 494.02, 425.88, 170, 7),
(61, '2025-03-25 18:', 100061, 486.07, 419.03, 46, 5),
(62, '2025-05-14 18:', 100062, 457.88, 394.72, 125, 8),
(63, '2025-04-17 15:', 100063, 372.93, 321.49, 96, 3),
(64, '2025-05-10 15:', 100064, 156.23, 134.68, 96, 6),
(65, '2025-07-20 1:', 100065, 131.31, 113.2, 13, 8),
(66, '2025-08-22 12:', 100066, 145.22, 125.19, 181, 4),
(67, '2025-06-22 9:', 100067, 546.86, 471.43, 173, 3),
(68, '2025-07-26 18:', 100068, 131.9, 113.71, 46, 7),
(69, '2025-01-14 0:', 100069, 245.53, 211.66, 174, 1),
(70, '2025-08-11 11:', 100070, 479.18, 413.09, 151, 3),
(71, '2025-02-14 4:', 100071, 17.69, 15.25, 32, 4),
(72, '2025-07-26 16:', 100072, 491.33, 423.56, 184, 5),
(73, '2025-08-11 7:', 100073, 191.12, 164.76, 108, 1),
(74, '2025-07-26 15:', 100074, 65.25, 56.25, 92, 1),
(75, '2025-01-20 13:', 100075, 152.08, 131.1, 194, 6),
(76, '2025-01-14 19:', 100076, 268.06, 231.09, 94, 6),
(77, '2025-02-22 19:', 100077, 66.5, 57.33, 80, 1),
(78, '2025-07-12 10:', 100078, 545.92, 470.62, 13, 4),
(79, '2025-06-27 8:', 100079, 475.07, 409.54, 155, 5),
(80, '2025-07-24 22:', 100080, 291.45, 251.25, 149, 6),
(81, '2025-05-26 21:', 100081, 49.73, 42.87, 123, 8),
(82, '2025-01-20 10:', 100082, 310.94, 268.05, 160, 6),
(83, '2025-02-20 2:', 100083, 546.81, 471.39, 126, 1),
(84, '2025-03-19 21:', 100084, 219.04, 188.83, 133, 1),
(85, '2025-05-11 9:', 100085, 543.78, 468.78, 158, 4),
(86, '2025-01-23 1:', 100086, 279.69, 241.11, 36, 4),
(87, '2025-08-21 17:', 100087, 201.45, 173.66, 126, 6),
(88, '2025-06-19 12:', 100088, 526.32, 453.72, 39, 8),
(89, '2025-04-13 6:', 100089, 154.8, 133.45, 85, 2),
(90, '2025-04-17 2:', 100090, 61.18, 52.74, 156, 6),
(91, '2025-07-26 21:', 100091, 53.88, 46.45, 30, 5),
(92, '2025-01-25 4:', 100092, 524.08, 451.79, 185, 3),
(93, '2025-03-10 16:', 100093, 64.35, 55.47, 90, 6),
(94, '2025-02-12 5:', 100094, 569.2, 490.69, 141, 5),
(95, '2025-04-27 12:', 100095, 13.51, 11.65, 119, 3),
(96, '2025-03-12 1:', 100096, 156.5, 134.91, 11, 5),
(97, '2025-01-26 19:', 100097, 561.25, 483.84, 198, 8),
(98, '2025-05-21 4:', 100098, 264.62, 228.12, 127, 8),
(99, '2025-02-26 12:', 100099, 525.55, 453.06, 148, 1),
(100, '2025-06-19 3:', 100100, 374.81, 323.11, 67, 1),
(101, '2025-02-10 11:', 100101, 206.35, 177.89, 23, 6),
(102, '2025-03-19 6:', 100102, 263.33, 227.01, 28, 4),
(103, '2025-07-24 9:', 100103, 574.72, 495.45, 127, 3),
(104, '2025-03-10 15:', 100104, 277.11, 238.89, 70, 3),
(105, '2025-04-17 8:', 100105, 395, 340.52, 197, 2),
(106, '2025-06-16 17:', 100106, 359.60, 310, 129, 1),
(107, '2025-03-17 4:', 100107, 350.42, 302.09, 110, 5),
(108, '2025-01-21 4:', 100108, 120.48, 103.86, 171, 8),
(109, '2025-07-22 17:', 100109, 147.7, 127.33, 40, 2),
(110, '2025-06-25 8:', 100110, 522.78, 450.67, 122, 1),
(111, '2025-07-20 20:', 100111, 304.36, 262.38, 130, 4),
(112, '2025-08-25 15:', 100112, 338.23, 291.58, 16, 4),
(113, '2025-02-23 9:', 100113, 568.03, 489.68, 173, 1),
(114, '2025-04-12 20:', 100114, 557.7, 480.78, 140, 1),
(115, '2025-01-11 22:', 100115, 100.64, 86.76, 138, 8),
(116, '2025-03-25 7:', 100116, 488.87, 421.44, 68, 8),
(117, '2025-05-26 3:', 100117, 14.08, 12.14, 104, 6),
(118, '2025-04-16 12:', 100118, 402.04, 346.59, 54, 1),
(119, '2025-07-14 7:', 100119, 102.31, 88.2, 51, 8),
(120, '2025-05-15 8:', 100120, 60.27, 51.96, 85, 3),
(121, '2025-08-21 8:', 100121, 317.86, 274.02, 83, 5),
(122, '2025-08-14 21:', 100122, 549.39, 473.61, 60, 7),
(123, '2025-03-15 4:', 100123, 482.68, 416.1, 76, 7),
(124, '2025-03-26 6:', 100124, 509.18, 438.95, 87, 3),
(125, '2025-05-21 7:', 100125, 491.36, 423.59, 195, 1),
(126, '2025-06-12 21:', 100126, 97.73, 84.25, 9, 5),
(127, '2025-04-17 11:', 100127, 427.92, 368.9, 39, 1),
(128, '2025-08-17 7:', 100128, 30.43, 26.23, 22, 7),
(129, '2025-04-13 4:', 100129, 239.55, 206.51, 198, 1),
(130, '2025-08-15 10:', 100130, 256.65, 221.25, 143, 8),
(131, '2025-05-27 4:', 100131, 296.59, 255.68, 48, 7),
(132, '2025-05-27 12:', 100132, 480.44, 414.17, 180, 6),
(133, '2025-05-13 20:', 100133, 95.86, 82.64, 129, 5),
(134, '2025-06-11 0:', 100134, 55.19, 47.58, 35, 3),
(135, '2025-02-17 0:', 100135, 221.03, 190.54, 130, 3),
(136, '2025-05-20 11:', 100136, 353.95, 305.13, 125, 3),
(137, '2025-07-27 9:', 100137, 126.02, 108.64, 4, 3),
(138, '2025-03-21 14:', 100138, 256.31, 220.96, 196, 7),
(139, '2025-06-11 12:', 100139, 190.98, 164.64, 140, 4),
(140, '2025-04-15 1:', 100140, 568.01, 489.66, 5, 1),
(141, '2025-04-17 13:', 100141, 576.14, 496.67, 101, 7),
(142, '2025-08-19 0:', 100142, 368, 317.24, 197, 5),
(143, '2025-07-11 8:', 100143, 413.11, 356.13, 94, 3),
(144, '2025-04-20 6:', 100144, 37.25, 32.11, 105, 3),
(145, '2025-08-24 22:', 100145, 280.49, 241.8, 70, 4),
(146, '2025-06-15 21:', 100146, 416.49, 359.04, 106, 8),
(147, '2025-04-10 17:', 100147, 24.09, 20.77, 69, 6),
(148, '2025-07-26 2:', 100148, 205.93, 177.53, 142, 3),
(149, '2025-02-16 0:', 100149, 272.14, 234.6, 143, 2),
(150, '2025-07-15 6:', 100150, 545.86, 470.57, 48, 3),
(151, '2025-07-14 14:', 100151, 431.62, 372.09, 163, 8),
(152, '2025-06-18 1:', 100152, 430.02, 370.71, 133, 4),
(153, '2025-01-10 4:', 100153, 567.48, 489.21, 8, 5),
(154, '2025-05-19 5:', 100154, 128.6, 110.86, 74, 5),
(155, '2025-08-20 14:', 100155, 536.28, 462.31, 48, 3),
(156, '2025-05-24 11:', 100156, 575.51, 496.13, 108, 3),
(157, '2025-06-20 10:', 100157, 351.96, 303.41, 26, 6),
(158, '2025-02-24 14:', 100158, 492.81, 424.84, 91, 2),
(159, '2025-08-18 21:', 100159, 407.48, 351.28, 85, 1),
(160, '2025-06-12 15:', 100160, 484.95, 418.06, 32, 4),
(161, '2025-04-20 18:', 100161, 396.99, 342.23, 155, 4),
(162, '2025-08-12 15:', 100162, 117.9, 101.64, 155, 2),
(163, '2025-02-25 16:', 100163, 579.85, 499.87, 198, 2),
(164, '2025-05-25 6:', 100164, 358.99, 309.47, 52, 8),
(165, '2025-03-14 3:', 100165, 577.47, 497.82, 125, 1),
(166, '2025-08-14 5:', 100166, 348.39, 300.34, 81, 4),
(167, '2025-05-15 11:', 100167, 539.81, 465.35, 178, 4),
(168, '2025-07-19 17:', 100168, 295.73, 254.94, 136, 1),
(169, '2025-08-27 7:', 100169, 442.09, 381.11, 194, 5),
(170, '2025-08-20 7:', 100170, 46.75, 40.3, 41, 1),
(171, '2025-05-24 5:', 100171, 33.81, 29.15, 71, 4),
(172, '2025-05-23 18:', 100172, 326.37, 281.35, 25, 8),
(173, '2025-07-18 5:', 100173, 560.86, 483.5, 151, 7),
(174, '2025-06-24 2:', 100174, 86.27, 74.37, 159, 2),
(175, '2025-05-15 8:', 100175, 185.63, 160.03, 181, 1),
(176, '2025-08-27 8:', 100176, 281.38, 242.57, 139, 5),
(177, '2025-08-13 16:', 100177, 27.71, 23.89, 165, 4),
(178, '2025-05-10 9:', 100178, 518.88, 447.31, 142, 2),
(179, '2025-01-17 6:', 100179, 487.73, 420.46, 83, 6),
(180, '2025-02-18 1:', 100180, 540.87, 466.27, 182, 6),
(181, '2025-03-12 13:', 100181, 426.27, 367.47, 169, 3),
(182, '2025-05-12 18:', 100182, 43.58, 37.57, 98, 5),
(183, '2025-01-21 13:', 100183, 81.65, 70.39, 86, 1),
(184, '2025-02-27 20:', 100184, 95.73, 82.53, 69, 6),
(185, '2025-03-11 0:', 100185, 374.13, 322.53, 57, 3),
(186, '2025-07-13 14:', 100186, 219.73, 189.42, 42, 5),
(187, '2025-02-22 3:', 100187, 365.75, 315.3, 194, 8),
(188, '2025-02-24 14:', 100188, 63.64, 54.86, 61, 4),
(189, '2025-08-18 9:', 100189, 497.44, 428.83, 79, 4),
(190, '2025-05-27 1:', 100190, 104.16, 89.79, 158, 1),
(191, '2025-03-20 5:', 100191, 331.61, 285.87, 46, 4),
(192, '2025-06-23 12:', 100192, 294.9, 254.22, 53, 2),
(193, '2025-01-10 2:', 100193, 153.07, 131.96, 16, 5),
(194, '2025-07-12 22:', 100194, 125.58, 108.26, 36, 8),
(195, '2025-05-25 3:', 100195, 443.72, 382.52, 75, 3),
(196, '2025-08-27 7:', 100196, 190.3, 164.05, 141, 3),
(197, '2025-02-10 2:', 100197, 194.36, 167.55, 29, 6),
(198, '2025-03-22 20:', 100198, 446, 384.48, 15, 8),
(199, '2025-05-22 20:', 100199, 331.6, 285.86, 135, 6),
(200, '2025-04-20 8:', 100200, 438.93, 378.39, 60, 1),
(201, '2025-02-26 11:', 100201, 112.03, 96.58, 37, 2),
(202, '2025-08-14 14:', 100202, 298.61, 257.42, 59, 4),
(203, '2025-08-12 2:', 100203, 393.51, 339.23, 142, 7),
(204, '2025-01-16 6:', 100204, 253.85, 218.84, 33, 1),
(205, '2025-08-22 0:', 100205, 415.45, 358.15, 123, 7),
(206, '2025-08-25 19:', 100206, 342.93, 295.63, 36, 7),
(207, '2025-04-20 15:', 100207, 476.25, 410.56, 127, 4),
(208, '2025-02-14 11:', 100208, 101.84, 87.79, 27, 5),
(209, '2025-02-25 19:', 100209, 177.84, 153.31, 162, 4),
(210, '2025-07-20 10:', 100210, 122.65, 105.73, 194, 6),
(211, '2025-08-11 22:', 100211, 94.77, 81.7, 10, 4),
(212, '2025-07-23 1:', 100212, 181.85, 156.77, 145, 1),
(213, '2025-05-18 11:', 100213, 502.45, 433.15, 86, 4),
(214, '2025-07-27 17:', 100214, 34.67, 29.89, 172, 7),
(215, '2025-02-27 1:', 100215, 557.47, 480.58, 199, 5),
(216, '2025-06-21 18:', 100216, 131.76, 113.59, 75, 1),
(217, '2025-02-16 1:', 100217, 237.16, 204.45, 156, 8),
(218, '2025-03-24 18:', 100218, 320.38, 276.19, 125, 3),
(219, '2025-01-25 19:', 100219, 182.25, 157.11, 30, 7),
(220, '2025-02-20 5:', 100220, 257.15, 221.68, 95, 1),
(221, '2025-01-24 3:', 100221, 208.94, 180.12, 176, 1),
(222, '2025-06-17 21:', 100222, 451.76, 389.45, 106, 3),
(223, '2025-01-23 17:', 100223, 509, 438.79, 153, 2),
(224, '2025-04-16 14:', 100224, 254.02, 218.98, 68, 2),
(225, '2025-03-10 15:', 100225, 280.71, 241.99, 96, 2),
(226, '2025-03-18 17:', 100226, 145.14, 125.12, 197, 8),
(227, '2025-08-14 4:', 100227, 259.93, 224.08, 5, 6),
(228, '2025-07-24 1:', 100228, 276.29, 238.18, 21, 1),
(229, '2025-08-26 12:', 100229, 128.78, 111.02, 58, 2),
(230, '2025-08-16 6:', 100230, 84.74, 73.05, 116, 6),
(231, '2025-02-22 17:', 100231, 442.04, 381.07, 116, 5),
(232, '2025-06-10 11:', 100232, 22.01, 18.97, 124, 3),
(233, '2025-05-16 22:', 100233, 175.62, 151.4, 129, 8),
(234, '2025-06-26 3:', 100234, 32.5, 28.02, 13, 8),
(235, '2025-05-24 5:', 100235, 510.61, 440.18, 149, 3),
(236, '2025-04-27 19:', 100236, 66.35, 57.2, 132, 6),
(237, '2025-04-25 0:', 100237, 219.43, 189.16, 169, 8),
(238, '2025-08-22 17:', 100238, 362.91, 312.85, 11, 7),
(239, '2025-07-15 1:', 100239, 486.39, 419.3, 38, 2),
(240, '2025-05-16 11:', 100240, 200.88, 173.17, 37, 5),
(241, '2025-07-21 2:', 100241, 270.79, 233.44, 157, 3),
(242, '2025-04-25 20:', 100242, 171.08, 147.48, 69, 4),
(243, '2025-03-11 2:', 100243, 308.44, 265.9, 89, 4),
(244, '2025-05-24 19:', 100244, 16.37, 14.11, 151, 2),
(245, '2025-08-18 6:', 100245, 94.62, 81.57, 112, 8),
(246, '2025-04-19 13:', 100246, 296.25, 255.39, 63, 2),
(247, '2025-02-22 19:', 100247, 576.73, 497.18, 154, 3),
(248, '2025-02-17 15:', 100248, 466.22, 401.91, 115, 2),
(249, '2025-03-18 10:', 100249, 443.5, 382.33, 165, 3),
(250, '2025-01-10 9:', 100250, 209.77, 180.84, 8, 6),
(251, '2025-02-20 3:', 100251, 467.64, 403.14, 180, 4),
(252, '2025-02-21 19:', 100252, 268.69, 231.63, 63, 3),
(253, '2025-07-24 7:', 100253, 261.01, 225.01, 56, 6),
(254, '2025-04-11 13:', 100254, 319.92, 275.79, 139, 7),
(255, '2025-06-13 20:', 100255, 370.24, 319.17, 161, 6),
(256, '2025-08-26 5:', 100256, 447.18, 385.5, 198, 5),
(257, '2025-04-22 4:', 100257, 45.17, 38.94, 156, 4),
(258, '2025-01-26 21:', 100258, 442.82, 381.74, 27, 4),
(259, '2025-05-17 2:', 100259, 27.78, 23.95, 131, 5),
(260, '2025-03-15 12:', 100260, 320.95, 276.68, 149, 6),
(261, '2025-06-20 0:', 100261, 21.24, 18.31, 19, 1),
(262, '2025-02-16 12:', 100262, 126.24, 108.83, 64, 1),
(263, '2025-02-15 6:', 100263, 257.09, 221.63, 1, 2),
(264, '2025-07-11 12:', 100264, 173.85, 149.87, 112, 1),
(265, '2025-05-18 13:', 100265, 314.77, 271.35, 193, 1),
(266, '2025-04-11 21:', 100266, 578.77, 498.94, 133, 7),
(267, '2025-02-13 8:', 100267, 165.61, 142.77, 138, 8),
(268, '2025-08-11 19:', 100268, 357.08, 307.83, 33, 2),
(269, '2025-06-14 17:', 100269, 368.75, 317.89, 159, 8),
(270, '2025-08-20 4:', 100270, 85.57, 73.77, 124, 1),
(271, '2025-06-18 1:', 100271, 29.82, 25.71, 166, 4),
(272, '2025-07-12 18:', 100272, 551.38, 475.33, 83, 2),
(273, '2025-04-23 17:', 100273, 481.59, 415.16, 164, 3),
(274, '2025-06-23 17:', 100274, 478.98, 412.91, 101, 1),
(275, '2025-03-23 9:', 100275, 243.21, 209.66, 18, 5),
(276, '2025-04-24 0:', 100276, 215.59, 185.85, 182, 5),
(277, '2025-05-15 18:', 100277, 442.03, 381.06, 168, 8),
(278, '2025-04-18 7:', 100278, 303.46, 261.6, 31, 8),
(279, '2025-06-14 18:', 100279, 18.84, 16.24, 2, 3),
(280, '2025-01-25 12:', 100280, 473.37, 408.08, 46, 2),
(281, '2025-07-13 10:', 100281, 245.34, 211.5, 119, 1),
(282, '2025-08-13 9:', 100282, 405.35, 349.44, 60, 8),
(283, '2025-06-22 7:', 100283, 377.43, 325.37, 45, 6),
(284, '2025-07-25 4:', 100284, 441.24, 380.38, 95, 5),
(285, '2025-01-14 21:', 100285, 88.1, 75.95, 120, 4),
(286, '2025-08-24 20:', 100286, 240.98, 207.74, 18, 3),
(287, '2025-03-24 8:', 100287, 175.04, 150.9, 9, 3),
(288, '2025-08-21 2:', 100288, 259.18, 223.43, 125, 6),
(289, '2025-04-12 17:', 100289, 346.05, 298.32, 170, 2),
(290, '2025-07-11 14:', 100290, 48.26, 41.6, 196, 1),
(291, '2025-07-17 2:', 100291, 117.47, 101.27, 92, 7),
(292, '2025-07-19 17:', 100292, 502.07, 432.82, 140, 1),
(293, '2025-04-21 7:', 100293, 471.22, 406.22, 118, 2),
(294, '2025-05-20 19:', 100294, 72.42, 62.43, 107, 8),
(295, '2025-07-17 13:', 100295, 140.89, 121.46, 193, 6),
(296, '2025-05-11 17:', 100296, 116.97, 100.84, 70, 3),
(297, '2025-02-12 2:', 100297, 193.12, 166.48, 138, 7),
(298, '2025-01-20 18:', 100298, 281.42, 242.6, 34, 5),
(299, '2025-03-17 22:', 100299, 183.56, 158.24, 6, 1),
(300, '2025-04-17 7:', 100300, 177.84, 153.31, 185, 7),
(301, '2025-07-20 6:', 100301, 343.77, 296.35, 22, 5),
(302, '2025-08-23 8:', 100302, 40.46, 34.88, 111, 4),
(303, '2025-06-27 1:', 100303, 399.76, 344.62, 148, 5),
(304, '2025-01-10 9:', 100304, 81.17, 69.97, 156, 1),
(305, '2025-01-25 17:', 100305, 94.91, 81.82, 155, 1),
(306, '2025-08-24 21:', 100306, 98.66, 85.05, 12, 6),
(307, '2025-07-18 4:', 100307, 421.61, 363.46, 121, 4),
(308, '2025-01-26 20:', 100308, 86.27, 74.37, 28, 3),
(309, '2025-02-16 4:', 100309, 390.8, 336.9, 112, 7),
(310, '2025-06-15 1:', 100310, 44.18, 38.09, 148, 5),
(311, '2025-01-14 10:', 100311, 531.87, 458.51, 1, 2),
(312, '2025-06-15 1:', 100312, 352.12, 303.55, 53, 4),
(313, '2025-02-20 9:', 100313, 168.57, 145.32, 164, 6),
(314, '2025-04-19 11:', 100314, 137.03, 118.13, 137, 3),
(315, '2025-03-14 19:', 100315, 305.23, 263.13, 177, 1),
(316, '2025-01-27 8:', 100316, 219.6, 189.31, 116, 5),
(317, '2025-04-12 15:', 100317, 39.08, 33.69, 131, 7),
(318, '2025-01-11 5:', 100318, 361.02, 311.22, 157, 2),
(319, '2025-01-26 4:', 100319, 525.92, 453.38, 125, 1),
(320, '2025-06-26 6:', 100320, 110.29, 95.08, 111, 7),
(321, '2025-06-22 8:', 100321, 113.59, 97.92, 5, 6),
(322, '2025-01-24 6:', 100322, 530.24, 457.1, 40, 3),
(323, '2025-03-22 8:', 100323, 181.62, 156.57, 104, 1),
(324, '2025-02-24 8:', 100324, 479.86, 413.67, 131, 5),
(325, '2025-08-11 10:', 100325, 475.33, 409.77, 12, 2),
(326, '2025-04-20 10:', 100326, 48.5, 41.81, 61, 4),
(327, '2025-04-15 10:', 100327, 383.58, 330.67, 27, 4),
(328, '2025-06-17 5:', 100328, 576.14, 496.67, 6, 3),
(329, '2025-01-19 8:', 100329, 511.93, 441.32, 49, 5),
(330, '2025-08-14 22:', 100330, 452.38, 389.98, 91, 6),
(331, '2025-07-21 15:', 100331, 266.7, 229.91, 7, 4),
(332, '2025-04-18 9:', 100332, 312.07, 269.03, 108, 4),
(333, '2025-04-22 14:', 100333, 287.48, 247.83, 130, 2),
(334, '2025-05-26 20:', 100334, 363.36, 313.24, 26, 2),
(335, '2025-04-14 8:', 100335, 159.65, 137.63, 41, 2),
(336, '2025-07-18 0:', 100336, 517.1, 445.78, 55, 7),
(337, '2025-08-27 17:', 100337, 242.08, 208.69, 168, 7),
(338, '2025-05-27 2:', 100338, 460.61, 397.08, 149, 1),
(339, '2025-02-10 12:', 100339, 454.57, 391.87, 185, 2),
(340, '2025-02-12 20:', 100340, 172.92, 149.07, 78, 1),
(341, '2025-04-17 14:', 100341, 245.27, 211.44, 25, 7),
(342, '2025-05-15 7:', 100342, 26.97, 23.25, 169, 5),
(343, '2025-05-16 4:', 100343, 214.3, 184.74, 65, 7),
(344, '2025-05-26 6:', 100344, 576.01, 496.56, 70, 6),
(345, '2025-08-11 1:', 100345, 58.03, 50.03, 66, 5),
(346, '2025-01-15 14:', 100346, 42.48, 36.62, 194, 8),
(347, '2025-04-27 12:', 100347, 478.29, 412.32, 16, 3),
(348, '2025-01-15 18:', 100348, 550.97, 474.97, 25, 1),
(349, '2025-03-22 11:', 100349, 466.09, 401.8, 85, 4),
(350, '2025-01-21 16:', 100350, 259.33, 223.56, 69, 6),
(351, '2025-03-16 6:', 100351, 105.4, 90.86, 61, 8),
(352, '2025-03-13 11:', 100352, 508.05, 437.97, 170, 8),
(353, '2025-07-24 9:', 100353, 253.37, 218.42, 80, 5),
(354, '2025-08-21 21:', 100354, 90.9, 78.36, 159, 4),
(355, '2025-03-26 12:', 100355, 444.29, 383.01, 89, 4),
(356, '2025-04-23 11:', 100356, 247.76, 213.59, 21, 6),
(357, '2025-01-12 9:', 100357, 396.89, 342.15, 53, 5),
(358, '2025-08-10 2:', 100358, 371.23, 320.03, 166, 7),
(359, '2025-06-27 3:', 100359, 24.68, 21.28, 185, 1),
(360, '2025-08-12 7:', 100360, 341.82, 294.67, 67, 1),
(361, '2025-01-20 13:', 100361, 465.81, 401.56, 32, 4),
(362, '2025-05-22 6:', 100362, 78.54, 67.71, 96, 3),
(363, '2025-01-22 19:', 100363, 193.53, 166.84, 1, 2),
(364, '2025-06-25 19:', 100364, 95.97, 82.73, 105, 7),
(365, '2025-01-23 7:', 100365, 243.17, 209.63, 47, 8),
(366, '2025-04-20 0:', 100366, 39.74, 34.26, 138, 5),
(367, '2025-02-19 0:', 100367, 563.1, 485.43, 131, 2),
(368, '2025-05-26 6:', 100368, 116.92, 100.79, 71, 8),
(369, '2025-02-14 19:', 100369, 385.62, 332.43, 126, 5),
(370, '2025-01-11 3:', 100370, 213.31, 183.89, 112, 5),
(371, '2025-07-25 12:', 100371, 60.7, 52.33, 56, 3),
(372, '2025-01-16 19:', 100372, 249.85, 215.39, 92, 3),
(373, '2025-02-20 16:', 100373, 103.17, 88.94, 61, 2),
(374, '2025-03-12 1:', 100374, 381.07, 328.51, 154, 6),
(375, '2025-01-10 20:', 100375, 489.22, 421.74, 38, 8),
(376, '2025-04-21 9:', 100376, 119.61, 103.11, 15, 3),
(377, '2025-04-13 0:', 100377, 348.17, 300.15, 80, 5),
(378, '2025-08-25 19:', 100378, 261.96, 225.83, 59, 4),
(379, '2025-06-21 4:', 100379, 439.73, 379.08, 86, 6),
(380, '2025-08-14 20:', 100380, 556.66, 479.88, 4, 4),
(381, '2025-05-24 12:', 100381, 495.34, 427.02, 96, 1),
(382, '2025-05-10 3:', 100382, 286.93, 247.35, 27, 8),
(383, '2025-02-14 4:', 100383, 255.51, 220.27, 95, 2),
(384, '2025-05-21 22:', 100384, 71.37, 61.53, 132, 6),
(385, '2025-06-24 19:', 100385, 90.07, 77.65, 120, 1),
(386, '2025-08-19 1:', 100386, 230.38, 198.6, 193, 1),
(387, '2025-01-11 0:', 100387, 493.19, 425.16, 110, 5),
(388, '2025-01-17 3:', 100388, 548.51, 472.85, 65, 3),
(389, '2025-02-14 6:', 100389, 176.48, 152.14, 194, 7),
(390, '2025-08-10 10:', 100390, 345.33, 297.7, 36, 5),
(391, '2025-08-27 22:', 100391, 203.15, 175.13, 169, 4),
(392, '2025-04-11 17:', 100392, 363.37, 313.25, 65, 5),
(393, '2025-03-10 21:', 100393, 386.47, 333.16, 195, 7),
(394, '2025-05-23 16:', 100394, 277.62, 239.33, 145, 5),
(395, '2025-05-22 5:', 100395, 173.47, 149.54, 68, 3),
(396, '2025-02-18 2:', 100396, 195.95, 168.92, 114, 8),
(397, '2025-03-13 8:', 100397, 316.4, 272.76, 72, 1),
(398, '2025-05-15 3:', 100398, 311.62, 268.64, 13, 7),
(399, '2025-08-20 21:', 100399, 123.3, 106.29, 84, 1),
(400, '2025-05-20 4:', 100400, 359.97, 310.32, 171, 2);

-- DETALLE COMPRA JURIDICO (800 registros, 2 por OrdenCompra)
INSERT INTO DetalleCompraJuridico (idDetalleCompraJuridico, precioUnitario, cantidad, estado, Departamento_idDepartamento, OrdenCompra_idOrdenCompra, Caja_idCaja, BackOrder_idBackOrder) VALUES
(1, 162.63, 53, 2, 12, 1, 1, 11),
(2, 352.68, 56, 1, 1, 1, 1, 12),
(3, 399.3, 25, 2, 13, 2, 1, 13),
(4, 183.09, 30, 2, 13, 2, 1, 14),
(5, 181.37, 69, 2, 6, 3, 1, 15),
(6, 142.53, 61, 2, 9, 3, 1, 16),
(7, 410.02, 71, 2, 11, 4, 1, 17),
(8, 235.86, 7, 1, 6, 4, 1, 18),
(9, 409.92, 62, 1, 14, 5, 1, 19),
(10, 179.14, 47, 2, 10, 5, 1, 20),
(11, 75.54, 74, 1, 4, 6, 1, 21),
(12, 155.52, 51, 1, 8, 6, 1, 22),
(13, 398.14, 18, 1, 11, 7, 1, 23),
(14, 383.07, 65, 2, 10, 7, 1, 24),
(15, 241.27, 92, 2, 11, 8, 1, 25),
(16, 346.24, 81, 1, 1, 8, 1, 26),
(17, 94.32, 77, 2, 3, 9, 1, 27),
(18, 305.6, 68, 1, 14, 9, 1, 28),
(19, 391.59, 30, 1, 11, 10, 1, 29),
(20, 306.95, 93, 2, 7, 10, 1, 30),
(21, 357.16, 1, 1, 1, 11, 1, 31),
(22, 159.77, 9, 2, 7, 11, 1, 32),
(23, 444.37, 75, 1, 5, 12, 1, 33),
(24, 94.85, 62, 1, 11, 12, 1, 34),
(25, 360.81, 64, 1, 11, 13, 1, 35),
(26, 314.27, 96, 1, 12, 13, 1, 36),
(27, 130.67, 17, 1, 2, 14, 1, 37),
(28, 335.26, 59, 2, 6, 14, 1, 38),
(29, 12.09, 96, 1, 2, 15, 1, 39),
(30, 412.78, 61, 2, 10, 15, 1, 40),
(31, 188.27, 50, 2, 7, 16, 1, 41),
(32, 320.18, 64, 1, 13, 16, 1, 42),
(33, 462.64, 82, 1, 9, 17, 1, 43),
(34, 369.2, 70, 2, 7, 17, 1, 44),
(35, 465.23, 25, 1, 9, 18, 1, 45),
(36, 346.1, 82, 1, 11, 18, 1, 46),
(37, 85.76, 65, 2, 6, 19, 1, 47),
(38, 261.75, 82, 2, 9, 19, 1, 48),
(39, 227.64, 85, 2, 4, 20, 1, 49),
(40, 364.97, 38, 2, 13, 20, 1, 50),
(41, 153.7, 82, 2, 14, 21, 1, 51),
(42, 416.25, 50, 1, 3, 21, 1, 52),
(43, 397.4, 64, 2, 5, 22, 1, 53),
(44, 426.36, 86, 1, 1, 22, 1, 54),
(45, 98.94, 2, 1, 1, 23, 1, 55),
(46, 273.33, 16, 1, 1, 23, 1, 56),
(47, 280.67, 98, 2, 14, 24, 1, 57),
(48, 59.89, 94, 2, 3, 24, 1, 58),
(49, 473.45, 29, 2, 1, 25, 1, 59),
(50, 206, 57, 1, 9, 25, 1, 60),
(51, 153.6, 74, 1, 12, 26, 1, 61),
(52, 7.65, 11, 2, 11, 26, 1, 62),
(53, 284.35, 38, 1, 13, 27, 1, 63),
(54, 334.9, 40, 2, 13, 27, 1, 64),
(55, 312.23, 16, 2, 8, 28, 1, 65),
(56, 164.08, 67, 2, 10, 28, 1, 66),
(57, 73.64, 85, 1, 14, 29, 1, 67),
(58, 99.97, 31, 2, 14, 29, 1, 68),
(59, 279.78, 73, 1, 14, 30, 1, 69),
(60, 183.87, 56, 1, 5, 30, 1, 70),
(61, 151.64, 82, 1, 9, 31, 1, 71),
(62, 403.97, 64, 1, 2, 31, 1, 72),
(63, 391.85, 83, 2, 13, 32, 1, 73),
(64, 399.92, 57, 2, 11, 32, 1, 74),
(65, 362.69, 59, 1, 13, 33, 1, 75),
(66, 270.69, 11, 2, 4, 33, 1, 76),
(67, 285.66, 8, 1, 5, 34, 1, 77),
(68, 324.81, 23, 2, 5, 34, 1, 78),
(69, 290.09, 48, 1, 9, 35, 1, 79),
(70, 214.09, 86, 2, 11, 35, 1, 80),
(71, 131.59, 61, 1, 3, 36, 1, 81),
(72, 179.23, 58, 2, 6, 36, 1, 82),
(73, 160.87, 56, 1, 12, 37, 1, 83),
(74, 142.7, 71, 1, 3, 37, 1, 84),
(75, 281.06, 17, 2, 13, 38, 1, 85),
(76, 478.6, 14, 2, 3, 38, 1, 86),
(77, 110.25, 9, 2, 10, 39, 1, 87),
(78, 117.14, 52, 2, 4, 39, 1, 88),
(79, 160.1, 26, 2, 14, 40, 1, 89),
(80, 299.29, 52, 1, 4, 40, 1, 90),
(81, 466.19, 26, 1, 1, 41, 1, 91),
(82, 217.53, 39, 2, 2, 41, 1, 92),
(83, 299.18, 46, 2, 13, 42, 1, 93),
(84, 277.89, 55, 2, 9, 42, 1, 94),
(85, 480.53, 18, 1, 9, 43, 1, 95),
(86, 308.83, 68, 2, 10, 43, 1, 96),
(87, 267.73, 28, 1, 11, 44, 1, 97),
(88, 302.62, 98, 2, 13, 44, 1, 98),
(89, 244.17, 61, 1, 1, 45, 1, 99),
(90, 152.04, 27, 2, 7, 45, 1, 100),
(91, 78.28, 46, 1, 9, 46, 1, 101),
(92, 368.3, 60, 1, 9, 46, 1, 102),
(93, 444.45, 28, 1, 7, 47, 1, 103),
(94, 445.22, 74, 1, 8, 47, 1, 104),
(95, 324.39, 24, 2, 1, 48, 1, 105),
(96, 214.28, 25, 2, 10, 48, 1, 106),
(97, 341.84, 97, 2, 14, 49, 1, 107),
(98, 42.4, 56, 1, 7, 49, 1, 108),
(99, 421.7, 6, 2, 13, 50, 1, 109),
(100, 25.09, 87, 2, 10, 50, 1, 110),
(101, 462.73, 4, 1, 5, 51, 1, 111),
(102, 495.91, 58, 1, 9, 51, 1, 112),
(103, 97.72, 72, 2, 13, 52, 1, 113),
(104, 216.13, 13, 2, 4, 52, 1, 114),
(105, 106.49, 51, 1, 4, 53, 1, 115),
(106, 404.54, 73, 1, 1, 53, 1, 116),
(107, 204.95, 58, 1, 14, 54, 1, 117),
(108, 128.18, 25, 2, 9, 54, 1, 118),
(109, 126.7, 69, 2, 2, 55, 1, 119),
(110, 231.24, 58, 1, 8, 55, 1, 120),
(111, 482.02, 34, 1, 14, 56, 1, 121),
(112, 354.34, 47, 1, 10, 56, 1, 122),
(113, 494.24, 54, 2, 3, 57, 1, 123),
(114, 101, 78, 1, 11, 57, 1, 124),
(115, 91.45, 44, 1, 7, 58, 1, 125),
(116, 99.27, 34, 1, 7, 58, 1, 126),
(117, 55.1, 54, 2, 6, 59, 1, 127),
(118, 392.69, 31, 2, 13, 59, 1, 128),
(119, 413.7, 99, 2, 4, 60, 1, 129),
(120, 230.63, 37, 2, 11, 60, 1, 130),
(121, 286.15, 48, 1, 2, 61, 1, 131),
(122, 398.15, 87, 1, 6, 61, 1, 132),
(123, 264.6, 4, 1, 14, 62, 1, 133),
(124, 271.07, 44, 1, 13, 62, 1, 134),
(125, 85.42, 6, 2, 5, 63, 1, 135),
(126, 104.67, 35, 2, 8, 63, 1, 136),
(127, 157.02, 13, 2, 6, 64, 1, 137),
(128, 100.66, 36, 1, 11, 64, 1, 138),
(129, 36.58, 77, 1, 1, 65, 1, 139),
(130, 6.13, 82, 1, 6, 65, 1, 140),
(131, 411.07, 8, 2, 13, 66, 1, 141),
(132, 183.48, 73, 2, 3, 66, 1, 142),
(133, 372.26, 21, 1, 10, 67, 1, 143),
(134, 281.32, 43, 1, 2, 67, 1, 144),
(135, 32.32, 61, 2, 10, 68, 1, 145),
(136, 130.24, 88, 2, 10, 68, 1, 146),
(137, 45.27, 80, 1, 5, 69, 1, 147),
(138, 170.2, 11, 1, 2, 69, 1, 148),
(139, 461.79, 13, 2, 2, 70, 1, 149),
(140, 381.78, 16, 2, 11, 70, 1, 150),
(141, 175.61, 38, 2, 12, 71, 1, 151),
(142, 346.42, 14, 2, 5, 71, 1, 152),
(143, 51.4, 85, 2, 3, 72, 1, 153),
(144, 297.96, 13, 2, 1, 72, 1, 154),
(145, 152.38, 37, 1, 3, 73, 1, 155),
(146, 38.8, 87, 1, 1, 73, 1, 156),
(147, 80, 67, 1, 2, 74, 1, 157),
(148, 102.3, 2, 1, 14, 74, 1, 158),
(149, 67.68, 44, 2, 9, 75, 1, 159),
(150, 105.7, 78, 2, 12, 75, 1, 160),
(151, 140.47, 88, 1, 8, 76, 1, 161),
(152, 98.29, 98, 1, 6, 76, 1, 162),
(153, 327.04, 46, 1, 14, 77, 1, 163),
(154, 454.66, 5, 1, 7, 77, 1, 164),
(155, 142.77, 26, 1, 8, 78, 1, 165),
(156, 277.49, 20, 1, 13, 78, 1, 166),
(157, 283.68, 3, 1, 8, 79, 1, 167),
(158, 113.56, 45, 2, 9, 79, 1, 168),
(159, 388.74, 40, 1, 10, 80, 1, 169),
(160, 74.35, 49, 1, 7, 80, 1, 170),
(161, 444.07, 89, 2, 7, 81, 1, 171),
(162, 162.36, 13, 1, 12, 81, 1, 172),
(163, 356.13, 66, 1, 6, 82, 1, 173),
(164, 187.65, 44, 1, 4, 82, 1, 174),
(165, 341.13, 39, 1, 2, 83, 1, 175),
(166, 142.09, 9, 1, 4, 83, 1, 176),
(167, 475.36, 5, 2, 14, 84, 1, 177),
(168, 238.13, 45, 2, 9, 84, 1, 178),
(169, 248.72, 64, 2, 3, 85, 1, 179),
(170, 225.91, 50, 1, 5, 85, 1, 180),
(171, 449.69, 1, 1, 6, 86, 1, 181),
(172, 294.31, 75, 2, 3, 86, 1, 182),
(173, 252.5, 64, 2, 13, 87, 1, 183),
(174, 277, 75, 2, 5, 87, 1, 184),
(175, 440.54, 55, 1, 10, 88, 1, 185),
(176, 462.5, 6, 1, 12, 88, 1, 186),
(177, 193.81, 2, 2, 2, 89, 1, 187),
(178, 479.88, 6, 2, 8, 89, 1, 188),
(179, 296.49, 4, 1, 14, 90, 1, 189),
(180, 404.81, 48, 1, 4, 90, 1, 190),
(181, 494.42, 38, 1, 10, 91, 1, 191),
(182, 185.28, 9, 2, 13, 91, 1, 192),
(183, 123.93, 15, 1, 8, 92, 1, 193),
(184, 102.62, 90, 2, 8, 92, 1, 194),
(185, 98.67, 13, 1, 11, 93, 1, 195),
(186, 150.43, 26, 2, 10, 93, 1, 196),
(187, 318.07, 97, 2, 11, 94, 1, 197),
(188, 361.25, 31, 2, 9, 94, 1, 198),
(189, 277.13, 66, 2, 9, 95, 1, 199),
(190, 17.28, 46, 1, 9, 95, 1, 200),
(191, 170.85, 90, 2, 11, 96, 1, 201),
(192, 455.66, 86, 1, 5, 96, 1, 202),
(193, 44.12, 46, 2, 13, 97, 1, 203),
(194, 405.18, 45, 2, 11, 97, 1, 204),
(195, 149, 87, 1, 5, 98, 1, 205),
(196, 57.3, 65, 1, 7, 98, 1, 206),
(197, 203.85, 43, 1, 14, 99, 1, 207),
(198, 419.11, 74, 2, 11, 99, 1, 208),
(199, 377.49, 64, 2, 11, 100, 1, 209),
(200, 219.64, 82, 1, 6, 100, 1, 210),
(201, 99.63, 29, 2, 11, 101, 1, 211),
(202, 74.96, 78, 2, 8, 101, 1, 212),
(203, 236.57, 34, 2, 5, 102, 1, 213),
(204, 13.91, 42, 2, 13, 102, 1, 214),
(205, 486.59, 11, 1, 14, 103, 1, 215),
(206, 322.15, 25, 2, 13, 103, 1, 216),
(207, 241.15, 8, 1, 13, 104, 1, 217),
(208, 67.07, 93, 1, 9, 104, 1, 218),
(209, 103.06, 24, 1, 4, 105, 1, 219),
(210, 96.95, 55, 2, 6, 105, 1, 220),
(211, 158.8, 75, 1, 10, 106, 1, 221),
(212, 125.67, 39, 1, 7, 106, 1, 222),
(213, 87.2, 67, 1, 2, 107, 1, 223),
(214, 371.41, 1, 2, 1, 107, 1, 224),
(215, 243.37, 31, 2, 12, 108, 1, 225),
(216, 300.67, 64, 1, 10, 108, 1, 226),
(217, 437.22, 94, 2, 14, 109, 1, 227),
(218, 102.35, 5, 1, 14, 109, 1, 228),
(219, 160.14, 57, 2, 6, 110, 1, 229),
(220, 114.73, 85, 1, 11, 110, 1, 230),
(221, 370.11, 60, 2, 4, 111, 1, 231),
(222, 151.04, 30, 2, 6, 111, 1, 232),
(223, 100.69, 16, 1, 7, 112, 1, 233),
(224, 43.79, 60, 2, 4, 112, 1, 234),
(225, 375.06, 66, 1, 2, 113, 1, 235),
(226, 343.18, 67, 2, 2, 113, 1, 236),
(227, 405.67, 41, 2, 13, 114, 1, 237),
(228, 108.35, 99, 1, 11, 114, 1, 238),
(229, 96.21, 58, 1, 14, 115, 1, 239),
(230, 165.9, 1, 2, 4, 115, 1, 240),
(231, 452.69, 3, 1, 14, 116, 1, 241),
(232, 58.52, 66, 2, 1, 116, 1, 242),
(233, 436.59, 59, 1, 11, 117, 1, 243),
(234, 145.57, 93, 2, 3, 117, 1, 244),
(235, 454.25, 5, 2, 13, 118, 1, 245),
(236, 278.75, 88, 1, 12, 118, 1, 246),
(237, 458.8, 46, 2, 4, 119, 1, 247),
(238, 495.75, 40, 1, 1, 119, 1, 248),
(239, 222.83, 64, 2, 7, 120, 1, 249),
(240, 164.43, 30, 1, 1, 120, 1, 250),
(241, 378.78, 5, 1, 9, 121, 1, 251),
(242, 75.94, 53, 1, 2, 121, 1, 252),
(243, 229.16, 40, 1, 1, 122, 1, 253),
(244, 326.18, 34, 1, 2, 122, 1, 254),
(245, 390.62, 52, 1, 8, 123, 1, 255),
(246, 216.29, 55, 2, 5, 123, 1, 256),
(247, 365.75, 25, 1, 14, 124, 1, 257),
(248, 234.73, 65, 2, 1, 124, 1, 258),
(249, 152.51, 95, 2, 10, 125, 1, 259),
(250, 198.82, 52, 2, 13, 125, 1, 260),
(251, 233.31, 67, 2, 9, 126, 1, 261),
(252, 22.87, 85, 2, 4, 126, 1, 262),
(253, 344.15, 42, 1, 14, 127, 1, 263),
(254, 467.83, 29, 1, 11, 127, 1, 264),
(255, 398.79, 89, 1, 2, 128, 1, 265),
(256, 57.92, 45, 1, 14, 128, 1, 266),
(257, 266.74, 63, 1, 11, 129, 1, 267),
(258, 478.11, 89, 1, 12, 129, 1, 268),
(259, 83.39, 68, 2, 1, 130, 1, 269),
(260, 26.5, 94, 2, 13, 130, 1, 270),
(261, 185.05, 65, 2, 13, 131, 1, 271),
(262, 250.06, 87, 1, 1, 131, 1, 272),
(263, 165.67, 9, 2, 8, 132, 1, 273),
(264, 17.21, 58, 2, 4, 132, 1, 274),
(265, 314.18, 20, 2, 12, 133, 1, 275),
(266, 336.11, 36, 2, 12, 133, 1, 276),
(267, 287.25, 56, 1, 7, 134, 1, 277),
(268, 261.21, 54, 2, 7, 134, 1, 278),
(269, 463.8, 4, 1, 1, 135, 1, 279),
(270, 79.55, 6, 2, 1, 135, 1, 280),
(271, 169.36, 56, 2, 13, 136, 1, 281),
(272, 214.21, 76, 2, 2, 136, 1, 282),
(273, 465.02, 67, 2, 10, 137, 1, 283),
(274, 85.31, 48, 1, 1, 137, 1, 284),
(275, 80.52, 49, 2, 2, 138, 1, 285),
(276, 234.86, 30, 1, 8, 138, 1, 286),
(277, 51.2, 9, 2, 2, 139, 1, 287),
(278, 44.35, 83, 1, 2, 139, 1, 288),
(279, 66.19, 43, 1, 11, 140, 1, 289),
(280, 34.7, 73, 1, 7, 140, 1, 290),
(281, 59.78, 36, 2, 4, 141, 1, 291),
(282, 425.27, 44, 2, 5, 141, 1, 292),
(283, 205.23, 37, 1, 2, 142, 1, 293),
(284, 260.12, 65, 2, 11, 142, 1, 294),
(285, 46.31, 44, 1, 1, 143, 1, 295),
(286, 206.26, 60, 1, 8, 143, 1, 296),
(287, 81.09, 6, 2, 12, 144, 1, 297),
(288, 99.65, 84, 1, 12, 144, 1, 298),
(289, 343.09, 47, 1, 14, 145, 1, 299),
(290, 59.13, 95, 1, 4, 145, 1, 300),
(291, 359.33, 71, 1, 12, 146, 1, 301),
(292, 499.74, 14, 2, 5, 146, 1, 302),
(293, 162.45, 15, 2, 5, 147, 1, 303),
(294, 453.03, 68, 2, 14, 147, 1, 304),
(295, 498.02, 87, 2, 9, 148, 1, 305),
(296, 265.65, 12, 2, 6, 148, 1, 306),
(297, 459.12, 68, 1, 13, 149, 1, 307),
(298, 62.1, 50, 1, 2, 149, 1, 308),
(299, 58.84, 92, 2, 4, 150, 1, 309),
(300, 270.4, 89, 2, 2, 150, 1, 310),
(301, 343.21, 31, 2, 3, 151, 1, 311),
(302, 262, 75, 1, 10, 151, 1, 312),
(303, 289.22, 8, 2, 1, 152, 1, 313),
(304, 178.13, 86, 1, 13, 152, 1, 314),
(305, 263.01, 80, 1, 1, 153, 1, 315),
(306, 113.15, 49, 2, 6, 153, 1, 316),
(307, 340.86, 10, 1, 9, 154, 1, 317),
(308, 246.24, 92, 2, 1, 154, 1, 318),
(309, 309.95, 76, 2, 10, 155, 1, 319),
(310, 349.62, 94, 1, 12, 155, 1, 320),
(311, 300.76, 85, 2, 2, 156, 1, 321),
(312, 167.75, 32, 1, 14, 156, 1, 322),
(313, 329.02, 49, 1, 13, 157, 1, 323),
(314, 130.39, 66, 1, 5, 157, 1, 324),
(315, 20.53, 77, 2, 13, 158, 1, 325),
(316, 429.88, 51, 2, 9, 158, 1, 326),
(317, 278.29, 65, 1, 1, 159, 1, 327),
(318, 264.91, 7, 2, 13, 159, 1, 328),
(319, 275.81, 21, 2, 7, 160, 1, 329),
(320, 318.88, 87, 1, 5, 160, 1, 330),
(321, 58.85, 90, 1, 11, 161, 1, 331),
(322, 91.79, 33, 2, 5, 161, 1, 332),
(323, 344.61, 44, 2, 12, 162, 1, 333),
(324, 200.17, 51, 2, 2, 162, 1, 334),
(325, 128.85, 76, 2, 9, 163, 1, 335),
(326, 169.18, 94, 2, 1, 163, 1, 336),
(327, 225.76, 33, 1, 6, 164, 1, 337),
(328, 359.56, 37, 2, 7, 164, 1, 338),
(329, 320.68, 38, 1, 14, 165, 1, 339),
(330, 433.87, 80, 2, 3, 165, 1, 340),
(331, 120.6, 88, 2, 2, 166, 1, 341),
(332, 34.11, 34, 1, 4, 166, 1, 342),
(333, 275.2, 90, 2, 14, 167, 1, 343),
(334, 327.23, 59, 1, 8, 167, 1, 344),
(335, 138.02, 97, 2, 2, 168, 1, 345),
(336, 391.64, 24, 2, 11, 168, 1, 346),
(337, 431.7, 18, 2, 2, 169, 1, 347),
(338, 295.97, 14, 2, 11, 169, 1, 348),
(339, 81.58, 36, 2, 2, 170, 1, 349),
(340, 310.46, 31, 2, 6, 170, 1, 350),
(341, 386.95, 29, 1, 7, 171, 1, 351),
(342, 436.64, 17, 1, 11, 171, 1, 352),
(343, 350.71, 43, 1, 3, 172, 1, 353),
(344, 442.35, 8, 2, 2, 172, 1, 354),
(345, 105.73, 29, 2, 6, 173, 1, 355),
(346, 121.41, 26, 1, 9, 173, 1, 356),
(347, 399.83, 43, 2, 12, 174, 1, 357),
(348, 126.03, 25, 1, 7, 174, 1, 358),
(349, 178.07, 46, 1, 3, 175, 1, 359),
(350, 334.27, 11, 1, 2, 175, 1, 360),
(351, 90.58, 20, 2, 5, 176, 1, 361),
(352, 72.02, 57, 2, 12, 176, 1, 362),
(353, 472.01, 73, 2, 5, 177, 1, 363),
(354, 194.91, 74, 1, 1, 177, 1, 364),
(355, 274.96, 14, 1, 7, 178, 1, 365),
(356, 378.91, 82, 2, 5, 178, 1, 366),
(357, 358.2, 48, 1, 4, 179, 1, 367),
(358, 165.97, 87, 2, 8, 179, 1, 368),
(359, 7.25, 43, 1, 12, 180, 1, 369),
(360, 339.1, 23, 1, 10, 180, 1, 370),
(361, 314.94, 15, 2, 12, 181, 1, 371),
(362, 452.68, 3, 2, 13, 181, 1, 372),
(363, 143.31, 34, 1, 7, 182, 1, 373),
(364, 10.35, 73, 1, 10, 182, 1, 374),
(365, 190.71, 97, 2, 5, 183, 1, 375),
(366, 415.84, 56, 1, 7, 183, 1, 376),
(367, 107, 34, 1, 11, 184, 1, 377),
(368, 91.77, 64, 1, 4, 184, 1, 378),
(369, 397.21, 98, 1, 13, 185, 1, 379),
(370, 485.37, 31, 2, 1, 185, 1, 380),
(371, 453.5, 99, 2, 2, 186, 1, 381),
(372, 84.63, 74, 2, 10, 186, 1, 382),
(373, 473.46, 80, 1, 12, 187, 1, 383),
(374, 18.16, 97, 1, 14, 187, 1, 384),
(375, 256.4, 15, 2, 2, 188, 1, 385),
(376, 418.8, 22, 2, 12, 188, 1, 386),
(377, 99.25, 39, 2, 8, 189, 1, 387),
(378, 469.61, 99, 2, 12, 189, 1, 388),
(379, 448.31, 94, 1, 3, 190, 1, 389),
(380, 184.22, 42, 1, 6, 190, 1, 390),
(381, 361.8, 37, 1, 12, 191, 1, 391),
(382, 112.4, 53, 2, 10, 191, 1, 392),
(383, 60.76, 67, 1, 8, 192, 1, 393),
(384, 95.1, 34, 2, 11, 192, 1, 394),
(385, 387.79, 41, 1, 9, 193, 1, 395),
(386, 254.33, 83, 1, 9, 193, 1, 396),
(387, 87.59, 38, 1, 8, 194, 1, 397),
(388, 112.37, 58, 2, 7, 194, 1, 398),
(389, 336.13, 50, 2, 9, 195, 1, 399),
(390, 76.7, 8, 1, 14, 195, 1, 400),
(391, 316.89, 48, 1, 5, 196, 1, 401),
(392, 192.05, 9, 2, 12, 196, 1, 402),
(393, 284.11, 35, 1, 8, 197, 1, 403),
(394, 237.7, 3, 2, 2, 197, 1, 404),
(395, 59.44, 4, 1, 13, 198, 1, 405),
(396, 434.56, 48, 2, 14, 198, 1, 406),
(397, 258.56, 74, 2, 6, 199, 1, 407),
(398, 29.43, 33, 2, 9, 199, 1, 408),
(399, 206.1, 66, 2, 6, 200, 1, 409),
(400, 182.96, 3, 2, 6, 200, 1, 410),
(401, 231.61, 53, 2, 10, 201, 1, 411),
(402, 88.08, 65, 2, 1, 201, 1, 412),
(403, 358.4, 83, 1, 5, 202, 1, 413),
(404, 302.04, 23, 1, 9, 202, 1, 414),
(405, 404.82, 95, 1, 10, 203, 1, 415),
(406, 316.02, 89, 1, 3, 203, 1, 416),
(407, 173.83, 2, 1, 8, 204, 1, 417),
(408, 216.86, 8, 2, 13, 204, 1, 418),
(409, 174.81, 87, 2, 2, 205, 1, 419),
(410, 399.45, 5, 2, 11, 205, 1, 420),
(411, 266.68, 10, 2, 5, 206, 1, 421),
(412, 184.02, 49, 2, 8, 206, 1, 422),
(413, 473.51, 16, 1, 3, 207, 1, 423),
(414, 47.45, 43, 1, 4, 207, 1, 424),
(415, 79.19, 31, 2, 5, 208, 1, 425),
(416, 121.38, 84, 2, 10, 208, 1, 426),
(417, 40.07, 28, 2, 11, 209, 1, 427),
(418, 94.04, 96, 2, 9, 209, 1, 428),
(419, 435.18, 42, 2, 4, 210, 1, 429),
(420, 228.43, 32, 2, 3, 210, 1, 430),
(421, 43.65, 67, 2, 9, 211, 1, 431),
(422, 416, 36, 2, 13, 211, 1, 432),
(423, 366.69, 85, 2, 11, 212, 1, 433),
(424, 403.63, 22, 2, 13, 212, 1, 434),
(425, 213.01, 31, 2, 7, 213, 1, 435),
(426, 25.32, 6, 2, 14, 213, 1, 436),
(427, 216.49, 95, 1, 12, 214, 1, 437),
(428, 65.45, 84, 2, 9, 214, 1, 438),
(429, 195.15, 17, 1, 1, 215, 1, 439),
(430, 95.68, 14, 2, 2, 215, 1, 440),
(431, 431.31, 80, 2, 1, 216, 1, 441),
(432, 207.28, 59, 2, 9, 216, 1, 442),
(433, 499.19, 71, 2, 8, 217, 1, 443),
(434, 228.22, 56, 1, 5, 217, 1, 444),
(435, 423.89, 47, 1, 2, 218, 1, 445),
(436, 174.34, 3, 1, 9, 218, 1, 446),
(437, 499.06, 83, 1, 14, 219, 1, 447),
(438, 341.12, 56, 2, 4, 219, 1, 448),
(439, 492.69, 41, 1, 1, 220, 1, 449),
(440, 416.28, 70, 2, 7, 220, 1, 450),
(441, 247.69, 16, 2, 9, 221, 1, 451),
(442, 139.46, 53, 2, 1, 221, 1, 452),
(443, 142.56, 95, 1, 12, 222, 1, 453),
(444, 72.83, 95, 2, 14, 222, 1, 454),
(445, 301.44, 89, 2, 1, 223, 1, 455),
(446, 419.51, 81, 1, 11, 223, 1, 456),
(447, 245.33, 68, 2, 6, 224, 1, 457),
(448, 305.54, 68, 1, 13, 224, 1, 458),
(449, 85.06, 71, 2, 7, 225, 1, 459),
(450, 149.67, 33, 1, 4, 225, 1, 460),
(451, 241.24, 98, 1, 5, 226, 1, 461),
(452, 118.34, 28, 2, 11, 226, 1, 462),
(453, 74.11, 95, 1, 2, 227, 1, 463),
(454, 374.52, 65, 2, 5, 227, 1, 464),
(455, 165, 89, 1, 4, 228, 1, 465),
(456, 333.8, 54, 1, 2, 228, 1, 466),
(457, 84.15, 69, 2, 4, 229, 1, 467),
(458, 223.08, 12, 1, 9, 229, 1, 468),
(459, 373.39, 45, 1, 13, 230, 1, 469),
(460, 70.86, 62, 1, 1, 230, 1, 470),
(461, 165.48, 60, 1, 2, 231, 1, 471),
(462, 290.64, 44, 2, 13, 231, 1, 472),
(463, 337.96, 32, 1, 9, 232, 1, 473),
(464, 374.35, 39, 2, 5, 232, 1, 474),
(465, 467.61, 33, 2, 10, 233, 1, 475),
(466, 434.3, 30, 1, 13, 233, 1, 476),
(467, 251.89, 12, 2, 11, 234, 1, 477),
(468, 189.85, 85, 2, 2, 234, 1, 478),
(469, 349.07, 22, 2, 3, 235, 1, 479),
(470, 486.09, 83, 1, 7, 235, 1, 480),
(471, 459.24, 34, 2, 7, 236, 1, 481),
(472, 94.24, 94, 2, 1, 236, 1, 482),
(473, 212.76, 8, 1, 2, 237, 1, 483),
(474, 179, 5, 1, 6, 237, 1, 484),
(475, 379.08, 63, 2, 13, 238, 1, 485),
(476, 438.72, 92, 1, 1, 238, 1, 486),
(477, 336.31, 80, 2, 9, 239, 1, 487),
(478, 69.66, 78, 2, 4, 239, 1, 488),
(479, 77.16, 72, 1, 2, 240, 1, 489),
(480, 116.04, 9, 1, 13, 240, 1, 490),
(481, 265.72, 75, 1, 8, 241, 1, 491),
(482, 480.87, 78, 2, 8, 241, 1, 492),
(483, 230.81, 60, 2, 1, 242, 1, 493),
(484, 277.66, 85, 2, 1, 242, 1, 494),
(485, 275.67, 44, 1, 5, 243, 1, 495),
(486, 193.82, 24, 2, 14, 243, 1, 496),
(487, 300.7, 44, 2, 10, 244, 1, 497),
(488, 57.38, 47, 1, 9, 244, 1, 498),
(489, 362.34, 26, 2, 10, 245, 1, 499),
(490, 401.42, 9, 2, 4, 245, 1, 500),
(491, 382.94, 52, 2, 5, 246, 1, 501),
(492, 130.13, 6, 2, 10, 246, 1, 502),
(493, 470.6, 87, 1, 4, 247, 1, 503),
(494, 120.9, 58, 2, 14, 247, 1, 504),
(495, 414.82, 81, 1, 9, 248, 1, 505),
(496, 142.93, 92, 1, 8, 248, 1, 506),
(497, 446.85, 16, 2, 9, 249, 1, 507),
(498, 143.96, 37, 2, 1, 249, 1, 508),
(499, 51.78, 28, 1, 2, 250, 1, 509),
(500, 23.47, 48, 1, 14, 250, 1, 510),
(501, 182.09, 34, 2, 14, 251, 1, 511),
(502, 359.55, 52, 1, 10, 251, 1, 512),
(503, 257.54, 99, 1, 7, 252, 1, 513),
(504, 133.37, 90, 2, 1, 252, 1, 514),
(505, 231.41, 24, 1, 8, 253, 1, 515),
(506, 149.41, 46, 1, 1, 253, 1, 516),
(507, 307.21, 19, 2, 14, 254, 1, 517),
(508, 109.91, 25, 1, 7, 254, 1, 518),
(509, 496.31, 47, 1, 8, 255, 1, 519),
(510, 104.28, 44, 1, 7, 255, 1, 520),
(511, 74.91, 17, 2, 1, 256, 1, 521),
(512, 100.13, 72, 1, 10, 256, 1, 522),
(513, 134.17, 55, 2, 10, 257, 1, 523),
(514, 452.99, 78, 2, 2, 257, 1, 524),
(515, 74.6, 51, 1, 5, 258, 1, 525),
(516, 269.87, 69, 2, 6, 258, 1, 526),
(517, 11.82, 65, 1, 12, 259, 1, 527),
(518, 238.77, 44, 2, 13, 259, 1, 528),
(519, 328.24, 69, 2, 14, 260, 1, 529),
(520, 318.19, 56, 1, 9, 260, 1, 530),
(521, 230.18, 63, 2, 7, 261, 1, 531),
(522, 31.86, 70, 1, 12, 261, 1, 532),
(523, 199.96, 42, 2, 8, 262, 1, 533),
(524, 116.72, 62, 1, 14, 262, 1, 534),
(525, 442.88, 38, 2, 1, 263, 1, 535),
(526, 19.32, 56, 1, 5, 263, 1, 536),
(527, 217.53, 11, 1, 7, 264, 1, 537),
(528, 266.71, 5, 2, 14, 264, 1, 538),
(529, 279.05, 51, 1, 5, 265, 1, 539),
(530, 288.1, 43, 1, 13, 265, 1, 540),
(531, 204.44, 32, 2, 5, 266, 1, 541),
(532, 65.86, 70, 2, 1, 266, 1, 542),
(533, 343.27, 66, 2, 13, 267, 1, 543),
(534, 137.79, 70, 2, 13, 267, 1, 544),
(535, 260.66, 82, 2, 11, 268, 1, 545),
(536, 328.75, 94, 1, 2, 268, 1, 546),
(537, 171.81, 22, 1, 5, 269, 1, 547),
(538, 91.02, 83, 1, 4, 269, 1, 548),
(539, 356.59, 93, 1, 1, 270, 1, 549),
(540, 43.88, 7, 2, 2, 270, 1, 550),
(541, 87.6, 77, 2, 4, 271, 1, 551),
(542, 317.46, 51, 1, 12, 271, 1, 552),
(543, 420.4, 41, 1, 4, 272, 1, 553),
(544, 460.45, 80, 2, 3, 272, 1, 554),
(545, 27.51, 42, 2, 2, 273, 1, 555),
(546, 383.1, 97, 2, 4, 273, 1, 556),
(547, 25.87, 19, 1, 6, 274, 1, 557),
(548, 479.63, 55, 2, 11, 274, 1, 558),
(549, 262.69, 15, 2, 2, 275, 1, 559),
(550, 111.55, 36, 1, 13, 275, 1, 560),
(551, 397.96, 67, 1, 8, 276, 1, 561),
(552, 21.95, 74, 1, 6, 276, 1, 562),
(553, 138.38, 5, 1, 2, 277, 1, 563),
(554, 90.4, 55, 2, 3, 277, 1, 564),
(555, 78.84, 11, 2, 9, 278, 1, 565),
(556, 464.04, 88, 2, 6, 278, 1, 566),
(557, 387.2, 35, 2, 9, 279, 1, 567),
(558, 202.7, 50, 2, 13, 279, 1, 568),
(559, 9.9, 43, 1, 10, 280, 1, 569),
(560, 346.81, 45, 2, 8, 280, 1, 570),
(561, 212.83, 24, 1, 14, 281, 1, 571),
(562, 344.09, 94, 1, 13, 281, 1, 572),
(563, 392.73, 67, 1, 2, 282, 1, 573),
(564, 229.48, 13, 2, 11, 282, 1, 574),
(565, 28.71, 74, 1, 1, 283, 1, 575),
(566, 418.21, 32, 1, 12, 283, 1, 576),
(567, 168.14, 70, 1, 14, 284, 1, 577),
(568, 151.9, 21, 2, 3, 284, 1, 578),
(569, 116.52, 48, 2, 6, 285, 1, 579),
(570, 432.95, 98, 1, 5, 285, 1, 580),
(571, 452.87, 61, 2, 11, 286, 1, 581),
(572, 41.63, 79, 1, 4, 286, 1, 582),
(573, 110.12, 57, 2, 8, 287, 1, 583),
(574, 185.96, 78, 1, 5, 287, 1, 584),
(575, 465.39, 49, 2, 7, 288, 1, 585),
(576, 78.49, 72, 1, 7, 288, 1, 586),
(577, 9.2, 28, 2, 3, 289, 1, 587),
(578, 132.21, 8, 1, 13, 289, 1, 588),
(579, 350.65, 19, 2, 9, 290, 1, 589),
(580, 384.34, 5, 2, 11, 290, 1, 590),
(581, 478.02, 13, 1, 11, 291, 1, 591),
(582, 216.58, 25, 1, 4, 291, 1, 592),
(583, 230.66, 7, 2, 5, 292, 1, 593),
(584, 171.63, 12, 2, 6, 292, 1, 594),
(585, 317.52, 56, 1, 6, 293, 1, 595),
(586, 74.14, 13, 1, 2, 293, 1, 596),
(587, 261.06, 69, 2, 1, 294, 1, 597),
(588, 486.56, 50, 1, 10, 294, 1, 598),
(589, 289.55, 3, 1, 13, 295, 1, 599),
(590, 340.26, 28, 1, 4, 295, 1, 600),
(591, 201.77, 27, 2, 3, 296, 1, 601),
(592, 430.72, 54, 2, 8, 296, 1, 602),
(593, 397.29, 63, 2, 13, 297, 1, 603),
(594, 403.12, 65, 1, 14, 297, 1, 604),
(595, 42.47, 70, 2, 14, 298, 1, 605),
(596, 334, 45, 2, 2, 298, 1, 606),
(597, 73.79, 65, 1, 8, 299, 1, 607),
(598, 293.17, 42, 1, 7, 299, 1, 608),
(599, 366.07, 45, 2, 10, 300, 1, 609),
(600, 119.59, 11, 2, 1, 300, 1, 610),
(601, 462.35, 74, 2, 12, 301, 1, 611),
(602, 41.52, 33, 2, 8, 301, 1, 612),
(603, 263.9, 52, 1, 13, 302, 1, 613),
(604, 248.33, 29, 2, 10, 302, 1, 614),
(605, 423.07, 80, 1, 13, 303, 1, 615),
(606, 213.3, 42, 1, 9, 303, 1, 616),
(607, 269.61, 75, 2, 12, 304, 1, 617),
(608, 81.83, 7, 2, 6, 304, 1, 618),
(609, 376.57, 8, 1, 13, 305, 1, 619),
(610, 130.72, 34, 2, 5, 305, 1, 620),
(611, 105.12, 95, 2, 3, 306, 1, 621),
(612, 294.68, 61, 1, 11, 306, 1, 622),
(613, 79.89, 80, 2, 5, 307, 1, 623),
(614, 123.62, 96, 1, 13, 307, 1, 624),
(615, 228.35, 91, 1, 8, 308, 1, 625),
(616, 234.8, 42, 1, 12, 308, 1, 626),
(617, 94.27, 52, 2, 9, 309, 1, 627),
(618, 82.47, 48, 2, 14, 309, 1, 628),
(619, 319.95, 46, 1, 9, 310, 1, 629),
(620, 197.17, 51, 2, 2, 310, 1, 630),
(621, 306.78, 64, 1, 1, 311, 1, 631),
(622, 278.87, 2, 1, 10, 311, 1, 632),
(623, 32.09, 63, 2, 5, 312, 1, 633),
(624, 462.23, 53, 1, 11, 312, 1, 634),
(625, 135.71, 26, 1, 7, 313, 1, 635),
(626, 450.8, 70, 1, 13, 313, 1, 636),
(627, 360.44, 17, 1, 11, 314, 1, 637),
(628, 410.36, 22, 1, 13, 314, 1, 638),
(629, 479.4, 64, 2, 6, 315, 1, 639),
(630, 329.42, 88, 1, 14, 315, 1, 640),
(631, 293.66, 16, 2, 14, 316, 1, 641),
(632, 411.37, 31, 2, 6, 316, 1, 642),
(633, 461.9, 52, 1, 7, 317, 1, 643),
(634, 290.91, 99, 2, 8, 317, 1, 644),
(635, 299.79, 39, 1, 13, 318, 1, 645),
(636, 36.87, 56, 2, 3, 318, 1, 646),
(637, 100.49, 37, 1, 8, 319, 1, 647),
(638, 69.72, 68, 2, 10, 319, 1, 648),
(639, 403.85, 60, 2, 6, 320, 1, 649),
(640, 323.41, 76, 1, 3, 320, 1, 650),
(641, 409.65, 70, 2, 12, 321, 1, 651),
(642, 194.89, 96, 2, 14, 321, 1, 652),
(643, 222.94, 88, 1, 6, 322, 1, 653),
(644, 42.8, 20, 2, 8, 322, 1, 654),
(645, 308.89, 38, 2, 14, 323, 1, 655),
(646, 108.53, 11, 1, 4, 323, 1, 656),
(647, 222.57, 47, 1, 7, 324, 1, 657),
(648, 56.84, 47, 1, 6, 324, 1, 658),
(649, 100.68, 37, 1, 6, 325, 1, 659),
(650, 413.74, 96, 1, 1, 325, 1, 660),
(651, 169.74, 43, 2, 6, 326, 1, 661),
(652, 69.44, 65, 1, 6, 326, 1, 662),
(653, 19.6, 2, 1, 11, 327, 1, 663),
(654, 249.17, 26, 2, 12, 327, 1, 664),
(655, 406.02, 16, 1, 10, 328, 1, 665),
(656, 241.83, 73, 2, 10, 328, 1, 666),
(657, 377.41, 43, 2, 4, 329, 1, 667),
(658, 470.34, 87, 1, 11, 329, 1, 668),
(659, 276.57, 63, 2, 5, 330, 1, 669),
(660, 493.16, 15, 1, 11, 330, 1, 670),
(661, 158.96, 75, 1, 7, 331, 1, 671),
(662, 164.28, 90, 2, 9, 331, 1, 672),
(663, 87.74, 62, 2, 1, 332, 1, 673),
(664, 353.2, 9, 1, 1, 332, 1, 674),
(665, 60.25, 10, 1, 7, 333, 1, 675),
(666, 426.91, 8, 2, 8, 333, 1, 676),
(667, 332.21, 58, 1, 12, 334, 1, 677),
(668, 69.19, 8, 2, 6, 334, 1, 678),
(669, 155.34, 62, 2, 5, 335, 1, 679),
(670, 349.36, 53, 1, 7, 335, 1, 680),
(671, 87.51, 68, 2, 7, 336, 1, 681),
(672, 471.95, 46, 1, 4, 336, 1, 682),
(673, 149.51, 79, 1, 1, 337, 1, 683),
(674, 149.49, 55, 2, 10, 337, 1, 684),
(675, 172.8, 75, 1, 5, 338, 1, 685),
(676, 59.84, 59, 1, 9, 338, 1, 686),
(677, 164.04, 43, 2, 5, 339, 1, 687),
(678, 395.27, 41, 2, 2, 339, 1, 688),
(679, 129.83, 60, 1, 9, 340, 1, 689),
(680, 58.3, 79, 1, 9, 340, 1, 690),
(681, 14.58, 6, 2, 4, 341, 1, 691),
(682, 265.97, 7, 1, 14, 341, 1, 692),
(683, 280.06, 72, 2, 4, 342, 1, 693),
(684, 340.52, 80, 1, 3, 342, 1, 694),
(685, 438.22, 46, 1, 12, 343, 1, 695),
(686, 77.54, 91, 1, 14, 343, 1, 696),
(687, 35.87, 39, 2, 12, 344, 1, 697),
(688, 213.72, 24, 1, 8, 344, 1, 698),
(689, 267.99, 33, 1, 2, 345, 1, 699),
(690, 189.16, 23, 1, 2, 345, 1, 700),
(691, 27.33, 76, 2, 4, 346, 1, 701),
(692, 98.95, 83, 1, 7, 346, 1, 702),
(693, 436.11, 34, 2, 3, 347, 1, 703),
(694, 415.43, 92, 1, 1, 347, 1, 704),
(695, 348.92, 94, 2, 1, 348, 1, 705),
(696, 92.53, 22, 2, 9, 348, 1, 706),
(697, 355.17, 44, 2, 14, 349, 1, 707),
(698, 466.34, 55, 1, 11, 349, 1, 708),
(699, 152.47, 42, 1, 12, 350, 1, 709),
(700, 472.33, 97, 1, 5, 350, 1, 710),
(701, 33.76, 9, 2, 7, 351, 1, 711),
(702, 290.7, 32, 1, 2, 351, 1, 712),
(703, 27.33, 47, 2, 10, 352, 1, 713),
(704, 40.47, 32, 1, 4, 352, 1, 714),
(705, 134.08, 53, 2, 7, 353, 1, 715),
(706, 457.13, 87, 2, 2, 353, 1, 716),
(707, 230.18, 29, 2, 10, 354, 1, 717),
(708, 246.62, 72, 1, 9, 354, 1, 718),
(709, 150.64, 4, 2, 3, 355, 1, 719),
(710, 39.02, 30, 1, 11, 355, 1, 720),
(711, 410.71, 8, 2, 4, 356, 1, 721),
(712, 476.5, 24, 1, 5, 356, 1, 722),
(713, 195.39, 22, 1, 13, 357, 1, 723),
(714, 146.16, 69, 2, 4, 357, 1, 724),
(715, 28.87, 40, 1, 3, 358, 1, 725),
(716, 429.65, 44, 1, 2, 358, 1, 726),
(717, 39.35, 82, 2, 8, 359, 1, 727),
(718, 360.07, 43, 2, 13, 359, 1, 728),
(719, 251.75, 14, 2, 10, 360, 1, 729),
(720, 115.35, 71, 1, 14, 360, 1, 730),
(721, 43.51, 30, 1, 10, 361, 1, 731),
(722, 280.61, 71, 1, 9, 361, 1, 732),
(723, 212.01, 82, 1, 7, 362, 1, 733),
(724, 417.71, 15, 2, 11, 362, 1, 734),
(725, 463.99, 37, 1, 11, 363, 1, 735),
(726, 251.08, 11, 2, 9, 363, 1, 736),
(727, 358.98, 19, 1, 14, 364, 1, 737),
(728, 77.24, 58, 1, 9, 364, 1, 738),
(729, 50.06, 22, 2, 9, 365, 1, 739),
(730, 400.2, 20, 1, 4, 365, 1, 740),
(731, 305.82, 47, 2, 7, 366, 1, 741),
(732, 220.23, 60, 2, 2, 366, 1, 742),
(733, 177.64, 77, 2, 12, 367, 1, 743),
(734, 9.62, 1, 1, 1, 367, 1, 744),
(735, 77.07, 94, 2, 6, 368, 1, 745),
(736, 186.67, 26, 2, 9, 368, 1, 746),
(737, 431.81, 72, 2, 2, 369, 1, 747),
(738, 110.23, 91, 2, 8, 369, 1, 748),
(739, 229.41, 95, 2, 6, 370, 1, 749),
(740, 417.29, 78, 2, 5, 370, 1, 750),
(741, 200.69, 46, 1, 8, 371, 1, 751),
(742, 43.57, 40, 2, 5, 371, 1, 752),
(743, 388.65, 28, 1, 14, 372, 1, 753),
(744, 145.12, 38, 2, 8, 372, 1, 754),
(745, 405.58, 99, 2, 14, 373, 1, 755),
(746, 441.33, 79, 2, 1, 373, 1, 756),
(747, 26.1, 17, 2, 9, 374, 1, 757),
(748, 207.26, 92, 2, 14, 374, 1, 758),
(749, 256.77, 69, 1, 1, 375, 1, 759),
(750, 98.06, 82, 2, 3, 375, 1, 760),
(751, 49.29, 57, 2, 1, 376, 1, 761),
(752, 26.84, 48, 2, 13, 376, 1, 762),
(753, 148.45, 70, 2, 11, 377, 1, 763),
(754, 139.6, 99, 2, 5, 377, 1, 764),
(755, 429.46, 55, 1, 3, 378, 1, 765),
(756, 499.8, 11, 2, 14, 378, 1, 766),
(757, 85.36, 23, 1, 13, 379, 1, 767),
(758, 348.81, 45, 2, 6, 379, 1, 768),
(759, 211.17, 4, 2, 10, 380, 1, 769),
(760, 439.64, 79, 1, 5, 380, 1, 770),
(761, 135.81, 8, 1, 11, 381, 1, 771),
(762, 466.46, 74, 2, 9, 381, 1, 772),
(763, 57.42, 49, 1, 14, 382, 1, 773),
(764, 40.34, 36, 1, 7, 382, 1, 774),
(765, 26.96, 39, 2, 8, 383, 1, 775),
(766, 198.46, 57, 1, 7, 383, 1, 776),
(767, 455.34, 82, 1, 9, 384, 1, 777),
(768, 75.4, 85, 2, 12, 384, 1, 778),
(769, 490.83, 43, 1, 8, 385, 1, 779),
(770, 259.9, 33, 2, 6, 385, 1, 780),
(771, 262.44, 62, 2, 8, 386, 1, 781),
(772, 468.43, 67, 2, 3, 386, 1, 782),
(773, 150.55, 5, 1, 11, 387, 1, 783),
(774, 429.25, 23, 2, 14, 387, 1, 784),
(775, 222, 34, 1, 5, 388, 1, 785),
(776, 189.27, 37, 2, 4, 388, 1, 786),
(777, 66.81, 61, 1, 5, 389, 1, 787),
(778, 468.36, 81, 1, 11, 389, 1, 788),
(779, 45.51, 18, 2, 8, 390, 1, 789),
(780, 499.2, 61, 2, 6, 390, 1, 790),
(781, 100.53, 74, 2, 14, 391, 1, 791),
(782, 253.69, 95, 2, 14, 391, 1, 792),
(783, 422.24, 63, 2, 8, 392, 1, 793),
(784, 16.11, 48, 2, 11, 392, 1, 794),
(785, 290.97, 52, 1, 8, 393, 1, 795),
(786, 126.2, 81, 1, 3, 393, 1, 796),
(787, 69.93, 83, 1, 14, 394, 1, 797),
(788, 457.18, 21, 1, 5, 394, 1, 798),
(789, 374.16, 75, 1, 14, 395, 1, 799),
(790, 488, 81, 1, 12, 395, 1, 800),
(791, 409.87, 49, 2, 3, 396, 1, 801),
(792, 130.56, 99, 1, 1, 396, 1, 802),
(793, 496.08, 70, 1, 1, 397, 1, 803),
(794, 342.58, 55, 1, 11, 397, 1, 804),
(795, 495.34, 38, 1, 9, 398, 1, 805),
(796, 143.62, 85, 1, 4, 398, 1, 806),
(797, 103.57, 29, 1, 8, 399, 1, 807),
(798, 477.34, 12, 1, 13, 399, 1, 808),
(799, 210.67, 39, 2, 8, 400, 1, 809),
(800, 343.52, 84, 2, 8, 400, 1, 810);

-- DETALLE COMPRA NATURAL (800 registros, 2 por Compra)
INSERT INTO DetalleCompraNatural (idDetalleCompraNatural, precioUnitario, UnidadProducida_idUnidadProducidad, Compra_idCompra) VALUES
(1, 70.73, 6, 1),
(2, 8.25, 4, 1),
(3, 278, 5, 2),
(4, 411.16, 14, 2),
(5, 11.44, 4, 3),
(6, 384.27, 9, 3),
(7, 150.56, 12, 4),
(8, 472.72, 8, 4),
(9, 495.01, 1, 5),
(10, 55.73, 11, 5),
(11, 235.6, 4, 6),
(12, 364.93, 14, 6),
(13, 402.77, 12, 7),
(14, 253.89, 14, 7),
(15, 157.47, 13, 8),
(16, 166.39, 13, 8),
(17, 59.89, 7, 9),
(18, 458.25, 1, 9),
(19, 162.37, 4, 10),
(20, 303.83, 9, 10),
(21, 255.01, 9, 11),
(22, 37.97, 6, 11),
(23, 66.18, 12, 12),
(24, 280.62, 10, 12),
(25, 110.61, 10, 13),
(26, 388.43, 13, 13),
(27, 103.47, 5, 14),
(28, 136.93, 2, 14),
(29, 60.2, 4, 15),
(30, 326.17, 3, 15),
(31, 247.1, 7, 16),
(32, 325.18, 14, 16),
(33, 204.08, 1, 17),
(34, 442.84, 1, 17),
(35, 190.43, 13, 18),
(36, 320.72, 6, 18),
(37, 352.33, 8, 19),
(38, 229.37, 4, 19),
(39, 179.67, 11, 20),
(40, 193.26, 5, 20),
(41, 99.01, 9, 21),
(42, 376.88, 13, 21),
(43, 86.7, 1, 22),
(44, 204.66, 1, 22),
(45, 382.82, 1, 23),
(46, 263.21, 11, 23),
(47, 126.25, 1, 24),
(48, 198.69, 14, 24),
(49, 161.94, 11, 25),
(50, 141.94, 10, 25),
(51, 206.64, 11, 26),
(52, 431.74, 9, 26),
(53, 249.5, 13, 27),
(54, 213.22, 7, 27),
(55, 75.75, 14, 28),
(56, 419.59, 5, 28),
(57, 251.92, 1, 29),
(58, 461.94, 10, 29),
(59, 101.37, 13, 30),
(60, 287.65, 5, 30),
(61, 326.74, 3, 31),
(62, 447.68, 1, 31),
(63, 389.28, 2, 32),
(64, 448.62, 10, 32),
(65, 335.65, 13, 33),
(66, 5.37, 8, 33),
(67, 106.92, 2, 34),
(68, 78.58, 3, 34),
(69, 201.68, 3, 35),
(70, 468.8, 11, 35),
(71, 65.49, 2, 36),
(72, 316.54, 1, 36),
(73, 370.02, 11, 37),
(74, 339.19, 11, 37),
(75, 200.47, 2, 38),
(76, 23.83, 6, 38),
(77, 172.38, 14, 39),
(78, 143.87, 12, 39),
(79, 335.63, 6, 40),
(80, 11.4, 5, 40),
(81, 388.96, 2, 41),
(82, 136.68, 8, 41),
(83, 189.94, 11, 42),
(84, 350.79, 13, 42),
(85, 261.8, 2, 43),
(86, 388.65, 7, 43),
(87, 435.39, 10, 44),
(88, 437.82, 4, 44),
(89, 293.74, 12, 45),
(90, 48.81, 13, 45),
(91, 488.38, 13, 46),
(92, 363.32, 7, 46),
(93, 404.49, 6, 47),
(94, 393.09, 11, 47),
(95, 451.37, 2, 48),
(96, 321.74, 14, 48),
(97, 330.71, 8, 49),
(98, 367.79, 6, 49),
(99, 310.41, 12, 50),
(100, 307.29, 7, 50),
(101, 236.94, 5, 51),
(102, 217.1, 3, 51),
(103, 472.76, 5, 52),
(104, 242.69, 4, 52),
(105, 174.25, 9, 53),
(106, 304.64, 6, 53),
(107, 441.66, 2, 54),
(108, 497.19, 6, 54),
(109, 462.35, 10, 55),
(110, 5.81, 12, 55),
(111, 207.45, 9, 56),
(112, 435.4, 1, 56),
(113, 416.59, 10, 57),
(114, 371.69, 9, 57),
(115, 347.62, 11, 58),
(116, 71.81, 3, 58),
(117, 353.42, 14, 59),
(118, 372.07, 10, 59),
(119, 302.34, 5, 60),
(120, 73.29, 9, 60),
(121, 92.85, 9, 61),
(122, 466.76, 12, 61),
(123, 116.77, 13, 62),
(124, 57.97, 3, 62),
(125, 281.98, 14, 63),
(126, 38.94, 7, 63),
(127, 100.78, 14, 64),
(128, 440.98, 5, 64),
(129, 328.63, 3, 65),
(130, 314.41, 7, 65),
(131, 129.89, 3, 66),
(132, 332.91, 12, 66),
(133, 342.55, 11, 67),
(134, 8.11, 13, 67),
(135, 326.46, 7, 68),
(136, 92.87, 5, 68),
(137, 439.72, 3, 69),
(138, 434.99, 7, 69),
(139, 342.54, 12, 70),
(140, 476.16, 8, 70),
(141, 407.48, 2, 71),
(142, 219.17, 14, 71),
(143, 347.63, 5, 72),
(144, 86.36, 14, 72),
(145, 205.17, 3, 73),
(146, 371.45, 9, 73),
(147, 248.65, 14, 74),
(148, 11.8, 14, 74),
(149, 20.62, 14, 75),
(150, 348.1, 10, 75),
(151, 411.12, 2, 76),
(152, 300.61, 10, 76),
(153, 138.82, 6, 77),
(154, 256.38, 2, 77),
(155, 206.39, 11, 78),
(156, 471.71, 9, 78),
(157, 50.1, 10, 79),
(158, 453.47, 13, 79),
(159, 350.25, 13, 80),
(160, 186.92, 14, 80),
(161, 247.72, 5, 81),
(162, 62.7, 2, 81),
(163, 138.93, 2, 82),
(164, 354.65, 3, 82),
(165, 115.46, 11, 83),
(166, 243.87, 7, 83),
(167, 205.71, 13, 84),
(168, 260.05, 3, 84),
(169, 484.06, 12, 85),
(170, 235.82, 4, 85),
(171, 8.35, 14, 86),
(172, 68.29, 14, 86),
(173, 201.7, 1, 87),
(174, 137.14, 6, 87),
(175, 148.79, 3, 88),
(176, 427.23, 13, 88),
(177, 165.78, 6, 89),
(178, 183.2, 8, 89),
(179, 201.54, 2, 90),
(180, 406.81, 5, 90),
(181, 342.3, 2, 91),
(182, 273.23, 13, 91),
(183, 257.1, 5, 92),
(184, 101.22, 12, 92),
(185, 336.62, 4, 93),
(186, 323.28, 8, 93),
(187, 42.87, 3, 94),
(188, 307.21, 2, 94),
(189, 24.8, 1, 95),
(190, 24.4, 9, 95),
(191, 157.51, 6, 96),
(192, 315.36, 13, 96),
(193, 179.66, 6, 97),
(194, 465.22, 2, 97),
(195, 68.5, 14, 98),
(196, 50.1, 8, 98),
(197, 32.43, 2, 99),
(198, 378.7, 8, 99),
(199, 297.54, 8, 100),
(200, 84.66, 2, 100),
(201, 241.74, 10, 101),
(202, 324.54, 3, 101),
(203, 335.83, 12, 102),
(204, 231.14, 8, 102),
(205, 433.94, 12, 103),
(206, 177.72, 8, 103),
(207, 39.09, 13, 104),
(208, 66.5, 6, 104),
(209, 219.59, 5, 105),
(210, 269.33, 13, 105),
(211, 390.03, 2, 106),
(212, 217.96, 6, 106),
(213, 152.44, 13, 107),
(214, 391.22, 5, 107),
(215, 183.73, 4, 108),
(216, 438.63, 8, 108),
(217, 105.3, 14, 109),
(218, 444.44, 1, 109),
(219, 378.95, 1, 110),
(220, 26.2, 6, 110),
(221, 242.59, 13, 111),
(222, 251.75, 11, 111),
(223, 239.85, 6, 112),
(224, 392.38, 10, 112),
(225, 412.4, 10, 113),
(226, 22.36, 14, 113),
(227, 462.42, 8, 114),
(228, 429.69, 9, 114),
(229, 22.2, 14, 115),
(230, 340.07, 11, 115),
(231, 490.31, 11, 116),
(232, 261.38, 7, 116),
(233, 69.57, 6, 117),
(234, 359.21, 7, 117),
(235, 178.02, 12, 118),
(236, 68.72, 3, 118),
(237, 109.92, 12, 119),
(238, 76.06, 4, 119),
(239, 329.61, 11, 120),
(240, 353.95, 7, 120),
(241, 425.45, 8, 121),
(242, 123.05, 14, 121),
(243, 498.38, 1, 122),
(244, 296.15, 3, 122),
(245, 51.47, 8, 123),
(246, 110.5, 2, 123),
(247, 463.43, 12, 124),
(248, 34.33, 4, 124),
(249, 8.5, 9, 125),
(250, 273.65, 10, 125),
(251, 39.25, 5, 126),
(252, 361.67, 10, 126),
(253, 327.48, 9, 127),
(254, 48.73, 12, 127),
(255, 301.85, 2, 128),
(256, 129.65, 7, 128),
(257, 164.42, 2, 129),
(258, 104.93, 11, 129),
(259, 5.11, 4, 130),
(260, 132.87, 13, 130),
(261, 198.57, 3, 131),
(262, 104.83, 6, 131),
(263, 189.78, 14, 132),
(264, 226.41, 9, 132),
(265, 458, 11, 133),
(266, 73.62, 3, 133),
(267, 179.13, 7, 134),
(268, 307.43, 2, 134),
(269, 352.84, 9, 135),
(270, 470.02, 5, 135),
(271, 99.48, 9, 136),
(272, 252.81, 3, 136),
(273, 331.19, 4, 137),
(274, 240.09, 9, 137),
(275, 107.47, 9, 138),
(276, 437.58, 12, 138),
(277, 342, 4, 139),
(278, 243.74, 4, 139),
(279, 85.48, 14, 140),
(280, 284.51, 13, 140),
(281, 52.77, 5, 141),
(282, 187.07, 14, 141),
(283, 406.34, 12, 142),
(284, 88.44, 12, 142),
(285, 150.91, 2, 143),
(286, 484.25, 4, 143),
(287, 496.76, 9, 144),
(288, 66.45, 12, 144),
(289, 271.33, 1, 145),
(290, 440.64, 9, 145),
(291, 219.61, 3, 146),
(292, 255.59, 1, 146),
(293, 285.41, 1, 147),
(294, 38.67, 1, 147),
(295, 22.33, 6, 148),
(296, 307.58, 13, 148),
(297, 174.04, 1, 149),
(298, 99.31, 6, 149),
(299, 369.9, 14, 150),
(300, 316.91, 8, 150),
(301, 109.47, 7, 151),
(302, 87.26, 12, 151),
(303, 290.17, 2, 152),
(304, 16.49, 3, 152),
(305, 210.89, 9, 153),
(306, 193.87, 2, 153),
(307, 386.1, 3, 154),
(308, 86.15, 6, 154),
(309, 366.58, 12, 155),
(310, 294.78, 8, 155),
(311, 462.56, 8, 156),
(312, 345.1, 2, 156),
(313, 252.8, 9, 157),
(314, 445.59, 10, 157),
(315, 65.38, 9, 158),
(316, 19.93, 3, 158),
(317, 485.36, 12, 159),
(318, 233.74, 4, 159),
(319, 144.63, 11, 160),
(320, 152.44, 14, 160),
(321, 29.84, 1, 161),
(322, 291.23, 9, 161),
(323, 384.64, 2, 162),
(324, 494.62, 5, 162),
(325, 292.32, 3, 163),
(326, 60.46, 7, 163),
(327, 176.98, 13, 164),
(328, 67.92, 7, 164),
(329, 102.5, 6, 165),
(330, 405.32, 6, 165),
(331, 309.12, 7, 166),
(332, 424.91, 5, 166),
(333, 87.17, 10, 167),
(334, 237.04, 3, 167),
(335, 189.14, 5, 168),
(336, 104, 1, 168),
(337, 377.4, 1, 169),
(338, 314.18, 8, 169),
(339, 303.32, 4, 170),
(340, 22.3, 4, 170),
(341, 491.13, 14, 171),
(342, 166.55, 11, 171),
(343, 151.43, 13, 172),
(344, 266.63, 5, 172),
(345, 45.91, 1, 173),
(346, 297.91, 5, 173),
(347, 334.06, 7, 174),
(348, 208.37, 11, 174),
(349, 379.75, 11, 175),
(350, 491.45, 8, 175),
(351, 411.61, 7, 176),
(352, 48.24, 5, 176),
(353, 260.94, 7, 177),
(354, 158.73, 3, 177),
(355, 242.67, 6, 178),
(356, 491.38, 14, 178),
(357, 458.52, 12, 179),
(358, 157.94, 14, 179),
(359, 300.91, 10, 180),
(360, 394.47, 12, 180),
(361, 201.25, 1, 181),
(362, 275.64, 3, 181),
(363, 433.05, 4, 182),
(364, 364.84, 13, 182),
(365, 399.85, 6, 183),
(366, 247.45, 12, 183),
(367, 164.15, 4, 184),
(368, 218.98, 10, 184),
(369, 328.84, 2, 185),
(370, 119.99, 11, 185),
(371, 410.1, 3, 186),
(372, 47.09, 11, 186),
(373, 164.62, 3, 187),
(374, 14.65, 2, 187),
(375, 11.24, 12, 188),
(376, 477.96, 5, 188),
(377, 349.26, 5, 189),
(378, 13.75, 11, 189),
(379, 12.92, 3, 190),
(380, 263.99, 3, 190),
(381, 401.54, 11, 191),
(382, 470.49, 13, 191),
(383, 61.95, 10, 192),
(384, 305.83, 12, 192),
(385, 365.61, 5, 193),
(386, 435.81, 2, 193),
(387, 57.88, 11, 194),
(388, 220.93, 13, 194),
(389, 96.92, 2, 195),
(390, 475.75, 2, 195),
(391, 60.78, 13, 196),
(392, 396.07, 7, 196),
(393, 470.09, 13, 197),
(394, 116.47, 3, 197),
(395, 354.92, 6, 198),
(396, 487.3, 6, 198),
(397, 395.94, 1, 199),
(398, 296.5, 4, 199),
(399, 27.31, 14, 200),
(400, 265.45, 8, 200),
(401, 26.28, 5, 201),
(402, 425.22, 13, 201),
(403, 325.61, 2, 202),
(404, 126.28, 3, 202),
(405, 90.76, 3, 203),
(406, 435.03, 8, 203),
(407, 497.65, 5, 204),
(408, 409.34, 1, 204),
(409, 47.08, 6, 205),
(410, 460.46, 10, 205),
(411, 159.94, 13, 206),
(412, 110.48, 12, 206),
(413, 212.85, 6, 207),
(414, 486.92, 14, 207),
(415, 400.65, 1, 208),
(416, 193.18, 13, 208),
(417, 404.66, 6, 209),
(418, 419.76, 1, 209),
(419, 209.64, 13, 210),
(420, 263.13, 13, 210),
(421, 156.79, 2, 211),
(422, 250.56, 5, 211),
(423, 242.69, 10, 212),
(424, 237.6, 6, 212),
(425, 119.59, 13, 213),
(426, 499.56, 1, 213),
(427, 33.8, 6, 214),
(428, 413.51, 4, 214),
(429, 265.63, 14, 215),
(430, 443.41, 5, 215),
(431, 300.08, 2, 216),
(432, 277.18, 1, 216),
(433, 372.79, 4, 217),
(434, 435.56, 1, 217),
(435, 274.19, 11, 218),
(436, 118.94, 7, 218),
(437, 492.72, 4, 219),
(438, 419.87, 10, 219),
(439, 142.03, 2, 220),
(440, 42.65, 13, 220),
(441, 470.68, 5, 221),
(442, 423.42, 9, 221),
(443, 6.26, 3, 222),
(444, 344.11, 14, 222),
(445, 341.58, 1, 223),
(446, 100.43, 9, 223),
(447, 259.34, 14, 224),
(448, 27.59, 14, 224),
(449, 156.12, 14, 225),
(450, 337.33, 8, 225),
(451, 50.02, 14, 226),
(452, 256.12, 8, 226),
(453, 114.36, 9, 227),
(454, 482.87, 5, 227),
(455, 372.33, 11, 228),
(456, 94.72, 2, 228),
(457, 468.19, 7, 229),
(458, 135.8, 10, 229),
(459, 52.47, 2, 230),
(460, 390.66, 9, 230),
(461, 400.03, 10, 231),
(462, 320.86, 13, 231),
(463, 411.28, 11, 232),
(464, 327.83, 5, 232),
(465, 373.57, 13, 233),
(466, 418.8, 8, 233),
(467, 334.17, 6, 234),
(468, 291.92, 3, 234),
(469, 261.61, 2, 235),
(470, 74.19, 12, 235),
(471, 252.96, 2, 236),
(472, 158.21, 12, 236),
(473, 273.5, 5, 237),
(474, 235.89, 2, 237),
(475, 212.46, 1, 238),
(476, 24.19, 8, 238),
(477, 452.99, 10, 239),
(478, 267.85, 8, 239),
(479, 89.53, 5, 240),
(480, 432.53, 14, 240),
(481, 150.6, 2, 241),
(482, 386.87, 1, 241),
(483, 174.45, 14, 242),
(484, 324.38, 2, 242),
(485, 370.04, 11, 243),
(486, 289.64, 9, 243),
(487, 9.98, 4, 244),
(488, 196.59, 13, 244),
(489, 330.6, 4, 245),
(490, 321.93, 11, 245),
(491, 89.48, 6, 246),
(492, 373.58, 12, 246),
(493, 203.34, 4, 247),
(494, 95.41, 2, 247),
(495, 409.4, 8, 248),
(496, 451.6, 4, 248),
(497, 14.37, 4, 249),
(498, 435.28, 11, 249),
(499, 34.96, 1, 250),
(500, 123.62, 1, 250),
(501, 480.99, 5, 251),
(502, 355.41, 9, 251),
(503, 331.08, 5, 252),
(504, 231.58, 11, 252),
(505, 78.95, 11, 253),
(506, 367.92, 14, 253),
(507, 402.9, 10, 254),
(508, 80.14, 2, 254),
(509, 164.69, 4, 255),
(510, 312.4, 3, 255),
(511, 60.05, 13, 256),
(512, 230.21, 2, 256),
(513, 250.35, 9, 257),
(514, 252.39, 10, 257),
(515, 191.89, 9, 258),
(516, 218.6, 1, 258),
(517, 407.63, 11, 259),
(518, 266.37, 1, 259),
(519, 263.25, 3, 260),
(520, 110.67, 8, 260),
(521, 103.94, 5, 261),
(522, 176.45, 14, 261),
(523, 87.93, 4, 262),
(524, 418.45, 8, 262),
(525, 113.1, 7, 263),
(526, 393.52, 10, 263),
(527, 411.38, 11, 264),
(528, 382.93, 9, 264),
(529, 484.84, 1, 265),
(530, 36.42, 12, 265),
(531, 128.43, 5, 266),
(532, 453.18, 9, 266),
(533, 137.22, 1, 267),
(534, 405.48, 7, 267),
(535, 319.19, 4, 268),
(536, 171.73, 2, 268),
(537, 90.58, 10, 269),
(538, 295.2, 11, 269),
(539, 391.63, 4, 270),
(540, 122.28, 7, 270),
(541, 234.73, 3, 271),
(542, 258.7, 14, 271),
(543, 494.03, 1, 272),
(544, 243.71, 4, 272),
(545, 118.9, 13, 273),
(546, 343.53, 1, 273),
(547, 249.02, 8, 274),
(548, 483.3, 5, 274),
(549, 86.66, 2, 275),
(550, 107.46, 13, 275),
(551, 138.13, 12, 276),
(552, 361.66, 14, 276),
(553, 440.16, 10, 277),
(554, 413.62, 3, 277),
(555, 382.75, 6, 278),
(556, 450.08, 8, 278),
(557, 250.54, 3, 279),
(558, 392.59, 3, 279),
(559, 193.75, 8, 280),
(560, 167.53, 14, 280),
(561, 258.42, 14, 281),
(562, 461.75, 14, 281),
(563, 325.95, 11, 282),
(564, 98.76, 10, 282),
(565, 374.53, 5, 283),
(566, 321.62, 11, 283),
(567, 465.39, 12, 284),
(568, 238.13, 1, 284),
(569, 23.99, 4, 285),
(570, 454.85, 3, 285),
(571, 62.09, 8, 286),
(572, 331.6, 1, 286),
(573, 300.64, 7, 287),
(574, 439.05, 8, 287),
(575, 132.24, 4, 288),
(576, 256.37, 6, 288),
(577, 68.29, 13, 289),
(578, 495.17, 11, 289),
(579, 348.55, 7, 290),
(580, 424.19, 13, 290),
(581, 180.39, 1, 291),
(582, 81.39, 1, 291),
(583, 54.44, 8, 292),
(584, 328.84, 1, 292),
(585, 48.92, 3, 293),
(586, 405.56, 13, 293),
(587, 354.3, 13, 294),
(588, 152, 2, 294),
(589, 351.54, 13, 295),
(590, 222.26, 14, 295),
(591, 219.12, 9, 296),
(592, 335.86, 8, 296),
(593, 325.97, 1, 297),
(594, 285.93, 3, 297),
(595, 242.06, 7, 298),
(596, 366.73, 12, 298),
(597, 274.03, 1, 299),
(598, 143.15, 2, 299),
(599, 293.45, 1, 300),
(600, 281.65, 13, 300),
(601, 490.84, 14, 301),
(602, 338.05, 10, 301),
(603, 465.92, 6, 302),
(604, 461.64, 11, 302),
(605, 212.06, 4, 303),
(606, 161.47, 4, 303),
(607, 432.22, 5, 304),
(608, 55.66, 1, 304),
(609, 161.09, 13, 305),
(610, 217.09, 1, 305),
(611, 440.87, 4, 306),
(612, 464.69, 6, 306),
(613, 255.07, 3, 307),
(614, 93.63, 12, 307),
(615, 316.05, 1, 308),
(616, 292.69, 1, 308),
(617, 404.68, 1, 309),
(618, 31.22, 1, 309),
(619, 171.66, 5, 310),
(620, 147.9, 4, 310),
(621, 150.95, 4, 311),
(622, 314.03, 13, 311),
(623, 375.38, 4, 312),
(624, 406.69, 5, 312),
(625, 374.51, 3, 313),
(626, 54.83, 4, 313),
(627, 74.78, 4, 314),
(628, 228.2, 14, 314),
(629, 147.51, 6, 315),
(630, 12.23, 3, 315),
(631, 63.81, 7, 316),
(632, 151.74, 12, 316),
(633, 247.85, 14, 317),
(634, 74.5, 11, 317),
(635, 486.28, 12, 318),
(636, 449.63, 14, 318),
(637, 295.22, 12, 319),
(638, 64.98, 3, 319),
(639, 493.54, 1, 320),
(640, 120.52, 8, 320),
(641, 484.37, 3, 321),
(642, 113.13, 8, 321),
(643, 51.37, 14, 322),
(644, 495.98, 7, 322),
(645, 23.55, 8, 323),
(646, 378.11, 9, 323),
(647, 450.47, 6, 324),
(648, 499.86, 2, 324),
(649, 351.24, 1, 325),
(650, 68.81, 10, 325),
(651, 165.82, 13, 326),
(652, 419.91, 7, 326),
(653, 51.41, 8, 327),
(654, 475.5, 2, 327),
(655, 80.17, 14, 328),
(656, 29.97, 13, 328),
(657, 70.03, 7, 329),
(658, 382.83, 2, 329),
(659, 340.05, 7, 330),
(660, 308.75, 6, 330),
(661, 384.64, 1, 331),
(662, 277.13, 12, 331),
(663, 180.42, 1, 332),
(664, 155.82, 7, 332),
(665, 364.28, 9, 333),
(666, 134.84, 11, 333),
(667, 463.67, 2, 334),
(668, 20.21, 14, 334),
(669, 73.73, 5, 335),
(670, 407.93, 12, 335),
(671, 436.22, 8, 336),
(672, 140.85, 6, 336),
(673, 104.66, 13, 337),
(674, 168.44, 7, 337),
(675, 377.66, 5, 338),
(676, 50.31, 7, 338),
(677, 281.53, 3, 339),
(678, 8.31, 1, 339),
(679, 145.5, 6, 340),
(680, 126.53, 5, 340),
(681, 255.64, 8, 341),
(682, 382.11, 9, 341),
(683, 280.63, 4, 342),
(684, 474.15, 8, 342),
(685, 149.19, 8, 343),
(686, 313.53, 12, 343),
(687, 410.13, 12, 344),
(688, 447.82, 2, 344),
(689, 75.42, 14, 345),
(690, 408.79, 3, 345),
(691, 385.82, 4, 346),
(692, 472.75, 14, 346),
(693, 284.96, 13, 347),
(694, 467.42, 7, 347),
(695, 453.7, 6, 348),
(696, 441.9, 6, 348),
(697, 324.22, 10, 349),
(698, 376.63, 8, 349),
(699, 208.49, 3, 350),
(700, 404.84, 9, 350),
(701, 327.78, 11, 351),
(702, 113.4, 8, 351),
(703, 435.88, 10, 352),
(704, 76.93, 3, 352),
(705, 356.26, 8, 353),
(706, 53.15, 9, 353),
(707, 409.67, 5, 354),
(708, 40.54, 10, 354),
(709, 324.82, 14, 355),
(710, 52.12, 11, 355),
(711, 395.83, 9, 356),
(712, 311.5, 12, 356),
(713, 483.99, 8, 357),
(714, 492.25, 1, 357),
(715, 6.39, 4, 358),
(716, 428.22, 2, 358),
(717, 467.42, 13, 359),
(718, 77.04, 11, 359),
(719, 323.53, 10, 360),
(720, 112, 9, 360),
(721, 259.06, 14, 361),
(722, 391.53, 9, 361),
(723, 363.68, 3, 362),
(724, 320.6, 12, 362),
(725, 10.15, 8, 363),
(726, 168.24, 8, 363),
(727, 440.07, 14, 364),
(728, 65.61, 9, 364),
(729, 260.74, 13, 365),
(730, 457.51, 14, 365),
(731, 344.61, 4, 366),
(732, 242.03, 14, 366),
(733, 384.1, 4, 367),
(734, 55.45, 7, 367),
(735, 302.7, 10, 368),
(736, 479.17, 10, 368),
(737, 42.96, 4, 369),
(738, 113.13, 4, 369),
(739, 347.27, 14, 370),
(740, 98.61, 12, 370),
(741, 298.69, 4, 371),
(742, 173.28, 6, 371),
(743, 195.93, 8, 372),
(744, 218.21, 7, 372),
(745, 130.98, 7, 373),
(746, 75.12, 8, 373),
(747, 47.95, 6, 374),
(748, 411.73, 12, 374),
(749, 433.72, 1, 375),
(750, 202.6, 2, 375),
(751, 486.11, 4, 376),
(752, 100.79, 10, 376),
(753, 210.14, 3, 377),
(754, 280.51, 10, 377),
(755, 407.06, 13, 378),
(756, 449.62, 4, 378),
(757, 358.16, 14, 379),
(758, 86.25, 12, 379),
(759, 71.63, 5, 380),
(760, 73.7, 2, 380),
(761, 191.27, 4, 381),
(762, 404.49, 6, 381),
(763, 31.96, 11, 382),
(764, 90.54, 12, 382),
(765, 362.12, 7, 383),
(766, 259.52, 11, 383),
(767, 140.67, 10, 384),
(768, 298.44, 11, 384),
(769, 424.31, 4, 385),
(770, 434.85, 1, 385),
(771, 127.47, 2, 386),
(772, 116.31, 9, 386),
(773, 488.1, 13, 387),
(774, 229.97, 6, 387),
(775, 429.98, 10, 388),
(776, 199.25, 10, 388),
(777, 451.14, 6, 389),
(778, 164.37, 7, 389),
(779, 366.67, 8, 390),
(780, 380.14, 7, 390),
(781, 206.66, 11, 391),
(782, 435.31, 8, 391),
(783, 432.34, 6, 392),
(784, 181.9, 12, 392),
(785, 131.88, 2, 393),
(786, 323.94, 2, 393),
(787, 474.8, 9, 394),
(788, 499.95, 4, 394),
(789, 286.41, 3, 395),
(790, 140.24, 14, 395),
(791, 71.05, 4, 396),
(792, 286.2, 2, 396),
(793, 126.82, 12, 397),
(794, 27.5, 10, 397),
(795, 356.03, 10, 398),
(796, 487.83, 6, 398),
(797, 135, 3, 399),
(798, 392.9, 7, 399),
(799, 434.44, 13, 400),
(800, 242.1, 9, 400);

-- MEMBRESIA (200 registros B2C)
INSERT INTO Membresia (idMembresia, nombre, descripcion, ClienteNatural_idClienteNatural) VALUES
(1, 'Premium', 'Membresia Premium para cliente 1', 1),
(2, 'Gold', 'Membresia Gold para cliente 2', 2),
(3, 'Standard', 'Membresia Standard para cliente 3', 3),
(4, 'Premium', 'Membresia Premium para cliente 4', 4),
(5, 'Gold', 'Membresia Gold para cliente 5', 5),
(6, 'Standard', 'Membresia Standard para cliente 6', 6),
(7, 'Premium', 'Membresia Premium para cliente 7', 7),
(8, 'Gold', 'Membresia Gold para cliente 8', 8),
(9, 'Standard', 'Membresia Standard para cliente 9', 9),
(10, 'Premium', 'Membresia Premium para cliente 10', 10),
(11, 'Gold', 'Membresia Gold para cliente 11', 11),
(12, 'Standard', 'Membresia Standard para cliente 12', 12),
(13, 'Premium', 'Membresia Premium para cliente 13', 13),
(14, 'Gold', 'Membresia Gold para cliente 14', 14),
(15, 'Standard', 'Membresia Standard para cliente 15', 15),
(16, 'Premium', 'Membresia Premium para cliente 16', 16),
(17, 'Gold', 'Membresia Gold para cliente 17', 17),
(18, 'Standard', 'Membresia Standard para cliente 18', 18),
(19, 'Premium', 'Membresia Premium para cliente 19', 19),
(20, 'Gold', 'Membresia Gold para cliente 20', 20),
(21, 'Standard', 'Membresia Standard para cliente 21', 21),
(22, 'Premium', 'Membresia Premium para cliente 22', 22),
(23, 'Gold', 'Membresia Gold para cliente 23', 23),
(24, 'Standard', 'Membresia Standard para cliente 24', 24),
(25, 'Premium', 'Membresia Premium para cliente 25', 25),
(26, 'Gold', 'Membresia Gold para cliente 26', 26),
(27, 'Standard', 'Membresia Standard para cliente 27', 27),
(28, 'Premium', 'Membresia Premium para cliente 28', 28),
(29, 'Gold', 'Membresia Gold para cliente 29', 29),
(30, 'Standard', 'Membresia Standard para cliente 30', 30),
(31, 'Premium', 'Membresia Premium para cliente 31', 31),
(32, 'Gold', 'Membresia Gold para cliente 32', 32),
(33, 'Standard', 'Membresia Standard para cliente 33', 33),
(34, 'Premium', 'Membresia Premium para cliente 34', 34),
(35, 'Gold', 'Membresia Gold para cliente 35', 35),
(36, 'Standard', 'Membresia Standard para cliente 36', 36),
(37, 'Premium', 'Membresia Premium para cliente 37', 37),
(38, 'Gold', 'Membresia Gold para cliente 38', 38),
(39, 'Standard', 'Membresia Standard para cliente 39', 39),
(40, 'Premium', 'Membresia Premium para cliente 40', 40),
(41, 'Gold', 'Membresia Gold para cliente 41', 41),
(42, 'Standard', 'Membresia Standard para cliente 42', 42),
(43, 'Premium', 'Membresia Premium para cliente 43', 43),
(44, 'Gold', 'Membresia Gold para cliente 44', 44),
(45, 'Standard', 'Membresia Standard para cliente 45', 45),
(46, 'Premium', 'Membresia Premium para cliente 46', 46),
(47, 'Gold', 'Membresia Gold para cliente 47', 47),
(48, 'Standard', 'Membresia Standard para cliente 48', 48),
(49, 'Premium', 'Membresia Premium para cliente 49', 49),
(50, 'Gold', 'Membresia Gold para cliente 50', 50),
(51, 'Standard', 'Membresia Standard para cliente 51', 51),
(52, 'Premium', 'Membresia Premium para cliente 52', 52),
(53, 'Gold', 'Membresia Gold para cliente 53', 53),
(54, 'Standard', 'Membresia Standard para cliente 54', 54),
(55, 'Premium', 'Membresia Premium para cliente 55', 55),
(56, 'Gold', 'Membresia Gold para cliente 56', 56),
(57, 'Standard', 'Membresia Standard para cliente 57', 57),
(58, 'Premium', 'Membresia Premium para cliente 58', 58),
(59, 'Gold', 'Membresia Gold para cliente 59', 59),
(60, 'Standard', 'Membresia Standard para cliente 60', 60),
(61, 'Premium', 'Membresia Premium para cliente 61', 61),
(62, 'Gold', 'Membresia Gold para cliente 62', 62),
(63, 'Standard', 'Membresia Standard para cliente 63', 63),
(64, 'Premium', 'Membresia Premium para cliente 64', 64),
(65, 'Gold', 'Membresia Gold para cliente 65', 65),
(66, 'Standard', 'Membresia Standard para cliente 66', 66),
(67, 'Premium', 'Membresia Premium para cliente 67', 67),
(68, 'Gold', 'Membresia Gold para cliente 68', 68),
(69, 'Standard', 'Membresia Standard para cliente 69', 69),
(70, 'Premium', 'Membresia Premium para cliente 70', 70),
(71, 'Gold', 'Membresia Gold para cliente 71', 71),
(72, 'Standard', 'Membresia Standard para cliente 72', 72),
(73, 'Premium', 'Membresia Premium para cliente 73', 73),
(74, 'Gold', 'Membresia Gold para cliente 74', 74),
(75, 'Standard', 'Membresia Standard para cliente 75', 75),
(76, 'Premium', 'Membresia Premium para cliente 76', 76),
(77, 'Gold', 'Membresia Gold para cliente 77', 77),
(78, 'Standard', 'Membresia Standard para cliente 78', 78),
(79, 'Premium', 'Membresia Premium para cliente 79', 79),
(80, 'Gold', 'Membresia Gold para cliente 80', 80),
(81, 'Standard', 'Membresia Standard para cliente 81', 81),
(82, 'Premium', 'Membresia Premium para cliente 82', 82),
(83, 'Gold', 'Membresia Gold para cliente 83', 83),
(84, 'Standard', 'Membresia Standard para cliente 84', 84),
(85, 'Premium', 'Membresia Premium para cliente 85', 85),
(86, 'Gold', 'Membresia Gold para cliente 86', 86),
(87, 'Standard', 'Membresia Standard para cliente 87', 87),
(88, 'Premium', 'Membresia Premium para cliente 88', 88),
(89, 'Gold', 'Membresia Gold para cliente 89', 89),
(90, 'Standard', 'Membresia Standard para cliente 90', 90),
(91, 'Premium', 'Membresia Premium para cliente 91', 91),
(92, 'Gold', 'Membresia Gold para cliente 92', 92),
(93, 'Standard', 'Membresia Standard para cliente 93', 93),
(94, 'Premium', 'Membresia Premium para cliente 94', 94),
(95, 'Gold', 'Membresia Gold para cliente 95', 95),
(96, 'Standard', 'Membresia Standard para cliente 96', 96),
(97, 'Premium', 'Membresia Premium para cliente 97', 97),
(98, 'Gold', 'Membresia Gold para cliente 98', 98),
(99, 'Standard', 'Membresia Standard para cliente 99', 99),
(100, 'Premium', 'Membresia Premium para cliente 100', 100),
(101, 'Gold', 'Membresia Gold para cliente 101', 101),
(102, 'Standard', 'Membresia Standard para cliente 102', 102),
(103, 'Premium', 'Membresia Premium para cliente 103', 103),
(104, 'Gold', 'Membresia Gold para cliente 104', 104),
(105, 'Standard', 'Membresia Standard para cliente 105', 105),
(106, 'Premium', 'Membresia Premium para cliente 106', 106),
(107, 'Gold', 'Membresia Gold para cliente 107', 107),
(108, 'Standard', 'Membresia Standard para cliente 108', 108),
(109, 'Premium', 'Membresia Premium para cliente 109', 109),
(110, 'Gold', 'Membresia Gold para cliente 110', 110),
(111, 'Standard', 'Membresia Standard para cliente 111', 111),
(112, 'Premium', 'Membresia Premium para cliente 112', 112),
(113, 'Gold', 'Membresia Gold para cliente 113', 113),
(114, 'Standard', 'Membresia Standard para cliente 114', 114),
(115, 'Premium', 'Membresia Premium para cliente 115', 115),
(116, 'Gold', 'Membresia Gold para cliente 116', 116),
(117, 'Standard', 'Membresia Standard para cliente 117', 117),
(118, 'Premium', 'Membresia Premium para cliente 118', 118),
(119, 'Gold', 'Membresia Gold para cliente 119', 119),
(120, 'Standard', 'Membresia Standard para cliente 120', 120),
(121, 'Premium', 'Membresia Premium para cliente 121', 121),
(122, 'Gold', 'Membresia Gold para cliente 122', 122),
(123, 'Standard', 'Membresia Standard para cliente 123', 123),
(124, 'Premium', 'Membresia Premium para cliente 124', 124),
(125, 'Gold', 'Membresia Gold para cliente 125', 125),
(126, 'Standard', 'Membresia Standard para cliente 126', 126),
(127, 'Premium', 'Membresia Premium para cliente 127', 127),
(128, 'Gold', 'Membresia Gold para cliente 128', 128),
(129, 'Standard', 'Membresia Standard para cliente 129', 129),
(130, 'Premium', 'Membresia Premium para cliente 130', 130),
(131, 'Gold', 'Membresia Gold para cliente 131', 131),
(132, 'Standard', 'Membresia Standard para cliente 132', 132),
(133, 'Premium', 'Membresia Premium para cliente 133', 133),
(134, 'Gold', 'Membresia Gold para cliente 134', 134),
(135, 'Standard', 'Membresia Standard para cliente 135', 135),
(136, 'Premium', 'Membresia Premium para cliente 136', 136),
(137, 'Gold', 'Membresia Gold para cliente 137', 137),
(138, 'Standard', 'Membresia Standard para cliente 138', 138),
(139, 'Premium', 'Membresia Premium para cliente 139', 139),
(140, 'Gold', 'Membresia Gold para cliente 140', 140),
(141, 'Standard', 'Membresia Standard para cliente 141', 141),
(142, 'Premium', 'Membresia Premium para cliente 142', 142),
(143, 'Gold', 'Membresia Gold para cliente 143', 143),
(144, 'Standard', 'Membresia Standard para cliente 144', 144),
(145, 'Premium', 'Membresia Premium para cliente 145', 145),
(146, 'Gold', 'Membresia Gold para cliente 146', 146),
(147, 'Standard', 'Membresia Standard para cliente 147', 147),
(148, 'Premium', 'Membresia Premium para cliente 148', 148),
(149, 'Gold', 'Membresia Gold para cliente 149', 149),
(150, 'Standard', 'Membresia Standard para cliente 150', 150),
(151, 'Premium', 'Membresia Premium para cliente 151', 151),
(152, 'Gold', 'Membresia Gold para cliente 152', 152),
(153, 'Standard', 'Membresia Standard para cliente 153', 153),
(154, 'Premium', 'Membresia Premium para cliente 154', 154),
(155, 'Gold', 'Membresia Gold para cliente 155', 155),
(156, 'Standard', 'Membresia Standard para cliente 156', 156),
(157, 'Premium', 'Membresia Premium para cliente 157', 157),
(158, 'Gold', 'Membresia Gold para cliente 158', 158),
(159, 'Standard', 'Membresia Standard para cliente 159', 159),
(160, 'Premium', 'Membresia Premium para cliente 160', 160),
(161, 'Gold', 'Membresia Gold para cliente 161', 161),
(162, 'Standard', 'Membresia Standard para cliente 162', 162),
(163, 'Premium', 'Membresia Premium para cliente 163', 163),
(164, 'Gold', 'Membresia Gold para cliente 164', 164),
(165, 'Standard', 'Membresia Standard para cliente 165', 165),
(166, 'Premium', 'Membresia Premium para cliente 166', 166),
(167, 'Gold', 'Membresia Gold para cliente 167', 167),
(168, 'Standard', 'Membresia Standard para cliente 168', 168),
(169, 'Premium', 'Membresia Premium para cliente 169', 169),
(170, 'Gold', 'Membresia Gold para cliente 170', 170),
(171, 'Standard', 'Membresia Standard para cliente 171', 171),
(172, 'Premium', 'Membresia Premium para cliente 172', 172),
(173, 'Gold', 'Membresia Gold para cliente 173', 173),
(174, 'Standard', 'Membresia Standard para cliente 174', 174),
(175, 'Premium', 'Membresia Premium para cliente 175', 175),
(176, 'Gold', 'Membresia Gold para cliente 176', 176),
(177, 'Standard', 'Membresia Standard para cliente 177', 177),
(178, 'Premium', 'Membresia Premium para cliente 178', 178),
(179, 'Gold', 'Membresia Gold para cliente 179', 179),
(180, 'Standard', 'Membresia Standard para cliente 180', 180),
(181, 'Premium', 'Membresia Premium para cliente 181', 181),
(182, 'Gold', 'Membresia Gold para cliente 182', 182),
(183, 'Standard', 'Membresia Standard para cliente 183', 183),
(184, 'Premium', 'Membresia Premium para cliente 184', 184),
(185, 'Gold', 'Membresia Gold para cliente 185', 185),
(186, 'Standard', 'Membresia Standard para cliente 186', 186),
(187, 'Premium', 'Membresia Premium para cliente 187', 187),
(188, 'Gold', 'Membresia Gold para cliente 188', 188),
(189, 'Standard', 'Membresia Standard para cliente 189', 189),
(190, 'Premium', 'Membresia Premium para cliente 190', 190),
(191, 'Gold', 'Membresia Gold para cliente 191', 191),
(192, 'Standard', 'Membresia Standard para cliente 192', 192),
(193, 'Premium', 'Membresia Premium para cliente 193', 193),
(194, 'Gold', 'Membresia Gold para cliente 194', 194),
(195, 'Standard', 'Membresia Standard para cliente 195', 195),
(196, 'Premium', 'Membresia Premium para cliente 196', 196),
(197, 'Gold', 'Membresia Gold para cliente 197', 197),
(198, 'Standard', 'Membresia Standard para cliente 198', 198),
(199, 'Premium', 'Membresia Premium para cliente 199', 199),
(200, 'Gold', 'Membresia Gold para cliente 200', 200);

-- ORDEN VENTA (200 registros B2C)
INSERT INTO OrdenVenta (idOrdenVenta, fechaHoraEmision, fechaHoraVencimiento, estatusPendientePago) VALUES
(1, '2025-04-24', '2025-03-26', 'N'),
(2, '2025-04-16', '2025-01-16', 'N'),
(3, '2025-05-20', '2025-04-12', 'N'),
(4, '2025-05-17', '2025-03-24', 'N'),
(5, '2025-07-16', '2025-02-20', 'N'),
(6, '2025-03-22', '2025-05-12', 'N'),
(7, '2025-05-23', '2025-08-21', 'N'),
(8, '2025-04-11', '2025-08-25', 'N'),
(9, '2025-02-24', '2025-03-19', 'N'),
(10, '2025-07-24', '2025-07-17', 'N'),
(11, '2025-07-21', '2025-07-24', 'N'),
(12, '2025-01-14', '2025-02-20', 'N'),
(13, '2025-05-19', '2025-02-20', 'N'),
(14, '2025-03-21', '2025-06-11', 'N'),
(15, '2025-04-21', '2025-02-24', 'N'),
(16, '2025-05-18', '2025-02-23', 'N'),
(17, '2025-08-26', '2025-07-16', 'N'),
(18, '2025-01-16', '2025-03-20', 'N'),
(19, '2025-08-27', '2025-05-18', 'N'),
(20, '2025-03-19', '2025-04-18', 'N'),
(21, '2025-06-15', '2025-01-15', 'N'),
(22, '2025-04-26', '2025-07-17', 'N'),
(23, '2025-06-26', '2025-05-11', 'N'),
(24, '2025-05-11', '2025-02-22', 'N'),
(25, '2025-05-13', '2025-08-14', 'N'),
(26, '2025-08-17', '2025-01-18', 'N'),
(27, '2025-07-12', '2025-02-25', 'N'),
(28, '2025-07-23', '2025-07-13', 'N'),
(29, '2025-02-10', '2025-05-11', 'N'),
(30, '2025-03-20', '2025-02-11', 'N'),
(31, '2025-03-23', '2025-03-18', 'N'),
(32, '2025-02-25', '2025-02-20', 'N'),
(33, '2025-07-20', '2025-01-24', 'N'),
(34, '2025-08-15', '2025-02-25', 'N'),
(35, '2025-06-14', '2025-02-14', 'N'),
(36, '2025-07-13', '2025-05-23', 'N'),
(37, '2025-02-10', '2025-05-27', 'N'),
(38, '2025-03-17', '2025-05-27', 'N'),
(39, '2025-07-13', '2025-07-24', 'N'),
(40, '2025-08-19', '2025-03-14', 'N'),
(41, '2025-07-18', '2025-06-20', 'N'),
(42, '2025-05-26', '2025-05-20', 'N'),
(43, '2025-08-19', '2025-06-27', 'N'),
(44, '2025-07-14', '2025-06-19', 'N'),
(45, '2025-01-11', '2025-08-25', 'N'),
(46, '2025-03-17', '2025-04-13', 'N'),
(47, '2025-01-20', '2025-07-25', 'N'),
(48, '2025-06-16', '2025-06-14', 'N'),
(49, '2025-04-21', '2025-03-17', 'N'),
(50, '2025-08-11', '2025-07-27', 'N'),
(51, '2025-07-13', '2025-02-13', 'N'),
(52, '2025-03-17', '2025-04-26', 'N'),
(53, '2025-04-11', '2025-07-18', 'N'),
(54, '2025-07-15', '2025-02-15', 'N'),
(55, '2025-02-11', '2025-07-19', 'N'),
(56, '2025-02-24', '2025-05-17', 'N'),
(57, '2025-03-15', '2025-07-24', 'N'),
(58, '2025-06-17', '2025-03-20', 'N'),
(59, '2025-03-18', '2025-04-14', 'N'),
(60, '2025-02-14', '2025-03-15', 'N'),
(61, '2025-05-17', '2025-01-12', 'N'),
(62, '2025-07-13', '2025-08-24', 'N'),
(63, '2025-07-20', '2025-04-14', 'N'),
(64, '2025-04-22', '2025-08-20', 'N'),
(65, '2025-06-16', '2025-04-12', 'N'),
(66, '2025-07-12', '2025-05-27', 'N'),
(67, '2025-04-15', '2025-05-21', 'N'),
(68, '2025-02-10', '2025-08-26', 'N'),
(69, '2025-02-21', '2025-02-15', 'N'),
(70, '2025-05-12', '2025-06-21', 'N'),
(71, '2025-06-27', '2025-03-11', 'N'),
(72, '2025-02-12', '2025-05-14', 'N'),
(73, '2025-07-27', '2025-06-27', 'N'),
(74, '2025-05-21', '2025-04-25', 'N'),
(75, '2025-07-13', '2025-07-25', 'N'),
(76, '2025-02-26', '2025-05-25', 'N'),
(77, '2025-04-17', '2025-04-27', 'N'),
(78, '2025-06-14', '2025-02-23', 'N'),
(79, '2025-06-18', '2025-02-16', 'N'),
(80, '2025-03-22', '2025-07-18', 'N'),
(81, '2025-07-25', '2025-06-25', 'N'),
(82, '2025-03-21', '2025-05-26', 'N'),
(83, '2025-03-18', '2025-02-16', 'N'),
(84, '2025-02-27', '2025-01-21', 'N'),
(85, '2025-07-14', '2025-04-20', 'N'),
(86, '2025-01-16', '2025-01-25', 'N'),
(87, '2025-03-18', '2025-06-22', 'N'),
(88, '2025-03-18', '2025-04-25', 'N'),
(89, '2025-08-19', '2025-08-14', 'N'),
(90, '2025-06-16', '2025-05-16', 'N'),
(91, '2025-02-14', '2025-01-10', 'N'),
(92, '2025-02-12', '2025-02-24', 'N'),
(93, '2025-01-18', '2025-02-26', 'N'),
(94, '2025-03-24', '2025-06-20', 'N'),
(95, '2025-06-24', '2025-08-18', 'N'),
(96, '2025-02-23', '2025-04-14', 'N'),
(97, '2025-01-18', '2025-08-25', 'N'),
(98, '2025-03-27', '2025-07-10', 'N'),
(99, '2025-08-19', '2025-03-10', 'N'),
(100, '2025-02-23', '2025-06-11', 'N'),
(101, '2025-02-17', '2025-01-27', 'N'),
(102, '2025-05-11', '2025-03-26', 'N'),
(103, '2025-01-24', '2025-03-10', 'N'),
(104, '2025-08-13', '2025-07-24', 'N'),
(105, '2025-07-15', '2025-07-16', 'N'),
(106, '2025-02-16', '2025-04-12', 'N'),
(107, '2025-02-14', '2025-04-22', 'N'),
(108, '2025-04-24', '2025-08-14', 'N'),
(109, '2025-04-22', '2025-08-16', 'N'),
(110, '2025-07-12', '2025-02-27', 'N'),
(111, '2025-03-22', '2025-01-22', 'N'),
(112, '2025-02-19', '2025-08-15', 'N'),
(113, '2025-03-27', '2025-06-22', 'N'),
(114, '2025-04-11', '2025-02-25', 'N'),
(115, '2025-06-14', '2025-04-11', 'N'),
(116, '2025-07-11', '2025-06-22', 'N'),
(117, '2025-01-21', '2025-05-14', 'N'),
(118, '2025-03-20', '2025-07-26', 'N'),
(119, '2025-06-15', '2025-03-12', 'N'),
(120, '2025-04-22', '2025-01-21', 'N'),
(121, '2025-05-11', '2025-02-12', 'N'),
(122, '2025-03-23', '2025-07-23', 'N'),
(123, '2025-07-16', '2025-03-20', 'N'),
(124, '2025-08-12', '2025-01-21', 'N'),
(125, '2025-02-19', '2025-01-19', 'N'),
(126, '2025-04-23', '2025-04-14', 'N'),
(127, '2025-01-13', '2025-07-21', 'N'),
(128, '2025-06-19', '2025-06-14', 'N'),
(129, '2025-05-22', '2025-02-17', 'N'),
(130, '2025-01-24', '2025-01-12', 'N'),
(131, '2025-07-12', '2025-02-15', 'N'),
(132, '2025-03-11', '2025-02-18', 'N'),
(133, '2025-04-23', '2025-05-17', 'N'),
(134, '2025-05-22', '2025-03-13', 'N'),
(135, '2025-07-24', '2025-02-26', 'N'),
(136, '2025-04-24', '2025-04-12', 'N'),
(137, '2025-04-19', '2025-08-19', 'N'),
(138, '2025-08-15', '2025-04-18', 'N'),
(139, '2025-01-13', '2025-06-12', 'N'),
(140, '2025-08-23', '2025-06-11', 'N'),
(141, '2025-06-17', '2025-07-21', 'N'),
(142, '2025-06-20', '2025-08-10', 'N'),
(143, '2025-04-19', '2025-08-15', 'N'),
(144, '2025-06-23', '2025-03-26', 'N'),
(145, '2025-07-20', '2025-06-16', 'N'),
(146, '2025-06-27', '2025-04-11', 'N'),
(147, '2025-06-18', '2025-08-18', 'N'),
(148, '2025-06-17', '2025-02-11', 'N'),
(149, '2025-06-25', '2025-03-22', 'N'),
(150, '2025-03-11', '2025-04-21', 'N'),
(151, '2025-05-21', '2025-05-21', 'N'),
(152, '2025-02-18', '2025-01-19', 'N'),
(153, '2025-06-12', '2025-01-11', 'N'),
(154, '2025-05-17', '2025-01-19', 'N'),
(155, '2025-03-13', '2025-04-13', 'N'),
(156, '2025-05-17', '2025-06-18', 'N'),
(157, '2025-03-26', '2025-01-11', 'N'),
(158, '2025-03-24', '2025-02-13', 'N'),
(159, '2025-07-27', '2025-07-22', 'N'),
(160, '2025-06-14', '2025-08-25', 'N'),
(161, '2025-04-14', '2025-07-12', 'N'),
(162, '2025-01-11', '2025-06-22', 'N'),
(163, '2025-05-11', '2025-08-23', 'N'),
(164, '2025-05-10', '2025-06-17', 'N'),
(165, '2025-03-25', '2025-03-25', 'N'),
(166, '2025-05-15', '2025-06-13', 'N'),
(167, '2025-03-14', '2025-01-14', 'N'),
(168, '2025-08-12', '2025-04-13', 'N'),
(169, '2025-03-20', '2025-01-19', 'N'),
(170, '2025-07-18', '2025-08-12', 'N'),
(171, '2025-03-26', '2025-05-21', 'N'),
(172, '2025-06-22', '2025-07-21', 'N'),
(173, '2025-01-19', '2025-04-20', 'N'),
(174, '2025-06-24', '2025-03-20', 'N'),
(175, '2025-08-19', '2025-06-12', 'N'),
(176, '2025-07-24', '2025-01-24', 'N'),
(177, '2025-08-21', '2025-07-11', 'N'),
(178, '2025-05-11', '2025-08-17', 'N'),
(179, '2025-01-16', '2025-08-24', 'N'),
(180, '2025-02-22', '2025-08-20', 'N'),
(181, '2025-07-15', '2025-04-27', 'N'),
(182, '2025-08-17', '2025-01-16', 'N'),
(183, '2025-02-11', '2025-01-17', 'N'),
(184, '2025-02-24', '2025-06-24', 'N'),
(185, '2025-01-22', '2025-01-18', 'N'),
(186, '2025-01-19', '2025-06-11', 'N'),
(187, '2025-08-14', '2025-02-21', 'N'),
(188, '2025-04-15', '2025-06-23', 'N'),
(189, '2025-06-22', '2025-08-15', 'N'),
(190, '2025-08-24', '2025-08-19', 'N'),
(191, '2025-03-13', '2025-06-19', 'N'),
(192, '2025-06-17', '2025-06-16', 'N'),
(193, '2025-05-12', '2025-06-19', 'N'),
(194, '2025-04-11', '2025-01-22', 'N'),
(195, '2025-03-15', '2025-07-17', 'N'),
(196, '2025-08-14', '2025-01-24', 'N'),
(197, '2025-06-21', '2025-04-15', 'N'),
(198, '2025-05-11', '2025-04-20', 'N'),
(199, '2025-04-15', '2025-07-21', 'N'),
(200, '2025-08-27', '2025-01-11', 'N');

-- SUBASTA (100)
INSERT INTO Subasta (idSubasta, fechaHoraInicio, fechaHoraFin, precioBase, incrementoMinimo, OrdenVenta_idOrdenVenta) VALUES
(1, '2025-04-21', '2025-01-20', 353.05, 17.65, 87),
(2, '2025-04-12', '2025-01-27', 163.35, 8.17, 105),
(3, '2025-02-27', '2025-07-21', 423.77, 21.19, 14),
(4, '2025-02-23', '2025-07-11', 133.63, 6.68, 59),
(5, '2025-07-12', '2025-05-26', 52.1, 2.61, 59),
(6, '2025-02-23', '2025-02-21', 498.98, 24.95, 147),
(7, '2025-02-19', '2025-04-27', 375.27, 18.76, 153),
(8, '2025-05-17', '2025-01-25', 209.26, 10.46, 4),
(9, '2025-08-18', '2025-06-24', 311.67, 15.58, 180),
(10, '2025-03-19', '2025-08-17', 90.32, 4.52, 142),
(11, '2025-02-25', '2025-02-11', 234.93, 11.75, 19),
(12, '2025-07-19', '2025-01-26', 185.28, 9.26, 73),
(13, '2025-04-14', '2025-07-14', 402.57, 20.13, 90),
(14, '2025-06-26', '2025-08-20', 327.9, 16.4, 85),
(15, '2025-08-18', '2025-06-12', 238.28, 11.91, 190),
(16, '2025-07-14', '2025-04-21', 259.36, 12.97, 193),
(17, '2025-06-12', '2025-03-14', 119.96, 6, 7),
(18, '2025-04-11', '2025-03-21', 178.5, 8.93, 198),
(19, '2025-08-10', '2025-05-16', 286.63, 14.33, 37),
(20, '2025-01-18', '2025-05-21', 476.19, 23.81, 57),
(21, '2025-01-10', '2025-05-24', 415.67, 20.78, 48),
(22, '2025-01-14', '2025-08-19', 405.08, 20.25, 97),
(23, '2025-05-11', '2025-06-19', 472.03, 23.6, 90),
(24, '2025-04-16', '2025-08-27', 422.08, 21.1, 51),
(25, '2025-03-19', '2025-04-13', 25.34, 1.27, 159),
(26, '2025-04-13', '2025-02-14', 75.87, 3.79, 68),
(27, '2025-05-27', '2025-08-15', 258.23, 12.91, 118),
(28, '2025-06-24', '2025-01-20', 43.73, 2.19, 48),
(29, '2025-05-24', '2025-01-25', 415.14, 20.76, 189),
(30, '2025-08-11', '2025-03-14', 200.74, 10.04, 10),
(31, '2025-04-15', '2025-08-27', 58.75, 2.94, 90),
(32, '2025-08-24', '2025-05-13', 160.81, 8.04, 75),
(33, '2025-05-26', '2025-02-20', 433.86, 21.69, 78),
(34, '2025-01-17', '2025-05-16', 256.46, 12.82, 52),
(35, '2025-01-21', '2025-06-14', 195.04, 9.75, 119),
(36, '2025-08-21', '2025-08-14', 385.49, 19.27, 37),
(37, '2025-04-16', '2025-02-13', 286.02, 14.3, 31),
(38, '2025-06-25', '2025-04-21', 16.78, 0.84, 88),
(39, '2025-01-25', '2025-01-27', 237.26, 11.86, 166),
(40, '2025-01-17', '2025-01-14', 184.62, 9.23, 2),
(41, '2025-03-26', '2025-01-11', 167.45, 8.37, 37),
(42, '2025-03-25', '2025-02-22', 347.04, 17.35, 51),
(43, '2025-07-27', '2025-03-19', 343.42, 17.17, 125),
(44, '2025-04-14', '2025-01-24', 380.48, 19.02, 80),
(45, '2025-03-27', '2025-07-27', 91.87, 4.59, 44),
(46, '2025-04-11', '2025-06-27', 100.47, 5.02, 23),
(47, '2025-01-14', '2025-08-24', 31.81, 1.59, 169),
(48, '2025-07-23', '2025-05-19', 235.34, 11.77, 56),
(49, '2025-03-25', '2025-07-27', 312.03, 15.6, 83),
(50, '2025-05-20', '2025-05-15', 431.89, 21.59, 108),
(51, '2025-01-24', '2025-03-12', 245.54, 12.28, 144),
(52, '2025-03-16', '2025-05-19', 422.57, 21.13, 195),
(53, '2025-08-13', '2025-07-16', 264.92, 13.25, 177),
(54, '2025-05-17', '2025-04-10', 342.95, 17.15, 63),
(55, '2025-08-20', '2025-07-26', 316.25, 15.81, 50),
(56, '2025-03-22', '2025-01-10', 178.26, 8.91, 8),
(57, '2025-01-10', '2025-06-24', 216.3, 10.82, 110),
(58, '2025-03-17', '2025-02-10', 144.8, 7.24, 95),
(59, '2025-05-18', '2025-01-27', 48.57, 2.43, 163),
(60, '2025-01-11', '2025-07-11', 280.62, 14.03, 54),
(61, '2025-06-23', '2025-07-26', 368.27, 18.41, 31),
(62, '2025-04-19', '2025-01-14', 110.99, 5.55, 138),
(63, '2025-06-24', '2025-04-16', 111.61, 5.58, 87),
(64, '2025-08-22', '2025-03-18', 109.8, 5.49, 2),
(65, '2025-08-19', '2025-02-12', 149.6, 7.48, 139),
(66, '2025-02-24', '2025-03-15', 467.41, 23.37, 38),
(67, '2025-02-27', '2025-07-19', 460.25, 23.01, 140),
(68, '2025-08-10', '2025-07-19', 31.17, 1.56, 186),
(69, '2025-03-15', '2025-04-27', 221.69, 11.08, 89),
(70, '2025-03-25', '2025-04-12', 460.66, 23.03, 121),
(71, '2025-03-20', '2025-02-10', 358.16, 17.91, 80),
(72, '2025-01-10', '2025-07-19', 400.25, 20.01, 17),
(73, '2025-06-21', '2025-05-19', 75.35, 3.77, 45),
(74, '2025-08-26', '2025-08-20', 352.71, 17.64, 116),
(75, '2025-05-16', '2025-05-16', 191, 9.55, 36),
(76, '2025-03-14', '2025-06-26', 380.03, 19, 4),
(77, '2025-03-16', '2025-02-27', 370.71, 18.54, 84),
(78, '2025-08-19', '2025-02-20', 98.19, 4.91, 111),
(79, '2025-03-24', '2025-05-20', 448.7, 22.44, 50),
(80, '2025-06-10', '2025-05-26', 373.55, 18.68, 41),
(81, '2025-04-23', '2025-07-17', 489.84, 24.49, 190),
(82, '2025-08-11', '2025-02-10', 416.48, 20.82, 122),
(83, '2025-06-25', '2025-02-27', 261.9, 13.1, 3),
(84, '2025-05-15', '2025-07-26', 249.42, 12.47, 174),
(85, '2025-07-11', '2025-07-10', 209.63, 10.48, 104),
(86, '2025-07-27', '2025-05-17', 25.83, 1.29, 32),
(87, '2025-03-15', '2025-01-25', 287.73, 14.39, 132),
(88, '2025-08-24', '2025-04-10', 403.81, 20.19, 49),
(89, '2025-07-26', '2025-07-19', 32.84, 1.64, 142),
(90, '2025-05-10', '2025-07-26', 61.69, 3.08, 125),
(91, '2025-07-12', '2025-06-11', 391.07, 19.55, 124),
(92, '2025-04-19', '2025-07-13', 498.37, 24.92, 22),
(93, '2025-08-25', '2025-02-15', 162.9, 8.15, 193),
(94, '2025-07-25', '2025-05-10', 149.81, 7.49, 98),
(95, '2025-06-13', '2025-05-20', 176.88, 8.84, 79),
(96, '2025-01-14', '2025-08-22', 378.8, 18.94, 23),
(97, '2025-06-14', '2025-06-25', 53.61, 2.68, 12),
(98, '2025-06-19', '2025-03-16', 65.12, 3.26, 85),
(99, '2025-02-18', '2025-04-10', 384.31, 19.22, 163),
(100, '2025-01-13', '2025-06-24', 110.51, 5.53, 129);

-- PUJA (6000)
INSERT INTO Puja (idPuja, fechaHora, monto, ClienteNatural_idClienteNatural, Subasta_idSubasta) VALUES
(1, '2025-03-25 11:', 50.74, 27, 59),
(2, '2025-06-18 15:', 441.49, 24, 55),
(3, '2025-02-11 14:', 4052.23, 108, 53),
(4, '2025-08-19 13:', 1997.59, 159, 58),
(5, '2025-02-22 14:', 584.25, 46, 11),
(6, '2025-05-13 12:', 3860.21, 114, 61),
(7, '2025-04-21 0:', 3449.64, 77, 81),
(8, '2025-03-12 21:', 4206.23, 62, 12),
(9, '2025-01-26 8:', 4114.35, 89, 43),
(10, '2025-04-23 1:', 1742.55, 186, 5),
(11, '2025-06-17 3:', 979.68, 167, 70),
(12, '2025-03-11 22:', 4555.33, 115, 18),
(13, '2025-02-17 7:', 3933.23, 128, 70),
(14, '2025-06-17 18:', 1903.86, 44, 4),
(15, '2025-01-11 8:', 3166.77, 18, 90),
(16, '2025-02-16 15:', 1468.32, 29, 99),
(17, '2025-08-27 20:', 1259.32, 155, 35),
(18, '2025-08-17 8:', 4185.9, 101, 75),
(19, '2025-05-15 3:', 1913.88, 157, 68),
(20, '2025-08-27 18:', 1271.18, 6, 10),
(21, '2025-06-18 19:', 1062.25, 161, 75),
(22, '2025-04-18 5:', 3810.58, 25, 10),
(23, '2025-02-26 12:', 3055.59, 109, 70),
(24, '2025-05-16 20:', 1233.51, 2, 34),
(25, '2025-07-24 5:', 838.31, 80, 35),
(26, '2025-05-16 20:', 3412.81, 60, 47),
(27, '2025-05-13 10:', 4899.12, 184, 62),
(28, '2025-03-15 10:', 2863.55, 176, 79),
(29, '2025-08-27 18:', 4009.18, 107, 73),
(30, '2025-02-23 17:', 1402.22, 35, 85),
(31, '2025-01-10 8:', 4616.25, 37, 74),
(32, '2025-04-22 1:', 4502.36, 24, 4),
(33, '2025-01-10 0:', 3511.71, 161, 31),
(34, '2025-07-13 10:', 2796.27, 167, 79),
(35, '2025-08-27 2:', 939.82, 169, 71),
(36, '2025-03-15 4:', 2491.96, 65, 56),
(37, '2025-03-14 4:', 2732.68, 8, 23),
(38, '2025-06-14 21:', 297.27, 171, 41),
(39, '2025-06-21 11:', 1008.52, 152, 28),
(40, '2025-02-11 10:', 2305.72, 46, 35),
(41, '2025-07-14 13:', 2017.12, 49, 60),
(42, '2025-03-18 5:', 3344.05, 185, 68),
(43, '2025-02-18 22:', 2431.5, 49, 79),
(44, '2025-06-16 22:', 4585.04, 98, 46),
(45, '2025-05-24 7:', 2218.5, 36, 28),
(46, '2025-05-16 5:', 4633.2, 156, 73),
(47, '2025-07-24 13:', 3886.16, 146, 37),
(48, '2025-05-17 13:', 1867.17, 146, 63),
(49, '2025-01-16 4:', 3436.22, 126, 16),
(50, '2025-07-20 4:', 2925.56, 166, 47),
(51, '2025-07-11 1:', 3480.99, 138, 3),
(52, '2025-04-10 22:', 4233.78, 42, 77),
(53, '2025-03-23 9:', 1502.28, 90, 69),
(54, '2025-03-22 20:', 577.95, 170, 9),
(55, '2025-01-14 21:', 3365.59, 134, 67),
(56, '2025-01-14 18:', 2023.26, 69, 24),
(57, '2025-04-21 19:', 2328.04, 142, 57),
(58, '2025-07-26 5:', 1414.31, 171, 55),
(59, '2025-03-21 2:', 725.82, 100, 50),
(60, '2025-07-19 7:', 2596.57, 150, 81),
(61, '2025-02-13 0:', 2903.74, 98, 66),
(62, '2025-08-17 12:', 198.49, 27, 7),
(63, '2025-01-26 22:', 29.22, 135, 3),
(64, '2025-08-15 20:', 314.64, 46, 53),
(65, '2025-05-19 19:', 2590.6, 186, 76),
(66, '2025-03-14 19:', 426.96, 122, 66),
(67, '2025-04-21 9:', 3139.41, 83, 26),
(68, '2025-02-11 6:', 2777.09, 145, 57),
(69, '2025-03-27 1:', 700.32, 10, 95),
(70, '2025-04-22 0:', 4390.79, 69, 53),
(71, '2025-02-17 17:', 1495.42, 48, 85),
(72, '2025-03-24 6:', 744.33, 96, 98),
(73, '2025-08-23 5:', 21.76, 156, 25),
(74, '2025-05-16 2:', 995.32, 48, 83),
(75, '2025-02-19 19:', 2343.73, 34, 27),
(76, '2025-06-14 15:', 4433.29, 26, 62),
(77, '2025-04-21 1:', 3903.03, 178, 76),
(78, '2025-03-15 7:', 3015.46, 106, 50),
(79, '2025-03-23 18:', 4903.22, 112, 50),
(80, '2025-05-16 13:', 2102.94, 104, 6),
(81, '2025-03-26 22:', 1603.07, 186, 48),
(82, '2025-03-22 6:', 3041.51, 189, 34),
(83, '2025-04-27 5:', 3244.83, 35, 76),
(84, '2025-02-19 0:', 1527.13, 62, 35),
(85, '2025-08-19 13:', 389.04, 44, 55),
(86, '2025-05-12 16:', 725, 194, 36),
(87, '2025-01-15 13:', 2188.07, 183, 36),
(88, '2025-06-12 3:', 2264.96, 164, 79),
(89, '2025-08-16 21:', 761.53, 130, 31),
(90, '2025-08-21 18:', 1603.95, 64, 30),
(91, '2025-05-23 20:', 3473.33, 188, 85),
(92, '2025-07-25 6:', 3774.56, 82, 44),
(93, '2025-05-20 11:', 4262.04, 114, 89),
(94, '2025-01-15 13:', 2352.45, 171, 80),
(95, '2025-05-26 16:', 988.09, 1, 29),
(96, '2025-01-17 10:', 1408.88, 117, 16),
(97, '2025-03-25 14:', 4757.72, 23, 92),
(98, '2025-03-21 4:', 115.36, 96, 40),
(99, '2025-06-21 22:', 843.13, 92, 79),
(100, '2025-06-14 20:', 2041.3, 111, 60),
(101, '2025-02-26 15:', 4343, 89, 30),
(102, '2025-01-17 5:', 724.36, 39, 44),
(103, '2025-07-25 14:', 4363.87, 147, 67),
(104, '2025-02-15 21:', 3912.39, 176, 9),
(105, '2025-08-10 22:', 3111.9, 10, 65),
(106, '2025-06-11 20:', 4541.88, 190, 17),
(107, '2025-02-10 2:', 2422.57, 161, 91),
(108, '2025-04-14 7:', 668.65, 180, 70),
(109, '2025-02-12 3:', 281.24, 28, 30),
(110, '2025-06-25 3:', 4646.35, 172, 89),
(111, '2025-06-15 19:', 4043.39, 119, 81),
(112, '2025-05-10 6:', 1235.65, 69, 95),
(113, '2025-04-25 12:', 4052.26, 64, 18),
(114, '2025-08-13 10:', 1917.28, 111, 64),
(115, '2025-03-11 18:', 731.13, 171, 87),
(116, '2025-08-22 19:', 246.34, 153, 11),
(117, '2025-08-21 16:', 4999.31, 174, 32),
(118, '2025-06-20 12:', 2723.28, 135, 52),
(119, '2025-05-10 8:', 3913.78, 76, 60),
(120, '2025-07-23 9:', 2654.97, 14, 76),
(121, '2025-08-10 21:', 2851.1, 108, 12),
(122, '2025-04-16 11:', 2773.86, 138, 42),
(123, '2025-02-19 12:', 2726.26, 132, 42),
(124, '2025-07-21 16:', 3145.68, 55, 1),
(125, '2025-08-25 18:', 2833.3, 148, 14),
(126, '2025-08-11 9:', 733.4, 12, 81),
(127, '2025-05-13 18:', 1857.54, 34, 34),
(128, '2025-03-26 2:', 926.15, 154, 14),
(129, '2025-03-26 11:', 1485.52, 175, 11),
(130, '2025-01-15 3:', 2961.45, 162, 68),
(131, '2025-07-13 19:', 4360.77, 109, 81),
(132, '2025-03-10 3:', 2734.88, 83, 13),
(133, '2025-08-21 15:', 3216.66, 29, 26),
(134, '2025-01-23 9:', 3143.39, 4, 30),
(135, '2025-01-21 15:', 4940.28, 198, 4),
(136, '2025-08-16 4:', 539.26, 155, 85),
(137, '2025-05-11 1:', 4538.85, 199, 61),
(138, '2025-06-22 20:', 2050.87, 140, 48),
(139, '2025-03-20 21:', 3296.35, 136, 80),
(140, '2025-08-25 5:', 3688.85, 90, 16),
(141, '2025-04-12 6:', 1826.51, 184, 51),
(142, '2025-05-25 7:', 847.27, 58, 80),
(143, '2025-05-25 21:', 591.41, 162, 19),
(144, '2025-02-15 15:', 1115.46, 182, 60),
(145, '2025-04-16 18:', 4099.98, 31, 14),
(146, '2025-08-15 12:', 3564.93, 5, 33),
(147, '2025-05-15 0:', 759.9, 124, 85),
(148, '2025-02-11 11:', 2304.52, 6, 57),
(149, '2025-06-16 0:', 3587.14, 88, 2),
(150, '2025-08-11 15:', 4424.81, 159, 18),
(151, '2025-08-17 5:', 4658.83, 195, 25),
(152, '2025-05-19 3:', 2052.12, 155, 83),
(153, '2025-08-27 10:', 4694.67, 40, 15),
(154, '2025-03-20 21:', 3401.93, 176, 56),
(155, '2025-07-18 17:', 2480.67, 159, 40),
(156, '2025-06-15 14:', 3369.76, 114, 69),
(157, '2025-06-23 18:', 3840.11, 105, 64),
(158, '2025-03-17 13:', 3856.34, 174, 48),
(159, '2025-02-22 11:', 2019.01, 18, 87),
(160, '2025-04-18 0:', 4400.4, 13, 22),
(161, '2025-03-23 10:', 234.2, 176, 87),
(162, '2025-04-20 18:', 1065.03, 29, 47),
(163, '2025-03-25 6:', 4811.79, 72, 57),
(164, '2025-03-10 18:', 806.75, 31, 10),
(165, '2025-07-20 18:', 1623.39, 63, 59),
(166, '2025-08-12 15:', 519.45, 142, 82),
(167, '2025-06-19 1:', 4064.07, 190, 44),
(168, '2025-03-11 17:', 1308.25, 93, 32),
(169, '2025-05-15 15:', 3978.74, 131, 15),
(170, '2025-07-27 7:', 4511.71, 24, 71),
(171, '2025-03-17 21:', 2691.64, 186, 57),
(172, '2025-04-17 9:', 1458.03, 178, 30),
(173, '2025-04-15 19:', 308.23, 16, 39),
(174, '2025-06-18 21:', 334.52, 19, 75),
(175, '2025-03-26 2:', 3893.38, 153, 12),
(176, '2025-01-16 9:', 2097.67, 56, 4),
(177, '2025-01-13 4:', 1137.26, 142, 7),
(178, '2025-06-27 7:', 1311.14, 166, 83),
(179, '2025-07-15 15:', 1562.16, 102, 2),
(180, '2025-04-18 19:', 2807.51, 78, 90),
(181, '2025-04-12 15:', 1536.71, 195, 63),
(182, '2025-05-17 8:', 2504.89, 192, 91),
(183, '2025-06-14 1:', 452.19, 87, 97),
(184, '2025-02-16 16:', 1169.64, 14, 95),
(185, '2025-04-23 4:', 785.87, 33, 67),
(186, '2025-08-26 22:', 2568.49, 61, 50),
(187, '2025-05-12 0:', 1510.73, 79, 26),
(188, '2025-05-11 14:', 3601.31, 171, 79),
(189, '2025-06-27 7:', 73.22, 11, 7),
(190, '2025-03-20 4:', 3004.97, 108, 53),
(191, '2025-03-19 19:', 576.6, 171, 94),
(192, '2025-07-18 2:', 2391.22, 74, 92),
(193, '2025-05-21 21:', 2744.04, 88, 16),
(194, '2025-06-13 0:', 1847.59, 134, 99),
(195, '2025-04-13 10:', 1901.93, 182, 88),
(196, '2025-08-19 1:', 881.02, 156, 94),
(197, '2025-08-20 16:', 460.01, 66, 75),
(198, '2025-01-15 10:', 671.44, 122, 86),
(199, '2025-03-23 16:', 2519.25, 67, 34),
(200, '2025-07-13 7:', 2412.43, 65, 55),
(201, '2025-02-13 5:', 4942.84, 183, 92),
(202, '2025-08-13 18:', 3408.38, 148, 90),
(203, '2025-01-15 19:', 4843.98, 196, 96),
(204, '2025-05-15 12:', 4428.06, 10, 99),
(205, '2025-08-20 18:', 1620.08, 14, 86),
(206, '2025-08-13 15:', 1388.97, 55, 41),
(207, '2025-03-24 7:', 1556.09, 37, 51),
(208, '2025-03-23 0:', 2135.69, 157, 44),
(209, '2025-07-23 10:', 2364.07, 128, 16),
(210, '2025-08-21 21:', 4123.49, 90, 68),
(211, '2025-05-27 20:', 4867.33, 148, 28),
(212, '2025-02-20 16:', 455.81, 184, 37),
(213, '2025-06-11 3:', 218.09, 189, 7),
(214, '2025-02-24 0:', 1324.51, 10, 87),
(215, '2025-07-21 15:', 973.81, 140, 91),
(216, '2025-02-20 22:', 3910.53, 38, 80),
(217, '2025-08-14 9:', 163.81, 8, 58),
(218, '2025-02-25 22:', 377.34, 166, 24),
(219, '2025-08-19 7:', 390.18, 31, 25),
(220, '2025-01-16 10:', 216.63, 58, 31),
(221, '2025-04-21 9:', 4412.32, 45, 56),
(222, '2025-05-24 4:', 4735.8, 61, 82),
(223, '2025-01-19 16:', 48.1, 183, 52),
(224, '2025-03-26 15:', 3306.79, 175, 35),
(225, '2025-04-21 18:', 3315.48, 6, 35),
(226, '2025-04-19 16:', 2881.97, 123, 66),
(227, '2025-06-16 8:', 368.85, 27, 37),
(228, '2025-05-21 18:', 1637.45, 14, 3),
(229, '2025-08-17 18:', 2846.65, 136, 84),
(230, '2025-02-12 20:', 1000.84, 60, 31),
(231, '2025-05-18 9:', 3578.3, 130, 59),
(232, '2025-08-14 20:', 902.67, 195, 87),
(233, '2025-06-25 20:', 4230.62, 118, 35),
(234, '2025-02-21 5:', 580.79, 199, 37),
(235, '2025-01-23 0:', 2908.07, 75, 13),
(236, '2025-08-15 16:', 99.19, 65, 41),
(237, '2025-01-14 22:', 4865.75, 95, 50),
(238, '2025-02-22 21:', 152.18, 117, 68),
(239, '2025-03-11 20:', 177.06, 34, 19),
(240, '2025-03-26 8:', 1786.44, 116, 3),
(241, '2025-05-22 21:', 4694.1, 172, 87),
(242, '2025-08-19 17:', 1174.4, 178, 94),
(243, '2025-06-25 6:', 59.3, 136, 74),
(244, '2025-07-25 19:', 229.38, 6, 10),
(245, '2025-05-18 2:', 4352.74, 143, 84),
(246, '2025-06-18 6:', 1101.8, 194, 82),
(247, '2025-07-11 7:', 887.09, 133, 33),
(248, '2025-02-13 3:', 4114.34, 25, 91),
(249, '2025-01-25 5:', 4693.97, 158, 15),
(250, '2025-06-20 4:', 1645.8, 101, 92),
(251, '2025-08-16 17:', 1227.17, 87, 22),
(252, '2025-02-24 8:', 2982.35, 143, 96),
(253, '2025-03-20 6:', 4514.29, 159, 40),
(254, '2025-01-10 6:', 1710.34, 150, 36),
(255, '2025-06-22 3:', 816.88, 85, 18),
(256, '2025-06-18 13:', 63.77, 85, 63),
(257, '2025-07-14 10:', 4518.78, 122, 39),
(258, '2025-02-18 10:', 1002.6, 160, 30),
(259, '2025-06-14 7:', 2626.63, 156, 52),
(260, '2025-02-24 11:', 2538.19, 10, 75),
(261, '2025-07-27 13:', 3737.56, 22, 13),
(262, '2025-06-27 0:', 1183.98, 31, 84),
(263, '2025-01-17 11:', 2153.15, 108, 59),
(264, '2025-02-25 10:', 3505.02, 134, 1),
(265, '2025-03-10 10:', 3410.21, 186, 21),
(266, '2025-02-18 22:', 3585.26, 16, 37),
(267, '2025-08-27 14:', 3742.12, 158, 6),
(268, '2025-03-22 21:', 78.66, 195, 54),
(269, '2025-03-14 5:', 2544.81, 197, 25),
(270, '2025-08-12 3:', 3148.35, 160, 50),
(271, '2025-04-18 4:', 985.06, 60, 22),
(272, '2025-03-10 8:', 4892.61, 75, 7),
(273, '2025-01-15 21:', 258.25, 11, 67),
(274, '2025-01-25 16:', 3036.84, 159, 29),
(275, '2025-05-15 14:', 31.12, 63, 9),
(276, '2025-04-15 14:', 1106.77, 100, 66),
(277, '2025-01-15 21:', 1199.58, 82, 63),
(278, '2025-05-19 11:', 878.7, 3, 41),
(279, '2025-08-12 17:', 1026.23, 99, 4),
(280, '2025-01-14 1:', 1531.35, 113, 22),
(281, '2025-04-16 9:', 3684.71, 150, 42),
(282, '2025-07-13 4:', 3654.53, 151, 96),
(283, '2025-07-14 15:', 3974.22, 189, 28),
(284, '2025-06-21 20:', 4103.73, 74, 90),
(285, '2025-05-23 3:', 4696.78, 5, 37),
(286, '2025-04-15 18:', 3656.39, 131, 60),
(287, '2025-06-11 11:', 1669.06, 48, 39),
(288, '2025-02-18 0:', 3691.6, 63, 45),
(289, '2025-04-18 20:', 3185.44, 3, 44),
(290, '2025-07-22 20:', 4281.6, 80, 15),
(291, '2025-02-20 13:', 1578.82, 34, 83),
(292, '2025-05-15 22:', 3050.74, 8, 41),
(293, '2025-02-18 13:', 1000.02, 102, 15),
(294, '2025-05-11 14:', 3650.36, 84, 71),
(295, '2025-01-12 7:', 376.09, 151, 8),
(296, '2025-01-26 18:', 1592.51, 69, 4),
(297, '2025-02-26 20:', 3273.59, 113, 74),
(298, '2025-05-25 1:', 460.47, 74, 25),
(299, '2025-05-27 16:', 2589.3, 34, 37),
(300, '2025-03-24 4:', 1771.83, 14, 2),
(301, '2025-08-18 19:', 879.75, 91, 37),
(302, '2025-05-11 21:', 881.33, 137, 23),
(303, '2025-03-19 8:', 134.32, 167, 60),
(304, '2025-08-27 0:', 526.77, 170, 48),
(305, '2025-06-19 17:', 1872.96, 78, 31),
(306, '2025-06-11 3:', 315.24, 10, 94),
(307, '2025-07-20 20:', 123.83, 84, 39),
(308, '2025-02-16 20:', 166.31, 142, 74),
(309, '2025-01-21 14:', 4056.26, 150, 24),
(310, '2025-04-23 8:', 4924.83, 190, 25),
(311, '2025-01-25 1:', 1433.44, 92, 23),
(312, '2025-04-10 21:', 3438.95, 70, 48),
(313, '2025-08-19 9:', 4433.9, 41, 47),
(314, '2025-05-13 5:', 402.5, 153, 10),
(315, '2025-06-10 13:', 2549.36, 17, 86),
(316, '2025-06-25 7:', 2984.74, 189, 98),
(317, '2025-03-10 15:', 2169.6, 48, 48),
(318, '2025-03-23 2:', 1061.37, 12, 4),
(319, '2025-03-15 6:', 776.89, 179, 18),
(320, '2025-01-18 15:', 1128.95, 198, 93),
(321, '2025-02-14 2:', 4055.25, 83, 2),
(322, '2025-04-12 1:', 4139.38, 20, 55),
(323, '2025-07-19 8:', 2806.14, 188, 58),
(324, '2025-02-13 18:', 4514.09, 51, 42),
(325, '2025-08-17 6:', 4827.06, 73, 4),
(326, '2025-05-23 5:', 430.68, 37, 66),
(327, '2025-01-22 20:', 4629.78, 92, 93),
(328, '2025-01-14 9:', 1072.85, 163, 78),
(329, '2025-02-22 8:', 4754.1, 92, 66),
(330, '2025-04-14 11:', 3598.5, 157, 39),
(331, '2025-03-26 0:', 2908.99, 24, 91),
(332, '2025-04-12 7:', 2387.94, 170, 64),
(333, '2025-03-15 13:', 4539.73, 3, 35),
(334, '2025-02-10 3:', 2291.4, 16, 17),
(335, '2025-02-19 3:', 1013.37, 82, 92),
(336, '2025-02-10 14:', 4233.16, 21, 6),
(337, '2025-02-24 2:', 4863.03, 181, 27),
(338, '2025-03-24 9:', 818.49, 51, 2),
(339, '2025-02-15 1:', 2980.69, 85, 71),
(340, '2025-04-19 16:', 650.82, 89, 30),
(341, '2025-03-14 7:', 2849.16, 155, 55),
(342, '2025-08-12 0:', 4918.5, 41, 61),
(343, '2025-05-17 5:', 4372.06, 117, 45),
(344, '2025-03-13 20:', 1987.77, 25, 86),
(345, '2025-06-22 21:', 3265.32, 96, 32),
(346, '2025-05-23 3:', 973, 163, 75),
(347, '2025-03-10 12:', 740.9, 22, 82),
(348, '2025-08-12 9:', 1331.63, 9, 52),
(349, '2025-08-16 22:', 2679.08, 85, 37),
(350, '2025-01-22 9:', 1777.27, 118, 19),
(351, '2025-01-21 0:', 3276.36, 64, 1),
(352, '2025-07-23 7:', 4517.35, 71, 72),
(353, '2025-05-14 13:', 4958.83, 131, 69),
(354, '2025-04-10 8:', 4353.84, 135, 85),
(355, '2025-07-25 19:', 3310.32, 76, 96),
(356, '2025-03-20 13:', 2387.9, 110, 17),
(357, '2025-06-14 16:', 9.75, 122, 7),
(358, '2025-05-22 6:', 4322.08, 170, 46),
(359, '2025-07-21 10:', 176.92, 164, 84),
(360, '2025-06-15 22:', 4092.79, 159, 38),
(361, '2025-04-12 14:', 3250.09, 130, 81),
(362, '2025-01-21 15:', 1274.03, 131, 36),
(363, '2025-06-19 22:', 930.76, 2, 26),
(364, '2025-06-25 20:', 1241.65, 66, 73),
(365, '2025-06-26 21:', 950.77, 156, 72),
(366, '2025-02-27 1:', 1230.08, 64, 15),
(367, '2025-08-12 1:', 1807.09, 51, 94),
(368, '2025-02-11 20:', 2522.75, 31, 56),
(369, '2025-07-21 13:', 3963.73, 190, 14),
(370, '2025-03-13 10:', 3266.29, 115, 77),
(371, '2025-08-19 14:', 3314.85, 50, 81),
(372, '2025-06-18 4:', 360.91, 137, 50),
(373, '2025-08-21 4:', 4113.75, 135, 42),
(374, '2025-02-24 18:', 1040.95, 142, 61),
(375, '2025-02-15 14:', 2838.13, 184, 79),
(376, '2025-05-20 3:', 2045.26, 146, 34),
(377, '2025-02-15 9:', 1336.17, 25, 47),
(378, '2025-08-12 11:', 3617.14, 145, 27),
(379, '2025-07-12 5:', 1232.14, 96, 34),
(380, '2025-02-21 20:', 4647.21, 11, 54),
(381, '2025-03-16 19:', 3640.76, 166, 3),
(382, '2025-05-14 0:', 933.77, 180, 49),
(383, '2025-01-11 3:', 540.12, 40, 47),
(384, '2025-08-14 4:', 4595.71, 189, 94),
(385, '2025-06-24 6:', 1531.86, 160, 78),
(386, '2025-03-26 1:', 1991.15, 143, 3),
(387, '2025-02-17 22:', 1258.63, 45, 75),
(388, '2025-07-14 11:', 2089.95, 134, 98),
(389, '2025-06-19 13:', 1513.09, 152, 73),
(390, '2025-03-10 1:', 2760.06, 126, 89),
(391, '2025-03-23 14:', 96.82, 159, 48),
(392, '2025-04-24 11:', 190.08, 177, 50),
(393, '2025-07-14 20:', 629.24, 71, 28),
(394, '2025-07-11 17:', 1985.7, 34, 74),
(395, '2025-07-11 5:', 2135.3, 100, 17),
(396, '2025-03-21 0:', 3543.76, 151, 87),
(397, '2025-07-22 8:', 643.46, 142, 12),
(398, '2025-07-22 15:', 1832.74, 198, 43),
(399, '2025-01-16 19:', 4815.1, 15, 4),
(400, '2025-05-21 7:', 3336.85, 148, 91),
(401, '2025-07-14 16:', 1688.7, 162, 10),
(402, '2025-08-16 22:', 456.81, 80, 47),
(403, '2025-08-16 15:', 4953.78, 32, 19),
(404, '2025-08-15 2:', 3681.04, 153, 47),
(405, '2025-03-26 3:', 2829.1, 51, 9),
(406, '2025-01-22 12:', 2488.38, 37, 65),
(407, '2025-02-16 15:', 3013.73, 30, 66),
(408, '2025-02-13 7:', 1664.93, 99, 38),
(409, '2025-07-13 13:', 2626.59, 190, 26),
(410, '2025-02-21 0:', 640.37, 135, 51),
(411, '2025-08-11 12:', 4046.31, 104, 47),
(412, '2025-02-13 9:', 715.28, 100, 83),
(413, '2025-03-16 5:', 3422.28, 44, 64),
(414, '2025-01-15 13:', 1861.75, 130, 62),
(415, '2025-08-23 16:', 2295.51, 197, 78),
(416, '2025-03-18 7:', 2200.88, 90, 9),
(417, '2025-08-27 9:', 3645.74, 92, 14),
(418, '2025-08-13 10:', 1435.61, 111, 57),
(419, '2025-07-19 19:', 3954.83, 14, 22),
(420, '2025-04-15 18:', 3770.03, 80, 33),
(421, '2025-03-26 4:', 4330.2, 194, 25),
(422, '2025-02-15 14:', 2316.7, 44, 67),
(423, '2025-08-26 0:', 21.15, 35, 16),
(424, '2025-05-11 9:', 774.89, 87, 40),
(425, '2025-07-20 21:', 4952.6, 60, 18),
(426, '2025-04-20 21:', 4883.89, 128, 79),
(427, '2025-01-18 15:', 2507.57, 106, 94),
(428, '2025-06-22 14:', 4856.64, 100, 4),
(429, '2025-02-16 4:', 2834.62, 64, 86),
(430, '2025-05-17 3:', 776.16, 108, 81),
(431, '2025-07-19 14:', 3939.81, 129, 63),
(432, '2025-06-13 9:', 946.63, 181, 76),
(433, '2025-04-15 13:', 4753.41, 33, 21),
(434, '2025-06-14 2:', 4963.35, 69, 95),
(435, '2025-01-13 7:', 3895.87, 152, 7),
(436, '2025-01-11 15:', 4067.5, 8, 74),
(437, '2025-03-20 10:', 2238.27, 100, 50),
(438, '2025-05-19 1:', 4194.79, 94, 82),
(439, '2025-01-12 11:', 4217.75, 13, 58),
(440, '2025-06-22 18:', 1601.22, 23, 41),
(441, '2025-04-21 1:', 3837.86, 6, 97),
(442, '2025-07-22 3:', 4186.46, 177, 82),
(443, '2025-05-11 2:', 1993.05, 152, 84),
(444, '2025-03-11 10:', 1261.51, 194, 90),
(445, '2025-01-18 18:', 2711.59, 56, 50),
(446, '2025-06-16 7:', 129.76, 161, 97),
(447, '2025-06-20 16:', 1256.31, 97, 62),
(448, '2025-02-22 0:', 4884.65, 158, 78),
(449, '2025-03-11 20:', 4636.47, 43, 78),
(450, '2025-05-11 22:', 4974.15, 180, 5),
(451, '2025-01-20 3:', 2399.89, 30, 50),
(452, '2025-07-21 21:', 3029.96, 197, 51),
(453, '2025-02-26 17:', 1316.48, 33, 71),
(454, '2025-07-15 1:', 4129.96, 169, 84),
(455, '2025-07-18 21:', 2001.92, 104, 91),
(456, '2025-06-16 8:', 2558.65, 8, 29),
(457, '2025-06-21 0:', 44.41, 154, 54),
(458, '2025-07-15 16:', 1459.82, 41, 73),
(459, '2025-02-20 4:', 3194.18, 32, 96),
(460, '2025-08-16 5:', 4321.59, 118, 22),
(461, '2025-07-13 6:', 155.63, 164, 84),
(462, '2025-03-27 3:', 4480.11, 65, 72),
(463, '2025-04-15 19:', 2511.56, 115, 42),
(464, '2025-08-13 14:', 212.15, 126, 25),
(465, '2025-04-23 7:', 162.48, 195, 31),
(466, '2025-05-22 1:', 2548.45, 48, 1),
(467, '2025-02-10 17:', 4900.69, 69, 89),
(468, '2025-01-10 1:', 531.3, 6, 91),
(469, '2025-05-25 0:', 3075.09, 15, 37),
(470, '2025-03-23 5:', 4124.92, 69, 55),
(471, '2025-08-23 12:', 655.13, 67, 16),
(472, '2025-02-12 18:', 2009.98, 56, 70),
(473, '2025-06-19 20:', 2519.6, 113, 5),
(474, '2025-08-12 8:', 2956.9, 140, 28),
(475, '2025-05-16 15:', 4714.56, 52, 18),
(476, '2025-07-22 2:', 2874.34, 63, 88),
(477, '2025-03-14 19:', 1115.04, 130, 72),
(478, '2025-07-26 6:', 2443.82, 139, 55),
(479, '2025-02-17 17:', 2394.14, 155, 32),
(480, '2025-08-20 4:', 4180.07, 139, 66),
(481, '2025-03-27 0:', 3675.63, 94, 82),
(482, '2025-08-10 18:', 1965.52, 55, 89),
(483, '2025-02-24 22:', 3057.36, 136, 1),
(484, '2025-08-17 8:', 4465.19, 172, 84),
(485, '2025-06-18 8:', 1568.73, 119, 5),
(486, '2025-06-24 20:', 4097.73, 83, 46),
(487, '2025-06-20 5:', 2926.72, 90, 70),
(488, '2025-06-14 21:', 904.9, 60, 91),
(489, '2025-07-24 22:', 3112.05, 44, 54),
(490, '2025-06-16 14:', 1688.15, 171, 10),
(491, '2025-01-15 4:', 4472.23, 129, 33),
(492, '2025-01-27 2:', 4029.54, 187, 79),
(493, '2025-04-18 3:', 3412.14, 197, 78),
(494, '2025-07-23 21:', 1723.43, 122, 81),
(495, '2025-07-18 14:', 3522.16, 114, 2),
(496, '2025-02-20 8:', 1326.03, 153, 75),
(497, '2025-04-12 1:', 1398.11, 64, 14),
(498, '2025-02-20 3:', 3185.47, 62, 6),
(499, '2025-08-22 16:', 4925.24, 167, 15),
(500, '2025-01-27 21:', 4486.19, 100, 69),
(501, '2025-05-21 13:', 3162.16, 185, 59),
(502, '2025-08-23 19:', 4970.05, 182, 26),
(503, '2025-01-19 10:', 2409.45, 111, 98),
(504, '2025-04-14 9:', 797.71, 149, 21),
(505, '2025-06-22 14:', 2020.7, 135, 51),
(506, '2025-04-18 13:', 1387.01, 50, 92),
(507, '2025-07-12 7:', 1760.14, 198, 21),
(508, '2025-02-19 20:', 3991.33, 105, 56),
(509, '2025-01-20 0:', 1035.02, 49, 87),
(510, '2025-07-17 22:', 4023.02, 78, 88),
(511, '2025-01-26 9:', 3444.61, 156, 53),
(512, '2025-02-10 3:', 3872.97, 109, 17),
(513, '2025-08-11 12:', 4070.63, 119, 52),
(514, '2025-08-10 7:', 145.13, 1, 58),
(515, '2025-06-21 5:', 3126.01, 110, 74),
(516, '2025-05-14 5:', 4867.68, 23, 89),
(517, '2025-02-19 7:', 1123.43, 134, 95),
(518, '2025-08-15 13:', 673, 139, 65),
(519, '2025-05-11 22:', 4065.29, 77, 98),
(520, '2025-04-19 3:', 1050.58, 77, 89),
(521, '2025-03-20 5:', 3505.62, 143, 83),
(522, '2025-03-24 13:', 4598.54, 166, 12),
(523, '2025-04-17 2:', 2526.86, 35, 94),
(524, '2025-05-17 9:', 4835.51, 8, 66),
(525, '2025-06-14 0:', 481.18, 34, 69),
(526, '2025-06-26 22:', 966.75, 98, 99),
(527, '2025-04-18 18:', 1711.04, 111, 40),
(528, '2025-02-19 12:', 3766.45, 165, 19),
(529, '2025-01-12 18:', 617.12, 9, 7),
(530, '2025-06-25 18:', 2689.48, 196, 10),
(531, '2025-05-23 0:', 963.73, 87, 87),
(532, '2025-04-22 0:', 547.16, 41, 42),
(533, '2025-05-22 16:', 686.44, 129, 12),
(534, '2025-02-23 5:', 2339.08, 113, 68),
(535, '2025-08-17 0:', 1913.11, 137, 70),
(536, '2025-05-10 12:', 381.44, 1, 59),
(537, '2025-05-20 9:', 783.61, 58, 63),
(538, '2025-01-21 14:', 4552.08, 12, 87),
(539, '2025-05-22 8:', 3678.82, 63, 54),
(540, '2025-03-22 5:', 1282.58, 70, 90),
(541, '2025-02-23 22:', 3043.33, 141, 44),
(542, '2025-05-22 21:', 797.77, 64, 69),
(543, '2025-08-19 19:', 2175.2, 96, 91),
(544, '2025-04-27 0:', 4258.52, 39, 94),
(545, '2025-03-20 12:', 32.5, 96, 57),
(546, '2025-06-23 11:', 1144.67, 74, 10),
(547, '2025-06-13 13:', 4626.49, 155, 98),
(548, '2025-01-27 16:', 219.15, 56, 28),
(549, '2025-01-16 13:', 367.93, 166, 71),
(550, '2025-02-18 11:', 4563.28, 136, 90),
(551, '2025-07-21 18:', 159.98, 11, 93),
(552, '2025-06-26 7:', 829.98, 40, 36),
(553, '2025-03-26 16:', 3349.9, 186, 41),
(554, '2025-08-16 22:', 2447.6, 42, 13),
(555, '2025-03-25 4:', 1633.29, 123, 41),
(556, '2025-02-25 11:', 2617.08, 67, 79),
(557, '2025-07-18 17:', 3560.14, 197, 94),
(558, '2025-07-22 9:', 3077.52, 128, 2),
(559, '2025-02-18 12:', 1056.13, 152, 62),
(560, '2025-05-24 12:', 1196.87, 81, 6),
(561, '2025-03-16 21:', 3054.96, 68, 46),
(562, '2025-03-14 11:', 2098.23, 159, 11),
(563, '2025-05-25 6:', 365.36, 126, 18),
(564, '2025-03-21 18:', 2407.67, 38, 34),
(565, '2025-05-10 2:', 2252.4, 179, 94),
(566, '2025-04-23 20:', 565.4, 136, 72),
(567, '2025-05-13 8:', 3248.99, 108, 72),
(568, '2025-04-16 1:', 1853.51, 101, 51),
(569, '2025-06-14 7:', 2636.88, 196, 13),
(570, '2025-03-25 13:', 1547.98, 80, 64),
(571, '2025-03-27 14:', 2606.13, 98, 4),
(572, '2025-05-22 19:', 2242.44, 30, 80),
(573, '2025-03-21 2:', 2285.66, 134, 47),
(574, '2025-02-20 12:', 1101.51, 42, 21),
(575, '2025-05-22 18:', 4845.41, 142, 37),
(576, '2025-01-11 10:', 406.13, 177, 39),
(577, '2025-03-10 20:', 4355.41, 186, 89),
(578, '2025-01-17 0:', 4367.18, 127, 81),
(579, '2025-08-20 14:', 4923.66, 124, 55),
(580, '2025-01-20 2:', 3101.32, 199, 59),
(581, '2025-07-11 14:', 4628.18, 154, 80),
(582, '2025-05-16 22:', 2506.89, 116, 84),
(583, '2025-01-26 16:', 927.88, 147, 34),
(584, '2025-02-11 3:', 4797.98, 3, 31),
(585, '2025-05-14 10:', 205.94, 51, 4),
(586, '2025-03-26 10:', 1630.94, 180, 75),
(587, '2025-08-27 7:', 2546.45, 74, 38),
(588, '2025-04-24 18:', 3688.22, 35, 20),
(589, '2025-08-27 7:', 3440.63, 65, 96),
(590, '2025-02-17 22:', 288.43, 156, 13),
(591, '2025-08-21 20:', 296.78, 138, 69),
(592, '2025-04-23 5:', 3388.2, 199, 10),
(593, '2025-06-16 1:', 4826.64, 22, 43),
(594, '2025-01-12 1:', 702.41, 184, 52),
(595, '2025-08-11 21:', 3338.23, 72, 25),
(596, '2025-02-12 17:', 3546.05, 123, 74),
(597, '2025-06-15 5:', 3653.88, 148, 24),
(598, '2025-08-26 11:', 1376.11, 25, 5),
(599, '2025-06-10 10:', 4921.97, 100, 65),
(600, '2025-07-12 20:', 2075.39, 131, 84),
(601, '2025-03-15 11:', 621.53, 156, 94),
(602, '2025-08-22 14:', 306.79, 93, 36),
(603, '2025-05-13 7:', 1767.36, 144, 60),
(604, '2025-02-17 13:', 131.75, 7, 36),
(605, '2025-01-12 12:', 1380.15, 30, 24),
(606, '2025-05-18 0:', 846.51, 98, 97),
(607, '2025-01-16 22:', 1247.3, 163, 34),
(608, '2025-01-20 11:', 2203.03, 182, 87),
(609, '2025-05-21 8:', 4169.82, 30, 94),
(610, '2025-07-20 4:', 4347.26, 5, 75),
(611, '2025-08-22 19:', 4103.95, 84, 62),
(612, '2025-05-17 13:', 2996.13, 174, 7),
(613, '2025-06-21 13:', 996.33, 3, 74),
(614, '2025-02-22 2:', 3647.93, 164, 62),
(615, '2025-05-22 8:', 4681.3, 26, 13),
(616, '2025-04-21 9:', 4219.47, 49, 27),
(617, '2025-01-12 13:', 918.69, 42, 65),
(618, '2025-03-27 4:', 672.87, 144, 16),
(619, '2025-08-25 6:', 901.4, 100, 57),
(620, '2025-08-11 20:', 106.82, 15, 67),
(621, '2025-01-22 3:', 929.49, 41, 72),
(622, '2025-02-10 4:', 1205.7, 100, 39),
(623, '2025-06-10 18:', 2038.58, 173, 95),
(624, '2025-05-27 9:', 1029.32, 189, 40),
(625, '2025-01-23 13:', 466.25, 12, 76),
(626, '2025-03-20 17:', 1997.44, 105, 10),
(627, '2025-05-10 16:', 637.35, 31, 90),
(628, '2025-02-17 3:', 3144.12, 119, 9),
(629, '2025-03-14 5:', 85.31, 197, 96),
(630, '2025-06-25 16:', 1682.27, 168, 96),
(631, '2025-02-27 8:', 846.44, 21, 77),
(632, '2025-07-14 22:', 2801.95, 157, 89),
(633, '2025-08-10 2:', 1679.99, 141, 21),
(634, '2025-03-21 17:', 3188.39, 191, 56),
(635, '2025-02-14 22:', 2373.46, 86, 63),
(636, '2025-06-18 21:', 473.2, 8, 63),
(637, '2025-08-15 14:', 3383.05, 30, 72),
(638, '2025-04-11 18:', 979.02, 12, 70),
(639, '2025-08-19 5:', 3275.81, 182, 83),
(640, '2025-03-10 13:', 900.11, 24, 65),
(641, '2025-08-20 8:', 3483.15, 96, 60),
(642, '2025-08-15 4:', 3834.47, 17, 20),
(643, '2025-04-18 14:', 4837.19, 165, 83),
(644, '2025-05-12 17:', 1798.95, 150, 61),
(645, '2025-03-22 9:', 4432.99, 182, 12),
(646, '2025-04-24 12:', 4564.3, 184, 99),
(647, '2025-07-24 19:', 2216.51, 99, 87),
(648, '2025-04-13 9:', 842.48, 92, 33),
(649, '2025-03-23 0:', 4515.46, 14, 22),
(650, '2025-02-12 18:', 4294.03, 72, 14),
(651, '2025-08-13 12:', 4064.32, 11, 80),
(652, '2025-02-22 3:', 1520.76, 14, 28),
(653, '2025-07-16 0:', 1519.45, 42, 57),
(654, '2025-01-11 5:', 4067.64, 174, 3),
(655, '2025-05-22 21:', 4255.77, 153, 58),
(656, '2025-02-21 16:', 1683.9, 169, 38),
(657, '2025-07-27 0:', 3578.48, 67, 37),
(658, '2025-05-18 14:', 113.02, 140, 82),
(659, '2025-06-10 3:', 722.41, 177, 30),
(660, '2025-04-12 12:', 3294.59, 14, 3),
(661, '2025-05-26 13:', 1152.13, 108, 11),
(662, '2025-03-24 17:', 3081.06, 48, 98),
(663, '2025-03-17 0:', 1265.67, 45, 74),
(664, '2025-05-17 7:', 1426.86, 103, 84),
(665, '2025-07-14 19:', 118.16, 10, 90),
(666, '2025-03-14 0:', 53.91, 151, 40),
(667, '2025-01-11 16:', 976.2, 144, 88),
(668, '2025-04-27 9:', 713.76, 93, 4),
(669, '2025-08-25 12:', 2391.87, 141, 44),
(670, '2025-01-16 5:', 1659.01, 76, 35),
(671, '2025-03-18 18:', 34.78, 121, 62),
(672, '2025-04-11 18:', 4591.62, 109, 94),
(673, '2025-08-16 15:', 4522.39, 68, 91),
(674, '2025-02-13 8:', 3096.6, 141, 61),
(675, '2025-03-14 1:', 2517.75, 16, 62),
(676, '2025-07-20 7:', 4372.82, 79, 42),
(677, '2025-02-16 15:', 4583.55, 43, 20),
(678, '2025-02-20 9:', 89.93, 186, 25),
(679, '2025-03-25 1:', 3553.36, 56, 40),
(680, '2025-02-10 18:', 548.52, 155, 95),
(681, '2025-02-13 20:', 2226.07, 150, 16),
(682, '2025-01-20 2:', 4277.1, 92, 20),
(683, '2025-05-10 3:', 2263.31, 146, 10),
(684, '2025-05-16 0:', 3027.08, 75, 35),
(685, '2025-03-25 1:', 59.23, 33, 16),
(686, '2025-06-10 13:', 961.17, 7, 21),
(687, '2025-05-11 17:', 4950.11, 41, 78),
(688, '2025-02-22 19:', 2603.48, 34, 86),
(689, '2025-05-18 1:', 3138.27, 160, 83),
(690, '2025-01-22 14:', 3926.89, 138, 43),
(691, '2025-01-13 21:', 4460.53, 143, 60),
(692, '2025-05-20 21:', 644.28, 6, 67),
(693, '2025-03-24 18:', 731.83, 67, 88),
(694, '2025-04-11 11:', 1685.7, 1, 3),
(695, '2025-06-14 16:', 667.15, 186, 87),
(696, '2025-02-18 17:', 92.58, 158, 11),
(697, '2025-01-27 7:', 678.03, 149, 28),
(698, '2025-05-27 19:', 387.28, 46, 60),
(699, '2025-07-11 5:', 952.48, 59, 94),
(700, '2025-01-25 1:', 4933.4, 100, 11),
(701, '2025-03-25 15:', 4305.99, 190, 68),
(702, '2025-04-20 7:', 2410.26, 38, 37),
(703, '2025-07-16 17:', 3909.39, 25, 36),
(704, '2025-08-21 22:', 3641.08, 176, 94),
(705, '2025-03-27 8:', 2828.1, 185, 46),
(706, '2025-01-20 17:', 3412.4, 113, 36),
(707, '2025-04-19 20:', 21.82, 153, 92),
(708, '2025-05-19 10:', 2389.41, 87, 79),
(709, '2025-06-18 4:', 1919.14, 193, 4),
(710, '2025-02-14 0:', 2479.1, 102, 20),
(711, '2025-03-26 16:', 909.64, 45, 6),
(712, '2025-01-22 18:', 3693.22, 97, 40),
(713, '2025-04-11 5:', 3888.56, 171, 9),
(714, '2025-03-22 3:', 4998.86, 95, 78),
(715, '2025-04-12 21:', 494.24, 36, 73),
(716, '2025-08-26 10:', 649.75, 54, 44),
(717, '2025-03-11 10:', 1081.96, 180, 23),
(718, '2025-08-10 9:', 3186.02, 119, 71),
(719, '2025-06-14 11:', 1108.58, 5, 61),
(720, '2025-08-27 11:', 4901.3, 133, 5),
(721, '2025-06-19 19:', 2649.04, 144, 38),
(722, '2025-02-11 20:', 4373.67, 20, 42),
(723, '2025-01-12 8:', 4532.21, 172, 48),
(724, '2025-05-20 7:', 3184.22, 84, 78),
(725, '2025-02-17 20:', 673.49, 48, 40),
(726, '2025-01-15 11:', 3669.96, 11, 71),
(727, '2025-08-22 6:', 1344.7, 164, 70),
(728, '2025-05-15 17:', 1190.68, 137, 79),
(729, '2025-08-10 20:', 1976.55, 94, 30),
(730, '2025-05-27 9:', 4572.61, 143, 50),
(731, '2025-02-13 11:', 2374.69, 34, 68),
(732, '2025-04-13 21:', 3447.34, 84, 62),
(733, '2025-04-17 16:', 1703.27, 58, 2),
(734, '2025-07-14 5:', 3246.24, 40, 60),
(735, '2025-06-15 22:', 2132.39, 35, 62),
(736, '2025-07-14 3:', 3374.61, 122, 2),
(737, '2025-01-26 7:', 1296.45, 147, 35),
(738, '2025-08-21 6:', 1941.91, 174, 79),
(739, '2025-08-24 19:', 3005.63, 174, 85),
(740, '2025-05-14 2:', 3407.21, 21, 85),
(741, '2025-01-23 11:', 986.73, 175, 15),
(742, '2025-02-20 19:', 1127.47, 70, 75),
(743, '2025-03-19 10:', 4616.55, 84, 88),
(744, '2025-03-11 22:', 147.05, 4, 31),
(745, '2025-02-14 22:', 4921.83, 117, 95),
(746, '2025-05-18 16:', 1551.46, 113, 67),
(747, '2025-06-14 20:', 1585.37, 184, 64),
(748, '2025-06-15 21:', 3716.19, 112, 35),
(749, '2025-08-22 4:', 3766.11, 119, 87),
(750, '2025-03-17 0:', 2618.38, 185, 62),
(751, '2025-01-23 1:', 3334.69, 183, 9),
(752, '2025-07-18 15:', 3098.63, 178, 90),
(753, '2025-02-17 16:', 4140.12, 191, 54),
(754, '2025-01-25 18:', 2330.52, 147, 82),
(755, '2025-02-24 13:', 689.28, 106, 96),
(756, '2025-08-23 14:', 291.32, 23, 39),
(757, '2025-03-24 4:', 3547.1, 47, 21),
(758, '2025-03-11 20:', 1003.26, 1, 13),
(759, '2025-07-22 17:', 2402.8, 110, 31),
(760, '2025-06-15 14:', 1833.4, 83, 29),
(761, '2025-01-23 18:', 2230.93, 191, 82),
(762, '2025-05-20 17:', 9.37, 66, 21),
(763, '2025-05-21 4:', 2838.4, 90, 2),
(764, '2025-06-15 3:', 3714.13, 75, 14),
(765, '2025-01-24 6:', 923.08, 20, 13),
(766, '2025-07-17 16:', 961.85, 45, 24),
(767, '2025-05-11 22:', 2009.02, 48, 31),
(768, '2025-06-26 10:', 3506.99, 187, 55),
(769, '2025-05-13 12:', 501.53, 152, 99),
(770, '2025-08-21 0:', 2513.19, 5, 35),
(771, '2025-05-16 16:', 4704.63, 12, 45),
(772, '2025-04-16 15:', 3270.73, 137, 15),
(773, '2025-06-27 16:', 1597.86, 28, 27),
(774, '2025-02-22 20:', 523.08, 60, 95),
(775, '2025-04-13 6:', 1960.93, 111, 32),
(776, '2025-02-13 10:', 4969.62, 13, 99),
(777, '2025-01-13 22:', 4010.01, 53, 36),
(778, '2025-07-22 22:', 4772.6, 133, 82),
(779, '2025-01-26 6:', 1026, 65, 31),
(780, '2025-06-25 17:', 2379.15, 2, 39),
(781, '2025-06-25 20:', 1820.25, 116, 93),
(782, '2025-05-11 11:', 4494.66, 59, 5),
(783, '2025-04-10 2:', 4165.12, 79, 82),
(784, '2025-05-17 22:', 1089.05, 143, 23),
(785, '2025-03-23 12:', 2162.58, 164, 96),
(786, '2025-06-16 7:', 118.98, 79, 6),
(787, '2025-05-19 22:', 2799.35, 197, 33),
(788, '2025-03-23 17:', 1028.88, 78, 24),
(789, '2025-02-26 22:', 4478.53, 74, 76),
(790, '2025-06-22 12:', 3151.23, 143, 21),
(791, '2025-02-17 10:', 475.95, 46, 97),
(792, '2025-05-10 17:', 3907.86, 167, 8),
(793, '2025-06-21 8:', 2840.52, 62, 4),
(794, '2025-05-18 4:', 2466.8, 159, 1),
(795, '2025-07-10 22:', 1832.38, 131, 82),
(796, '2025-08-16 0:', 775.68, 52, 7),
(797, '2025-03-12 12:', 877.33, 139, 1),
(798, '2025-05-12 22:', 1731.81, 117, 51),
(799, '2025-06-11 10:', 353.44, 12, 59),
(800, '2025-08-17 5:', 470.86, 80, 93),
(801, '2025-02-12 15:', 957.05, 42, 61),
(802, '2025-01-18 15:', 2174.8, 134, 55),
(803, '2025-02-24 9:', 4703.45, 165, 7),
(804, '2025-02-18 15:', 1434.2, 65, 52),
(805, '2025-02-14 2:', 3451.9, 115, 79),
(806, '2025-08-11 19:', 4373.27, 147, 72),
(807, '2025-03-16 10:', 4021.07, 82, 34),
(808, '2025-04-22 13:', 1154.48, 11, 43),
(809, '2025-04-16 19:', 818.16, 112, 81),
(810, '2025-03-20 14:', 1834.03, 41, 58),
(811, '2025-05-11 7:', 487.85, 198, 26),
(812, '2025-07-22 21:', 4064.17, 32, 54),
(813, '2025-06-26 1:', 379.86, 39, 72),
(814, '2025-02-21 14:', 882.8, 76, 10),
(815, '2025-08-12 19:', 1287.89, 1, 12),
(816, '2025-05-14 10:', 4538.4, 130, 30),
(817, '2025-06-11 21:', 460.39, 43, 37),
(818, '2025-04-21 17:', 1819.17, 13, 37),
(819, '2025-03-19 10:', 935.83, 196, 79),
(820, '2025-02-19 15:', 942.58, 56, 74),
(821, '2025-03-23 9:', 3164.48, 15, 81),
(822, '2025-02-25 7:', 3688.85, 53, 89),
(823, '2025-04-27 7:', 1529.84, 192, 63),
(824, '2025-07-22 11:', 2287.91, 128, 27),
(825, '2025-03-14 3:', 562.61, 59, 90),
(826, '2025-07-14 17:', 239.79, 18, 80),
(827, '2025-06-16 12:', 1790.69, 160, 48),
(828, '2025-07-21 10:', 2454.06, 133, 50),
(829, '2025-02-22 21:', 1713.63, 160, 23),
(830, '2025-03-12 21:', 1579.77, 33, 27),
(831, '2025-02-13 12:', 1752.33, 58, 72),
(832, '2025-07-19 9:', 2305.92, 178, 11),
(833, '2025-05-24 1:', 734.44, 30, 4),
(834, '2025-02-25 20:', 454.18, 123, 89),
(835, '2025-08-14 3:', 2240.56, 160, 28),
(836, '2025-08-12 12:', 1102.82, 130, 41),
(837, '2025-02-20 1:', 3206.54, 172, 19),
(838, '2025-08-11 6:', 3316.7, 135, 91),
(839, '2025-01-20 5:', 4694.05, 69, 86),
(840, '2025-08-19 21:', 3828.5, 143, 9),
(841, '2025-08-11 16:', 1596.83, 106, 53),
(842, '2025-01-16 12:', 586.55, 124, 28),
(843, '2025-01-12 4:', 4987.5, 142, 54),
(844, '2025-06-12 16:', 67.94, 88, 64),
(845, '2025-03-13 0:', 2037.53, 116, 30),
(846, '2025-07-14 7:', 974.89, 137, 8),
(847, '2025-01-10 0:', 3128.82, 19, 78),
(848, '2025-06-25 4:', 4081.24, 153, 53),
(849, '2025-06-25 19:', 2323.09, 41, 75),
(850, '2025-05-26 10:', 4435.19, 92, 95),
(851, '2025-07-26 1:', 2062.08, 46, 29),
(852, '2025-05-12 6:', 1986.41, 98, 86),
(853, '2025-02-25 5:', 1958.58, 198, 54),
(854, '2025-04-14 14:', 1225.09, 113, 42),
(855, '2025-01-23 2:', 3790.54, 148, 64),
(856, '2025-08-19 4:', 3319.47, 21, 64),
(857, '2025-05-27 21:', 1708.24, 165, 62),
(858, '2025-08-18 17:', 2062.55, 134, 55),
(859, '2025-05-25 20:', 409.91, 47, 54),
(860, '2025-01-19 2:', 3050.73, 199, 96),
(861, '2025-05-24 19:', 1299.58, 195, 23),
(862, '2025-03-14 3:', 1057.49, 199, 8),
(863, '2025-01-26 14:', 712.67, 73, 71),
(864, '2025-08-19 12:', 1742.17, 113, 75),
(865, '2025-05-11 7:', 4074.41, 52, 50),
(866, '2025-02-14 18:', 4998.42, 193, 34),
(867, '2025-02-10 1:', 3170.76, 108, 15),
(868, '2025-01-11 11:', 4971.44, 98, 98),
(869, '2025-03-27 1:', 4308.72, 16, 5),
(870, '2025-04-14 8:', 368.4, 103, 65),
(871, '2025-06-14 14:', 3300.47, 8, 58),
(872, '2025-02-23 15:', 542.56, 26, 98),
(873, '2025-07-10 13:', 127.16, 143, 7),
(874, '2025-08-13 10:', 777.9, 198, 67),
(875, '2025-06-22 14:', 2366.83, 182, 40),
(876, '2025-04-20 22:', 4242.1, 75, 68),
(877, '2025-03-11 5:', 1544.66, 100, 28),
(878, '2025-07-12 6:', 3252.64, 153, 43),
(879, '2025-08-27 22:', 3074.59, 161, 84),
(880, '2025-05-19 14:', 932.21, 166, 32),
(881, '2025-05-12 20:', 2452.85, 59, 10),
(882, '2025-05-11 21:', 398.03, 142, 38),
(883, '2025-04-14 13:', 3731.99, 160, 5),
(884, '2025-04-10 19:', 3700.38, 26, 1),
(885, '2025-03-13 5:', 2542.66, 197, 87),
(886, '2025-04-17 22:', 2431.13, 6, 73),
(887, '2025-05-23 15:', 704.78, 68, 49),
(888, '2025-01-11 5:', 93.36, 41, 43),
(889, '2025-04-18 0:', 2421.5, 134, 22),
(890, '2025-03-25 15:', 1994.17, 34, 76),
(891, '2025-01-11 3:', 2041.5, 14, 70),
(892, '2025-08-25 12:', 2965.25, 82, 54),
(893, '2025-05-21 7:', 4807.95, 40, 90),
(894, '2025-04-10 18:', 2983.8, 12, 11),
(895, '2025-08-10 5:', 1969.89, 193, 37),
(896, '2025-02-27 11:', 1791.94, 133, 52),
(897, '2025-02-26 0:', 3493.42, 71, 35),
(898, '2025-04-13 19:', 4850.13, 114, 40),
(899, '2025-08-21 8:', 2342.04, 187, 58),
(900, '2025-03-25 12:', 4666.36, 199, 70),
(901, '2025-01-11 17:', 4581.87, 199, 67),
(902, '2025-04-12 15:', 4492.3, 154, 73),
(903, '2025-04-27 18:', 4661.36, 89, 22),
(904, '2025-07-16 9:', 97.88, 69, 15),
(905, '2025-01-17 15:', 2897.78, 166, 5),
(906, '2025-05-27 19:', 3000.89, 107, 30),
(907, '2025-03-16 16:', 1379.04, 74, 35),
(908, '2025-01-17 0:', 458.65, 121, 39),
(909, '2025-01-16 13:', 708.35, 182, 74),
(910, '2025-06-18 14:', 1353.01, 43, 25),
(911, '2025-06-19 1:', 3556.84, 1, 33),
(912, '2025-06-12 18:', 2470.54, 112, 76),
(913, '2025-01-11 8:', 2920.98, 186, 33),
(914, '2025-05-20 16:', 2238.54, 34, 45),
(915, '2025-01-25 8:', 1673.35, 62, 86),
(916, '2025-07-19 22:', 3335.71, 36, 49),
(917, '2025-06-14 7:', 4372.72, 71, 79),
(918, '2025-08-13 13:', 4046.09, 184, 85),
(919, '2025-03-16 22:', 2530.77, 192, 69),
(920, '2025-07-25 18:', 2717.57, 187, 72),
(921, '2025-02-17 11:', 4179.28, 164, 32),
(922, '2025-01-25 4:', 2336.26, 17, 25),
(923, '2025-01-13 21:', 92.41, 69, 50),
(924, '2025-08-25 2:', 905.73, 128, 67),
(925, '2025-06-24 0:', 1817.98, 89, 40),
(926, '2025-08-27 15:', 1455.84, 47, 66),
(927, '2025-01-16 15:', 2092.95, 161, 88),
(928, '2025-02-14 22:', 3865.42, 9, 19),
(929, '2025-05-27 12:', 992.58, 192, 73),
(930, '2025-02-19 18:', 4226.83, 84, 17),
(931, '2025-04-13 4:', 3720.22, 17, 30),
(932, '2025-06-23 12:', 470.91, 51, 52),
(933, '2025-08-22 10:', 2316.16, 63, 8),
(934, '2025-03-22 13:', 3179.15, 104, 55),
(935, '2025-01-27 19:', 213.74, 95, 23),
(936, '2025-05-14 1:', 2001.33, 57, 57),
(937, '2025-05-18 22:', 752.17, 181, 98),
(938, '2025-01-17 6:', 1497.97, 147, 21),
(939, '2025-05-15 14:', 2015.49, 138, 5),
(940, '2025-08-27 1:', 3242.8, 190, 98),
(941, '2025-05-23 10:', 2641.57, 5, 74),
(942, '2025-04-10 5:', 2811.58, 131, 2),
(943, '2025-01-21 14:', 4428.38, 78, 94),
(944, '2025-07-13 7:', 4831.42, 172, 72),
(945, '2025-06-14 17:', 1036.9, 107, 12),
(946, '2025-07-16 15:', 2567.04, 147, 20),
(947, '2025-08-14 7:', 1312.09, 9, 61),
(948, '2025-08-23 18:', 4119.59, 98, 22),
(949, '2025-04-17 4:', 2805.1, 124, 52),
(950, '2025-01-15 11:', 3929.64, 174, 42),
(951, '2025-07-27 6:', 3078.94, 11, 58),
(952, '2025-07-23 7:', 2300.43, 70, 29),
(953, '2025-04-23 17:', 1259.72, 58, 7),
(954, '2025-02-11 7:', 2534.34, 151, 68),
(955, '2025-02-13 4:', 1848.58, 43, 56),
(956, '2025-06-27 13:', 1993.27, 145, 84),
(957, '2025-07-18 21:', 4286.33, 2, 79),
(958, '2025-01-10 8:', 3240.69, 32, 11),
(959, '2025-02-18 17:', 415.39, 178, 36),
(960, '2025-05-16 15:', 3788.74, 79, 66),
(961, '2025-02-13 21:', 4165.49, 111, 12),
(962, '2025-07-13 12:', 1241.76, 23, 77),
(963, '2025-02-26 13:', 4863.64, 9, 6),
(964, '2025-07-10 9:', 3371.68, 86, 90),
(965, '2025-08-14 19:', 2702.35, 125, 41),
(966, '2025-06-22 15:', 440.2, 118, 37),
(967, '2025-05-17 20:', 1562.87, 50, 50),
(968, '2025-05-26 13:', 1548.14, 94, 58),
(969, '2025-07-18 17:', 2472.72, 58, 58),
(970, '2025-07-24 18:', 3490.05, 120, 24),
(971, '2025-06-23 11:', 971.49, 121, 4),
(972, '2025-06-21 2:', 1721.58, 14, 47),
(973, '2025-03-26 22:', 3882.18, 18, 18),
(974, '2025-05-16 20:', 4142.1, 88, 75),
(975, '2025-05-19 2:', 337.55, 30, 47),
(976, '2025-08-13 17:', 4995.49, 37, 70),
(977, '2025-04-25 20:', 2874.91, 43, 6),
(978, '2025-03-21 19:', 1912.83, 176, 18),
(979, '2025-02-22 21:', 4181.98, 8, 56),
(980, '2025-07-27 9:', 4481.91, 101, 13),
(981, '2025-02-23 13:', 1793.16, 120, 55),
(982, '2025-07-16 19:', 387.87, 64, 46),
(983, '2025-05-19 20:', 4759.22, 42, 52),
(984, '2025-08-24 2:', 869.42, 120, 64),
(985, '2025-03-14 10:', 4487.33, 81, 57),
(986, '2025-04-21 19:', 1334.74, 153, 73),
(987, '2025-08-23 7:', 587.14, 196, 28),
(988, '2025-04-19 21:', 4856.01, 143, 74),
(989, '2025-07-22 7:', 3550.05, 197, 48),
(990, '2025-08-22 1:', 480.57, 140, 90),
(991, '2025-05-17 1:', 1714.65, 167, 79),
(992, '2025-08-19 4:', 1117.46, 132, 97),
(993, '2025-05-14 9:', 1008.31, 4, 27),
(994, '2025-01-26 7:', 994.57, 93, 17),
(995, '2025-02-23 18:', 2001.27, 49, 24),
(996, '2025-04-10 9:', 4436.52, 153, 74),
(997, '2025-08-20 14:', 4409.26, 20, 21),
(998, '2025-01-16 6:', 4772.1, 83, 7),
(999, '2025-03-17 17:', 4834.89, 75, 30),
(1000, '2025-06-18 9:', 743.14, 125, 10),
(1001, '2025-04-17 2:', 2727.18, 22, 93),
(1002, '2025-08-12 8:', 1449.75, 102, 49),
(1003, '2025-01-11 12:', 4640.23, 5, 6),
(1004, '2025-03-11 12:', 1951.59, 72, 98),
(1005, '2025-04-26 14:', 1111.38, 14, 64),
(1006, '2025-07-14 9:', 3543.43, 59, 20),
(1007, '2025-03-10 3:', 1257.09, 12, 95),
(1008, '2025-04-13 6:', 1951.36, 117, 85),
(1009, '2025-01-16 3:', 2645.08, 122, 7),
(1010, '2025-03-21 15:', 1599.12, 95, 45),
(1011, '2025-06-19 9:', 3000.79, 120, 11),
(1012, '2025-04-22 13:', 3263.41, 118, 52),
(1013, '2025-06-23 11:', 4232.51, 139, 9),
(1014, '2025-08-10 14:', 2301.39, 154, 57),
(1015, '2025-08-12 8:', 4069.75, 197, 59),
(1016, '2025-01-18 10:', 341.14, 150, 98),
(1017, '2025-04-14 3:', 4873.7, 148, 11),
(1018, '2025-02-18 14:', 2175.44, 77, 4),
(1019, '2025-01-14 13:', 2554.69, 103, 19),
(1020, '2025-07-12 13:', 4829.84, 3, 39),
(1021, '2025-08-22 2:', 78.82, 166, 54),
(1022, '2025-05-12 12:', 392.88, 181, 83),
(1023, '2025-03-23 5:', 4902.26, 22, 73),
(1024, '2025-05-20 16:', 1158.64, 86, 15),
(1025, '2025-02-14 3:', 4022.25, 184, 89),
(1026, '2025-01-27 12:', 2974.6, 178, 95),
(1027, '2025-02-12 15:', 4486.11, 15, 92),
(1028, '2025-08-16 6:', 2749.77, 136, 85),
(1029, '2025-02-19 18:', 2310.1, 33, 17),
(1030, '2025-02-20 21:', 514.2, 57, 58),
(1031, '2025-05-27 17:', 3053.81, 54, 90),
(1032, '2025-01-17 19:', 2343.63, 119, 74),
(1033, '2025-06-21 12:', 734.7, 185, 47),
(1034, '2025-07-16 17:', 2835.98, 162, 51),
(1035, '2025-05-19 8:', 1131.78, 101, 58),
(1036, '2025-01-15 12:', 1885.9, 149, 58),
(1037, '2025-03-15 20:', 2739.91, 109, 71),
(1038, '2025-01-15 5:', 4635.07, 113, 53),
(1039, '2025-07-12 3:', 2840.48, 151, 26),
(1040, '2025-07-10 8:', 1673.19, 74, 36),
(1041, '2025-05-25 11:', 1499.3, 193, 68),
(1042, '2025-03-26 14:', 3782.38, 157, 15),
(1043, '2025-04-17 5:', 2272.79, 116, 58),
(1044, '2025-05-15 13:', 4668.3, 88, 53),
(1045, '2025-06-21 17:', 435.76, 40, 77),
(1046, '2025-01-13 10:', 3055.45, 6, 40),
(1047, '2025-06-11 18:', 4135.37, 188, 39),
(1048, '2025-04-18 18:', 3441.39, 121, 5),
(1049, '2025-04-27 8:', 4828.03, 43, 15),
(1050, '2025-02-25 19:', 3271.27, 16, 35),
(1051, '2025-04-14 2:', 3411.93, 18, 24),
(1052, '2025-04-19 19:', 794.56, 51, 44),
(1053, '2025-02-27 0:', 3114.97, 7, 16),
(1054, '2025-01-27 19:', 3697.48, 24, 2),
(1055, '2025-02-20 12:', 3224.47, 159, 38),
(1056, '2025-07-18 11:', 2024.18, 139, 96),
(1057, '2025-06-10 21:', 4570.62, 152, 51),
(1058, '2025-07-10 16:', 281.7, 157, 35),
(1059, '2025-04-17 12:', 607.96, 57, 92),
(1060, '2025-07-18 9:', 2675.78, 48, 47),
(1061, '2025-03-13 15:', 3183.83, 75, 67),
(1062, '2025-04-12 13:', 4635.15, 26, 65),
(1063, '2025-07-27 1:', 1887.57, 55, 70),
(1064, '2025-03-15 11:', 3316.18, 16, 14),
(1065, '2025-08-18 10:', 4980.38, 150, 80),
(1066, '2025-07-19 11:', 3418.12, 164, 18),
(1067, '2025-05-15 0:', 3840.31, 170, 17),
(1068, '2025-01-14 10:', 2965.26, 180, 34),
(1069, '2025-05-21 3:', 2968.74, 171, 43),
(1070, '2025-01-23 17:', 3723.7, 148, 44),
(1071, '2025-06-20 14:', 4957.38, 148, 56),
(1072, '2025-07-27 10:', 4767.67, 70, 43),
(1073, '2025-07-19 0:', 1321.37, 53, 60),
(1074, '2025-02-24 1:', 4925.29, 28, 28),
(1075, '2025-06-19 11:', 571.32, 53, 67),
(1076, '2025-05-26 15:', 519.57, 42, 60),
(1077, '2025-08-27 4:', 3966.5, 90, 75),
(1078, '2025-05-16 12:', 4128.7, 40, 81),
(1079, '2025-06-13 12:', 768.57, 97, 42),
(1080, '2025-07-15 11:', 3285.8, 1, 95),
(1081, '2025-01-12 16:', 3248.18, 185, 5),
(1082, '2025-07-24 12:', 2309.83, 116, 89),
(1083, '2025-02-12 9:', 4513.05, 127, 17),
(1084, '2025-01-12 18:', 1689.79, 168, 95),
(1085, '2025-04-21 15:', 2158.27, 162, 68),
(1086, '2025-04-25 12:', 2159.63, 129, 5),
(1087, '2025-01-22 12:', 4321.94, 11, 26),
(1088, '2025-04-26 19:', 4797.44, 189, 94),
(1089, '2025-04-12 13:', 3270.16, 14, 23),
(1090, '2025-01-23 4:', 4140.31, 38, 62),
(1091, '2025-02-14 4:', 1255.85, 25, 48),
(1092, '2025-01-14 3:', 3130.2, 52, 27),
(1093, '2025-01-24 22:', 3720.35, 78, 13),
(1094, '2025-02-20 6:', 1615.24, 187, 69),
(1095, '2025-06-27 22:', 471.61, 80, 99),
(1096, '2025-05-12 14:', 718.99, 121, 6),
(1097, '2025-05-26 20:', 2293.92, 66, 4),
(1098, '2025-06-10 13:', 647.83, 63, 59),
(1099, '2025-01-25 3:', 2149.59, 88, 75),
(1100, '2025-05-27 7:', 3905.69, 36, 57),
(1101, '2025-06-11 19:', 1286.99, 13, 75),
(1102, '2025-07-25 19:', 2553.6, 192, 92),
(1103, '2025-05-24 16:', 3541, 52, 36),
(1104, '2025-08-19 14:', 2158.42, 183, 44),
(1105, '2025-06-19 12:', 719.42, 126, 30),
(1106, '2025-08-26 3:', 4364.29, 72, 93),
(1107, '2025-07-11 10:', 1969.53, 185, 98),
(1108, '2025-08-16 11:', 222.9, 80, 48),
(1109, '2025-03-25 20:', 3340.44, 17, 22),
(1110, '2025-08-26 13:', 2554.37, 62, 65),
(1111, '2025-01-19 1:', 1736.9, 80, 70),
(1112, '2025-04-25 15:', 4029, 44, 65),
(1113, '2025-02-22 10:', 2106.08, 25, 39),
(1114, '2025-08-12 3:', 2709.02, 42, 57),
(1115, '2025-01-16 11:', 4157.4, 62, 41),
(1116, '2025-07-17 3:', 3767.64, 20, 23),
(1117, '2025-04-13 6:', 1357.9, 183, 99),
(1118, '2025-05-21 4:', 4273.58, 3, 22),
(1119, '2025-06-22 12:', 1451.11, 182, 27),
(1120, '2025-02-25 14:', 3711.18, 27, 17),
(1121, '2025-03-25 21:', 4690.74, 99, 48),
(1122, '2025-07-18 0:', 1424.55, 69, 59),
(1123, '2025-05-18 18:', 134.62, 86, 65),
(1124, '2025-01-26 6:', 1873.24, 51, 40),
(1125, '2025-08-11 16:', 2422.09, 71, 96),
(1126, '2025-04-25 17:', 1541.64, 167, 70),
(1127, '2025-08-26 14:', 387.36, 41, 47),
(1128, '2025-07-26 13:', 413.66, 183, 48),
(1129, '2025-07-21 15:', 4396.67, 134, 68),
(1130, '2025-03-16 1:', 101.34, 111, 91),
(1131, '2025-02-14 11:', 4413.13, 77, 82),
(1132, '2025-05-22 2:', 2753.21, 67, 62),
(1133, '2025-07-13 18:', 55.91, 194, 23),
(1134, '2025-03-15 15:', 3798.56, 100, 80),
(1135, '2025-02-11 11:', 1583.78, 198, 52),
(1136, '2025-08-17 21:', 94.42, 185, 72),
(1137, '2025-06-10 21:', 4509.64, 157, 61),
(1138, '2025-07-25 16:', 2788.46, 168, 60),
(1139, '2025-05-17 4:', 1197.7, 166, 76),
(1140, '2025-02-11 2:', 445.88, 90, 44),
(1141, '2025-05-16 14:', 2755.95, 98, 50),
(1142, '2025-03-10 8:', 4449.17, 122, 26),
(1143, '2025-01-26 19:', 32.63, 115, 49),
(1144, '2025-06-16 3:', 1612.15, 190, 72),
(1145, '2025-08-24 13:', 1188.29, 99, 22),
(1146, '2025-07-23 17:', 1262.32, 172, 54),
(1147, '2025-07-21 5:', 2502.34, 146, 56),
(1148, '2025-01-10 6:', 3863.02, 16, 60),
(1149, '2025-07-19 3:', 882.96, 182, 57),
(1150, '2025-01-10 19:', 2818.03, 131, 93),
(1151, '2025-04-23 12:', 2488.06, 165, 31),
(1152, '2025-06-11 0:', 2759.7, 4, 96),
(1153, '2025-04-24 5:', 2068.05, 25, 42),
(1154, '2025-03-24 14:', 1163.65, 20, 9),
(1155, '2025-05-24 15:', 2806.43, 8, 18),
(1156, '2025-02-16 18:', 2692.86, 137, 69),
(1157, '2025-03-27 1:', 4572.56, 120, 27),
(1158, '2025-03-23 21:', 3125.82, 25, 80),
(1159, '2025-07-25 1:', 81.65, 162, 90),
(1160, '2025-03-14 20:', 966.01, 188, 14),
(1161, '2025-08-25 16:', 4747.76, 14, 32),
(1162, '2025-01-19 14:', 2433.33, 103, 5),
(1163, '2025-01-19 8:', 2572.27, 28, 38),
(1164, '2025-04-10 3:', 346.55, 7, 34),
(1165, '2025-05-19 10:', 3736.15, 64, 95),
(1166, '2025-07-25 15:', 2728.84, 69, 44),
(1167, '2025-04-22 3:', 4591.88, 10, 9),
(1168, '2025-05-25 12:', 3229.65, 49, 2),
(1169, '2025-03-11 15:', 1862.21, 40, 59),
(1170, '2025-03-25 18:', 4523.83, 41, 15),
(1171, '2025-05-16 13:', 70.71, 182, 20),
(1172, '2025-01-20 1:', 4587.06, 47, 30),
(1173, '2025-06-12 3:', 3516.11, 69, 43),
(1174, '2025-05-21 7:', 3635.42, 141, 92),
(1175, '2025-02-20 12:', 3505.99, 63, 93),
(1176, '2025-08-20 22:', 116.79, 117, 10),
(1177, '2025-05-18 6:', 3226.07, 148, 43),
(1178, '2025-01-14 11:', 3378.65, 161, 44),
(1179, '2025-08-12 5:', 4364.75, 25, 8),
(1180, '2025-03-14 2:', 3167.29, 185, 66),
(1181, '2025-02-11 11:', 1481.11, 102, 31),
(1182, '2025-03-22 15:', 3912.79, 87, 96),
(1183, '2025-05-14 7:', 40.23, 44, 59),
(1184, '2025-02-11 4:', 2195.99, 115, 78),
(1185, '2025-02-19 17:', 596.29, 181, 96),
(1186, '2025-05-26 13:', 2516.83, 43, 17),
(1187, '2025-03-24 2:', 1727.98, 20, 59),
(1188, '2025-06-24 21:', 3864.31, 78, 62),
(1189, '2025-02-22 16:', 3538.4, 155, 96),
(1190, '2025-05-26 7:', 2914.39, 110, 63),
(1191, '2025-04-22 8:', 1582.43, 55, 21),
(1192, '2025-03-25 22:', 1249.07, 54, 6),
(1193, '2025-06-22 12:', 2611.14, 49, 11),
(1194, '2025-05-22 5:', 3633.76, 153, 7),
(1195, '2025-04-23 20:', 1936.53, 33, 78),
(1196, '2025-01-22 17:', 594.67, 117, 44),
(1197, '2025-07-16 9:', 2802.8, 76, 12),
(1198, '2025-06-18 12:', 1534.72, 8, 65),
(1199, '2025-02-15 1:', 3803.29, 4, 88),
(1200, '2025-04-11 6:', 933.52, 171, 79),
(1201, '2025-07-15 20:', 3692.82, 70, 19),
(1202, '2025-02-24 18:', 4479.32, 71, 87),
(1203, '2025-05-22 14:', 1727.7, 118, 81),
(1204, '2025-08-20 4:', 4349.45, 113, 89),
(1205, '2025-01-19 17:', 4814.8, 39, 54),
(1206, '2025-01-11 15:', 734, 147, 15),
(1207, '2025-03-15 1:', 2707.55, 154, 65),
(1208, '2025-07-19 21:', 529.33, 81, 53),
(1209, '2025-05-17 9:', 1380.75, 16, 57),
(1210, '2025-08-14 12:', 1877.87, 140, 53),
(1211, '2025-04-17 2:', 767.99, 134, 61),
(1212, '2025-07-10 19:', 2032.11, 44, 45),
(1213, '2025-05-17 9:', 3467.36, 102, 19),
(1214, '2025-04-18 13:', 1981.01, 66, 16),
(1215, '2025-01-24 11:', 355.64, 140, 69),
(1216, '2025-06-20 6:', 3578.04, 23, 16),
(1217, '2025-07-21 16:', 1769.95, 196, 92),
(1218, '2025-02-11 16:', 4180.91, 174, 71),
(1219, '2025-08-14 21:', 388.41, 75, 74),
(1220, '2025-04-23 0:', 1675.08, 117, 94),
(1221, '2025-06-26 22:', 64.32, 147, 4),
(1222, '2025-04-17 10:', 2460.46, 170, 49),
(1223, '2025-04-13 6:', 3999.23, 50, 59),
(1224, '2025-07-14 8:', 542.16, 144, 62),
(1225, '2025-03-20 2:', 3162.85, 62, 11),
(1226, '2025-01-22 18:', 314.83, 155, 60),
(1227, '2025-04-14 18:', 4640.02, 107, 57),
(1228, '2025-07-12 9:', 903.64, 76, 36),
(1229, '2025-08-13 4:', 79.06, 138, 64),
(1230, '2025-04-11 5:', 4364.81, 16, 63),
(1231, '2025-04-17 19:', 4522.25, 87, 39),
(1232, '2025-04-23 9:', 1297.5, 159, 35),
(1233, '2025-02-11 14:', 2859.56, 78, 61),
(1234, '2025-04-24 9:', 3397.02, 36, 60),
(1235, '2025-06-13 20:', 3824.09, 24, 97),
(1236, '2025-07-11 13:', 860.04, 156, 89),
(1237, '2025-05-11 19:', 3499.21, 128, 37),
(1238, '2025-06-11 2:', 3782.39, 11, 4),
(1239, '2025-02-13 14:', 561.84, 102, 97),
(1240, '2025-05-15 15:', 723.86, 147, 20),
(1241, '2025-01-11 11:', 355.67, 35, 86),
(1242, '2025-02-10 3:', 3179.62, 34, 53),
(1243, '2025-02-24 10:', 585.9, 189, 44),
(1244, '2025-01-23 2:', 930.66, 139, 25),
(1245, '2025-04-18 7:', 1535.77, 59, 12),
(1246, '2025-02-13 8:', 3323.96, 44, 71),
(1247, '2025-01-18 2:', 335.07, 57, 25),
(1248, '2025-03-23 8:', 2508.91, 26, 41),
(1249, '2025-05-24 5:', 959.77, 89, 36),
(1250, '2025-04-18 22:', 4563.58, 62, 11),
(1251, '2025-03-17 14:', 4584.01, 29, 57),
(1252, '2025-07-12 19:', 3614.81, 126, 73),
(1253, '2025-07-25 11:', 1804.57, 184, 14),
(1254, '2025-06-14 19:', 1142.63, 119, 35),
(1255, '2025-06-22 2:', 922.01, 103, 76),
(1256, '2025-07-18 9:', 2792.04, 130, 63),
(1257, '2025-01-19 22:', 2598.03, 41, 49),
(1258, '2025-07-15 22:', 1523.42, 74, 12),
(1259, '2025-07-14 17:', 3405.19, 154, 19),
(1260, '2025-07-18 5:', 999.05, 80, 5),
(1261, '2025-02-19 15:', 767.86, 31, 75),
(1262, '2025-03-20 16:', 3775.21, 198, 5),
(1263, '2025-02-10 15:', 3024.85, 184, 12),
(1264, '2025-01-22 22:', 4431.04, 95, 52),
(1265, '2025-03-24 11:', 4023.04, 180, 65),
(1266, '2025-05-13 22:', 2591.18, 161, 79),
(1267, '2025-07-24 13:', 2674.89, 6, 71),
(1268, '2025-04-19 9:', 3758.94, 24, 69),
(1269, '2025-08-19 8:', 1406.89, 198, 81),
(1270, '2025-01-22 0:', 4411.49, 185, 89),
(1271, '2025-01-25 11:', 1250.88, 104, 72),
(1272, '2025-06-17 10:', 1083.17, 83, 9),
(1273, '2025-07-19 14:', 811.29, 111, 34),
(1274, '2025-03-26 18:', 3583.21, 152, 6),
(1275, '2025-04-21 3:', 183.05, 124, 87),
(1276, '2025-05-24 22:', 1802.34, 36, 78),
(1277, '2025-02-18 18:', 2191.46, 104, 10),
(1278, '2025-04-13 18:', 1408.26, 10, 35),
(1279, '2025-06-20 5:', 2140.39, 57, 3),
(1280, '2025-02-23 20:', 3363.48, 59, 17),
(1281, '2025-04-10 17:', 1403.53, 162, 41),
(1282, '2025-08-26 12:', 845.77, 125, 5),
(1283, '2025-01-20 12:', 27.58, 150, 40),
(1284, '2025-01-20 0:', 170.25, 191, 7),
(1285, '2025-04-17 14:', 4655.18, 1, 77),
(1286, '2025-07-27 21:', 2820.22, 130, 57),
(1287, '2025-01-20 18:', 2689.24, 145, 30),
(1288, '2025-07-19 11:', 4667.09, 100, 7),
(1289, '2025-07-23 19:', 1329.17, 191, 31),
(1290, '2025-04-12 3:', 523.41, 115, 43),
(1291, '2025-02-26 3:', 4163.87, 68, 41),
(1292, '2025-01-13 16:', 4128.62, 50, 14),
(1293, '2025-06-19 21:', 4550.58, 115, 87),
(1294, '2025-01-23 12:', 3402.25, 86, 87),
(1295, '2025-08-17 2:', 1457.93, 67, 77),
(1296, '2025-02-18 21:', 1190.1, 51, 66),
(1297, '2025-07-21 10:', 4354.52, 165, 4),
(1298, '2025-03-11 20:', 2814.2, 111, 5),
(1299, '2025-03-18 7:', 4324.72, 127, 85),
(1300, '2025-05-14 6:', 787.78, 87, 46),
(1301, '2025-07-13 10:', 1182.69, 119, 29),
(1302, '2025-03-14 16:', 899.68, 15, 1),
(1303, '2025-02-16 0:', 4175.45, 64, 97),
(1304, '2025-04-19 22:', 3890.71, 10, 64),
(1305, '2025-04-23 13:', 1763.88, 134, 44),
(1306, '2025-04-10 11:', 3104.01, 131, 74),
(1307, '2025-01-15 14:', 874.29, 97, 87),
(1308, '2025-08-16 15:', 3263.42, 100, 10),
(1309, '2025-01-15 22:', 3671.79, 3, 90),
(1310, '2025-04-22 1:', 1421.42, 10, 37),
(1311, '2025-02-20 10:', 849.7, 185, 64),
(1312, '2025-03-12 3:', 4229.92, 75, 27),
(1313, '2025-01-24 0:', 1017.53, 34, 5),
(1314, '2025-01-24 6:', 840.51, 157, 62),
(1315, '2025-04-21 16:', 1150.03, 158, 70),
(1316, '2025-03-11 13:', 1918.39, 12, 15),
(1317, '2025-02-20 15:', 1056.36, 24, 85),
(1318, '2025-04-19 0:', 866.47, 12, 30),
(1319, '2025-08-15 15:', 635.82, 136, 46),
(1320, '2025-01-20 21:', 9.51, 41, 63),
(1321, '2025-03-14 6:', 4228.08, 83, 92),
(1322, '2025-07-21 18:', 4364.22, 125, 17),
(1323, '2025-05-10 11:', 1983.49, 104, 89),
(1324, '2025-06-13 8:', 304.2, 185, 24),
(1325, '2025-08-14 4:', 3018.75, 76, 51),
(1326, '2025-05-20 7:', 222.01, 36, 27),
(1327, '2025-01-20 9:', 3018.98, 132, 7),
(1328, '2025-06-25 11:', 618.45, 132, 92),
(1329, '2025-08-22 21:', 3061.62, 173, 6),
(1330, '2025-05-13 2:', 669.72, 160, 74),
(1331, '2025-05-25 17:', 2414.1, 10, 25),
(1332, '2025-02-16 18:', 2048.78, 105, 3),
(1333, '2025-03-16 15:', 1334.07, 181, 31),
(1334, '2025-04-25 11:', 1762.72, 115, 87),
(1335, '2025-08-21 3:', 4864.39, 82, 95),
(1336, '2025-01-24 21:', 656.67, 102, 33),
(1337, '2025-08-15 8:', 793.63, 198, 98),
(1338, '2025-02-11 21:', 2674.47, 136, 23),
(1339, '2025-05-20 21:', 677.31, 63, 41),
(1340, '2025-08-13 19:', 271.91, 181, 61),
(1341, '2025-05-12 17:', 2095.57, 13, 94),
(1342, '2025-03-12 22:', 2454.87, 81, 63),
(1343, '2025-03-19 2:', 815.08, 160, 58),
(1344, '2025-02-12 15:', 3760.93, 179, 23),
(1345, '2025-07-20 12:', 3658.37, 56, 80),
(1346, '2025-04-27 15:', 2800.01, 60, 8),
(1347, '2025-07-23 18:', 4133.12, 193, 36),
(1348, '2025-03-13 20:', 4212.52, 186, 53),
(1349, '2025-06-11 22:', 1689.29, 42, 18),
(1350, '2025-07-11 19:', 1668.79, 195, 54),
(1351, '2025-08-14 18:', 2318.07, 103, 31),
(1352, '2025-04-19 22:', 3328.36, 33, 29),
(1353, '2025-02-23 7:', 1320.66, 195, 33),
(1354, '2025-05-27 4:', 3126.35, 19, 77),
(1355, '2025-06-16 5:', 2721.11, 10, 44),
(1356, '2025-05-14 4:', 4262.89, 72, 29),
(1357, '2025-03-17 19:', 1487.29, 100, 22),
(1358, '2025-05-22 1:', 4862.91, 33, 51),
(1359, '2025-06-23 6:', 2336.54, 54, 51),
(1360, '2025-02-20 9:', 2029.09, 54, 49),
(1361, '2025-05-22 12:', 2526.78, 76, 89),
(1362, '2025-07-15 18:', 81.82, 124, 36),
(1363, '2025-08-16 0:', 3383.81, 135, 53),
(1364, '2025-08-25 7:', 3660.43, 41, 98),
(1365, '2025-04-11 5:', 1271.98, 90, 55),
(1366, '2025-04-27 0:', 3872.09, 139, 1),
(1367, '2025-05-27 6:', 4473.28, 63, 82),
(1368, '2025-01-27 20:', 2213.18, 38, 69),
(1369, '2025-01-14 17:', 27.95, 184, 42),
(1370, '2025-06-17 19:', 1173.78, 95, 61),
(1371, '2025-02-21 17:', 730.38, 134, 32),
(1372, '2025-06-27 0:', 2021.26, 22, 18),
(1373, '2025-05-14 16:', 1852.37, 137, 93),
(1374, '2025-02-15 12:', 1198.53, 196, 15),
(1375, '2025-04-26 20:', 2616.35, 49, 17),
(1376, '2025-06-11 4:', 4610.76, 101, 90),
(1377, '2025-06-20 7:', 4400.15, 109, 44),
(1378, '2025-02-21 22:', 4912.36, 170, 36),
(1379, '2025-04-11 15:', 4921.07, 98, 79),
(1380, '2025-04-13 1:', 2132.34, 76, 71),
(1381, '2025-06-22 15:', 1757.15, 162, 10),
(1382, '2025-03-13 11:', 167.44, 133, 78),
(1383, '2025-06-11 12:', 587.16, 101, 94),
(1384, '2025-04-19 19:', 295.64, 170, 96),
(1385, '2025-07-22 2:', 772.75, 54, 45),
(1386, '2025-03-27 8:', 2735.06, 80, 30),
(1387, '2025-04-21 3:', 4562.85, 117, 57),
(1388, '2025-07-19 14:', 1984.67, 50, 74),
(1389, '2025-03-23 22:', 1269.11, 48, 5),
(1390, '2025-02-26 8:', 4677.18, 7, 64),
(1391, '2025-04-19 1:', 1532.02, 104, 74),
(1392, '2025-03-18 6:', 1353.28, 199, 26),
(1393, '2025-04-17 13:', 3850.98, 148, 11),
(1394, '2025-08-21 22:', 1123.83, 133, 19),
(1395, '2025-02-18 11:', 2342.49, 9, 36),
(1396, '2025-05-24 3:', 2317.05, 83, 73),
(1397, '2025-03-24 11:', 4288.98, 139, 11),
(1398, '2025-07-23 22:', 4903.94, 114, 63),
(1399, '2025-06-22 2:', 4740.6, 135, 9),
(1400, '2025-05-27 22:', 3935.34, 57, 67),
(1401, '2025-02-26 13:', 2652.92, 66, 67),
(1402, '2025-02-18 17:', 2231.7, 185, 30),
(1403, '2025-04-26 5:', 3715.48, 148, 24),
(1404, '2025-01-15 19:', 3336.46, 8, 81),
(1405, '2025-07-14 20:', 1972.9, 64, 79),
(1406, '2025-02-23 3:', 3143.71, 81, 88),
(1407, '2025-08-13 18:', 153.8, 90, 49),
(1408, '2025-05-10 6:', 2651.96, 33, 49),
(1409, '2025-01-12 21:', 3904.34, 71, 1),
(1410, '2025-05-11 14:', 2.13, 133, 58),
(1411, '2025-02-19 1:', 2703.47, 122, 92),
(1412, '2025-03-21 18:', 800.5, 154, 2),
(1413, '2025-01-11 4:', 4850.3, 100, 68),
(1414, '2025-06-13 2:', 4455.47, 138, 34),
(1415, '2025-03-11 10:', 830.77, 104, 11),
(1416, '2025-04-18 14:', 3355.06, 79, 91),
(1417, '2025-08-24 0:', 2902.14, 175, 50),
(1418, '2025-05-23 19:', 4762.18, 103, 21),
(1419, '2025-07-20 7:', 4439.5, 93, 92),
(1420, '2025-07-13 16:', 307.83, 79, 84),
(1421, '2025-01-25 15:', 3235.93, 169, 72),
(1422, '2025-01-23 20:', 4348.78, 170, 13),
(1423, '2025-01-27 10:', 3584.85, 167, 51),
(1424, '2025-04-17 11:', 3192.68, 127, 35),
(1425, '2025-08-18 11:', 4379.15, 46, 2),
(1426, '2025-02-19 11:', 4818.22, 182, 45),
(1427, '2025-03-26 7:', 1368.72, 84, 22),
(1428, '2025-07-10 10:', 4999.65, 78, 15),
(1429, '2025-02-27 2:', 3863.44, 178, 51),
(1430, '2025-01-21 1:', 3091.49, 56, 81),
(1431, '2025-05-10 20:', 1746.64, 144, 70),
(1432, '2025-07-27 17:', 224.51, 191, 95),
(1433, '2025-03-14 6:', 2760.56, 197, 92),
(1434, '2025-03-25 6:', 3837.45, 171, 34),
(1435, '2025-02-18 17:', 4667.58, 54, 85),
(1436, '2025-08-21 12:', 1395.06, 119, 79),
(1437, '2025-04-24 12:', 2775.6, 15, 16),
(1438, '2025-05-22 0:', 1758.33, 11, 32),
(1439, '2025-03-22 22:', 916.17, 84, 4),
(1440, '2025-05-23 19:', 994.26, 60, 71),
(1441, '2025-01-22 16:', 4444.43, 114, 51),
(1442, '2025-08-23 19:', 1209.16, 52, 86),
(1443, '2025-04-24 12:', 3766.17, 3, 31),
(1444, '2025-08-11 8:', 4927.22, 125, 33),
(1445, '2025-03-24 18:', 3872.32, 128, 47),
(1446, '2025-06-25 17:', 285.35, 51, 91),
(1447, '2025-06-21 19:', 3863.54, 33, 75),
(1448, '2025-04-20 13:', 4528.27, 54, 60),
(1449, '2025-01-23 13:', 2386.02, 182, 36),
(1450, '2025-03-11 11:', 4404.9, 132, 67),
(1451, '2025-02-12 8:', 859.49, 163, 68),
(1452, '2025-05-23 13:', 1933.52, 149, 10),
(1453, '2025-01-18 13:', 4385.11, 55, 33),
(1454, '2025-08-14 6:', 2665.79, 94, 99),
(1455, '2025-04-25 13:', 4938.07, 13, 86),
(1456, '2025-02-20 3:', 4786.77, 181, 52),
(1457, '2025-05-19 20:', 489.49, 74, 51),
(1458, '2025-08-21 11:', 4236.52, 27, 42),
(1459, '2025-03-13 8:', 4617.25, 96, 98),
(1460, '2025-02-18 14:', 1969.77, 141, 2),
(1461, '2025-07-18 12:', 3745.13, 16, 63),
(1462, '2025-07-19 15:', 3413.47, 193, 61),
(1463, '2025-08-10 14:', 3426.83, 145, 5),
(1464, '2025-07-10 11:', 3043.73, 136, 52),
(1465, '2025-01-19 18:', 875.6, 72, 45),
(1466, '2025-07-17 21:', 1479.61, 156, 80),
(1467, '2025-05-15 19:', 4601.4, 10, 97),
(1468, '2025-07-25 14:', 964.76, 115, 89),
(1469, '2025-03-27 7:', 1610.59, 26, 74),
(1470, '2025-06-13 5:', 971.78, 2, 47),
(1471, '2025-01-21 18:', 3087.04, 117, 84),
(1472, '2025-02-12 18:', 1442.12, 199, 29),
(1473, '2025-03-21 20:', 2643.86, 157, 29),
(1474, '2025-07-23 11:', 2666.34, 1, 75),
(1475, '2025-08-17 16:', 2281.9, 187, 97),
(1476, '2025-08-14 22:', 2414.34, 48, 8),
(1477, '2025-03-16 10:', 4902.97, 184, 8),
(1478, '2025-05-22 20:', 2033.16, 29, 36),
(1479, '2025-08-15 15:', 4630.36, 123, 72),
(1480, '2025-01-13 5:', 2880.42, 68, 40),
(1481, '2025-08-17 12:', 2411.06, 64, 65),
(1482, '2025-04-14 14:', 1046.51, 83, 38),
(1483, '2025-05-12 8:', 2088.93, 158, 56),
(1484, '2025-01-13 15:', 1546.56, 176, 57),
(1485, '2025-08-25 14:', 35.79, 177, 47),
(1486, '2025-05-23 14:', 1902.74, 132, 96),
(1487, '2025-01-24 7:', 2540.85, 115, 76),
(1488, '2025-05-20 18:', 2537.86, 43, 29),
(1489, '2025-01-21 9:', 4544.16, 85, 7),
(1490, '2025-01-13 5:', 3954.2, 37, 3),
(1491, '2025-03-27 18:', 4830.35, 158, 46),
(1492, '2025-05-23 10:', 720.15, 154, 76),
(1493, '2025-02-15 17:', 540.01, 38, 26),
(1494, '2025-07-21 12:', 4734.15, 77, 34),
(1495, '2025-08-16 2:', 1422.1, 159, 96),
(1496, '2025-03-18 16:', 579.06, 4, 75),
(1497, '2025-01-19 1:', 4108.54, 88, 80),
(1498, '2025-03-18 7:', 788.59, 136, 41),
(1499, '2025-04-11 15:', 316.57, 100, 88),
(1500, '2025-06-25 11:', 1566.67, 122, 38),
(1501, '2025-06-16 17:', 411.16, 165, 62),
(1502, '2025-02-10 21:', 2531.27, 66, 63),
(1503, '2025-06-27 20:', 553.2, 197, 51),
(1504, '2025-03-12 8:', 517.84, 86, 52),
(1505, '2025-01-12 7:', 2102.5, 199, 95),
(1506, '2025-06-19 17:', 4846.69, 17, 99),
(1507, '2025-01-14 0:', 2007.22, 92, 31),
(1508, '2025-04-13 22:', 889.29, 125, 79),
(1509, '2025-03-20 15:', 2122.03, 79, 38),
(1510, '2025-08-18 10:', 4011.02, 177, 44),
(1511, '2025-06-27 10:', 1955.45, 167, 26),
(1512, '2025-05-21 15:', 69.76, 45, 37),
(1513, '2025-03-11 1:', 92.02, 55, 41),
(1514, '2025-03-27 8:', 2702.05, 166, 83),
(1515, '2025-01-13 8:', 693.85, 108, 16),
(1516, '2025-01-11 21:', 991.75, 124, 42),
(1517, '2025-07-12 5:', 2966.38, 75, 41),
(1518, '2025-02-12 12:', 4411.96, 133, 74),
(1519, '2025-01-25 18:', 3865.39, 58, 51),
(1520, '2025-01-20 2:', 4674.8, 4, 49),
(1521, '2025-08-25 3:', 3003.45, 195, 20),
(1522, '2025-02-21 6:', 1906.06, 148, 56),
(1523, '2025-06-26 21:', 1175.29, 143, 63),
(1524, '2025-04-15 3:', 4336.58, 147, 48),
(1525, '2025-08-27 9:', 4147.23, 64, 88),
(1526, '2025-07-23 13:', 2757.62, 9, 26),
(1527, '2025-01-14 19:', 4276.44, 20, 49),
(1528, '2025-03-20 18:', 4891.17, 132, 62),
(1529, '2025-04-12 9:', 3894.36, 135, 52),
(1530, '2025-04-24 7:', 4956.56, 18, 74),
(1531, '2025-05-25 20:', 318.51, 50, 35),
(1532, '2025-05-13 15:', 3074.27, 147, 13),
(1533, '2025-07-27 4:', 2809.18, 152, 14),
(1534, '2025-01-17 8:', 82.88, 43, 33),
(1535, '2025-03-13 16:', 1312.34, 15, 34),
(1536, '2025-01-17 8:', 1312.7, 153, 20),
(1537, '2025-07-24 20:', 413.1, 85, 52),
(1538, '2025-02-12 22:', 15.43, 134, 85),
(1539, '2025-07-12 21:', 3583.05, 1, 9),
(1540, '2025-06-23 14:', 4777.04, 14, 29),
(1541, '2025-06-17 4:', 2230.6, 66, 63),
(1542, '2025-05-15 15:', 3183.55, 186, 41),
(1543, '2025-02-10 6:', 349.89, 148, 33),
(1544, '2025-08-20 9:', 4907.66, 114, 76),
(1545, '2025-01-21 20:', 643.11, 92, 75),
(1546, '2025-03-14 11:', 2347.94, 73, 61),
(1547, '2025-03-18 12:', 1870.16, 11, 86),
(1548, '2025-07-10 0:', 4708.85, 104, 35),
(1549, '2025-01-20 10:', 1899.94, 74, 43),
(1550, '2025-06-18 9:', 1163.48, 15, 45),
(1551, '2025-08-11 20:', 1394.8, 57, 42),
(1552, '2025-02-21 6:', 2304.61, 43, 57),
(1553, '2025-07-24 4:', 1182.04, 44, 24),
(1554, '2025-05-14 5:', 4250.08, 197, 33),
(1555, '2025-02-17 11:', 3428.28, 49, 8),
(1556, '2025-06-16 20:', 464.01, 164, 59),
(1557, '2025-04-18 14:', 699.84, 118, 29),
(1558, '2025-01-17 4:', 4993.6, 21, 66),
(1559, '2025-05-12 11:', 2011.71, 159, 23),
(1560, '2025-03-10 4:', 382.45, 56, 59),
(1561, '2025-02-22 13:', 4159.24, 105, 41),
(1562, '2025-03-24 6:', 1385.01, 118, 90),
(1563, '2025-06-23 18:', 76.35, 154, 34),
(1564, '2025-06-13 16:', 543.32, 15, 98),
(1565, '2025-07-12 17:', 3227.11, 44, 93),
(1566, '2025-08-15 20:', 4450.43, 152, 49),
(1567, '2025-05-26 12:', 2372.02, 114, 42),
(1568, '2025-03-27 18:', 4731.56, 36, 68),
(1569, '2025-07-27 17:', 4842.98, 28, 3),
(1570, '2025-08-17 3:', 3292.15, 115, 18),
(1571, '2025-01-17 4:', 1979.64, 143, 62),
(1572, '2025-01-14 18:', 3076.38, 195, 84),
(1573, '2025-02-15 9:', 3625.29, 51, 96),
(1574, '2025-08-10 2:', 4428.18, 161, 33),
(1575, '2025-08-25 16:', 873.89, 30, 50),
(1576, '2025-05-12 4:', 3917.63, 72, 51),
(1577, '2025-01-20 18:', 2114.88, 45, 68),
(1578, '2025-02-15 6:', 2135.13, 171, 57),
(1579, '2025-01-13 15:', 1584.37, 81, 1),
(1580, '2025-08-16 22:', 3533.96, 123, 95),
(1581, '2025-03-14 14:', 1153.04, 47, 95),
(1582, '2025-06-23 9:', 1622.82, 108, 6),
(1583, '2025-01-23 18:', 2596.16, 170, 11),
(1584, '2025-03-12 2:', 2937.31, 198, 61),
(1585, '2025-04-22 6:', 1074.45, 88, 83),
(1586, '2025-06-23 10:', 1791.24, 162, 5),
(1587, '2025-08-14 13:', 1708.69, 82, 56),
(1588, '2025-02-24 6:', 1027.58, 52, 64),
(1589, '2025-03-13 2:', 2668.01, 88, 66),
(1590, '2025-08-16 8:', 691.28, 179, 25),
(1591, '2025-05-25 19:', 611.84, 10, 54),
(1592, '2025-03-25 21:', 4941.52, 15, 8),
(1593, '2025-08-21 10:', 3675.54, 91, 24),
(1594, '2025-04-26 13:', 3689.65, 138, 40),
(1595, '2025-08-21 3:', 1415.26, 36, 44),
(1596, '2025-01-26 0:', 3500.85, 6, 93),
(1597, '2025-03-26 5:', 663.43, 90, 63),
(1598, '2025-08-12 4:', 4369.83, 155, 43),
(1599, '2025-03-10 12:', 2880.86, 153, 52),
(1600, '2025-01-26 14:', 3389.26, 27, 62),
(1601, '2025-08-10 1:', 1391.42, 180, 64),
(1602, '2025-07-12 11:', 3099.63, 138, 91),
(1603, '2025-06-13 18:', 3279.96, 143, 15),
(1604, '2025-04-19 9:', 2408.03, 131, 38),
(1605, '2025-06-18 12:', 2407.78, 184, 92),
(1606, '2025-05-22 5:', 1805.44, 156, 94),
(1607, '2025-06-11 6:', 3293.79, 18, 26),
(1608, '2025-05-12 9:', 4563.06, 62, 55),
(1609, '2025-02-26 16:', 2190.22, 4, 51),
(1610, '2025-07-27 1:', 2461.54, 43, 30),
(1611, '2025-01-26 22:', 2001.63, 18, 53),
(1612, '2025-03-15 5:', 2609.88, 129, 19),
(1613, '2025-04-18 1:', 4910.04, 32, 97),
(1614, '2025-03-18 0:', 2432.6, 130, 18),
(1615, '2025-08-23 17:', 1849.15, 34, 60),
(1616, '2025-06-10 8:', 138.58, 26, 25),
(1617, '2025-06-13 5:', 1862.51, 161, 27),
(1618, '2025-08-16 16:', 4362.28, 145, 26),
(1619, '2025-04-27 14:', 1739.2, 17, 67),
(1620, '2025-06-23 9:', 3357.2, 61, 63),
(1621, '2025-08-18 18:', 2659.58, 135, 56),
(1622, '2025-01-20 22:', 72.53, 109, 94),
(1623, '2025-05-20 1:', 4671.78, 28, 43),
(1624, '2025-02-12 3:', 206.39, 36, 99),
(1625, '2025-03-17 8:', 4477.15, 16, 35),
(1626, '2025-08-14 3:', 4041.95, 38, 78),
(1627, '2025-07-13 12:', 3796.9, 162, 34),
(1628, '2025-01-20 22:', 2493.14, 194, 16),
(1629, '2025-05-20 19:', 3218.69, 151, 24),
(1630, '2025-04-16 22:', 2937.6, 132, 19),
(1631, '2025-05-25 2:', 4652.97, 173, 85),
(1632, '2025-01-24 7:', 1228.47, 56, 11),
(1633, '2025-02-15 8:', 3963.53, 151, 58),
(1634, '2025-03-22 1:', 3861.15, 46, 6),
(1635, '2025-07-25 8:', 3444.51, 57, 81),
(1636, '2025-06-20 6:', 968.48, 77, 82),
(1637, '2025-04-27 7:', 4897.98, 181, 91),
(1638, '2025-07-11 8:', 1884.02, 148, 40),
(1639, '2025-06-18 6:', 4078.93, 112, 29),
(1640, '2025-04-22 0:', 3717.93, 162, 31),
(1641, '2025-04-15 15:', 4779.93, 49, 84),
(1642, '2025-05-10 2:', 3430.36, 156, 85),
(1643, '2025-01-21 5:', 4815.72, 44, 18),
(1644, '2025-01-11 9:', 4520.69, 105, 69),
(1645, '2025-07-10 6:', 2455.18, 187, 59),
(1646, '2025-04-18 3:', 4943.1, 74, 70),
(1647, '2025-06-14 17:', 2821.37, 69, 25),
(1648, '2025-04-12 22:', 2687.88, 19, 52),
(1649, '2025-08-20 18:', 2675.14, 192, 72),
(1650, '2025-06-20 6:', 168.19, 174, 74),
(1651, '2025-02-12 7:', 2602.08, 136, 79),
(1652, '2025-05-10 16:', 4523.47, 62, 39),
(1653, '2025-01-25 11:', 2864.62, 12, 28),
(1654, '2025-08-10 11:', 4324.56, 113, 64),
(1655, '2025-07-18 6:', 3558.78, 147, 44),
(1656, '2025-01-22 12:', 3942.21, 112, 72),
(1657, '2025-01-23 7:', 2642.71, 170, 56),
(1658, '2025-04-22 6:', 4456.58, 111, 31),
(1659, '2025-03-10 9:', 4491.48, 183, 8),
(1660, '2025-02-18 10:', 516.98, 84, 89),
(1661, '2025-06-18 21:', 1209.12, 163, 67),
(1662, '2025-08-24 1:', 3694.76, 3, 86),
(1663, '2025-03-13 10:', 4361.85, 182, 94),
(1664, '2025-02-20 9:', 2212.79, 26, 98),
(1665, '2025-07-11 11:', 467.39, 45, 23),
(1666, '2025-03-21 8:', 2570.96, 13, 12),
(1667, '2025-04-17 5:', 4179.45, 51, 50),
(1668, '2025-01-22 2:', 4350.52, 67, 16),
(1669, '2025-01-19 16:', 4261.77, 96, 51),
(1670, '2025-07-24 18:', 1037.38, 143, 8),
(1671, '2025-04-25 4:', 1707.39, 28, 86),
(1672, '2025-05-24 1:', 4325.35, 128, 95),
(1673, '2025-04-27 6:', 4123.43, 30, 87),
(1674, '2025-05-10 14:', 3391.75, 83, 54),
(1675, '2025-04-11 15:', 789.1, 142, 12),
(1676, '2025-01-16 20:', 229.95, 106, 43),
(1677, '2025-01-16 17:', 2709.84, 101, 80),
(1678, '2025-01-20 1:', 3941.49, 141, 83),
(1679, '2025-06-11 10:', 3713.38, 8, 80),
(1680, '2025-07-17 7:', 4370.71, 99, 86),
(1681, '2025-01-26 15:', 4402.84, 6, 28),
(1682, '2025-01-10 3:', 2452.9, 164, 70),
(1683, '2025-01-24 0:', 3823.26, 121, 10),
(1684, '2025-04-22 14:', 1956.81, 177, 59),
(1685, '2025-01-20 21:', 3935.46, 191, 17),
(1686, '2025-01-20 13:', 3590.87, 55, 76),
(1687, '2025-02-20 21:', 161.16, 157, 59),
(1688, '2025-07-27 19:', 1908.39, 149, 33),
(1689, '2025-02-11 13:', 2595.86, 37, 13),
(1690, '2025-03-26 9:', 2412.09, 117, 33),
(1691, '2025-04-13 13:', 4379.16, 23, 76),
(1692, '2025-06-14 3:', 4199.19, 24, 85),
(1693, '2025-03-24 2:', 2342.8, 58, 37),
(1694, '2025-04-26 16:', 1663.34, 119, 1),
(1695, '2025-08-23 15:', 3349.43, 33, 89),
(1696, '2025-06-10 21:', 3473.61, 179, 62),
(1697, '2025-02-17 17:', 1594.57, 181, 42),
(1698, '2025-02-18 12:', 4429.41, 65, 28),
(1699, '2025-01-15 11:', 2836.25, 122, 62),
(1700, '2025-07-11 5:', 3233.36, 186, 45),
(1701, '2025-03-21 0:', 1846.81, 122, 89),
(1702, '2025-06-17 3:', 725.16, 180, 34),
(1703, '2025-07-12 16:', 4203.72, 175, 46),
(1704, '2025-04-25 22:', 3320.6, 143, 59),
(1705, '2025-08-14 15:', 4658.16, 3, 87),
(1706, '2025-07-17 0:', 2038.81, 134, 15),
(1707, '2025-04-11 16:', 54.16, 49, 2),
(1708, '2025-08-14 13:', 1709.68, 1, 31),
(1709, '2025-06-27 17:', 3550.24, 52, 2),
(1710, '2025-08-19 3:', 1196.06, 92, 63),
(1711, '2025-03-12 3:', 1620.74, 83, 19),
(1712, '2025-02-18 10:', 1164.61, 170, 80),
(1713, '2025-02-21 20:', 281.98, 62, 30),
(1714, '2025-04-16 13:', 1494.83, 82, 76),
(1715, '2025-07-25 5:', 2032.44, 44, 12),
(1716, '2025-01-27 2:', 739.75, 121, 13),
(1717, '2025-05-20 15:', 855.4, 189, 26),
(1718, '2025-01-20 0:', 3833.48, 186, 23),
(1719, '2025-03-26 15:', 211.6, 94, 89),
(1720, '2025-07-23 13:', 3245.22, 121, 4),
(1721, '2025-06-25 9:', 1737.57, 5, 57),
(1722, '2025-01-13 2:', 2615.03, 142, 86),
(1723, '2025-05-13 11:', 2544.66, 140, 13),
(1724, '2025-08-10 3:', 1051.87, 44, 90),
(1725, '2025-01-25 11:', 235.09, 93, 94),
(1726, '2025-05-16 13:', 4923.63, 167, 65),
(1727, '2025-02-12 22:', 4390.11, 75, 2),
(1728, '2025-01-12 0:', 1389.09, 184, 55),
(1729, '2025-03-14 7:', 3858.46, 153, 51),
(1730, '2025-01-23 4:', 4657.13, 130, 92),
(1731, '2025-04-11 17:', 3045.73, 130, 23),
(1732, '2025-08-19 6:', 2969.33, 25, 73),
(1733, '2025-05-16 6:', 4690.9, 110, 48),
(1734, '2025-08-20 9:', 1944.23, 69, 2),
(1735, '2025-03-14 22:', 650.77, 165, 85),
(1736, '2025-01-12 13:', 3099.8, 116, 73),
(1737, '2025-06-12 19:', 3827.36, 150, 65),
(1738, '2025-04-14 18:', 3427.31, 78, 84),
(1739, '2025-05-17 13:', 3386.11, 101, 87),
(1740, '2025-07-26 16:', 4687.44, 145, 66),
(1741, '2025-02-25 3:', 393.31, 104, 58),
(1742, '2025-03-17 10:', 655.42, 185, 73),
(1743, '2025-04-18 3:', 4464.75, 103, 71),
(1744, '2025-06-13 8:', 4322.79, 146, 46),
(1745, '2025-04-20 12:', 2484.85, 58, 92),
(1746, '2025-06-14 8:', 1777.76, 175, 78),
(1747, '2025-07-10 15:', 1291.94, 187, 89),
(1748, '2025-05-25 7:', 4716.4, 120, 43),
(1749, '2025-05-11 10:', 2749.49, 197, 35),
(1750, '2025-08-11 15:', 2665.77, 140, 81),
(1751, '2025-07-24 16:', 4039.44, 147, 9),
(1752, '2025-04-12 5:', 3782.07, 157, 90),
(1753, '2025-03-27 11:', 2704.52, 182, 92),
(1754, '2025-02-24 15:', 607.68, 12, 55),
(1755, '2025-05-14 1:', 2037.61, 17, 27),
(1756, '2025-01-17 16:', 1817.42, 116, 33),
(1757, '2025-06-21 17:', 4165.63, 2, 18),
(1758, '2025-07-21 22:', 4742.77, 63, 32),
(1759, '2025-08-24 8:', 3357.02, 183, 29),
(1760, '2025-06-16 15:', 3913.43, 29, 52),
(1761, '2025-04-12 0:', 1457.47, 9, 17),
(1762, '2025-01-20 12:', 4727.38, 114, 4),
(1763, '2025-08-17 17:', 571.07, 125, 76),
(1764, '2025-06-18 15:', 3635.89, 184, 54),
(1765, '2025-01-18 8:', 290.2, 98, 45),
(1766, '2025-03-13 4:', 4006.84, 179, 50),
(1767, '2025-07-18 10:', 4983.68, 96, 61),
(1768, '2025-02-26 7:', 4789.72, 144, 31),
(1769, '2025-05-21 16:', 296.35, 32, 25),
(1770, '2025-08-18 16:', 580.47, 170, 28),
(1771, '2025-07-11 22:', 4312.84, 184, 63),
(1772, '2025-01-26 18:', 695.41, 51, 21),
(1773, '2025-07-13 4:', 4372.57, 31, 9),
(1774, '2025-05-20 15:', 3435.15, 60, 28),
(1775, '2025-02-14 1:', 1050.84, 16, 8),
(1776, '2025-04-10 17:', 1266.15, 77, 88),
(1777, '2025-08-26 5:', 4779.22, 33, 70),
(1778, '2025-04-21 20:', 4051.78, 148, 97),
(1779, '2025-05-25 11:', 2350.24, 96, 48),
(1780, '2025-02-23 11:', 3010.07, 194, 36),
(1781, '2025-02-21 18:', 4504.69, 42, 73),
(1782, '2025-02-22 3:', 371.9, 12, 22),
(1783, '2025-02-22 21:', 3367.72, 37, 20),
(1784, '2025-03-23 11:', 4946.54, 136, 99),
(1785, '2025-02-19 17:', 2610.73, 52, 7),
(1786, '2025-06-13 11:', 489.4, 83, 14),
(1787, '2025-05-10 3:', 3946.22, 19, 65),
(1788, '2025-04-11 8:', 3220.99, 138, 35),
(1789, '2025-04-13 19:', 3201.2, 157, 12),
(1790, '2025-07-13 16:', 4449.22, 177, 12),
(1791, '2025-05-13 20:', 3288.96, 118, 70),
(1792, '2025-05-26 4:', 4448.95, 183, 54),
(1793, '2025-07-15 1:', 1766.09, 127, 14),
(1794, '2025-02-16 8:', 3238.91, 78, 89),
(1795, '2025-08-22 19:', 367.24, 132, 55),
(1796, '2025-06-18 21:', 3825.94, 191, 17),
(1797, '2025-06-10 8:', 2105.57, 99, 26),
(1798, '2025-06-11 19:', 4418.66, 78, 10),
(1799, '2025-07-15 14:', 68.01, 117, 54),
(1800, '2025-01-13 9:', 1929.6, 45, 22),
(1801, '2025-03-27 6:', 4079.06, 146, 70),
(1802, '2025-08-11 21:', 3940.27, 14, 94),
(1803, '2025-05-23 0:', 1962.93, 90, 72),
(1804, '2025-04-17 10:', 1775.75, 139, 75),
(1805, '2025-02-25 11:', 3129.05, 32, 83),
(1806, '2025-08-25 2:', 1573.48, 104, 28),
(1807, '2025-06-19 13:', 4831.34, 191, 80),
(1808, '2025-01-24 2:', 2069.59, 66, 96),
(1809, '2025-06-26 17:', 3667.01, 12, 29),
(1810, '2025-05-26 1:', 3624.93, 46, 88),
(1811, '2025-07-26 2:', 137.49, 50, 60),
(1812, '2025-03-10 16:', 3235.98, 21, 57),
(1813, '2025-08-23 14:', 4250.79, 164, 68),
(1814, '2025-05-19 2:', 1894.67, 1, 66),
(1815, '2025-03-20 15:', 291.36, 98, 4),
(1816, '2025-03-10 2:', 605.8, 5, 34),
(1817, '2025-06-20 7:', 3236.31, 98, 92),
(1818, '2025-04-13 18:', 1558.95, 121, 73),
(1819, '2025-02-15 11:', 1645.92, 139, 29),
(1820, '2025-02-24 3:', 2096.03, 57, 34),
(1821, '2025-08-17 5:', 2600.46, 21, 38),
(1822, '2025-08-11 19:', 2814.83, 30, 88),
(1823, '2025-03-20 7:', 4140.06, 136, 3),
(1824, '2025-04-19 4:', 618.86, 197, 45),
(1825, '2025-08-25 3:', 2079.41, 33, 80),
(1826, '2025-04-27 11:', 3853.36, 136, 19),
(1827, '2025-08-16 0:', 245.59, 68, 31),
(1828, '2025-07-22 11:', 4277.38, 28, 61),
(1829, '2025-08-16 7:', 3697.48, 116, 29),
(1830, '2025-05-10 5:', 3905.2, 141, 91),
(1831, '2025-02-27 17:', 125.78, 7, 74),
(1832, '2025-03-21 5:', 4623.34, 42, 49),
(1833, '2025-05-26 8:', 2773.7, 52, 57),
(1834, '2025-08-21 5:', 69.53, 81, 31),
(1835, '2025-03-26 12:', 4902.17, 113, 45),
(1836, '2025-01-21 1:', 3451.77, 154, 82),
(1837, '2025-01-24 21:', 3101.14, 135, 75),
(1838, '2025-08-25 11:', 4020.48, 40, 1),
(1839, '2025-03-14 15:', 4513.82, 108, 15),
(1840, '2025-06-27 12:', 4466.02, 34, 10),
(1841, '2025-06-10 7:', 2465.88, 198, 95),
(1842, '2025-05-20 3:', 1428.19, 25, 17),
(1843, '2025-06-20 0:', 2316.8, 176, 38),
(1844, '2025-04-25 11:', 3757.16, 20, 2),
(1845, '2025-02-15 11:', 4444.47, 21, 27),
(1846, '2025-05-20 18:', 4481.65, 124, 54),
(1847, '2025-03-17 5:', 1702.41, 40, 25),
(1848, '2025-02-27 3:', 3312.75, 38, 77),
(1849, '2025-01-14 13:', 4377.54, 8, 80),
(1850, '2025-03-18 22:', 4112.29, 134, 78),
(1851, '2025-05-19 15:', 1200.09, 54, 78),
(1852, '2025-05-22 19:', 2847.26, 33, 59),
(1853, '2025-08-16 15:', 955.48, 63, 22),
(1854, '2025-03-12 11:', 557.32, 62, 95),
(1855, '2025-02-13 4:', 3326.09, 180, 33),
(1856, '2025-06-14 11:', 4702.4, 16, 49),
(1857, '2025-02-12 16:', 1184.41, 198, 83),
(1858, '2025-04-18 12:', 2155.85, 93, 64),
(1859, '2025-07-10 19:', 254.35, 101, 29),
(1860, '2025-01-19 7:', 498.4, 80, 60),
(1861, '2025-05-22 4:', 1343.66, 156, 89),
(1862, '2025-05-15 22:', 780.59, 101, 83),
(1863, '2025-03-15 12:', 2376.34, 33, 55),
(1864, '2025-03-20 0:', 2793.62, 110, 71),
(1865, '2025-08-23 12:', 4668.76, 30, 87),
(1866, '2025-06-12 17:', 1944.81, 187, 24),
(1867, '2025-04-10 13:', 2079.87, 11, 78),
(1868, '2025-02-26 13:', 4015.28, 91, 37),
(1869, '2025-01-26 21:', 4782.16, 85, 1),
(1870, '2025-06-19 8:', 1121.09, 126, 42),
(1871, '2025-04-27 19:', 516.95, 92, 30),
(1872, '2025-04-12 2:', 2805.9, 113, 67),
(1873, '2025-08-27 20:', 2135.05, 187, 69),
(1874, '2025-06-10 5:', 4225.59, 111, 2),
(1875, '2025-05-20 3:', 2399.57, 186, 20),
(1876, '2025-04-17 13:', 4915.4, 114, 31),
(1877, '2025-04-19 12:', 1487.34, 187, 13),
(1878, '2025-01-19 15:', 4237.51, 175, 62),
(1879, '2025-05-12 19:', 2423.36, 183, 26),
(1880, '2025-07-24 8:', 3557.25, 163, 17),
(1881, '2025-08-11 20:', 1281.26, 143, 11),
(1882, '2025-01-26 21:', 4806.62, 144, 63),
(1883, '2025-04-25 22:', 1071.12, 27, 14),
(1884, '2025-08-10 21:', 2073.69, 199, 77),
(1885, '2025-07-25 17:', 3157.34, 159, 16),
(1886, '2025-07-14 5:', 2475.92, 15, 66),
(1887, '2025-03-21 19:', 962.2, 196, 79),
(1888, '2025-04-24 9:', 3010.47, 30, 61),
(1889, '2025-04-23 13:', 468.88, 181, 43),
(1890, '2025-03-13 17:', 4497.48, 174, 23),
(1891, '2025-05-16 3:', 4317.46, 199, 83),
(1892, '2025-07-26 17:', 1252.38, 161, 84),
(1893, '2025-02-11 1:', 4632.01, 29, 25),
(1894, '2025-05-25 12:', 3543.05, 157, 85),
(1895, '2025-04-22 7:', 4656.57, 60, 52),
(1896, '2025-03-23 15:', 607.9, 174, 27),
(1897, '2025-03-16 15:', 3227.44, 102, 71),
(1898, '2025-01-14 3:', 2928.23, 194, 60),
(1899, '2025-08-16 14:', 331.49, 174, 62),
(1900, '2025-08-25 10:', 2958.44, 39, 15),
(1901, '2025-01-21 14:', 1133.02, 103, 35),
(1902, '2025-08-16 6:', 2447.79, 161, 99),
(1903, '2025-04-11 2:', 3159.89, 118, 29),
(1904, '2025-04-27 12:', 3913.34, 131, 88),
(1905, '2025-05-12 20:', 1704.46, 163, 30),
(1906, '2025-05-22 0:', 1577.75, 97, 76),
(1907, '2025-05-11 4:', 725.91, 34, 57),
(1908, '2025-04-27 11:', 278.53, 51, 32),
(1909, '2025-08-22 15:', 3969.27, 162, 10),
(1910, '2025-07-14 9:', 544.16, 174, 74),
(1911, '2025-03-18 9:', 3120.09, 61, 41),
(1912, '2025-06-14 13:', 1352.35, 199, 76),
(1913, '2025-07-20 5:', 2243.12, 139, 74),
(1914, '2025-07-26 11:', 748.05, 197, 85),
(1915, '2025-06-20 9:', 537.29, 6, 8),
(1916, '2025-07-24 7:', 4521.15, 18, 18),
(1917, '2025-05-27 15:', 4491.03, 118, 30),
(1918, '2025-07-13 6:', 1448.83, 4, 98),
(1919, '2025-04-19 8:', 3042.41, 68, 68),
(1920, '2025-01-22 16:', 995.41, 106, 7),
(1921, '2025-04-24 2:', 392.97, 101, 49),
(1922, '2025-07-14 0:', 350.8, 33, 26),
(1923, '2025-07-27 8:', 4758.04, 74, 52),
(1924, '2025-05-17 19:', 3423.61, 188, 84),
(1925, '2025-08-16 16:', 2192.16, 194, 67),
(1926, '2025-05-12 13:', 3112.62, 194, 14),
(1927, '2025-07-10 10:', 2579.97, 58, 94),
(1928, '2025-01-16 17:', 3283.65, 28, 98),
(1929, '2025-06-19 16:', 4896.01, 76, 80),
(1930, '2025-04-26 2:', 2569.09, 116, 11),
(1931, '2025-07-10 10:', 1365.3, 94, 25),
(1932, '2025-03-27 11:', 1948.17, 47, 94),
(1933, '2025-06-23 9:', 1254.97, 158, 97),
(1934, '2025-02-23 18:', 3023.28, 171, 91),
(1935, '2025-02-24 7:', 2258.29, 65, 6),
(1936, '2025-04-21 16:', 1509.95, 118, 23),
(1937, '2025-01-16 7:', 4909.25, 57, 18),
(1938, '2025-07-17 12:', 1457.85, 151, 15),
(1939, '2025-06-19 16:', 2390.58, 49, 59),
(1940, '2025-05-23 4:', 97.99, 140, 78),
(1941, '2025-07-24 19:', 4914.65, 160, 82),
(1942, '2025-05-12 19:', 3519.07, 130, 53),
(1943, '2025-06-26 22:', 3887.2, 180, 13),
(1944, '2025-05-12 14:', 2594.73, 47, 64),
(1945, '2025-03-11 18:', 2198.02, 5, 98),
(1946, '2025-06-22 5:', 252.76, 10, 97),
(1947, '2025-07-16 11:', 4009.45, 157, 63),
(1948, '2025-08-25 21:', 3986.86, 14, 10),
(1949, '2025-02-13 10:', 4617.16, 17, 7),
(1950, '2025-07-14 19:', 2634.13, 186, 86),
(1951, '2025-02-27 8:', 492.17, 106, 54),
(1952, '2025-05-18 13:', 2944.56, 59, 57),
(1953, '2025-01-21 13:', 2296, 26, 98),
(1954, '2025-02-17 21:', 2930.96, 112, 23),
(1955, '2025-05-10 3:', 1776.68, 51, 8),
(1956, '2025-08-17 22:', 2416.88, 183, 74),
(1957, '2025-08-15 4:', 3326.13, 140, 67),
(1958, '2025-01-15 8:', 834.88, 157, 37),
(1959, '2025-03-15 9:', 2339.59, 182, 93),
(1960, '2025-03-12 22:', 3075.18, 154, 70),
(1961, '2025-07-26 9:', 3474.08, 118, 8),
(1962, '2025-06-20 13:', 2697.74, 120, 4),
(1963, '2025-06-17 5:', 1012.82, 111, 78),
(1964, '2025-06-10 7:', 2208.17, 19, 57),
(1965, '2025-08-10 13:', 3866.83, 174, 69),
(1966, '2025-04-17 9:', 4959.6, 150, 25),
(1967, '2025-08-25 18:', 3314.47, 37, 77),
(1968, '2025-07-20 17:', 4580.35, 34, 10),
(1969, '2025-05-25 22:', 140.67, 11, 80),
(1970, '2025-07-23 8:', 2514.78, 103, 64),
(1971, '2025-02-14 12:', 2502.51, 29, 6),
(1972, '2025-02-10 0:', 2804.51, 133, 90),
(1973, '2025-03-22 14:', 573.95, 119, 31),
(1974, '2025-04-17 19:', 2155.36, 189, 17),
(1975, '2025-01-11 7:', 3066.24, 99, 84),
(1976, '2025-06-26 17:', 2629.68, 43, 31),
(1977, '2025-07-21 8:', 3669.43, 60, 13),
(1978, '2025-05-11 19:', 1497.55, 165, 8),
(1979, '2025-08-20 18:', 55.93, 103, 19),
(1980, '2025-03-16 6:', 4340.71, 45, 2),
(1981, '2025-05-13 2:', 3972.34, 14, 59),
(1982, '2025-01-22 12:', 1783.25, 61, 21),
(1983, '2025-02-11 1:', 1015.81, 43, 30),
(1984, '2025-06-21 19:', 3633.98, 134, 82),
(1985, '2025-01-15 17:', 2958.79, 183, 33),
(1986, '2025-02-22 15:', 908.76, 198, 38),
(1987, '2025-04-15 5:', 2616.6, 156, 9),
(1988, '2025-04-25 13:', 762.78, 44, 55),
(1989, '2025-06-22 18:', 54.7, 188, 38),
(1990, '2025-04-12 4:', 4281.2, 51, 61),
(1991, '2025-07-19 21:', 4409.24, 16, 60),
(1992, '2025-03-20 10:', 524.88, 138, 13),
(1993, '2025-08-18 10:', 3945.57, 71, 32),
(1994, '2025-08-18 18:', 715.76, 110, 1),
(1995, '2025-03-16 7:', 4690.84, 110, 32),
(1996, '2025-04-14 16:', 3775.96, 153, 30),
(1997, '2025-08-18 15:', 3563.8, 141, 77),
(1998, '2025-05-11 3:', 360.51, 36, 61),
(1999, '2025-02-13 6:', 49.8, 94, 95),
(2000, '2025-03-24 8:', 2086.66, 110, 65),
(2001, '2025-04-21 9:', 2408.68, 139, 77),
(2002, '2025-03-27 3:', 4628.19, 49, 43),
(2003, '2025-07-17 2:', 4377.42, 60, 50),
(2004, '2025-05-15 19:', 4488.01, 185, 65),
(2005, '2025-07-10 3:', 1163.15, 14, 23),
(2006, '2025-02-17 17:', 2324.94, 146, 12),
(2007, '2025-06-17 6:', 3757.1, 80, 44),
(2008, '2025-05-19 14:', 3657.89, 39, 17),
(2009, '2025-04-26 13:', 2638.28, 160, 28),
(2010, '2025-04-22 17:', 543.8, 125, 31),
(2011, '2025-06-24 19:', 3178.99, 169, 33),
(2012, '2025-07-11 13:', 600.3, 157, 22),
(2013, '2025-06-15 13:', 283.09, 47, 35),
(2014, '2025-02-27 16:', 65.26, 53, 76),
(2015, '2025-07-22 19:', 2893.8, 109, 65),
(2016, '2025-08-23 21:', 4160.73, 89, 52),
(2017, '2025-01-19 8:', 483.53, 146, 95),
(2018, '2025-08-18 20:', 160.19, 164, 74),
(2019, '2025-04-25 8:', 2837.92, 23, 6),
(2020, '2025-06-23 2:', 4657.4, 128, 31),
(2021, '2025-08-20 1:', 3197.76, 34, 97),
(2022, '2025-04-12 10:', 1974.09, 34, 63),
(2023, '2025-06-21 8:', 1122.46, 198, 61),
(2024, '2025-04-14 11:', 4920.55, 95, 34),
(2025, '2025-03-11 4:', 1160.82, 106, 47),
(2026, '2025-08-20 3:', 3106.46, 53, 88),
(2027, '2025-04-21 19:', 643.4, 75, 68),
(2028, '2025-03-21 20:', 261.44, 153, 74),
(2029, '2025-06-26 21:', 294.01, 3, 53),
(2030, '2025-08-10 4:', 2722, 125, 83),
(2031, '2025-02-21 21:', 4576.92, 183, 29),
(2032, '2025-08-25 7:', 3706.38, 93, 9),
(2033, '2025-02-25 19:', 4246.9, 76, 93),
(2034, '2025-03-27 9:', 3076.85, 153, 95),
(2035, '2025-05-27 5:', 1449.48, 165, 7),
(2036, '2025-08-18 10:', 707.62, 64, 46),
(2037, '2025-05-24 13:', 454.11, 38, 65),
(2038, '2025-07-13 10:', 1564.04, 92, 71),
(2039, '2025-03-18 8:', 1248.81, 8, 23),
(2040, '2025-07-13 10:', 2147.99, 15, 47),
(2041, '2025-01-22 13:', 2224.65, 156, 88),
(2042, '2025-07-22 1:', 4158.09, 104, 81),
(2043, '2025-04-25 5:', 196.33, 180, 66),
(2044, '2025-04-11 20:', 3420.4, 142, 8),
(2045, '2025-01-22 20:', 1843.09, 91, 37),
(2046, '2025-05-23 2:', 1577.28, 182, 8),
(2047, '2025-01-18 13:', 2213.55, 29, 43),
(2048, '2025-07-21 7:', 4986.6, 91, 42),
(2049, '2025-08-16 3:', 362.67, 57, 64),
(2050, '2025-03-21 18:', 4963.93, 125, 71),
(2051, '2025-07-23 1:', 4840.33, 156, 18),
(2052, '2025-08-16 3:', 709.57, 191, 59),
(2053, '2025-01-11 22:', 941.5, 31, 34),
(2054, '2025-06-12 15:', 2167.47, 62, 77),
(2055, '2025-03-13 21:', 3174.75, 65, 34),
(2056, '2025-04-17 8:', 1647.46, 127, 76),
(2057, '2025-07-13 7:', 681.19, 41, 53),
(2058, '2025-08-24 19:', 802.08, 174, 40),
(2059, '2025-02-11 9:', 1698.65, 71, 83),
(2060, '2025-04-24 20:', 944.7, 124, 62),
(2061, '2025-08-17 4:', 4499.96, 63, 16),
(2062, '2025-08-27 22:', 3612.28, 34, 48),
(2063, '2025-02-27 10:', 4934.73, 143, 56),
(2064, '2025-03-19 17:', 167.99, 157, 66),
(2065, '2025-02-12 1:', 3829.53, 180, 27),
(2066, '2025-06-24 17:', 3308.71, 162, 69),
(2067, '2025-05-26 11:', 2391.65, 177, 49),
(2068, '2025-08-22 9:', 1670.49, 158, 76),
(2069, '2025-08-17 17:', 3441.45, 187, 53),
(2070, '2025-01-20 6:', 618.89, 44, 20),
(2071, '2025-01-13 17:', 2605.55, 76, 20),
(2072, '2025-04-19 19:', 3905.34, 165, 9),
(2073, '2025-06-23 12:', 3553.55, 151, 94),
(2074, '2025-08-16 8:', 58.08, 96, 38),
(2075, '2025-07-15 4:', 1945.78, 39, 76),
(2076, '2025-05-22 17:', 715.18, 87, 85),
(2077, '2025-04-24 8:', 3246.24, 163, 22),
(2078, '2025-02-24 21:', 2987.65, 128, 74),
(2079, '2025-07-14 10:', 45.11, 147, 18),
(2080, '2025-02-19 7:', 3956.18, 14, 9),
(2081, '2025-07-10 5:', 2042.08, 36, 52),
(2082, '2025-06-25 16:', 2327.12, 82, 71),
(2083, '2025-07-18 9:', 1442.08, 48, 95),
(2084, '2025-02-12 21:', 4085.6, 72, 11),
(2085, '2025-03-16 8:', 159.12, 115, 81),
(2086, '2025-05-14 2:', 1626.04, 130, 93),
(2087, '2025-05-22 2:', 83.84, 13, 8),
(2088, '2025-08-17 2:', 3687.1, 169, 36),
(2089, '2025-03-23 16:', 3764.65, 22, 55),
(2090, '2025-06-14 10:', 908.54, 66, 94),
(2091, '2025-01-11 22:', 4844.39, 80, 2),
(2092, '2025-08-11 6:', 42.12, 11, 78),
(2093, '2025-04-19 3:', 1319.76, 65, 11),
(2094, '2025-07-22 10:', 144.49, 112, 84),
(2095, '2025-08-10 20:', 2577.31, 124, 94),
(2096, '2025-08-27 3:', 791.77, 178, 7),
(2097, '2025-05-10 3:', 1259.35, 165, 59),
(2098, '2025-03-27 16:', 886.15, 75, 29),
(2099, '2025-06-18 0:', 1452.13, 193, 55),
(2100, '2025-03-13 16:', 2490.06, 97, 51),
(2101, '2025-02-17 7:', 300.62, 22, 23),
(2102, '2025-05-10 17:', 4010.63, 50, 55),
(2103, '2025-02-13 16:', 171.81, 12, 84),
(2104, '2025-03-16 17:', 894.3, 29, 26),
(2105, '2025-02-27 0:', 4768.43, 38, 13),
(2106, '2025-02-19 0:', 2420.01, 56, 17),
(2107, '2025-01-19 13:', 2673.9, 19, 36),
(2108, '2025-08-12 14:', 3909.49, 34, 75),
(2109, '2025-01-26 8:', 1685.74, 176, 56),
(2110, '2025-07-26 5:', 223.06, 91, 34),
(2111, '2025-07-11 9:', 105.57, 95, 60),
(2112, '2025-07-14 13:', 508.39, 62, 51),
(2113, '2025-06-17 17:', 2650.81, 116, 73),
(2114, '2025-07-24 7:', 119.23, 18, 74),
(2115, '2025-03-27 18:', 2712.07, 172, 68),
(2116, '2025-04-23 9:', 1917.9, 14, 93),
(2117, '2025-07-19 15:', 4296.99, 134, 96),
(2118, '2025-04-23 6:', 4669.5, 29, 59),
(2119, '2025-06-10 14:', 1079.34, 23, 71),
(2120, '2025-03-12 1:', 2506.09, 143, 59),
(2121, '2025-04-10 3:', 1117.36, 120, 15),
(2122, '2025-06-27 22:', 308.79, 53, 88),
(2123, '2025-08-20 21:', 327.76, 191, 27),
(2124, '2025-05-21 10:', 3768.12, 32, 94),
(2125, '2025-01-16 7:', 4371.9, 74, 78),
(2126, '2025-03-12 14:', 1167.42, 47, 5),
(2127, '2025-02-16 9:', 59.88, 1, 93),
(2128, '2025-05-18 15:', 3784.01, 28, 91),
(2129, '2025-04-17 6:', 3034.59, 111, 48),
(2130, '2025-03-12 21:', 2494.75, 78, 93),
(2131, '2025-08-11 13:', 538.09, 126, 84),
(2132, '2025-02-25 2:', 1406.82, 198, 23),
(2133, '2025-03-15 4:', 1127.34, 155, 73),
(2134, '2025-04-23 14:', 4119.13, 115, 92),
(2135, '2025-06-22 3:', 4996.06, 29, 41),
(2136, '2025-03-18 4:', 3031.51, 82, 45),
(2137, '2025-08-24 19:', 1926.28, 5, 69),
(2138, '2025-07-15 9:', 2620.26, 34, 91),
(2139, '2025-01-15 6:', 3796.67, 96, 83),
(2140, '2025-05-26 3:', 1494.08, 29, 13),
(2141, '2025-04-21 9:', 4661.05, 166, 48),
(2142, '2025-03-13 8:', 4027.27, 33, 67),
(2143, '2025-07-27 5:', 3735.72, 89, 49),
(2144, '2025-02-15 10:', 4190.29, 113, 7),
(2145, '2025-05-27 4:', 2918.79, 174, 58),
(2146, '2025-04-14 16:', 444.18, 38, 78),
(2147, '2025-05-10 6:', 4922.39, 105, 80),
(2148, '2025-07-24 18:', 4163.68, 156, 65),
(2149, '2025-04-26 7:', 1145.62, 112, 17),
(2150, '2025-04-12 16:', 2023, 18, 99),
(2151, '2025-04-18 6:', 572.79, 115, 32),
(2152, '2025-04-25 8:', 2799.84, 199, 26),
(2153, '2025-01-14 13:', 1243.5, 27, 36),
(2154, '2025-06-15 0:', 2353.17, 101, 89),
(2155, '2025-02-23 16:', 4686.57, 120, 89),
(2156, '2025-04-16 14:', 766.49, 44, 28),
(2157, '2025-01-21 2:', 724.74, 151, 79),
(2158, '2025-08-23 20:', 389.17, 11, 10),
(2159, '2025-08-27 19:', 4496.74, 22, 50),
(2160, '2025-07-21 18:', 2520.54, 145, 85),
(2161, '2025-04-12 21:', 588.44, 185, 51),
(2162, '2025-04-21 22:', 3601.68, 33, 78),
(2163, '2025-07-14 22:', 4466.46, 30, 11),
(2164, '2025-04-12 18:', 3092.68, 5, 63),
(2165, '2025-01-23 2:', 2086.91, 120, 82),
(2166, '2025-03-24 19:', 459.08, 108, 31),
(2167, '2025-08-24 12:', 1664.34, 129, 62),
(2168, '2025-06-24 7:', 4599.3, 110, 18),
(2169, '2025-05-10 5:', 3479.86, 60, 19),
(2170, '2025-04-20 18:', 2709.39, 157, 55),
(2171, '2025-02-21 3:', 3391.1, 113, 89),
(2172, '2025-04-11 7:', 966.07, 24, 56),
(2173, '2025-07-12 3:', 3725.65, 18, 65),
(2174, '2025-07-15 10:', 1881.43, 193, 40),
(2175, '2025-07-21 14:', 2086.06, 116, 38),
(2176, '2025-03-10 9:', 4835.25, 143, 74),
(2177, '2025-07-15 10:', 1144.6, 8, 5),
(2178, '2025-07-23 12:', 2754.97, 78, 48),
(2179, '2025-07-12 0:', 771.41, 119, 43),
(2180, '2025-02-11 20:', 2643.1, 103, 85),
(2181, '2025-05-20 3:', 2074.23, 151, 89),
(2182, '2025-03-24 17:', 4978.74, 153, 91),
(2183, '2025-07-27 15:', 1327.42, 78, 31),
(2184, '2025-02-11 6:', 4753.57, 176, 52),
(2185, '2025-07-26 8:', 2190.47, 56, 22),
(2186, '2025-08-11 7:', 4155.62, 145, 68),
(2187, '2025-05-13 3:', 4005.19, 104, 75),
(2188, '2025-02-12 6:', 3053.87, 186, 67),
(2189, '2025-03-11 12:', 2462.07, 116, 43),
(2190, '2025-08-25 15:', 2211.29, 96, 62),
(2191, '2025-04-10 12:', 1716.95, 21, 32),
(2192, '2025-05-11 20:', 1766.63, 25, 68),
(2193, '2025-05-13 16:', 2836.27, 173, 5),
(2194, '2025-01-16 3:', 251.3, 189, 17),
(2195, '2025-05-23 7:', 1270.41, 161, 43),
(2196, '2025-01-27 16:', 2914.28, 101, 42),
(2197, '2025-08-26 2:', 3792.71, 112, 78),
(2198, '2025-02-12 11:', 2446.06, 71, 8),
(2199, '2025-03-24 21:', 983.46, 56, 13),
(2200, '2025-06-18 2:', 2198.78, 161, 19),
(2201, '2025-07-13 14:', 2065.59, 111, 85),
(2202, '2025-08-24 16:', 3439.45, 177, 94),
(2203, '2025-06-21 2:', 4108.86, 31, 76),
(2204, '2025-05-13 8:', 1261.38, 153, 8),
(2205, '2025-03-15 2:', 1756.32, 12, 27),
(2206, '2025-07-15 19:', 4327.26, 96, 35),
(2207, '2025-05-13 8:', 4327.18, 16, 69),
(2208, '2025-06-16 9:', 3738.1, 41, 33),
(2209, '2025-03-13 12:', 3524.91, 26, 65),
(2210, '2025-01-25 12:', 141.97, 58, 13),
(2211, '2025-05-19 9:', 1066.18, 114, 33),
(2212, '2025-01-25 20:', 2688.48, 6, 95),
(2213, '2025-04-21 0:', 2831.57, 188, 77),
(2214, '2025-01-17 14:', 864.64, 195, 7),
(2215, '2025-02-21 18:', 1326.29, 10, 29),
(2216, '2025-03-16 6:', 665.15, 52, 76),
(2217, '2025-01-11 1:', 1019.69, 50, 94),
(2218, '2025-01-15 10:', 1382.94, 198, 95),
(2219, '2025-01-20 20:', 1940.37, 60, 42),
(2220, '2025-02-17 21:', 4717.68, 175, 77),
(2221, '2025-02-18 6:', 3567.41, 126, 10),
(2222, '2025-02-27 19:', 315.35, 142, 77),
(2223, '2025-03-12 10:', 4685.62, 81, 77),
(2224, '2025-05-26 1:', 2000.15, 54, 92),
(2225, '2025-05-15 2:', 1729.73, 80, 57),
(2226, '2025-01-20 6:', 2198.32, 75, 44),
(2227, '2025-04-18 22:', 1317.17, 115, 45),
(2228, '2025-06-22 16:', 4896.95, 3, 74),
(2229, '2025-05-15 20:', 4068.11, 16, 75),
(2230, '2025-08-13 5:', 316.79, 127, 7),
(2231, '2025-01-10 5:', 1222.9, 10, 94),
(2232, '2025-05-20 6:', 11.13, 164, 60),
(2233, '2025-01-18 17:', 1925.26, 181, 34),
(2234, '2025-02-15 21:', 2709.28, 195, 54),
(2235, '2025-08-25 18:', 3757.6, 179, 73),
(2236, '2025-07-14 9:', 1898.77, 159, 17),
(2237, '2025-05-14 15:', 3231.05, 140, 22),
(2238, '2025-02-15 7:', 2276.2, 31, 88),
(2239, '2025-01-23 19:', 641.74, 188, 14),
(2240, '2025-05-17 3:', 3878.99, 172, 84),
(2241, '2025-04-22 22:', 1267.54, 149, 5),
(2242, '2025-01-10 18:', 542.98, 106, 50),
(2243, '2025-06-18 6:', 1602.69, 3, 18),
(2244, '2025-04-15 15:', 798.44, 84, 66),
(2245, '2025-06-22 4:', 381.47, 76, 9),
(2246, '2025-05-27 5:', 3599.63, 20, 62),
(2247, '2025-08-24 22:', 2146.8, 96, 95),
(2248, '2025-05-17 5:', 2856.14, 68, 76),
(2249, '2025-08-16 18:', 342.93, 197, 54),
(2250, '2025-05-23 19:', 3809.45, 84, 21),
(2251, '2025-05-24 0:', 1233.42, 164, 66),
(2252, '2025-07-18 3:', 4026.99, 67, 16),
(2253, '2025-03-27 16:', 2407.99, 81, 26),
(2254, '2025-07-14 11:', 2521.8, 173, 19),
(2255, '2025-05-12 21:', 4226.16, 199, 28),
(2256, '2025-07-11 3:', 1989.83, 137, 24),
(2257, '2025-05-24 14:', 4479.03, 67, 17),
(2258, '2025-05-25 17:', 4543.41, 195, 18),
(2259, '2025-04-12 9:', 926.35, 179, 96),
(2260, '2025-08-26 15:', 4010.34, 28, 26),
(2261, '2025-01-24 0:', 2160.97, 30, 81),
(2262, '2025-07-13 14:', 1214.28, 82, 5),
(2263, '2025-02-21 10:', 3875.29, 178, 52),
(2264, '2025-04-25 19:', 2044, 142, 54),
(2265, '2025-04-12 15:', 1812.33, 114, 58),
(2266, '2025-01-14 22:', 1433.59, 53, 6),
(2267, '2025-01-16 18:', 1272.85, 171, 7),
(2268, '2025-07-11 21:', 2198.31, 187, 16),
(2269, '2025-02-19 9:', 4637.12, 95, 57),
(2270, '2025-07-18 15:', 2132.23, 19, 32),
(2271, '2025-02-18 22:', 992.11, 79, 57),
(2272, '2025-04-15 4:', 889.52, 26, 96),
(2273, '2025-01-22 19:', 774.32, 33, 61),
(2274, '2025-07-15 3:', 3219.49, 107, 95),
(2275, '2025-03-12 16:', 328.8, 110, 25),
(2276, '2025-02-16 1:', 4265.79, 3, 97),
(2277, '2025-04-27 10:', 1149.81, 70, 68),
(2278, '2025-08-13 1:', 1763.37, 162, 88),
(2279, '2025-04-14 1:', 530.56, 110, 99),
(2280, '2025-02-10 2:', 4997.3, 114, 9),
(2281, '2025-07-10 2:', 2774.26, 177, 6),
(2282, '2025-02-16 20:', 4208, 4, 90),
(2283, '2025-08-26 22:', 4247.01, 3, 75),
(2284, '2025-03-27 0:', 4416.16, 44, 3),
(2285, '2025-05-17 18:', 3439.65, 55, 81),
(2286, '2025-03-15 15:', 4048.91, 92, 10),
(2287, '2025-04-12 14:', 2620.21, 26, 38),
(2288, '2025-05-12 3:', 1569.49, 18, 90),
(2289, '2025-01-23 0:', 3069.51, 64, 56),
(2290, '2025-06-21 10:', 950.06, 190, 65),
(2291, '2025-06-25 3:', 2648.72, 67, 85),
(2292, '2025-07-12 21:', 3597.41, 109, 13),
(2293, '2025-08-16 17:', 4252.44, 83, 54),
(2294, '2025-01-27 11:', 2244.01, 124, 26),
(2295, '2025-06-19 22:', 2520.59, 48, 8),
(2296, '2025-05-18 11:', 743.16, 84, 81),
(2297, '2025-04-20 5:', 3012.69, 131, 7),
(2298, '2025-03-17 9:', 4503.53, 85, 69),
(2299, '2025-04-11 12:', 2574.29, 129, 49),
(2300, '2025-08-12 4:', 4218.74, 108, 47),
(2301, '2025-01-14 5:', 4325.45, 58, 19),
(2302, '2025-08-16 22:', 4616.51, 77, 13),
(2303, '2025-03-19 2:', 1946.53, 36, 4),
(2304, '2025-05-12 13:', 185.33, 158, 59),
(2305, '2025-08-15 15:', 22.7, 110, 67),
(2306, '2025-04-25 10:', 4775.49, 82, 11),
(2307, '2025-01-15 21:', 1703.23, 196, 4),
(2308, '2025-04-10 6:', 3093.29, 124, 85),
(2309, '2025-05-12 14:', 1661.1, 56, 98),
(2310, '2025-04-15 2:', 4580.37, 192, 71),
(2311, '2025-01-16 7:', 1679.29, 82, 43),
(2312, '2025-07-13 20:', 792.84, 149, 89),
(2313, '2025-03-27 18:', 3001.85, 81, 4),
(2314, '2025-06-25 21:', 2665.8, 18, 41),
(2315, '2025-06-25 22:', 1904.33, 105, 93),
(2316, '2025-04-17 7:', 4585.46, 25, 26),
(2317, '2025-04-26 11:', 3437.98, 160, 41),
(2318, '2025-03-16 18:', 1254.35, 187, 52),
(2319, '2025-08-23 2:', 329.88, 178, 44),
(2320, '2025-06-22 19:', 2276.47, 139, 6),
(2321, '2025-06-24 2:', 730.87, 163, 23),
(2322, '2025-05-20 22:', 720.97, 169, 95),
(2323, '2025-02-20 10:', 3680.3, 165, 20),
(2324, '2025-06-16 14:', 3012.47, 109, 21),
(2325, '2025-05-19 11:', 1399.73, 180, 62),
(2326, '2025-02-18 10:', 1499.68, 4, 46),
(2327, '2025-02-19 6:', 3818.42, 56, 80),
(2328, '2025-03-11 16:', 2448.28, 127, 99),
(2329, '2025-05-22 0:', 2121.57, 171, 21),
(2330, '2025-02-19 9:', 4367.96, 28, 91),
(2331, '2025-03-16 20:', 344.58, 111, 94),
(2332, '2025-04-27 2:', 2373.92, 169, 25),
(2333, '2025-06-27 16:', 249.45, 184, 30),
(2334, '2025-02-21 1:', 502.3, 2, 26),
(2335, '2025-03-12 3:', 3727.11, 77, 31),
(2336, '2025-05-11 6:', 1659.3, 52, 5),
(2337, '2025-07-23 7:', 4759.9, 28, 93),
(2338, '2025-05-13 5:', 2121.46, 69, 39),
(2339, '2025-08-13 11:', 4060.74, 182, 67),
(2340, '2025-06-22 15:', 591.51, 159, 6),
(2341, '2025-01-17 11:', 4105.08, 171, 88),
(2342, '2025-06-12 15:', 1119, 150, 68),
(2343, '2025-05-14 17:', 338.98, 17, 21),
(2344, '2025-08-21 6:', 646.95, 18, 91),
(2345, '2025-04-20 19:', 2915.3, 143, 93),
(2346, '2025-07-15 21:', 4135.32, 127, 14),
(2347, '2025-02-13 6:', 4185.76, 131, 57),
(2348, '2025-01-14 11:', 4907.04, 146, 14),
(2349, '2025-08-11 19:', 298.9, 76, 25),
(2350, '2025-08-21 22:', 3007.33, 11, 72),
(2351, '2025-08-24 8:', 1238.76, 146, 93),
(2352, '2025-03-10 5:', 209.75, 151, 84),
(2353, '2025-05-13 6:', 1390.51, 197, 69),
(2354, '2025-08-23 18:', 4716.2, 78, 22),
(2355, '2025-01-27 22:', 657.76, 135, 52),
(2356, '2025-03-24 14:', 3282.25, 83, 44),
(2357, '2025-04-27 0:', 4316.81, 137, 79),
(2358, '2025-03-26 21:', 3819.51, 195, 5),
(2359, '2025-08-15 13:', 440.03, 143, 81),
(2360, '2025-04-18 3:', 492.63, 45, 81),
(2361, '2025-08-11 10:', 1403.06, 30, 14),
(2362, '2025-06-18 13:', 37.51, 156, 70),
(2363, '2025-05-14 0:', 855.87, 45, 56),
(2364, '2025-05-19 15:', 3006.68, 6, 58),
(2365, '2025-07-16 2:', 2028.88, 96, 80),
(2366, '2025-07-19 7:', 3715.92, 107, 11),
(2367, '2025-04-25 10:', 2568.83, 175, 95),
(2368, '2025-07-27 8:', 2230.11, 147, 56),
(2369, '2025-05-24 6:', 1702.82, 14, 25),
(2370, '2025-06-22 10:', 4075.76, 113, 6),
(2371, '2025-06-18 21:', 952.12, 89, 13),
(2372, '2025-01-23 12:', 3539.59, 65, 88),
(2373, '2025-03-20 14:', 1455.7, 30, 93),
(2374, '2025-08-18 22:', 4143.25, 197, 26),
(2375, '2025-07-24 3:', 749.65, 102, 59),
(2376, '2025-08-24 2:', 3095.31, 153, 81),
(2377, '2025-04-13 18:', 4667.26, 165, 4),
(2378, '2025-03-13 22:', 255.48, 112, 95),
(2379, '2025-01-16 15:', 1260.29, 198, 43),
(2380, '2025-04-27 12:', 338.13, 8, 28),
(2381, '2025-07-10 8:', 4200.5, 13, 79),
(2382, '2025-05-12 14:', 913.6, 173, 39),
(2383, '2025-04-14 13:', 2436.96, 132, 33),
(2384, '2025-04-25 8:', 2747.82, 157, 86),
(2385, '2025-06-13 18:', 273.88, 137, 64),
(2386, '2025-07-15 8:', 192.43, 171, 33),
(2387, '2025-08-20 10:', 647.18, 11, 91),
(2388, '2025-02-10 2:', 3570.99, 19, 89),
(2389, '2025-02-11 8:', 2644.86, 50, 57),
(2390, '2025-03-15 22:', 4388.28, 119, 84),
(2391, '2025-01-14 5:', 4839.17, 102, 39),
(2392, '2025-07-24 14:', 253.44, 149, 15),
(2393, '2025-06-26 12:', 973.87, 123, 27),
(2394, '2025-07-17 13:', 3011.58, 97, 82),
(2395, '2025-04-15 8:', 450.23, 187, 23),
(2396, '2025-07-27 1:', 2522.77, 124, 49),
(2397, '2025-06-22 4:', 521.03, 14, 60),
(2398, '2025-03-10 5:', 4923.25, 13, 22),
(2399, '2025-03-12 6:', 1812.04, 44, 25),
(2400, '2025-05-14 8:', 4869.66, 88, 97),
(2401, '2025-06-15 6:', 3134.82, 168, 4),
(2402, '2025-02-18 4:', 4515.27, 24, 11),
(2403, '2025-01-23 22:', 1473.53, 6, 11),
(2404, '2025-08-15 13:', 585.08, 190, 43),
(2405, '2025-08-17 2:', 3853.59, 95, 92),
(2406, '2025-01-20 19:', 4422.57, 182, 91),
(2407, '2025-06-26 7:', 3295.01, 40, 38),
(2408, '2025-03-10 1:', 4675.89, 30, 19),
(2409, '2025-07-21 19:', 2035.67, 185, 64),
(2410, '2025-01-16 13:', 1202.42, 7, 8),
(2411, '2025-03-26 21:', 1858.85, 117, 80),
(2412, '2025-04-16 9:', 349.55, 75, 72),
(2413, '2025-01-19 17:', 1687.25, 14, 75),
(2414, '2025-01-12 9:', 3511.89, 116, 46),
(2415, '2025-03-21 16:', 3061.04, 16, 19),
(2416, '2025-04-15 10:', 3227.13, 165, 42),
(2417, '2025-06-21 4:', 3207.81, 185, 9),
(2418, '2025-06-24 16:', 4445.76, 54, 64),
(2419, '2025-05-22 7:', 2287.65, 177, 60),
(2420, '2025-08-12 21:', 2349.18, 159, 57),
(2421, '2025-01-17 12:', 136.62, 54, 52),
(2422, '2025-05-24 8:', 150.82, 142, 86),
(2423, '2025-03-12 4:', 2197.12, 119, 3),
(2424, '2025-06-24 22:', 2892.82, 157, 12),
(2425, '2025-05-11 11:', 4359.95, 49, 39),
(2426, '2025-01-24 12:', 2960.29, 146, 30),
(2427, '2025-08-17 17:', 4109.46, 38, 70),
(2428, '2025-07-24 11:', 816.31, 169, 96),
(2429, '2025-02-18 2:', 1712.97, 145, 59),
(2430, '2025-02-27 15:', 2817.66, 180, 36),
(2431, '2025-01-11 10:', 2729.58, 156, 62),
(2432, '2025-02-10 6:', 4605.54, 44, 58),
(2433, '2025-03-22 13:', 4910.03, 139, 77),
(2434, '2025-08-22 6:', 3156.29, 175, 77),
(2435, '2025-04-19 22:', 1545.25, 67, 35),
(2436, '2025-06-16 21:', 4669.7, 82, 64),
(2437, '2025-04-15 9:', 3555.6, 45, 13),
(2438, '2025-05-25 1:', 4415.41, 164, 9),
(2439, '2025-08-20 8:', 636.31, 192, 12),
(2440, '2025-02-12 13:', 3844.22, 110, 84),
(2441, '2025-07-26 15:', 2688.76, 65, 38),
(2442, '2025-04-21 13:', 1430.32, 32, 5),
(2443, '2025-05-24 21:', 2873.24, 23, 8),
(2444, '2025-08-21 5:', 814.91, 141, 88),
(2445, '2025-04-14 21:', 323.58, 118, 7),
(2446, '2025-07-20 7:', 3862.36, 28, 55),
(2447, '2025-07-22 18:', 4429.75, 9, 28),
(2448, '2025-03-24 10:', 2593.61, 29, 11),
(2449, '2025-08-26 12:', 4109.64, 37, 65),
(2450, '2025-02-27 22:', 4431.81, 23, 24),
(2451, '2025-03-18 16:', 1222.59, 51, 17),
(2452, '2025-04-21 3:', 1117.56, 55, 78),
(2453, '2025-05-10 17:', 2617.23, 137, 59),
(2454, '2025-04-11 21:', 684.95, 101, 60),
(2455, '2025-05-23 10:', 4424.07, 118, 54),
(2456, '2025-07-13 8:', 1974.73, 30, 95),
(2457, '2025-01-15 7:', 1480.78, 97, 1),
(2458, '2025-04-14 1:', 4516.83, 96, 1),
(2459, '2025-01-24 15:', 4394.21, 6, 46),
(2460, '2025-08-27 0:', 2635.06, 66, 79),
(2461, '2025-06-25 21:', 2234.43, 176, 27),
(2462, '2025-02-21 8:', 3775.89, 139, 91),
(2463, '2025-06-11 21:', 4450.25, 171, 65),
(2464, '2025-07-23 17:', 1141.9, 16, 9),
(2465, '2025-07-12 13:', 138.37, 60, 13),
(2466, '2025-08-22 7:', 2941.79, 134, 11),
(2467, '2025-04-27 17:', 2800.41, 31, 5),
(2468, '2025-06-18 11:', 888.28, 161, 51),
(2469, '2025-02-21 20:', 2491.44, 127, 61),
(2470, '2025-07-21 22:', 3555.08, 164, 38),
(2471, '2025-01-15 12:', 502.98, 60, 16),
(2472, '2025-05-17 13:', 4081.58, 62, 47),
(2473, '2025-07-25 14:', 2763.01, 114, 89),
(2474, '2025-04-25 16:', 3830.53, 191, 84),
(2475, '2025-08-12 1:', 595.45, 149, 22),
(2476, '2025-08-25 15:', 1617.2, 68, 30),
(2477, '2025-03-14 9:', 2039.6, 22, 52),
(2478, '2025-06-23 20:', 2014.51, 37, 31),
(2479, '2025-04-25 4:', 1422.22, 46, 33),
(2480, '2025-05-24 12:', 4953.87, 121, 67),
(2481, '2025-04-15 20:', 2023.15, 48, 83),
(2482, '2025-04-13 15:', 1997.6, 30, 52),
(2483, '2025-07-10 3:', 2759.31, 173, 30),
(2484, '2025-06-11 20:', 3855.05, 67, 89),
(2485, '2025-04-10 22:', 3128.26, 116, 14),
(2486, '2025-05-10 14:', 3564.84, 18, 12),
(2487, '2025-08-13 11:', 2084.19, 52, 97),
(2488, '2025-01-14 4:', 3683.84, 33, 63),
(2489, '2025-07-12 11:', 3727.06, 28, 9),
(2490, '2025-03-10 21:', 2987.77, 5, 96),
(2491, '2025-05-12 0:', 3469.52, 59, 57),
(2492, '2025-04-19 1:', 461.52, 122, 59),
(2493, '2025-05-13 7:', 2182.2, 15, 18),
(2494, '2025-05-25 5:', 1109.7, 167, 10),
(2495, '2025-08-22 14:', 2499.41, 120, 99),
(2496, '2025-05-14 9:', 2836.81, 55, 49),
(2497, '2025-02-14 10:', 2381.28, 122, 22),
(2498, '2025-02-21 19:', 2539.97, 53, 51),
(2499, '2025-05-26 1:', 4359.94, 168, 30),
(2500, '2025-03-12 18:', 3729.89, 196, 18),
(2501, '2025-02-17 3:', 1692.87, 91, 51),
(2502, '2025-07-13 22:', 4714.1, 150, 47),
(2503, '2025-07-26 16:', 2925.68, 48, 71),
(2504, '2025-03-26 6:', 2349.48, 69, 94),
(2505, '2025-05-26 1:', 4096.6, 161, 2),
(2506, '2025-03-22 16:', 3524.01, 92, 99),
(2507, '2025-01-16 6:', 2548.17, 36, 87),
(2508, '2025-04-23 12:', 1592.48, 41, 79),
(2509, '2025-08-10 19:', 336.11, 21, 74),
(2510, '2025-04-11 8:', 3891.24, 42, 49),
(2511, '2025-01-11 6:', 952, 89, 28),
(2512, '2025-05-14 19:', 4797, 49, 54),
(2513, '2025-04-14 18:', 3442.32, 93, 57),
(2514, '2025-02-11 13:', 3516.41, 35, 9),
(2515, '2025-05-22 21:', 3844.22, 75, 64),
(2516, '2025-01-15 13:', 395.67, 1, 44),
(2517, '2025-07-13 2:', 1468.7, 79, 80),
(2518, '2025-08-11 19:', 3657.88, 124, 10),
(2519, '2025-03-20 5:', 3873.97, 78, 59),
(2520, '2025-04-12 15:', 3186.11, 78, 39),
(2521, '2025-02-23 16:', 2016.88, 193, 30),
(2522, '2025-07-20 4:', 1714.52, 107, 40),
(2523, '2025-08-11 22:', 1738.84, 184, 66),
(2524, '2025-03-11 22:', 2643.95, 17, 58),
(2525, '2025-02-27 21:', 4029.15, 191, 88),
(2526, '2025-08-11 7:', 1330.86, 97, 1),
(2527, '2025-01-10 3:', 3090.8, 69, 87),
(2528, '2025-05-18 22:', 1320.79, 37, 63),
(2529, '2025-03-15 12:', 2799.29, 102, 79),
(2530, '2025-03-20 19:', 2006.56, 78, 54),
(2531, '2025-03-26 6:', 2985.67, 27, 24),
(2532, '2025-05-25 18:', 1069.13, 19, 92),
(2533, '2025-07-21 5:', 704.64, 7, 80),
(2534, '2025-05-26 3:', 4992.57, 53, 54),
(2535, '2025-08-21 4:', 652.31, 172, 67),
(2536, '2025-08-21 0:', 2994.81, 121, 9),
(2537, '2025-08-25 17:', 3786.8, 139, 56),
(2538, '2025-08-25 18:', 2616.56, 148, 2),
(2539, '2025-03-16 17:', 1494.41, 119, 35),
(2540, '2025-08-24 7:', 1733.6, 59, 15),
(2541, '2025-08-13 1:', 4118.84, 109, 97),
(2542, '2025-02-21 6:', 2462.28, 180, 98),
(2543, '2025-07-15 20:', 4692.07, 155, 55),
(2544, '2025-05-24 9:', 4662.8, 115, 40),
(2545, '2025-08-11 13:', 4256.15, 124, 38),
(2546, '2025-06-23 6:', 1405.13, 54, 91),
(2547, '2025-03-10 13:', 3215.18, 75, 19),
(2548, '2025-06-27 21:', 4589.45, 58, 94),
(2549, '2025-06-11 17:', 1465.6, 113, 30),
(2550, '2025-03-21 4:', 1175.89, 65, 5),
(2551, '2025-02-21 5:', 146.98, 150, 36),
(2552, '2025-04-14 19:', 1309.72, 98, 51),
(2553, '2025-05-22 6:', 3348, 48, 31),
(2554, '2025-07-19 7:', 868.83, 34, 57),
(2555, '2025-02-23 5:', 1378.41, 193, 71),
(2556, '2025-08-13 19:', 505.15, 179, 48),
(2557, '2025-01-12 19:', 1874.72, 157, 4),
(2558, '2025-04-23 13:', 366.9, 117, 65),
(2559, '2025-02-13 14:', 705.03, 1, 99),
(2560, '2025-07-12 6:', 4792.83, 22, 71),
(2561, '2025-07-18 13:', 2032.56, 74, 1),
(2562, '2025-07-24 15:', 4662.93, 23, 95),
(2563, '2025-04-21 4:', 4684.29, 155, 43),
(2564, '2025-07-13 5:', 3728.26, 176, 76),
(2565, '2025-05-20 12:', 2832.5, 122, 14),
(2566, '2025-08-12 20:', 3594.73, 150, 6),
(2567, '2025-04-22 18:', 450.53, 35, 21),
(2568, '2025-03-11 7:', 4589.2, 41, 39),
(2569, '2025-06-16 0:', 1477.6, 48, 90),
(2570, '2025-08-13 19:', 643.59, 85, 49),
(2571, '2025-01-12 12:', 774.82, 3, 55),
(2572, '2025-07-18 10:', 1846.99, 24, 10),
(2573, '2025-08-11 21:', 2590.59, 37, 8),
(2574, '2025-02-24 12:', 4678.56, 40, 64),
(2575, '2025-07-24 7:', 3649.34, 106, 40),
(2576, '2025-04-26 21:', 2522.93, 142, 52),
(2577, '2025-04-20 6:', 783.61, 128, 75),
(2578, '2025-04-17 4:', 4955.61, 60, 96),
(2579, '2025-01-16 14:', 4121.8, 58, 94),
(2580, '2025-03-12 0:', 3649.61, 177, 30),
(2581, '2025-03-17 15:', 4940.53, 57, 16),
(2582, '2025-06-23 6:', 2311.1, 13, 38),
(2583, '2025-01-21 5:', 1442.41, 71, 45),
(2584, '2025-08-22 8:', 2594.62, 161, 16),
(2585, '2025-01-19 8:', 3416, 60, 72),
(2586, '2025-07-20 18:', 3504.96, 198, 19),
(2587, '2025-01-10 4:', 23.92, 122, 65),
(2588, '2025-06-26 18:', 1349.89, 136, 56),
(2589, '2025-07-26 0:', 4345.23, 90, 89),
(2590, '2025-02-20 0:', 1392.16, 35, 99),
(2591, '2025-01-11 8:', 4600.01, 23, 38),
(2592, '2025-05-16 16:', 814.29, 133, 82),
(2593, '2025-03-16 3:', 687.67, 164, 73),
(2594, '2025-01-13 21:', 496.27, 192, 84),
(2595, '2025-01-27 6:', 1740.42, 2, 62),
(2596, '2025-05-10 16:', 1462.37, 24, 60),
(2597, '2025-06-17 17:', 2565.04, 109, 86),
(2598, '2025-03-20 11:', 747.96, 75, 11),
(2599, '2025-05-13 4:', 2561.52, 103, 52),
(2600, '2025-08-18 13:', 3902.35, 122, 71),
(2601, '2025-01-14 3:', 681.01, 105, 10),
(2602, '2025-06-27 5:', 212.02, 23, 18),
(2603, '2025-01-27 5:', 1042.54, 178, 23),
(2604, '2025-06-27 7:', 2646.3, 93, 97),
(2605, '2025-03-26 14:', 1612.21, 165, 35),
(2606, '2025-05-13 22:', 4587.05, 66, 69),
(2607, '2025-04-22 20:', 3808.86, 101, 6),
(2608, '2025-01-23 5:', 663.97, 39, 61),
(2609, '2025-03-20 10:', 1400.59, 39, 87),
(2610, '2025-02-25 15:', 2507.68, 185, 56),
(2611, '2025-03-19 13:', 530.31, 51, 92),
(2612, '2025-05-24 13:', 692.85, 139, 26),
(2613, '2025-01-21 20:', 1312.62, 75, 12),
(2614, '2025-01-13 19:', 2379.65, 165, 8),
(2615, '2025-02-15 10:', 860.97, 125, 97),
(2616, '2025-07-23 14:', 2970.22, 41, 27),
(2617, '2025-02-27 18:', 2168.3, 7, 13),
(2618, '2025-05-21 1:', 4014.99, 112, 79),
(2619, '2025-03-22 7:', 2901.72, 126, 28),
(2620, '2025-08-26 18:', 986.46, 42, 4),
(2621, '2025-07-26 11:', 1768.38, 85, 53),
(2622, '2025-07-24 12:', 822.63, 39, 11),
(2623, '2025-06-25 18:', 2034.26, 74, 82),
(2624, '2025-01-11 13:', 4511.8, 175, 33),
(2625, '2025-01-19 4:', 4400.07, 154, 43),
(2626, '2025-05-18 8:', 2187.7, 109, 8),
(2627, '2025-01-15 0:', 2271.75, 112, 55),
(2628, '2025-07-14 5:', 1895.53, 70, 71),
(2629, '2025-02-26 14:', 2191.14, 96, 6),
(2630, '2025-04-25 16:', 32.42, 123, 63),
(2631, '2025-06-17 1:', 1976.27, 71, 41),
(2632, '2025-02-26 7:', 796.43, 5, 60),
(2633, '2025-01-13 21:', 675.22, 40, 44),
(2634, '2025-05-20 16:', 517.15, 114, 66),
(2635, '2025-02-21 22:', 851.28, 181, 96),
(2636, '2025-01-15 6:', 949.81, 184, 64),
(2637, '2025-06-23 3:', 1151.86, 7, 80),
(2638, '2025-06-23 5:', 2483.56, 123, 32),
(2639, '2025-08-10 5:', 742.54, 191, 20),
(2640, '2025-01-12 2:', 1685.54, 77, 66),
(2641, '2025-04-10 19:', 2795.63, 32, 32),
(2642, '2025-06-19 6:', 917.11, 147, 1),
(2643, '2025-03-22 0:', 2709.31, 117, 15),
(2644, '2025-08-23 1:', 3391.4, 174, 72),
(2645, '2025-03-12 10:', 4145.4, 80, 74),
(2646, '2025-03-26 13:', 3289.57, 189, 74),
(2647, '2025-07-22 20:', 3857.05, 20, 19),
(2648, '2025-02-19 11:', 1773.15, 156, 46),
(2649, '2025-05-20 12:', 1813.2, 115, 57),
(2650, '2025-03-19 15:', 680.9, 29, 98),
(2651, '2025-08-11 13:', 2958.3, 59, 99),
(2652, '2025-05-13 2:', 4802.66, 75, 90),
(2653, '2025-04-12 3:', 4775.83, 95, 26),
(2654, '2025-02-23 11:', 1134.53, 80, 6),
(2655, '2025-06-14 12:', 402.4, 32, 79),
(2656, '2025-02-26 16:', 2138.89, 63, 41),
(2657, '2025-06-16 0:', 480.38, 138, 5),
(2658, '2025-04-18 15:', 3921.31, 196, 87),
(2659, '2025-02-19 10:', 4960.09, 148, 7),
(2660, '2025-08-27 0:', 3445.46, 136, 23),
(2661, '2025-08-13 21:', 3386.5, 106, 84),
(2662, '2025-03-19 20:', 781.56, 53, 7),
(2663, '2025-08-13 9:', 577.2, 18, 57),
(2664, '2025-07-19 9:', 1592.55, 173, 69),
(2665, '2025-05-14 3:', 2577.58, 20, 59),
(2666, '2025-08-21 13:', 1412.06, 78, 73),
(2667, '2025-04-23 4:', 2922.97, 113, 18),
(2668, '2025-05-15 18:', 2658.59, 154, 59),
(2669, '2025-05-14 1:', 512.98, 186, 81),
(2670, '2025-05-23 12:', 4796.51, 87, 10),
(2671, '2025-03-17 10:', 93.76, 4, 84),
(2672, '2025-04-19 5:', 1082.34, 17, 75),
(2673, '2025-01-23 11:', 1800.92, 64, 92),
(2674, '2025-06-20 20:', 834.05, 183, 97),
(2675, '2025-01-21 9:', 2802.52, 190, 88),
(2676, '2025-02-18 3:', 468.6, 163, 9),
(2677, '2025-06-12 16:', 316.08, 63, 88),
(2678, '2025-04-14 5:', 4288.81, 22, 39),
(2679, '2025-08-22 11:', 584.46, 171, 24),
(2680, '2025-01-14 17:', 3330.63, 101, 63),
(2681, '2025-03-25 8:', 4051.44, 91, 22),
(2682, '2025-02-12 6:', 635.2, 95, 10),
(2683, '2025-02-23 18:', 3905.81, 29, 21),
(2684, '2025-04-20 2:', 3284.06, 186, 38),
(2685, '2025-08-17 4:', 45.38, 142, 3),
(2686, '2025-01-27 9:', 3643.66, 197, 65),
(2687, '2025-03-16 15:', 421.68, 65, 32),
(2688, '2025-02-10 4:', 1544.5, 73, 53),
(2689, '2025-03-27 19:', 2461.31, 173, 83),
(2690, '2025-03-25 12:', 1386.73, 174, 89),
(2691, '2025-06-16 15:', 1851.54, 126, 17),
(2692, '2025-01-10 0:', 4038.36, 42, 42),
(2693, '2025-07-19 17:', 67.44, 161, 36),
(2694, '2025-05-13 2:', 1479.34, 3, 75),
(2695, '2025-07-14 20:', 1909, 45, 38),
(2696, '2025-04-15 6:', 2407.58, 56, 74),
(2697, '2025-04-17 19:', 4420.37, 52, 17),
(2698, '2025-02-27 21:', 3161.04, 47, 53),
(2699, '2025-07-18 20:', 1744.31, 46, 38),
(2700, '2025-08-15 21:', 4560.7, 58, 91),
(2701, '2025-03-22 10:', 4345.23, 33, 51),
(2702, '2025-06-21 11:', 2450.47, 153, 56),
(2703, '2025-07-18 8:', 1848.89, 169, 10),
(2704, '2025-06-26 4:', 993.36, 79, 76),
(2705, '2025-01-14 19:', 2561.75, 184, 23),
(2706, '2025-08-27 10:', 2048.2, 146, 82),
(2707, '2025-05-24 14:', 1380.73, 127, 8),
(2708, '2025-08-26 20:', 3684.76, 121, 62),
(2709, '2025-05-12 19:', 2843.07, 189, 62),
(2710, '2025-04-19 10:', 3294.66, 22, 40),
(2711, '2025-03-11 7:', 3370.02, 128, 95),
(2712, '2025-07-13 11:', 3345.55, 58, 89),
(2713, '2025-07-17 5:', 1771.43, 22, 62),
(2714, '2025-03-14 22:', 4211.88, 188, 31),
(2715, '2025-01-23 4:', 1669.2, 4, 69),
(2716, '2025-03-24 17:', 974.64, 105, 45),
(2717, '2025-02-10 1:', 3606.29, 32, 8),
(2718, '2025-08-25 20:', 1165.35, 73, 25),
(2719, '2025-01-13 12:', 2404.25, 24, 22),
(2720, '2025-03-14 16:', 566.15, 104, 41),
(2721, '2025-07-18 20:', 365.9, 164, 34),
(2722, '2025-05-17 18:', 4394.84, 75, 27),
(2723, '2025-02-16 7:', 4339.8, 97, 76),
(2724, '2025-06-24 4:', 3479.12, 60, 38),
(2725, '2025-08-15 15:', 3147.8, 111, 16),
(2726, '2025-07-19 0:', 3581.54, 120, 94),
(2727, '2025-05-12 12:', 1864.1, 7, 47),
(2728, '2025-06-13 17:', 1490.42, 72, 59),
(2729, '2025-05-19 22:', 3336.53, 103, 41),
(2730, '2025-04-11 10:', 3215.86, 103, 85),
(2731, '2025-03-23 2:', 2506.91, 43, 80),
(2732, '2025-01-20 12:', 3785.74, 55, 82),
(2733, '2025-03-21 15:', 4888.87, 69, 28),
(2734, '2025-04-12 22:', 3296.31, 120, 21),
(2735, '2025-05-20 20:', 3836.67, 116, 94),
(2736, '2025-06-22 5:', 3140.35, 182, 2),
(2737, '2025-07-12 16:', 3615.92, 19, 46),
(2738, '2025-07-26 11:', 2263.52, 57, 91),
(2739, '2025-02-26 4:', 3850.56, 11, 19),
(2740, '2025-08-18 13:', 1493.91, 167, 59),
(2741, '2025-05-24 21:', 4487.85, 76, 1),
(2742, '2025-08-21 13:', 4855.93, 140, 88),
(2743, '2025-05-26 19:', 2348.31, 132, 54),
(2744, '2025-03-12 6:', 3826.63, 74, 45),
(2745, '2025-06-13 4:', 4632.35, 34, 99),
(2746, '2025-07-15 4:', 229.8, 168, 32),
(2747, '2025-05-17 17:', 3766.19, 187, 88),
(2748, '2025-08-22 18:', 1767.7, 25, 10),
(2749, '2025-06-27 12:', 3326.77, 193, 3),
(2750, '2025-05-21 13:', 2903.54, 86, 30),
(2751, '2025-07-16 10:', 442.34, 179, 65),
(2752, '2025-05-27 6:', 1840.92, 186, 9),
(2753, '2025-05-11 11:', 398.69, 1, 65),
(2754, '2025-05-10 17:', 2227.11, 48, 20),
(2755, '2025-03-16 3:', 1249.67, 13, 29),
(2756, '2025-03-27 16:', 3202.95, 81, 97),
(2757, '2025-02-26 8:', 2103, 74, 62),
(2758, '2025-04-13 13:', 635.56, 75, 18),
(2759, '2025-02-15 6:', 618.41, 196, 26),
(2760, '2025-01-15 13:', 4158.06, 168, 74),
(2761, '2025-04-12 16:', 4405.46, 120, 95),
(2762, '2025-01-22 13:', 3981.75, 44, 47),
(2763, '2025-05-17 21:', 4718.63, 22, 63),
(2764, '2025-01-16 0:', 212.95, 177, 78),
(2765, '2025-06-20 11:', 1400.33, 10, 45),
(2766, '2025-04-21 8:', 316.39, 27, 82),
(2767, '2025-01-10 10:', 3266.37, 111, 25),
(2768, '2025-04-25 13:', 3401.03, 173, 17),
(2769, '2025-02-24 10:', 1825.32, 184, 7),
(2770, '2025-08-25 17:', 3822.74, 185, 52),
(2771, '2025-02-11 20:', 2122.51, 46, 46),
(2772, '2025-06-20 7:', 3772.29, 119, 6),
(2773, '2025-05-15 7:', 2498.5, 11, 50),
(2774, '2025-02-27 6:', 4311.54, 176, 99),
(2775, '2025-03-14 12:', 2719.29, 111, 34),
(2776, '2025-06-17 10:', 636.1, 169, 45),
(2777, '2025-08-23 14:', 2589.77, 81, 43),
(2778, '2025-05-10 14:', 3338.44, 106, 21),
(2779, '2025-04-10 3:', 1398.14, 69, 19),
(2780, '2025-05-19 1:', 2718.7, 131, 26),
(2781, '2025-05-26 0:', 3068.67, 71, 39),
(2782, '2025-02-11 14:', 4492.54, 197, 33),
(2783, '2025-06-22 17:', 1806.6, 125, 88),
(2784, '2025-06-25 10:', 820.72, 131, 25),
(2785, '2025-08-26 6:', 577.78, 179, 96),
(2786, '2025-08-17 0:', 4414, 83, 92),
(2787, '2025-05-10 1:', 945.35, 173, 66),
(2788, '2025-06-12 7:', 4351.59, 70, 40),
(2789, '2025-02-12 6:', 3413.71, 3, 13),
(2790, '2025-06-20 1:', 3262.72, 176, 40),
(2791, '2025-05-16 22:', 278.06, 161, 91),
(2792, '2025-01-14 2:', 520.83, 93, 38),
(2793, '2025-01-18 2:', 4036.79, 46, 65),
(2794, '2025-01-26 3:', 2340.57, 132, 10),
(2795, '2025-01-18 3:', 3103.71, 144, 77),
(2796, '2025-03-16 15:', 4320.24, 78, 77),
(2797, '2025-02-11 15:', 3094.67, 90, 20),
(2798, '2025-07-19 16:', 3390.14, 161, 80),
(2799, '2025-01-12 3:', 2870.6, 34, 54),
(2800, '2025-01-25 18:', 631.08, 188, 29),
(2801, '2025-07-12 1:', 4335.15, 147, 16),
(2802, '2025-03-20 18:', 2710.53, 53, 41),
(2803, '2025-06-25 8:', 2031.21, 101, 64),
(2804, '2025-01-23 18:', 1927.82, 110, 58),
(2805, '2025-08-13 7:', 3342.31, 38, 73),
(2806, '2025-03-18 0:', 3449.78, 168, 22),
(2807, '2025-03-26 19:', 4268.72, 49, 94),
(2808, '2025-08-23 12:', 4678.63, 122, 60),
(2809, '2025-03-10 12:', 2754.46, 108, 38),
(2810, '2025-05-23 1:', 904.41, 143, 35),
(2811, '2025-07-26 19:', 2574.97, 169, 94),
(2812, '2025-07-13 8:', 4098.84, 130, 98),
(2813, '2025-06-20 21:', 766.26, 135, 68),
(2814, '2025-08-15 17:', 915.88, 24, 19),
(2815, '2025-01-18 5:', 1415.6, 28, 91),
(2816, '2025-02-24 15:', 3900.08, 193, 56),
(2817, '2025-08-24 11:', 233.19, 49, 13),
(2818, '2025-01-27 22:', 2361.16, 196, 39),
(2819, '2025-07-24 18:', 493.14, 125, 12),
(2820, '2025-07-16 8:', 1306.32, 78, 26),
(2821, '2025-06-25 12:', 1636.85, 190, 59),
(2822, '2025-04-13 0:', 1815.73, 51, 17),
(2823, '2025-02-24 9:', 4253.22, 18, 98),
(2824, '2025-02-20 16:', 2562.49, 156, 59),
(2825, '2025-03-26 17:', 4238.47, 31, 60),
(2826, '2025-06-16 16:', 3599.32, 60, 97),
(2827, '2025-01-24 13:', 3266.81, 52, 55),
(2828, '2025-07-13 18:', 4016.67, 74, 84),
(2829, '2025-06-27 2:', 539.27, 58, 87),
(2830, '2025-04-25 12:', 2352.9, 122, 93),
(2831, '2025-03-12 14:', 1439.23, 146, 19),
(2832, '2025-06-18 21:', 1905, 95, 86),
(2833, '2025-04-26 5:', 2476.38, 139, 25),
(2834, '2025-05-13 16:', 4491.12, 189, 26),
(2835, '2025-08-12 6:', 137.54, 100, 58),
(2836, '2025-02-27 14:', 1379.92, 80, 31),
(2837, '2025-03-24 14:', 4637.22, 160, 65),
(2838, '2025-04-19 7:', 3488.84, 99, 22),
(2839, '2025-03-26 9:', 4527.62, 22, 99),
(2840, '2025-07-18 16:', 4384.67, 47, 17),
(2841, '2025-03-25 9:', 2031.82, 86, 89),
(2842, '2025-07-18 16:', 3598.06, 177, 27),
(2843, '2025-06-26 13:', 1778.51, 90, 40),
(2844, '2025-01-20 7:', 1372.32, 2, 73),
(2845, '2025-04-16 14:', 809.86, 84, 34),
(2846, '2025-03-16 1:', 848.28, 45, 71),
(2847, '2025-01-26 11:', 3633.06, 196, 67),
(2848, '2025-05-21 22:', 4952.32, 33, 3),
(2849, '2025-02-10 4:', 1174.17, 8, 71),
(2850, '2025-08-23 22:', 4670.97, 130, 51),
(2851, '2025-03-13 6:', 2813.52, 123, 69),
(2852, '2025-07-15 9:', 3426.79, 102, 49),
(2853, '2025-01-27 8:', 1844.51, 35, 24),
(2854, '2025-07-14 3:', 4039.5, 80, 66),
(2855, '2025-06-16 14:', 1522.48, 185, 91),
(2856, '2025-02-18 15:', 338.79, 103, 35),
(2857, '2025-02-15 20:', 4109.97, 162, 34),
(2858, '2025-01-23 20:', 578.67, 198, 84),
(2859, '2025-06-18 13:', 4202.16, 106, 26),
(2860, '2025-02-23 11:', 4100.41, 79, 13),
(2861, '2025-08-19 13:', 4388.89, 39, 31),
(2862, '2025-06-24 3:', 1631.98, 153, 79),
(2863, '2025-08-11 10:', 1919.31, 152, 99),
(2864, '2025-08-22 18:', 2090.82, 57, 84),
(2865, '2025-02-24 11:', 1104.14, 22, 13),
(2866, '2025-03-19 18:', 3159.48, 106, 74),
(2867, '2025-05-16 19:', 2299.46, 143, 94),
(2868, '2025-07-20 16:', 643.32, 119, 7),
(2869, '2025-05-25 5:', 2278.02, 183, 64),
(2870, '2025-04-20 0:', 11.03, 21, 46),
(2871, '2025-04-26 7:', 3680.26, 105, 74),
(2872, '2025-01-26 16:', 4424.66, 111, 10),
(2873, '2025-07-18 11:', 663.98, 5, 6),
(2874, '2025-03-13 15:', 2311.24, 51, 72),
(2875, '2025-04-23 1:', 3815.26, 95, 29),
(2876, '2025-01-25 18:', 3183.7, 194, 62),
(2877, '2025-04-23 20:', 2196.45, 123, 23),
(2878, '2025-02-22 0:', 4154.87, 5, 91),
(2879, '2025-04-21 17:', 564.08, 111, 26),
(2880, '2025-04-27 19:', 1406.63, 33, 28),
(2881, '2025-06-24 21:', 3699.17, 149, 67),
(2882, '2025-05-22 21:', 3374.21, 48, 81),
(2883, '2025-07-17 9:', 2145.91, 108, 76),
(2884, '2025-03-18 13:', 1553.31, 21, 6),
(2885, '2025-01-24 15:', 3781.41, 25, 19),
(2886, '2025-04-10 9:', 3213.42, 11, 61),
(2887, '2025-08-21 4:', 3345.72, 117, 97),
(2888, '2025-01-15 1:', 2454.14, 116, 68),
(2889, '2025-02-23 13:', 1217.79, 65, 56),
(2890, '2025-05-12 3:', 2431.98, 179, 43),
(2891, '2025-02-26 13:', 827.45, 32, 59),
(2892, '2025-02-18 12:', 4784.13, 87, 42),
(2893, '2025-07-26 8:', 2358.52, 1, 8),
(2894, '2025-02-16 17:', 4000.65, 37, 83),
(2895, '2025-08-15 10:', 3267.28, 64, 77),
(2896, '2025-02-27 11:', 98.56, 185, 74),
(2897, '2025-02-23 4:', 1856.63, 128, 49),
(2898, '2025-07-19 0:', 277.38, 161, 51),
(2899, '2025-02-11 21:', 4677.1, 196, 69),
(2900, '2025-04-11 21:', 2496.32, 117, 22),
(2901, '2025-07-11 20:', 2401.11, 62, 13),
(2902, '2025-07-20 2:', 3063.15, 43, 74),
(2903, '2025-08-21 17:', 2640.46, 43, 87),
(2904, '2025-02-19 17:', 2794.95, 161, 76),
(2905, '2025-05-21 12:', 1571.8, 126, 28),
(2906, '2025-03-23 4:', 1408.1, 144, 38),
(2907, '2025-02-22 5:', 4772.93, 4, 48),
(2908, '2025-05-12 0:', 3284.43, 69, 70),
(2909, '2025-05-22 21:', 4613.13, 23, 69),
(2910, '2025-01-25 8:', 1249.64, 115, 17),
(2911, '2025-06-13 6:', 624.71, 149, 15),
(2912, '2025-06-11 0:', 4191.71, 40, 18),
(2913, '2025-08-15 22:', 4901.19, 120, 15),
(2914, '2025-04-22 18:', 1439.37, 11, 3),
(2915, '2025-04-23 8:', 3347.06, 108, 86),
(2916, '2025-08-25 10:', 2434.38, 26, 21),
(2917, '2025-06-13 19:', 4595.02, 82, 73),
(2918, '2025-06-27 20:', 4659.54, 74, 89),
(2919, '2025-08-10 22:', 229.82, 86, 43),
(2920, '2025-02-20 20:', 4568.34, 144, 90),
(2921, '2025-08-10 12:', 2137.68, 74, 12),
(2922, '2025-04-10 6:', 3649.9, 111, 49),
(2923, '2025-02-12 7:', 1787.78, 173, 8),
(2924, '2025-04-25 16:', 694.62, 67, 87),
(2925, '2025-07-19 12:', 29.64, 141, 40),
(2926, '2025-05-14 16:', 935.65, 89, 99),
(2927, '2025-07-23 1:', 2833.25, 53, 64),
(2928, '2025-01-16 3:', 4045.18, 152, 43),
(2929, '2025-02-26 18:', 1085.24, 178, 25),
(2930, '2025-06-15 4:', 2817.29, 130, 64),
(2931, '2025-06-15 2:', 1298.87, 93, 20),
(2932, '2025-07-12 14:', 1344.66, 104, 91),
(2933, '2025-07-22 10:', 2840.89, 71, 96),
(2934, '2025-01-20 0:', 959.4, 182, 2),
(2935, '2025-08-21 7:', 1416.19, 22, 26),
(2936, '2025-08-16 12:', 4069.49, 138, 35),
(2937, '2025-08-20 18:', 2724.9, 125, 76),
(2938, '2025-08-20 5:', 300.38, 136, 69),
(2939, '2025-03-26 5:', 3615.74, 36, 35),
(2940, '2025-05-14 11:', 3696.28, 154, 12),
(2941, '2025-02-20 12:', 2338.95, 162, 49),
(2942, '2025-07-25 10:', 1808.96, 56, 71),
(2943, '2025-04-13 2:', 169.51, 108, 52),
(2944, '2025-03-17 5:', 4293.72, 133, 4),
(2945, '2025-05-13 0:', 4896.39, 96, 4),
(2946, '2025-07-25 12:', 4049.28, 150, 3),
(2947, '2025-06-16 10:', 2550.61, 67, 83),
(2948, '2025-03-13 10:', 1887, 169, 91),
(2949, '2025-07-27 12:', 2537.97, 148, 39),
(2950, '2025-03-21 14:', 283.15, 146, 18),
(2951, '2025-08-13 2:', 2829.59, 135, 28),
(2952, '2025-08-17 11:', 1279.94, 179, 96),
(2953, '2025-08-19 11:', 2651.32, 61, 34),
(2954, '2025-08-20 8:', 1392.16, 22, 47),
(2955, '2025-01-25 11:', 4434.29, 172, 15),
(2956, '2025-04-23 21:', 3536.85, 30, 60),
(2957, '2025-05-17 15:', 4495.85, 81, 95),
(2958, '2025-08-25 8:', 414.78, 9, 49),
(2959, '2025-08-24 1:', 166.65, 127, 68),
(2960, '2025-04-16 8:', 2819.36, 82, 90),
(2961, '2025-06-23 6:', 4583.15, 102, 5),
(2962, '2025-02-21 20:', 1353.48, 58, 85),
(2963, '2025-04-21 10:', 155.2, 168, 35),
(2964, '2025-08-13 2:', 3470.53, 126, 59),
(2965, '2025-05-10 16:', 1205.4, 141, 20),
(2966, '2025-05-27 2:', 2069.66, 128, 72),
(2967, '2025-01-23 2:', 2440.47, 157, 14),
(2968, '2025-06-25 7:', 1861.98, 2, 5),
(2969, '2025-02-21 4:', 2261.83, 6, 96),
(2970, '2025-07-20 3:', 4177.4, 145, 89),
(2971, '2025-04-18 8:', 1629.26, 154, 1),
(2972, '2025-02-16 15:', 1032.15, 98, 6),
(2973, '2025-05-22 8:', 2970.63, 111, 20),
(2974, '2025-02-12 8:', 224.46, 46, 41),
(2975, '2025-03-17 3:', 2706.1, 159, 81),
(2976, '2025-08-22 17:', 2936.47, 53, 80),
(2977, '2025-01-10 5:', 1169.65, 10, 68),
(2978, '2025-06-15 13:', 941.49, 177, 70),
(2979, '2025-06-10 16:', 1956.33, 72, 2),
(2980, '2025-01-16 10:', 3554.35, 8, 87),
(2981, '2025-01-16 19:', 1174.19, 35, 90),
(2982, '2025-05-19 9:', 1499.25, 4, 44),
(2983, '2025-08-26 21:', 556.15, 33, 29),
(2984, '2025-01-16 10:', 1739.71, 24, 77),
(2985, '2025-03-16 2:', 972.08, 80, 10),
(2986, '2025-06-23 14:', 3175.79, 129, 17),
(2987, '2025-01-25 7:', 1399.69, 155, 51),
(2988, '2025-06-15 2:', 1018.51, 123, 73),
(2989, '2025-01-19 13:', 345.63, 144, 74),
(2990, '2025-08-11 17:', 2968.43, 78, 62),
(2991, '2025-01-24 10:', 3711.93, 41, 76),
(2992, '2025-06-21 20:', 3956.94, 99, 82),
(2993, '2025-03-14 2:', 318.29, 157, 81),
(2994, '2025-01-10 19:', 1079.7, 115, 91),
(2995, '2025-03-15 1:', 2146.52, 144, 55),
(2996, '2025-02-14 0:', 2330.2, 51, 43),
(2997, '2025-07-21 14:', 3176.53, 190, 44),
(2998, '2025-01-13 6:', 1707.84, 50, 36),
(2999, '2025-01-24 15:', 1051.58, 173, 3),
(3000, '2025-04-26 19:', 3850.99, 119, 31),
(3001, '2025-02-15 10:', 4640.75, 173, 45),
(3002, '2025-01-12 10:', 2837.85, 121, 73),
(3003, '2025-02-23 2:', 4399.05, 180, 70),
(3004, '2025-07-17 6:', 2044.07, 90, 17),
(3005, '2025-05-26 19:', 1744.76, 178, 34),
(3006, '2025-02-23 2:', 2594.19, 160, 26),
(3007, '2025-04-13 14:', 4167.08, 43, 29),
(3008, '2025-06-17 2:', 4175.62, 155, 64),
(3009, '2025-04-14 6:', 1506.19, 96, 31),
(3010, '2025-06-18 2:', 3280.44, 138, 43),
(3011, '2025-05-22 1:', 1248.7, 12, 86),
(3012, '2025-06-20 22:', 4779.31, 9, 8),
(3013, '2025-01-16 17:', 2749.1, 193, 40),
(3014, '2025-04-18 11:', 951.51, 157, 98),
(3015, '2025-02-15 8:', 2222.14, 132, 33),
(3016, '2025-04-18 0:', 192.87, 141, 89),
(3017, '2025-03-23 21:', 515.17, 59, 11),
(3018, '2025-07-22 11:', 4325.27, 22, 4),
(3019, '2025-01-12 17:', 1537.05, 69, 17),
(3020, '2025-04-10 11:', 403.84, 131, 57),
(3021, '2025-01-16 1:', 850.77, 6, 30),
(3022, '2025-01-11 18:', 1294.51, 51, 69),
(3023, '2025-04-18 22:', 787.37, 48, 97),
(3024, '2025-04-24 10:', 1665.61, 173, 6),
(3025, '2025-01-27 5:', 1445.15, 133, 81),
(3026, '2025-03-18 9:', 3883.84, 82, 12),
(3027, '2025-04-14 15:', 4456.11, 172, 83),
(3028, '2025-08-26 16:', 1756.82, 144, 88),
(3029, '2025-05-26 2:', 4462.9, 134, 70),
(3030, '2025-04-17 5:', 2236.43, 177, 53),
(3031, '2025-01-16 3:', 749.05, 113, 55),
(3032, '2025-04-26 11:', 4998.24, 45, 93),
(3033, '2025-02-17 8:', 1489.59, 105, 22),
(3034, '2025-06-17 6:', 3298.17, 18, 10),
(3035, '2025-07-10 18:', 3349.78, 87, 40),
(3036, '2025-08-18 0:', 1394.57, 182, 54),
(3037, '2025-05-22 12:', 260.51, 21, 85),
(3038, '2025-02-23 14:', 768.7, 197, 84),
(3039, '2025-05-22 6:', 3854.46, 148, 41),
(3040, '2025-01-11 15:', 781.96, 190, 58),
(3041, '2025-01-16 20:', 4129.67, 26, 86),
(3042, '2025-04-26 17:', 105.28, 18, 61),
(3043, '2025-03-25 2:', 714.26, 141, 42),
(3044, '2025-04-24 2:', 2103.97, 67, 60),
(3045, '2025-06-18 2:', 1177.41, 63, 62),
(3046, '2025-02-19 18:', 4068.14, 69, 38),
(3047, '2025-08-20 5:', 767.69, 106, 64),
(3048, '2025-07-12 7:', 2645.39, 2, 80),
(3049, '2025-03-24 10:', 2193.23, 113, 30),
(3050, '2025-01-19 13:', 362.1, 75, 87),
(3051, '2025-04-22 16:', 1645.29, 142, 54),
(3052, '2025-08-21 22:', 1610.28, 63, 61),
(3053, '2025-06-18 18:', 2982.63, 178, 8),
(3054, '2025-08-27 9:', 351.01, 95, 61),
(3055, '2025-04-12 1:', 1356.39, 117, 12),
(3056, '2025-08-20 12:', 2721.77, 140, 98),
(3057, '2025-03-26 14:', 3718.91, 53, 9),
(3058, '2025-05-23 13:', 371.62, 172, 7),
(3059, '2025-01-14 1:', 1657.86, 145, 64),
(3060, '2025-06-20 4:', 218.87, 93, 30),
(3061, '2025-07-17 21:', 3742.44, 146, 86),
(3062, '2025-03-16 2:', 962.98, 37, 19),
(3063, '2025-01-24 6:', 645.83, 38, 97),
(3064, '2025-06-15 12:', 3964.18, 184, 65),
(3065, '2025-08-24 0:', 1504.75, 92, 13),
(3066, '2025-03-24 1:', 4486.87, 85, 33),
(3067, '2025-01-27 5:', 3323.58, 168, 24),
(3068, '2025-03-27 2:', 4593.75, 104, 28),
(3069, '2025-01-25 1:', 2752.99, 162, 49),
(3070, '2025-07-23 14:', 4979.53, 192, 61),
(3071, '2025-08-27 22:', 2446.69, 98, 34),
(3072, '2025-04-12 8:', 809.2, 58, 55),
(3073, '2025-04-17 11:', 2562.17, 108, 38),
(3074, '2025-03-20 8:', 4944.28, 58, 66),
(3075, '2025-05-21 4:', 4720.6, 11, 92),
(3076, '2025-05-26 15:', 1023.86, 73, 16),
(3077, '2025-05-27 16:', 949.23, 148, 80),
(3078, '2025-03-25 21:', 3953.53, 13, 58),
(3079, '2025-04-18 20:', 3544.22, 159, 70),
(3080, '2025-05-14 1:', 4305.89, 151, 91),
(3081, '2025-02-15 4:', 4874.58, 3, 44),
(3082, '2025-06-15 7:', 775.5, 14, 23),
(3083, '2025-02-13 14:', 1119.35, 96, 38),
(3084, '2025-08-27 16:', 387.26, 150, 27),
(3085, '2025-07-13 19:', 665.71, 72, 38),
(3086, '2025-07-15 18:', 3069.95, 41, 86),
(3087, '2025-07-16 19:', 1004.98, 164, 31),
(3088, '2025-01-10 11:', 2376.83, 111, 29),
(3089, '2025-02-16 3:', 4119.26, 198, 65),
(3090, '2025-05-22 0:', 642.08, 106, 2),
(3091, '2025-02-14 11:', 59.95, 125, 61),
(3092, '2025-01-20 18:', 3344.86, 195, 13),
(3093, '2025-08-12 4:', 2981.52, 170, 59),
(3094, '2025-02-26 12:', 3550.28, 115, 91),
(3095, '2025-04-23 3:', 4551.08, 84, 83),
(3096, '2025-07-21 21:', 639.01, 97, 91),
(3097, '2025-06-17 16:', 4017.6, 151, 72),
(3098, '2025-07-25 18:', 3291.63, 56, 25),
(3099, '2025-04-27 0:', 1676.25, 137, 31),
(3100, '2025-05-12 11:', 2668.65, 199, 47),
(3101, '2025-07-17 10:', 4972.01, 92, 55),
(3102, '2025-07-13 15:', 2966.28, 196, 16),
(3103, '2025-05-22 21:', 526.18, 110, 99),
(3104, '2025-01-14 1:', 3065.6, 71, 98),
(3105, '2025-03-22 11:', 428.56, 198, 29),
(3106, '2025-06-12 11:', 1624.28, 64, 55),
(3107, '2025-06-24 17:', 486.5, 25, 98),
(3108, '2025-06-14 6:', 4390.95, 94, 48),
(3109, '2025-08-16 19:', 527.5, 7, 64),
(3110, '2025-08-24 0:', 1219.89, 115, 94),
(3111, '2025-01-16 14:', 537.35, 171, 97),
(3112, '2025-02-12 7:', 4393.4, 145, 84),
(3113, '2025-02-20 8:', 3016.84, 176, 22),
(3114, '2025-03-19 2:', 2386.89, 118, 55),
(3115, '2025-05-22 12:', 3136.84, 80, 40),
(3116, '2025-01-19 6:', 2987.53, 131, 95),
(3117, '2025-03-27 6:', 3612.1, 173, 11),
(3118, '2025-04-26 9:', 1055.29, 61, 33),
(3119, '2025-02-14 10:', 3734.96, 4, 66),
(3120, '2025-03-24 14:', 1468.72, 46, 26),
(3121, '2025-02-19 18:', 4876.21, 39, 19),
(3122, '2025-05-16 16:', 1599.52, 151, 84),
(3123, '2025-02-25 15:', 3712.09, 62, 95),
(3124, '2025-02-18 21:', 1045.66, 78, 52),
(3125, '2025-03-15 19:', 4445.73, 36, 11),
(3126, '2025-04-25 10:', 499.84, 122, 4),
(3127, '2025-06-11 9:', 3517.97, 6, 64),
(3128, '2025-04-21 5:', 2300.92, 147, 77),
(3129, '2025-05-14 12:', 1508.98, 13, 17),
(3130, '2025-02-19 18:', 1236.19, 145, 39),
(3131, '2025-04-15 0:', 4868.78, 127, 81),
(3132, '2025-06-17 8:', 2112.2, 194, 92),
(3133, '2025-02-27 18:', 2133.08, 4, 16),
(3134, '2025-08-24 1:', 1810.09, 198, 60),
(3135, '2025-02-20 3:', 3936.17, 68, 90),
(3136, '2025-05-15 18:', 340.75, 43, 77),
(3137, '2025-05-10 20:', 1744.56, 96, 14),
(3138, '2025-08-19 6:', 3235.63, 149, 44),
(3139, '2025-01-13 4:', 1595.4, 109, 46),
(3140, '2025-06-18 13:', 2225.61, 95, 96),
(3141, '2025-03-26 3:', 298.96, 99, 85),
(3142, '2025-01-21 15:', 3043.91, 62, 80),
(3143, '2025-06-19 0:', 10.37, 45, 13),
(3144, '2025-06-20 5:', 1298.17, 14, 2),
(3145, '2025-01-13 0:', 2642.28, 109, 69),
(3146, '2025-07-11 17:', 199.92, 44, 85),
(3147, '2025-08-13 13:', 4615.73, 104, 18),
(3148, '2025-08-11 20:', 1467.83, 33, 70),
(3149, '2025-01-27 2:', 957.29, 20, 94),
(3150, '2025-05-19 21:', 2069.38, 110, 35),
(3151, '2025-02-20 17:', 53.43, 6, 71),
(3152, '2025-02-10 15:', 4393.13, 192, 82),
(3153, '2025-02-11 9:', 606.82, 9, 84),
(3154, '2025-04-23 4:', 2412.43, 133, 91),
(3155, '2025-07-27 1:', 2278.7, 35, 39),
(3156, '2025-08-14 1:', 3687.59, 198, 12),
(3157, '2025-06-11 19:', 1352.97, 178, 33),
(3158, '2025-08-24 12:', 2050.59, 119, 83),
(3159, '2025-04-16 16:', 2727.76, 137, 22),
(3160, '2025-02-16 5:', 3411.62, 46, 5),
(3161, '2025-01-25 20:', 2397.15, 41, 29),
(3162, '2025-04-18 16:', 1765.23, 24, 1),
(3163, '2025-06-17 3:', 287.14, 39, 50),
(3164, '2025-08-11 12:', 2621.53, 182, 21),
(3165, '2025-08-13 0:', 3481.5, 176, 68),
(3166, '2025-02-27 6:', 378.44, 106, 62),
(3167, '2025-07-25 7:', 4992.57, 75, 7),
(3168, '2025-04-14 7:', 4493.68, 61, 94),
(3169, '2025-03-18 7:', 1227, 154, 33),
(3170, '2025-01-18 2:', 4215.66, 54, 5),
(3171, '2025-01-17 21:', 658.41, 187, 67),
(3172, '2025-02-19 16:', 4472.33, 92, 21),
(3173, '2025-08-27 17:', 3379.33, 110, 62),
(3174, '2025-07-26 0:', 1819.05, 6, 68),
(3175, '2025-07-20 8:', 1611.98, 161, 89),
(3176, '2025-04-13 22:', 812.71, 198, 79),
(3177, '2025-02-11 15:', 1913.15, 22, 23),
(3178, '2025-07-22 0:', 1482.34, 136, 9),
(3179, '2025-06-24 10:', 3288.91, 139, 19),
(3180, '2025-02-22 5:', 3758.38, 199, 9),
(3181, '2025-03-24 21:', 4876.25, 62, 8),
(3182, '2025-03-15 18:', 4962.26, 90, 77),
(3183, '2025-05-11 1:', 2642.29, 106, 22),
(3184, '2025-03-12 22:', 2371.47, 1, 66),
(3185, '2025-05-18 8:', 3210.68, 101, 4),
(3186, '2025-01-23 16:', 1677.05, 53, 53),
(3187, '2025-06-27 5:', 2320.84, 172, 49),
(3188, '2025-06-14 22:', 2908.27, 98, 46),
(3189, '2025-08-14 2:', 76.91, 85, 61),
(3190, '2025-01-26 9:', 1838.39, 4, 43),
(3191, '2025-06-26 22:', 2379.02, 125, 89),
(3192, '2025-02-19 5:', 2366.81, 130, 22),
(3193, '2025-03-27 21:', 1943.37, 107, 79),
(3194, '2025-02-21 5:', 2818.25, 104, 20),
(3195, '2025-07-15 20:', 690.43, 179, 6),
(3196, '2025-08-10 14:', 2138.11, 109, 19),
(3197, '2025-05-24 7:', 3245.3, 81, 46),
(3198, '2025-03-11 4:', 2595.86, 2, 1),
(3199, '2025-03-24 4:', 275.32, 186, 88),
(3200, '2025-01-10 16:', 2359.34, 143, 78),
(3201, '2025-08-10 9:', 1510.21, 21, 81),
(3202, '2025-06-10 9:', 4257.06, 72, 89),
(3203, '2025-07-14 13:', 340.42, 84, 34),
(3204, '2025-06-25 2:', 1295.1, 115, 9),
(3205, '2025-04-16 18:', 995.45, 124, 11),
(3206, '2025-03-22 8:', 4120.65, 60, 13),
(3207, '2025-04-12 22:', 4798.83, 135, 74),
(3208, '2025-06-27 13:', 1989.47, 178, 22),
(3209, '2025-08-11 1:', 569.46, 68, 93),
(3210, '2025-06-12 17:', 998, 22, 93),
(3211, '2025-02-23 15:', 58.1, 132, 82),
(3212, '2025-03-20 5:', 1117.11, 105, 14),
(3213, '2025-08-14 8:', 3080.05, 20, 90),
(3214, '2025-02-24 0:', 676.54, 119, 75),
(3215, '2025-04-14 5:', 2831.81, 93, 35),
(3216, '2025-06-12 4:', 4260.28, 178, 83),
(3217, '2025-05-19 20:', 2536.42, 76, 8),
(3218, '2025-04-25 21:', 3267.39, 56, 42),
(3219, '2025-07-11 22:', 3599.67, 53, 62),
(3220, '2025-02-15 17:', 2140.45, 124, 23),
(3221, '2025-05-22 11:', 151.7, 89, 59),
(3222, '2025-06-16 0:', 1419.27, 11, 49),
(3223, '2025-08-13 10:', 3056.69, 9, 18),
(3224, '2025-04-21 10:', 3562.48, 9, 42),
(3225, '2025-01-23 21:', 508.74, 123, 66),
(3226, '2025-07-15 2:', 3093.81, 146, 59),
(3227, '2025-03-14 6:', 2046.03, 83, 56),
(3228, '2025-04-27 0:', 3092.58, 131, 18),
(3229, '2025-01-16 7:', 3455.35, 164, 9),
(3230, '2025-06-23 1:', 4539.04, 145, 1),
(3231, '2025-02-21 13:', 2494.59, 98, 88),
(3232, '2025-06-11 8:', 2439.72, 142, 33),
(3233, '2025-07-21 10:', 3622.55, 19, 61),
(3234, '2025-04-19 15:', 1418.48, 82, 37),
(3235, '2025-05-24 10:', 1978.1, 138, 43),
(3236, '2025-02-23 16:', 1354.42, 154, 38),
(3237, '2025-03-20 14:', 148.1, 43, 73),
(3238, '2025-07-12 22:', 2306.68, 137, 77),
(3239, '2025-01-18 19:', 2901.77, 184, 77),
(3240, '2025-07-26 7:', 644.05, 76, 75),
(3241, '2025-03-26 14:', 2678.19, 84, 32),
(3242, '2025-04-22 21:', 2866.45, 162, 68),
(3243, '2025-06-27 20:', 1134.42, 44, 71),
(3244, '2025-02-21 0:', 1956.14, 173, 9),
(3245, '2025-05-17 20:', 1959.81, 27, 58),
(3246, '2025-05-26 9:', 3062.65, 21, 32),
(3247, '2025-08-21 13:', 1357.87, 148, 74),
(3248, '2025-05-17 3:', 4066.25, 45, 8),
(3249, '2025-01-23 6:', 3276.56, 38, 86),
(3250, '2025-08-25 12:', 4602.08, 22, 47),
(3251, '2025-08-14 12:', 3920.14, 151, 79),
(3252, '2025-05-10 20:', 929.31, 77, 70),
(3253, '2025-02-10 17:', 798.98, 152, 73),
(3254, '2025-08-25 2:', 1552.42, 60, 27),
(3255, '2025-01-25 5:', 1916.94, 93, 15),
(3256, '2025-06-25 22:', 4303.78, 118, 15),
(3257, '2025-07-27 2:', 1092, 8, 31),
(3258, '2025-03-20 6:', 2223.59, 164, 5),
(3259, '2025-08-25 22:', 2162.49, 109, 64),
(3260, '2025-07-12 7:', 1358.22, 166, 49),
(3261, '2025-02-25 2:', 3942.13, 56, 2),
(3262, '2025-06-27 6:', 1947.29, 6, 60),
(3263, '2025-01-27 14:', 4949.42, 153, 42),
(3264, '2025-03-22 11:', 1985.8, 62, 99),
(3265, '2025-02-14 0:', 4869.02, 112, 64),
(3266, '2025-02-12 6:', 4173.3, 88, 63),
(3267, '2025-02-13 9:', 4967.57, 48, 29),
(3268, '2025-04-13 17:', 4708.71, 184, 40),
(3269, '2025-05-14 5:', 3955.51, 92, 19),
(3270, '2025-08-17 15:', 2041.77, 107, 77),
(3271, '2025-02-11 12:', 3509.52, 26, 45),
(3272, '2025-02-25 9:', 1075.34, 16, 78),
(3273, '2025-03-12 8:', 3267.88, 10, 1),
(3274, '2025-01-14 7:', 4622.29, 165, 54),
(3275, '2025-06-16 21:', 3728.65, 154, 65),
(3276, '2025-06-10 21:', 1812.39, 97, 1),
(3277, '2025-05-19 3:', 379.27, 100, 3),
(3278, '2025-02-12 13:', 306.34, 88, 77),
(3279, '2025-05-20 6:', 323.92, 166, 93),
(3280, '2025-05-26 22:', 2284.91, 60, 22),
(3281, '2025-04-11 14:', 844.62, 189, 90),
(3282, '2025-04-22 12:', 861.18, 115, 29),
(3283, '2025-07-23 1:', 3116.77, 141, 23),
(3284, '2025-03-15 7:', 3426.07, 84, 4),
(3285, '2025-04-20 21:', 4773.16, 33, 14),
(3286, '2025-05-19 17:', 1590.25, 198, 68),
(3287, '2025-03-13 19:', 4999.36, 112, 29),
(3288, '2025-04-14 10:', 1017.8, 51, 58),
(3289, '2025-01-12 2:', 3888.85, 149, 14),
(3290, '2025-07-18 20:', 334.01, 16, 31),
(3291, '2025-06-24 5:', 1394.01, 54, 60),
(3292, '2025-06-25 19:', 1023.05, 44, 96),
(3293, '2025-06-24 19:', 3187.94, 67, 22),
(3294, '2025-01-25 15:', 438.41, 13, 5),
(3295, '2025-06-17 13:', 2278.83, 72, 95),
(3296, '2025-06-16 18:', 604.03, 153, 67),
(3297, '2025-02-12 5:', 169.53, 143, 39),
(3298, '2025-06-24 17:', 1223.08, 178, 31),
(3299, '2025-05-14 16:', 643.34, 26, 12),
(3300, '2025-05-17 3:', 4669.02, 18, 34),
(3301, '2025-06-22 17:', 2194.32, 23, 16),
(3302, '2025-02-27 14:', 2610.3, 14, 35),
(3303, '2025-02-26 8:', 4913.11, 50, 40),
(3304, '2025-03-13 0:', 3590.17, 122, 3),
(3305, '2025-07-18 3:', 3107.98, 66, 51),
(3306, '2025-06-19 3:', 749.41, 88, 89),
(3307, '2025-07-19 5:', 377.04, 76, 53),
(3308, '2025-02-24 19:', 3975.89, 11, 13),
(3309, '2025-05-24 13:', 1294.78, 110, 67),
(3310, '2025-03-16 22:', 1612.99, 168, 52),
(3311, '2025-07-23 13:', 2940.64, 31, 20),
(3312, '2025-06-18 11:', 3378.1, 120, 45),
(3313, '2025-01-26 5:', 1968.58, 11, 51),
(3314, '2025-08-27 10:', 1359.01, 172, 85),
(3315, '2025-07-18 17:', 2583.11, 10, 21),
(3316, '2025-03-14 3:', 1821.24, 159, 30),
(3317, '2025-02-17 3:', 4583.9, 89, 28),
(3318, '2025-04-24 7:', 4583.82, 100, 85),
(3319, '2025-01-18 20:', 2757.14, 181, 86),
(3320, '2025-01-10 6:', 2756.87, 58, 78),
(3321, '2025-01-17 19:', 3410.71, 106, 38),
(3322, '2025-03-14 22:', 425.19, 81, 47),
(3323, '2025-06-24 16:', 1864.84, 77, 48),
(3324, '2025-05-25 12:', 3716, 96, 89),
(3325, '2025-01-15 22:', 4516.34, 172, 34),
(3326, '2025-04-12 20:', 3084.57, 178, 21),
(3327, '2025-02-15 17:', 2170.26, 94, 74),
(3328, '2025-04-22 2:', 3409.51, 89, 76),
(3329, '2025-08-16 1:', 4032.93, 75, 79),
(3330, '2025-02-15 20:', 4762.15, 122, 10),
(3331, '2025-05-15 12:', 707.27, 69, 96),
(3332, '2025-03-26 13:', 2286.59, 197, 1),
(3333, '2025-05-27 9:', 4679.94, 149, 56),
(3334, '2025-06-19 16:', 3426.13, 77, 72),
(3335, '2025-06-15 19:', 3215.27, 166, 31),
(3336, '2025-04-25 5:', 1217.79, 156, 25),
(3337, '2025-06-26 10:', 1634.52, 9, 92),
(3338, '2025-06-27 13:', 2202.81, 90, 10),
(3339, '2025-01-24 18:', 1175.48, 46, 42),
(3340, '2025-08-10 4:', 1709.12, 33, 19),
(3341, '2025-02-27 9:', 3720.43, 84, 6),
(3342, '2025-07-15 5:', 998.84, 134, 40),
(3343, '2025-08-21 2:', 2407.48, 7, 79),
(3344, '2025-06-20 15:', 3748.97, 169, 55),
(3345, '2025-05-11 11:', 1784.37, 71, 46),
(3346, '2025-01-15 17:', 757.95, 196, 34),
(3347, '2025-04-27 21:', 3897.13, 156, 88),
(3348, '2025-01-25 2:', 766.81, 42, 26),
(3349, '2025-08-20 7:', 4013.15, 123, 62),
(3350, '2025-06-19 20:', 288.7, 191, 57),
(3351, '2025-02-19 6:', 261.58, 160, 13),
(3352, '2025-02-15 1:', 1996.63, 86, 96),
(3353, '2025-01-20 11:', 2961.41, 106, 89),
(3354, '2025-05-20 20:', 1297.36, 8, 56),
(3355, '2025-04-27 8:', 1302.15, 23, 22),
(3356, '2025-06-25 8:', 3805.28, 198, 98),
(3357, '2025-03-16 8:', 2991.29, 91, 16),
(3358, '2025-04-11 12:', 76.87, 70, 14),
(3359, '2025-05-18 22:', 3503.11, 129, 99),
(3360, '2025-05-12 15:', 333.52, 29, 24),
(3361, '2025-02-24 0:', 4400.98, 131, 51),
(3362, '2025-01-12 18:', 1241.88, 146, 52),
(3363, '2025-04-10 18:', 3083.66, 77, 13),
(3364, '2025-03-12 12:', 2367.73, 115, 78),
(3365, '2025-03-22 20:', 1163.94, 63, 31),
(3366, '2025-04-10 4:', 1598.82, 166, 54),
(3367, '2025-07-12 21:', 3425.82, 169, 2),
(3368, '2025-02-23 9:', 2839.16, 144, 30),
(3369, '2025-03-24 18:', 4267.8, 122, 41),
(3370, '2025-04-22 8:', 2825.04, 68, 76),
(3371, '2025-06-14 18:', 2500.94, 48, 77),
(3372, '2025-06-13 15:', 1064.92, 105, 29),
(3373, '2025-01-22 0:', 4584.52, 181, 96),
(3374, '2025-01-24 17:', 1960.93, 161, 22),
(3375, '2025-02-16 1:', 3571.93, 194, 53),
(3376, '2025-08-22 4:', 66.96, 173, 55),
(3377, '2025-01-20 13:', 3417.72, 129, 25),
(3378, '2025-04-10 4:', 744.68, 128, 5),
(3379, '2025-01-23 9:', 300.07, 195, 37),
(3380, '2025-03-25 1:', 3566.99, 58, 79),
(3381, '2025-06-17 16:', 2236.48, 71, 37),
(3382, '2025-01-19 8:', 3412.47, 138, 21),
(3383, '2025-05-21 5:', 3566.8, 25, 99),
(3384, '2025-07-26 9:', 4413.18, 158, 12),
(3385, '2025-04-19 3:', 2331.44, 3, 20),
(3386, '2025-01-22 0:', 3509.39, 122, 27),
(3387, '2025-07-20 10:', 1082.74, 61, 50),
(3388, '2025-02-27 18:', 683.49, 181, 9),
(3389, '2025-02-10 6:', 1748.94, 147, 80),
(3390, '2025-05-26 9:', 2805.11, 45, 85),
(3391, '2025-04-23 17:', 2022, 57, 92),
(3392, '2025-03-17 8:', 1115.94, 25, 51),
(3393, '2025-02-19 2:', 3706.01, 164, 35),
(3394, '2025-05-20 17:', 1813.6, 148, 44),
(3395, '2025-05-19 1:', 2621.21, 54, 77),
(3396, '2025-07-21 7:', 3604.86, 87, 48),
(3397, '2025-03-10 8:', 3826.61, 100, 54),
(3398, '2025-02-25 18:', 2677.91, 183, 8),
(3399, '2025-04-13 6:', 2732.22, 168, 64),
(3400, '2025-07-26 3:', 1765.21, 26, 81),
(3401, '2025-08-20 6:', 2394.63, 192, 89),
(3402, '2025-02-13 5:', 401.86, 109, 3),
(3403, '2025-08-11 4:', 2772.8, 156, 59),
(3404, '2025-07-18 20:', 2183.95, 106, 30),
(3405, '2025-05-21 15:', 4388.24, 146, 35),
(3406, '2025-08-14 1:', 4604.37, 4, 1),
(3407, '2025-02-12 2:', 3779.7, 133, 60),
(3408, '2025-07-12 7:', 1074.23, 114, 7),
(3409, '2025-07-24 10:', 4544.84, 127, 35),
(3410, '2025-05-18 22:', 2703.68, 109, 2),
(3411, '2025-07-12 9:', 2534.42, 116, 83),
(3412, '2025-02-19 9:', 592.94, 24, 47),
(3413, '2025-02-14 11:', 2593.39, 96, 67),
(3414, '2025-06-27 3:', 365, 171, 90),
(3415, '2025-01-21 8:', 4714.25, 38, 7),
(3416, '2025-02-27 16:', 936.7, 94, 11),
(3417, '2025-08-24 8:', 3255.53, 116, 52),
(3418, '2025-08-11 19:', 1670.67, 129, 61),
(3419, '2025-05-11 2:', 4424.65, 3, 12),
(3420, '2025-01-14 22:', 3166.09, 179, 50),
(3421, '2025-04-23 2:', 2659.71, 43, 85),
(3422, '2025-01-11 9:', 2443.04, 180, 59),
(3423, '2025-02-17 9:', 3363.62, 121, 98),
(3424, '2025-08-12 19:', 2178.82, 189, 17),
(3425, '2025-08-15 1:', 211.54, 20, 34),
(3426, '2025-06-22 10:', 3481.93, 138, 9),
(3427, '2025-08-19 4:', 869.95, 123, 43),
(3428, '2025-01-22 2:', 3715.1, 8, 31),
(3429, '2025-04-12 15:', 207.33, 71, 74),
(3430, '2025-06-21 13:', 2649.78, 77, 72),
(3431, '2025-06-15 13:', 4002.36, 196, 5),
(3432, '2025-05-22 1:', 1354.25, 139, 27),
(3433, '2025-06-13 20:', 2258.65, 180, 26),
(3434, '2025-02-25 0:', 2795.98, 174, 56),
(3435, '2025-08-24 22:', 1941.88, 67, 88),
(3436, '2025-01-16 0:', 352.46, 140, 38),
(3437, '2025-05-27 5:', 4876.26, 167, 2),
(3438, '2025-05-16 0:', 2015.69, 184, 34),
(3439, '2025-07-14 2:', 4832.57, 185, 84),
(3440, '2025-05-20 3:', 4380.84, 48, 15),
(3441, '2025-08-26 19:', 3235.82, 167, 21),
(3442, '2025-04-16 5:', 989.93, 37, 45),
(3443, '2025-01-15 7:', 3125.02, 147, 77),
(3444, '2025-03-24 12:', 1955.85, 37, 89),
(3445, '2025-02-27 6:', 502.24, 173, 94),
(3446, '2025-04-23 18:', 4523.54, 163, 49),
(3447, '2025-04-21 8:', 1941.72, 101, 69),
(3448, '2025-07-22 16:', 3871.9, 73, 69),
(3449, '2025-03-23 11:', 1553.66, 161, 54),
(3450, '2025-04-22 7:', 4305.2, 190, 38),
(3451, '2025-01-13 21:', 1129.78, 89, 69),
(3452, '2025-04-19 22:', 3671.97, 98, 1),
(3453, '2025-06-14 8:', 433.75, 176, 77),
(3454, '2025-06-19 1:', 4898.56, 118, 7),
(3455, '2025-03-18 9:', 1245.47, 83, 80),
(3456, '2025-07-11 7:', 1357.63, 156, 21),
(3457, '2025-08-21 6:', 3061.33, 15, 81),
(3458, '2025-01-11 5:', 1333.49, 43, 49),
(3459, '2025-08-26 17:', 4569.87, 117, 91),
(3460, '2025-07-21 1:', 4941.15, 17, 43),
(3461, '2025-08-26 20:', 4341.77, 177, 94),
(3462, '2025-03-21 6:', 557.84, 78, 17),
(3463, '2025-07-21 15:', 3105.44, 180, 55),
(3464, '2025-06-12 15:', 1967.87, 181, 25),
(3465, '2025-07-20 16:', 3388.66, 14, 12),
(3466, '2025-07-25 14:', 1469.43, 123, 60),
(3467, '2025-07-22 19:', 1521.92, 157, 82),
(3468, '2025-04-25 22:', 1679.84, 106, 35),
(3469, '2025-08-11 18:', 3093.28, 158, 4),
(3470, '2025-07-15 4:', 1766.18, 78, 83),
(3471, '2025-01-24 10:', 2497.27, 145, 94),
(3472, '2025-01-20 19:', 3880.19, 73, 46),
(3473, '2025-01-18 0:', 1359.45, 140, 8),
(3474, '2025-01-23 2:', 1205.07, 122, 12),
(3475, '2025-05-10 3:', 2262.22, 166, 24),
(3476, '2025-04-17 21:', 3966.81, 173, 62),
(3477, '2025-01-24 16:', 2139.93, 154, 72),
(3478, '2025-02-24 4:', 475.68, 20, 8),
(3479, '2025-04-24 2:', 3241.18, 105, 71),
(3480, '2025-05-21 1:', 3685.73, 47, 6),
(3481, '2025-08-23 4:', 2524.5, 145, 61),
(3482, '2025-03-19 21:', 3866.42, 8, 15),
(3483, '2025-08-10 12:', 3947.74, 185, 19),
(3484, '2025-05-11 6:', 4300.56, 84, 87),
(3485, '2025-06-15 17:', 4622.26, 4, 67),
(3486, '2025-06-25 11:', 2780.2, 85, 71),
(3487, '2025-02-18 4:', 2394.21, 172, 54),
(3488, '2025-06-18 12:', 120.18, 11, 64),
(3489, '2025-01-20 11:', 4546.55, 9, 58),
(3490, '2025-05-11 12:', 2071.76, 1, 10),
(3491, '2025-06-18 10:', 4947.1, 145, 64),
(3492, '2025-08-21 3:', 1056.69, 183, 63),
(3493, '2025-08-26 12:', 3967.2, 31, 21),
(3494, '2025-01-11 11:', 4274.96, 9, 39),
(3495, '2025-06-23 6:', 4956.18, 198, 42),
(3496, '2025-02-19 13:', 4435.67, 149, 2),
(3497, '2025-01-13 9:', 2206.93, 59, 17),
(3498, '2025-03-11 9:', 2283.95, 126, 56),
(3499, '2025-05-27 1:', 1651.16, 114, 48),
(3500, '2025-05-22 17:', 4893.34, 178, 63),
(3501, '2025-04-23 2:', 2385.56, 23, 12),
(3502, '2025-08-27 5:', 2397.66, 95, 76),
(3503, '2025-08-10 10:', 3209.76, 96, 84),
(3504, '2025-01-10 21:', 2346.95, 20, 3),
(3505, '2025-07-24 5:', 152.03, 11, 32),
(3506, '2025-07-26 13:', 764.53, 100, 26),
(3507, '2025-02-18 8:', 4852.45, 71, 24),
(3508, '2025-06-15 3:', 3316.26, 36, 88),
(3509, '2025-02-21 2:', 4968.46, 121, 76),
(3510, '2025-04-26 8:', 3769.12, 171, 59),
(3511, '2025-03-16 0:', 753.42, 138, 71),
(3512, '2025-03-20 7:', 1928.18, 8, 96),
(3513, '2025-02-17 6:', 1162.36, 180, 95),
(3514, '2025-04-17 19:', 2890.88, 97, 99),
(3515, '2025-08-25 7:', 3480.74, 9, 11),
(3516, '2025-03-16 14:', 3057.38, 123, 77),
(3517, '2025-02-27 7:', 4285.8, 146, 43),
(3518, '2025-08-18 11:', 204.03, 149, 11),
(3519, '2025-06-16 10:', 2837.04, 110, 88),
(3520, '2025-02-16 17:', 3818.14, 129, 34),
(3521, '2025-05-26 16:', 2542.28, 20, 1),
(3522, '2025-01-17 1:', 3539.49, 112, 80),
(3523, '2025-04-12 12:', 3701.88, 153, 70),
(3524, '2025-08-27 0:', 1795.21, 140, 60),
(3525, '2025-05-22 2:', 4174.73, 82, 73),
(3526, '2025-05-23 8:', 2446.13, 3, 76),
(3527, '2025-05-19 16:', 1599, 93, 49),
(3528, '2025-04-10 22:', 2909.38, 44, 5),
(3529, '2025-06-20 5:', 1800.46, 14, 52),
(3530, '2025-04-13 0:', 425.26, 167, 95),
(3531, '2025-08-23 17:', 2881.92, 98, 91),
(3532, '2025-03-27 4:', 2511.24, 189, 83),
(3533, '2025-02-11 9:', 2106.32, 4, 60),
(3534, '2025-05-22 16:', 2309.13, 20, 68),
(3535, '2025-06-27 17:', 4826.61, 149, 88),
(3536, '2025-05-17 0:', 4735.82, 29, 55),
(3537, '2025-01-22 22:', 2311.92, 145, 18),
(3538, '2025-07-22 14:', 1938.31, 9, 12),
(3539, '2025-04-14 13:', 424.38, 166, 33),
(3540, '2025-01-22 10:', 1913.16, 194, 46),
(3541, '2025-06-12 16:', 1608.49, 139, 63),
(3542, '2025-05-26 14:', 62.04, 137, 60),
(3543, '2025-01-14 14:', 560.62, 48, 89),
(3544, '2025-04-16 4:', 2271.19, 77, 65),
(3545, '2025-06-20 17:', 1702.03, 167, 30),
(3546, '2025-04-16 0:', 3336.65, 149, 45),
(3547, '2025-01-13 11:', 1991.76, 111, 43),
(3548, '2025-02-23 21:', 3472.79, 98, 81),
(3549, '2025-03-27 20:', 2390.84, 157, 63),
(3550, '2025-01-15 21:', 357.94, 113, 51),
(3551, '2025-06-11 21:', 1585.26, 30, 75),
(3552, '2025-03-21 1:', 3631.06, 59, 12),
(3553, '2025-01-26 13:', 341.09, 126, 4),
(3554, '2025-02-13 1:', 3013.13, 89, 39),
(3555, '2025-06-18 5:', 4551.68, 138, 63),
(3556, '2025-07-12 14:', 4173.67, 2, 40),
(3557, '2025-03-11 18:', 3346.09, 153, 30),
(3558, '2025-04-25 9:', 4812.29, 80, 9),
(3559, '2025-07-20 17:', 3586.21, 62, 18),
(3560, '2025-03-16 4:', 1788.02, 5, 56),
(3561, '2025-04-21 9:', 4311.63, 182, 54),
(3562, '2025-02-26 3:', 1039.9, 79, 9),
(3563, '2025-02-19 18:', 2227.97, 149, 79),
(3564, '2025-06-10 16:', 1717.03, 39, 91),
(3565, '2025-06-14 5:', 2612.57, 48, 63),
(3566, '2025-05-17 21:', 2406.73, 159, 13),
(3567, '2025-02-24 12:', 3924.66, 33, 38),
(3568, '2025-07-22 22:', 3683.5, 197, 85),
(3569, '2025-08-24 6:', 3375.47, 156, 9),
(3570, '2025-07-11 22:', 104.13, 21, 33),
(3571, '2025-03-23 18:', 482.33, 13, 32),
(3572, '2025-01-24 14:', 1147.19, 106, 90),
(3573, '2025-04-11 20:', 3110.79, 36, 5),
(3574, '2025-04-12 22:', 392.12, 33, 50),
(3575, '2025-03-14 6:', 4316.36, 118, 46),
(3576, '2025-06-25 3:', 3806.25, 137, 10),
(3577, '2025-03-20 22:', 4293.15, 82, 63),
(3578, '2025-02-12 20:', 2873.42, 89, 29),
(3579, '2025-04-20 12:', 1230.15, 187, 12),
(3580, '2025-02-16 21:', 3717.81, 168, 5),
(3581, '2025-03-20 12:', 3660.75, 93, 51),
(3582, '2025-04-22 14:', 4151.82, 13, 8),
(3583, '2025-01-18 10:', 921.39, 165, 94),
(3584, '2025-03-12 17:', 2169.05, 79, 93),
(3585, '2025-04-19 8:', 3938.6, 136, 40),
(3586, '2025-08-13 1:', 151.95, 76, 46),
(3587, '2025-05-12 14:', 4308.22, 159, 55),
(3588, '2025-02-27 20:', 2285.48, 48, 22),
(3589, '2025-02-16 6:', 327.43, 88, 24),
(3590, '2025-08-10 13:', 1800.72, 172, 3),
(3591, '2025-03-13 0:', 4495.62, 130, 79),
(3592, '2025-07-23 3:', 1852.3, 98, 28),
(3593, '2025-03-14 3:', 3730.54, 112, 4),
(3594, '2025-05-24 14:', 272.02, 157, 16),
(3595, '2025-03-25 0:', 529.26, 10, 69),
(3596, '2025-01-13 4:', 4600.1, 11, 9),
(3597, '2025-07-15 4:', 4941.52, 175, 34),
(3598, '2025-06-16 9:', 803.44, 124, 55),
(3599, '2025-08-11 12:', 2821.48, 157, 92),
(3600, '2025-08-16 22:', 2393.19, 71, 84),
(3601, '2025-05-15 15:', 1242.87, 104, 92),
(3602, '2025-08-21 0:', 4348.75, 111, 45),
(3603, '2025-07-21 7:', 2345.26, 33, 29),
(3604, '2025-06-22 2:', 2531.97, 193, 17),
(3605, '2025-05-14 7:', 1106.81, 63, 39),
(3606, '2025-05-14 13:', 3463.31, 192, 36),
(3607, '2025-05-16 2:', 4615.88, 86, 86),
(3608, '2025-02-15 9:', 642.51, 25, 7),
(3609, '2025-01-17 16:', 805.21, 88, 69),
(3610, '2025-08-10 4:', 4158.58, 148, 39),
(3611, '2025-01-22 13:', 215.64, 4, 82),
(3612, '2025-01-13 15:', 1992.38, 33, 46),
(3613, '2025-01-10 19:', 1321.14, 76, 49),
(3614, '2025-01-21 15:', 33.35, 143, 67),
(3615, '2025-08-25 10:', 4640.26, 172, 49),
(3616, '2025-06-15 17:', 1379.5, 99, 86),
(3617, '2025-02-20 10:', 3072.23, 102, 37),
(3618, '2025-04-22 20:', 892.16, 183, 59),
(3619, '2025-05-18 0:', 3037.56, 174, 58),
(3620, '2025-01-17 8:', 779.24, 189, 23),
(3621, '2025-01-20 21:', 4084.25, 90, 83),
(3622, '2025-03-13 12:', 3002.63, 86, 84),
(3623, '2025-02-20 12:', 4659.69, 128, 97),
(3624, '2025-06-10 1:', 3771.95, 160, 94),
(3625, '2025-06-20 13:', 2960.37, 17, 68),
(3626, '2025-02-20 6:', 3854.88, 136, 51),
(3627, '2025-08-17 2:', 4954.37, 75, 80),
(3628, '2025-01-18 16:', 4913.62, 54, 52),
(3629, '2025-01-21 18:', 2122.99, 97, 36),
(3630, '2025-01-15 22:', 4679.42, 113, 34),
(3631, '2025-07-23 5:', 1379.95, 141, 47),
(3632, '2025-05-26 13:', 1338.82, 189, 38),
(3633, '2025-01-13 0:', 1041.26, 34, 69),
(3634, '2025-02-17 7:', 4706.4, 177, 11),
(3635, '2025-01-11 6:', 2369.17, 166, 79),
(3636, '2025-06-14 21:', 3502.46, 158, 80),
(3637, '2025-07-12 20:', 2576.2, 171, 53),
(3638, '2025-06-26 16:', 2969.99, 195, 91),
(3639, '2025-06-10 22:', 3637.91, 193, 14),
(3640, '2025-01-18 12:', 2067.26, 90, 33),
(3641, '2025-05-19 8:', 4363.43, 28, 27),
(3642, '2025-05-10 20:', 2933.68, 60, 97),
(3643, '2025-01-20 8:', 609.03, 177, 79),
(3644, '2025-05-12 19:', 1163.54, 31, 52),
(3645, '2025-07-14 13:', 1154.52, 4, 10),
(3646, '2025-01-18 6:', 4440.8, 185, 34),
(3647, '2025-08-20 8:', 4987.4, 132, 43),
(3648, '2025-06-21 14:', 2670.04, 95, 40),
(3649, '2025-07-15 8:', 4692.28, 42, 32),
(3650, '2025-05-18 10:', 4131.51, 190, 89),
(3651, '2025-06-27 2:', 2505.05, 139, 46),
(3652, '2025-04-12 16:', 1963.69, 162, 45),
(3653, '2025-03-14 2:', 3474.71, 195, 27),
(3654, '2025-04-19 21:', 2071.4, 186, 18),
(3655, '2025-05-12 4:', 303.04, 138, 24),
(3656, '2025-03-11 22:', 2930.8, 48, 95),
(3657, '2025-03-14 10:', 1670.98, 65, 99),
(3658, '2025-06-26 8:', 3257.66, 197, 82),
(3659, '2025-07-14 4:', 3544.34, 166, 38),
(3660, '2025-05-13 14:', 3794.15, 88, 94),
(3661, '2025-06-13 14:', 576.17, 185, 64),
(3662, '2025-03-16 2:', 1803.46, 144, 11),
(3663, '2025-05-27 17:', 3909.53, 124, 68),
(3664, '2025-06-26 1:', 1144.51, 10, 27),
(3665, '2025-05-14 19:', 2304.05, 33, 78),
(3666, '2025-05-17 11:', 2143.41, 13, 84),
(3667, '2025-06-27 12:', 3457.45, 173, 52),
(3668, '2025-06-27 22:', 977.9, 115, 17),
(3669, '2025-07-14 15:', 3701.11, 94, 51),
(3670, '2025-04-25 13:', 1198.39, 45, 95),
(3671, '2025-04-10 0:', 4961.49, 148, 81),
(3672, '2025-05-20 13:', 4538.71, 65, 60),
(3673, '2025-05-12 5:', 2971.89, 135, 11),
(3674, '2025-05-11 18:', 2952.68, 138, 71),
(3675, '2025-05-14 16:', 3234.85, 165, 93),
(3676, '2025-06-23 3:', 994.65, 159, 83),
(3677, '2025-01-21 7:', 188.5, 145, 31),
(3678, '2025-04-16 10:', 3153.79, 92, 4),
(3679, '2025-07-24 11:', 4242.6, 138, 56),
(3680, '2025-03-16 11:', 3399.07, 58, 51),
(3681, '2025-06-10 11:', 1528.45, 15, 74),
(3682, '2025-02-22 0:', 2209.36, 114, 12),
(3683, '2025-08-11 11:', 864.31, 198, 73),
(3684, '2025-02-14 1:', 1794.83, 90, 84),
(3685, '2025-01-21 16:', 2567.01, 83, 13),
(3686, '2025-02-14 19:', 186.78, 15, 72),
(3687, '2025-05-22 3:', 4926.58, 145, 7),
(3688, '2025-07-17 7:', 4104.32, 131, 56),
(3689, '2025-07-12 12:', 1315.75, 88, 16),
(3690, '2025-01-25 17:', 2261.45, 13, 85),
(3691, '2025-01-10 7:', 2950.54, 107, 10),
(3692, '2025-08-13 10:', 1286.32, 92, 71),
(3693, '2025-05-13 17:', 4239.78, 126, 47),
(3694, '2025-03-21 14:', 4683.36, 24, 26),
(3695, '2025-07-10 12:', 2706.62, 30, 8),
(3696, '2025-05-24 11:', 30.06, 25, 56),
(3697, '2025-07-19 10:', 3684.51, 4, 79),
(3698, '2025-06-27 7:', 1271.33, 64, 91),
(3699, '2025-02-15 10:', 4960.76, 160, 38),
(3700, '2025-08-10 7:', 209.53, 83, 84),
(3701, '2025-08-18 5:', 3068.62, 115, 52),
(3702, '2025-07-14 3:', 950.46, 166, 43),
(3703, '2025-03-24 2:', 3673.88, 40, 29),
(3704, '2025-07-16 13:', 2552.92, 192, 89),
(3705, '2025-07-18 1:', 3643.69, 136, 78),
(3706, '2025-04-15 1:', 2981.42, 89, 3),
(3707, '2025-03-23 19:', 4078.75, 23, 86),
(3708, '2025-02-23 3:', 380.34, 88, 26),
(3709, '2025-08-23 14:', 1178, 63, 9),
(3710, '2025-01-10 5:', 2740.85, 42, 54),
(3711, '2025-08-23 7:', 4632.51, 36, 11),
(3712, '2025-05-12 0:', 866.32, 30, 61),
(3713, '2025-04-19 9:', 1688.57, 59, 51),
(3714, '2025-04-13 0:', 157.9, 75, 15),
(3715, '2025-01-26 13:', 1210.34, 84, 51),
(3716, '2025-08-23 12:', 1307.77, 25, 4),
(3717, '2025-01-20 20:', 1240.7, 187, 39),
(3718, '2025-08-16 5:', 2883.91, 174, 14),
(3719, '2025-04-11 11:', 1895.06, 56, 24),
(3720, '2025-08-26 18:', 4846.13, 130, 14),
(3721, '2025-01-24 4:', 2197.98, 159, 32),
(3722, '2025-04-14 5:', 4410.87, 110, 43),
(3723, '2025-08-14 12:', 4596.4, 115, 69),
(3724, '2025-01-26 19:', 2681.32, 155, 85),
(3725, '2025-03-20 5:', 4925.34, 128, 22),
(3726, '2025-05-21 9:', 3766.17, 193, 99),
(3727, '2025-03-25 3:', 3683.1, 84, 14),
(3728, '2025-01-26 11:', 3124.49, 86, 18),
(3729, '2025-07-16 2:', 396.78, 18, 20),
(3730, '2025-04-13 13:', 2829.4, 90, 62),
(3731, '2025-06-15 13:', 3834.52, 48, 41),
(3732, '2025-02-18 8:', 1345.52, 163, 65),
(3733, '2025-07-25 10:', 2273.36, 95, 95),
(3734, '2025-04-27 2:', 4005.48, 113, 94),
(3735, '2025-04-18 11:', 299.77, 32, 81),
(3736, '2025-07-18 17:', 4383.84, 74, 79),
(3737, '2025-05-27 21:', 1394.52, 157, 33),
(3738, '2025-04-22 6:', 2333.99, 199, 25),
(3739, '2025-07-13 9:', 799.39, 31, 71),
(3740, '2025-03-19 0:', 4103.04, 188, 16),
(3741, '2025-06-26 8:', 3753.82, 161, 93),
(3742, '2025-03-22 10:', 1164.46, 22, 75),
(3743, '2025-03-20 14:', 833.97, 110, 66),
(3744, '2025-05-24 1:', 4434.36, 177, 8),
(3745, '2025-04-27 10:', 2041.79, 154, 15),
(3746, '2025-07-14 8:', 1228.32, 118, 16),
(3747, '2025-08-22 9:', 4390.05, 197, 9),
(3748, '2025-04-17 7:', 1483.54, 106, 48),
(3749, '2025-06-11 8:', 682.51, 159, 80),
(3750, '2025-02-17 11:', 3365.21, 182, 30),
(3751, '2025-07-25 13:', 2055.64, 21, 53),
(3752, '2025-01-24 5:', 2350.8, 122, 37),
(3753, '2025-01-27 1:', 3158.81, 122, 3),
(3754, '2025-01-12 21:', 1495.25, 168, 27),
(3755, '2025-02-19 13:', 1194.53, 20, 1),
(3756, '2025-08-11 18:', 1427.76, 63, 82),
(3757, '2025-04-23 14:', 4543.65, 73, 77),
(3758, '2025-05-12 8:', 1083.99, 23, 72),
(3759, '2025-08-23 4:', 4939, 172, 54),
(3760, '2025-01-25 19:', 4255.82, 13, 11),
(3761, '2025-05-18 5:', 4871.48, 138, 88),
(3762, '2025-01-15 11:', 3017.1, 25, 90),
(3763, '2025-08-26 16:', 3720.28, 55, 91),
(3764, '2025-01-22 0:', 2759.93, 120, 75),
(3765, '2025-04-27 0:', 4554.11, 54, 21),
(3766, '2025-03-27 22:', 79.02, 192, 46),
(3767, '2025-02-14 5:', 84.2, 52, 30),
(3768, '2025-04-18 12:', 2203.09, 162, 34),
(3769, '2025-06-25 0:', 419.17, 1, 2),
(3770, '2025-05-15 11:', 2512.27, 55, 61),
(3771, '2025-05-22 19:', 2859.22, 9, 2),
(3772, '2025-03-18 8:', 3737.7, 21, 86),
(3773, '2025-07-25 12:', 419.49, 103, 46),
(3774, '2025-05-25 8:', 2016.11, 7, 98),
(3775, '2025-06-21 6:', 3383.54, 131, 19),
(3776, '2025-03-16 1:', 1459.35, 97, 66),
(3777, '2025-08-19 0:', 733.02, 162, 28),
(3778, '2025-02-21 2:', 4228.68, 166, 65),
(3779, '2025-08-13 5:', 991.02, 158, 39),
(3780, '2025-02-23 2:', 349.37, 106, 77),
(3781, '2025-03-12 22:', 309.58, 68, 82),
(3782, '2025-03-18 13:', 3753.16, 182, 51),
(3783, '2025-05-13 18:', 849.09, 114, 52),
(3784, '2025-05-22 0:', 3497.27, 21, 95),
(3785, '2025-04-20 1:', 2154.69, 10, 81),
(3786, '2025-06-22 9:', 1255.34, 69, 60),
(3787, '2025-04-15 4:', 1660.37, 87, 25),
(3788, '2025-01-17 20:', 1764.22, 91, 7),
(3789, '2025-06-19 13:', 1929.07, 44, 37),
(3790, '2025-02-16 0:', 1339.64, 139, 80),
(3791, '2025-07-11 5:', 4411.25, 60, 46),
(3792, '2025-02-14 21:', 3249.87, 51, 19),
(3793, '2025-01-10 12:', 2977.36, 92, 45),
(3794, '2025-07-12 16:', 3737.77, 35, 91),
(3795, '2025-08-12 9:', 3903.86, 14, 53),
(3796, '2025-08-11 11:', 1285.45, 193, 61),
(3797, '2025-06-12 16:', 2300.06, 60, 69),
(3798, '2025-05-23 6:', 2381.46, 22, 49),
(3799, '2025-03-17 2:', 2119.88, 80, 78),
(3800, '2025-03-16 5:', 3793.65, 50, 19),
(3801, '2025-07-26 15:', 3757.89, 190, 71),
(3802, '2025-05-20 2:', 4110.57, 161, 44),
(3803, '2025-08-20 19:', 4035.27, 84, 80),
(3804, '2025-08-21 12:', 1222.67, 84, 39),
(3805, '2025-07-20 8:', 2498.2, 175, 17),
(3806, '2025-07-26 3:', 4113.4, 82, 74),
(3807, '2025-08-10 20:', 3897.13, 180, 83),
(3808, '2025-05-11 13:', 2329.01, 23, 45),
(3809, '2025-03-17 5:', 227.33, 172, 63),
(3810, '2025-01-22 16:', 784.4, 36, 73),
(3811, '2025-04-15 0:', 2726.31, 85, 15),
(3812, '2025-07-14 11:', 1381.34, 48, 22),
(3813, '2025-02-16 17:', 1418.23, 10, 9),
(3814, '2025-02-15 13:', 3198.38, 129, 92),
(3815, '2025-06-25 17:', 2086.25, 62, 33),
(3816, '2025-04-14 21:', 4064.26, 140, 75),
(3817, '2025-05-22 17:', 4201.45, 173, 20),
(3818, '2025-06-26 13:', 4339.42, 145, 65),
(3819, '2025-02-15 22:', 1543.47, 145, 86),
(3820, '2025-07-25 17:', 255.59, 192, 97),
(3821, '2025-04-14 9:', 1375.87, 160, 62),
(3822, '2025-07-15 2:', 1365.68, 53, 31),
(3823, '2025-07-27 8:', 2592.05, 136, 70),
(3824, '2025-02-11 20:', 3295.06, 170, 90),
(3825, '2025-07-13 18:', 3128.06, 192, 80),
(3826, '2025-07-19 11:', 2984.34, 195, 29),
(3827, '2025-03-27 16:', 4980.8, 146, 72),
(3828, '2025-08-22 4:', 1212.22, 170, 5),
(3829, '2025-08-26 6:', 1318.18, 84, 5),
(3830, '2025-06-17 6:', 437.52, 4, 10),
(3831, '2025-05-26 9:', 4328.78, 33, 59),
(3832, '2025-06-18 20:', 4628.83, 117, 21),
(3833, '2025-06-15 14:', 3869.77, 104, 86),
(3834, '2025-03-20 3:', 3988.25, 26, 43),
(3835, '2025-03-17 8:', 2491.64, 122, 73),
(3836, '2025-01-15 7:', 1966.24, 144, 50),
(3837, '2025-08-12 4:', 4738.63, 2, 83),
(3838, '2025-02-24 0:', 127.43, 181, 36),
(3839, '2025-07-27 22:', 2061.49, 168, 15),
(3840, '2025-06-27 2:', 3632.69, 94, 49),
(3841, '2025-02-14 21:', 4179.6, 23, 79),
(3842, '2025-07-22 2:', 1696.86, 110, 84),
(3843, '2025-02-21 21:', 423.38, 128, 42),
(3844, '2025-01-13 12:', 3539.86, 29, 5),
(3845, '2025-04-24 22:', 343.46, 31, 73),
(3846, '2025-05-12 5:', 892.72, 167, 62),
(3847, '2025-08-27 18:', 4955.92, 90, 13),
(3848, '2025-03-19 9:', 1776.06, 164, 20),
(3849, '2025-07-24 6:', 3977.38, 61, 28),
(3850, '2025-06-19 2:', 3856.56, 177, 19),
(3851, '2025-07-17 9:', 3672.76, 47, 10),
(3852, '2025-05-16 22:', 292.09, 144, 17),
(3853, '2025-05-16 21:', 4072.75, 117, 10),
(3854, '2025-04-13 12:', 2989.92, 34, 34),
(3855, '2025-06-23 16:', 106.07, 155, 77),
(3856, '2025-04-16 7:', 4151.58, 106, 89),
(3857, '2025-01-14 12:', 2572.33, 198, 46),
(3858, '2025-03-21 19:', 3773.08, 33, 74),
(3859, '2025-05-24 0:', 1986.96, 194, 51),
(3860, '2025-03-25 8:', 1693.48, 84, 11),
(3861, '2025-05-11 16:', 4326.07, 135, 44),
(3862, '2025-05-13 21:', 1130.38, 121, 12),
(3863, '2025-03-22 0:', 1131.59, 85, 51),
(3864, '2025-04-17 5:', 4070.9, 193, 20),
(3865, '2025-06-26 0:', 13.43, 90, 68),
(3866, '2025-06-17 17:', 717.35, 47, 18),
(3867, '2025-01-17 14:', 4610.96, 128, 37),
(3868, '2025-03-10 2:', 4170.46, 101, 37),
(3869, '2025-04-10 8:', 4398.33, 65, 48),
(3870, '2025-05-12 12:', 1741.96, 115, 74),
(3871, '2025-03-10 1:', 3755.67, 199, 66),
(3872, '2025-06-25 15:', 652.25, 101, 9),
(3873, '2025-02-26 7:', 1077.75, 72, 19),
(3874, '2025-05-15 21:', 3773.36, 84, 98),
(3875, '2025-01-12 12:', 2329.89, 185, 89),
(3876, '2025-07-16 21:', 2245.15, 97, 77),
(3877, '2025-01-23 21:', 4806.35, 64, 41),
(3878, '2025-05-23 11:', 869.83, 145, 65),
(3879, '2025-03-24 15:', 3411.35, 113, 69),
(3880, '2025-04-22 14:', 199.19, 58, 85),
(3881, '2025-06-22 1:', 680.64, 71, 58),
(3882, '2025-01-13 4:', 2228.71, 21, 50),
(3883, '2025-01-22 1:', 1643.86, 32, 34),
(3884, '2025-08-17 13:', 3405.74, 38, 23),
(3885, '2025-05-22 8:', 4635.29, 49, 93),
(3886, '2025-02-25 7:', 3181.23, 80, 53),
(3887, '2025-07-24 9:', 1137.17, 8, 69),
(3888, '2025-05-13 21:', 719.14, 73, 24),
(3889, '2025-06-13 18:', 123.21, 115, 14),
(3890, '2025-06-24 9:', 1478.47, 127, 79),
(3891, '2025-02-13 9:', 3269.07, 127, 76),
(3892, '2025-03-14 9:', 2006.78, 59, 44),
(3893, '2025-06-24 11:', 2177.14, 187, 70),
(3894, '2025-06-19 4:', 3421.17, 69, 81),
(3895, '2025-06-10 21:', 4576.28, 58, 4),
(3896, '2025-06-14 19:', 775.24, 133, 77),
(3897, '2025-06-20 14:', 3870.42, 58, 60),
(3898, '2025-02-25 12:', 1699.35, 177, 19),
(3899, '2025-01-11 18:', 3946.1, 128, 60),
(3900, '2025-07-25 12:', 508.44, 29, 67),
(3901, '2025-08-26 21:', 1589, 30, 66),
(3902, '2025-02-22 9:', 941.63, 117, 64),
(3903, '2025-07-26 14:', 2189.14, 39, 50),
(3904, '2025-08-27 3:', 4293.09, 95, 57),
(3905, '2025-06-12 18:', 2151.99, 3, 24),
(3906, '2025-01-13 7:', 1825.57, 97, 53),
(3907, '2025-05-27 2:', 2219.61, 167, 42),
(3908, '2025-01-27 21:', 1073.7, 14, 78),
(3909, '2025-07-26 4:', 2273.05, 67, 72),
(3910, '2025-05-16 5:', 680.97, 53, 11),
(3911, '2025-03-14 22:', 649.73, 89, 82),
(3912, '2025-08-23 20:', 2119.25, 72, 39),
(3913, '2025-02-15 11:', 2310.77, 30, 27),
(3914, '2025-07-24 1:', 4822.98, 89, 32),
(3915, '2025-03-16 22:', 4974.82, 186, 31),
(3916, '2025-01-21 19:', 2416.31, 160, 99),
(3917, '2025-02-18 22:', 4091.22, 27, 51),
(3918, '2025-07-13 8:', 4103.72, 88, 83),
(3919, '2025-08-18 18:', 3822.81, 118, 52),
(3920, '2025-06-13 12:', 940.29, 111, 83),
(3921, '2025-05-18 19:', 105.81, 90, 66),
(3922, '2025-06-15 17:', 2183.04, 125, 50),
(3923, '2025-04-26 10:', 3684.42, 113, 89),
(3924, '2025-02-25 13:', 560.66, 152, 62),
(3925, '2025-06-12 2:', 4983.87, 35, 55),
(3926, '2025-03-25 9:', 744.99, 121, 86),
(3927, '2025-02-17 10:', 1412.12, 8, 14),
(3928, '2025-05-16 7:', 2698, 197, 58),
(3929, '2025-01-22 8:', 2205.69, 166, 6),
(3930, '2025-02-14 19:', 496.56, 69, 40),
(3931, '2025-01-10 5:', 3780.8, 185, 9),
(3932, '2025-01-21 8:', 1866.57, 82, 33),
(3933, '2025-06-17 19:', 2765.05, 83, 52),
(3934, '2025-06-17 13:', 2342.88, 84, 30),
(3935, '2025-04-21 22:', 89.44, 27, 68),
(3936, '2025-02-21 5:', 3996.5, 115, 37),
(3937, '2025-03-16 11:', 84.42, 91, 33),
(3938, '2025-01-13 10:', 2643.72, 83, 6),
(3939, '2025-05-11 21:', 1202.43, 53, 81),
(3940, '2025-08-26 22:', 1098.52, 80, 4),
(3941, '2025-05-16 9:', 2174.27, 73, 96),
(3942, '2025-07-22 7:', 1696.42, 151, 81),
(3943, '2025-08-16 12:', 4392.44, 187, 12),
(3944, '2025-07-25 0:', 2599.21, 15, 27),
(3945, '2025-07-10 4:', 3347.8, 41, 88),
(3946, '2025-07-27 9:', 1191.48, 65, 64),
(3947, '2025-04-24 13:', 673.45, 10, 59),
(3948, '2025-08-18 13:', 3296.43, 38, 24),
(3949, '2025-07-16 2:', 1309.82, 55, 31),
(3950, '2025-05-10 3:', 1066.51, 104, 50),
(3951, '2025-01-25 12:', 213.05, 190, 8),
(3952, '2025-01-15 19:', 4554, 39, 43),
(3953, '2025-06-24 17:', 3685.06, 152, 16),
(3954, '2025-01-16 17:', 800.23, 96, 94),
(3955, '2025-06-24 15:', 4945.1, 123, 6),
(3956, '2025-02-26 17:', 1609.57, 142, 13),
(3957, '2025-01-17 19:', 2017.94, 47, 85),
(3958, '2025-02-15 9:', 3059.91, 36, 36),
(3959, '2025-02-15 0:', 3697.68, 166, 94),
(3960, '2025-08-12 0:', 1023.88, 107, 98),
(3961, '2025-02-27 11:', 2029.12, 33, 16),
(3962, '2025-02-26 11:', 4960.79, 64, 23),
(3963, '2025-04-19 10:', 1520.62, 121, 43),
(3964, '2025-07-20 2:', 2400.61, 45, 60),
(3965, '2025-01-15 19:', 2706.31, 90, 56),
(3966, '2025-02-19 13:', 438.37, 27, 72),
(3967, '2025-07-10 11:', 1043.94, 7, 50),
(3968, '2025-06-19 17:', 550.9, 140, 31),
(3969, '2025-02-19 5:', 783.69, 32, 6),
(3970, '2025-05-18 9:', 3574.75, 71, 61),
(3971, '2025-08-24 1:', 2133.86, 191, 87),
(3972, '2025-06-12 22:', 1867.1, 131, 7),
(3973, '2025-05-14 21:', 831.28, 70, 33),
(3974, '2025-07-19 7:', 3951.58, 102, 32),
(3975, '2025-01-15 19:', 2871.35, 149, 19),
(3976, '2025-03-10 10:', 3210.54, 175, 33),
(3977, '2025-01-23 14:', 1024.14, 198, 21),
(3978, '2025-07-12 22:', 4535.12, 30, 10),
(3979, '2025-06-27 4:', 654.58, 127, 70),
(3980, '2025-02-15 2:', 4809.4, 7, 52),
(3981, '2025-08-22 5:', 4577.55, 107, 48),
(3982, '2025-05-23 12:', 4438.75, 83, 43),
(3983, '2025-02-27 8:', 3141.74, 36, 62),
(3984, '2025-02-18 5:', 500.21, 120, 78),
(3985, '2025-03-26 3:', 3663.02, 10, 48),
(3986, '2025-04-22 5:', 1869.96, 17, 34),
(3987, '2025-07-14 12:', 67.42, 57, 59),
(3988, '2025-02-15 1:', 1642.36, 184, 28),
(3989, '2025-07-18 2:', 1493.24, 116, 89),
(3990, '2025-01-27 2:', 3376.18, 134, 13),
(3991, '2025-05-17 14:', 3758.35, 70, 88),
(3992, '2025-08-23 7:', 3658.57, 60, 9),
(3993, '2025-03-23 17:', 4889.7, 164, 21),
(3994, '2025-03-15 5:', 3939.48, 123, 55),
(3995, '2025-05-16 0:', 2643.48, 1, 20),
(3996, '2025-01-22 9:', 651.09, 79, 20),
(3997, '2025-05-21 8:', 3370.99, 168, 29),
(3998, '2025-07-14 4:', 2149.83, 166, 87),
(3999, '2025-04-15 20:', 304.04, 43, 28),
(4000, '2025-04-16 15:', 191.54, 47, 12),
(4001, '2025-05-27 21:', 3850.99, 84, 67),
(4002, '2025-01-26 10:', 1220.64, 155, 78),
(4003, '2025-01-21 5:', 2015.67, 90, 29),
(4004, '2025-02-20 7:', 2807.61, 92, 33),
(4005, '2025-05-12 19:', 711.43, 137, 31),
(4006, '2025-08-10 19:', 2404.62, 16, 19),
(4007, '2025-04-21 16:', 3390, 189, 51),
(4008, '2025-06-22 21:', 3035.98, 123, 21),
(4009, '2025-02-23 5:', 4936.18, 41, 98),
(4010, '2025-08-25 11:', 3080.2, 33, 48),
(4011, '2025-05-24 19:', 4694.81, 121, 4),
(4012, '2025-08-11 1:', 1337.01, 124, 59),
(4013, '2025-08-12 1:', 3357.3, 165, 14),
(4014, '2025-03-26 21:', 1458.67, 184, 5),
(4015, '2025-05-14 19:', 286.01, 6, 97),
(4016, '2025-04-17 12:', 3087.47, 50, 8),
(4017, '2025-01-17 9:', 4258.92, 133, 83),
(4018, '2025-04-10 18:', 3404.09, 6, 11),
(4019, '2025-05-19 3:', 424.95, 158, 42),
(4020, '2025-06-13 0:', 336.8, 197, 30),
(4021, '2025-05-15 3:', 1287.63, 122, 73),
(4022, '2025-06-25 15:', 1103.34, 115, 11),
(4023, '2025-02-22 22:', 4781.98, 176, 38),
(4024, '2025-07-24 18:', 2815.64, 197, 46),
(4025, '2025-04-22 6:', 3357.8, 108, 8),
(4026, '2025-04-25 10:', 207.74, 14, 55),
(4027, '2025-01-23 1:', 44.76, 27, 55),
(4028, '2025-02-17 12:', 2511.75, 143, 33),
(4029, '2025-08-11 6:', 3350.52, 147, 96),
(4030, '2025-04-10 17:', 8.55, 53, 27),
(4031, '2025-04-15 12:', 2822, 36, 28),
(4032, '2025-07-19 19:', 1982.38, 127, 57),
(4033, '2025-08-14 3:', 4737.88, 23, 7),
(4034, '2025-03-22 10:', 4902.88, 99, 52),
(4035, '2025-04-20 7:', 3834.45, 4, 36),
(4036, '2025-06-17 16:', 345.83, 95, 92),
(4037, '2025-03-12 6:', 1964.18, 188, 31),
(4038, '2025-05-27 15:', 3245.15, 171, 24),
(4039, '2025-05-15 15:', 1577.46, 71, 18),
(4040, '2025-02-24 4:', 328.57, 29, 52),
(4041, '2025-08-24 14:', 1238.87, 88, 67),
(4042, '2025-01-13 16:', 1614.43, 65, 71),
(4043, '2025-06-11 18:', 3783.64, 70, 89),
(4044, '2025-08-15 22:', 1956.28, 109, 72),
(4045, '2025-06-13 13:', 4840.08, 46, 3),
(4046, '2025-06-16 2:', 1383.62, 83, 76),
(4047, '2025-07-10 14:', 4364.52, 114, 65),
(4048, '2025-07-27 12:', 3770.56, 35, 93),
(4049, '2025-04-24 8:', 1746.57, 154, 89),
(4050, '2025-08-12 8:', 3443.2, 132, 89),
(4051, '2025-03-18 5:', 3710.73, 116, 48),
(4052, '2025-01-17 9:', 1605.56, 171, 5),
(4053, '2025-07-22 7:', 2225.38, 194, 7),
(4054, '2025-02-14 22:', 4509.53, 158, 95),
(4055, '2025-06-24 14:', 3653.61, 101, 97),
(4056, '2025-01-15 4:', 702.65, 88, 28),
(4057, '2025-03-21 9:', 1599.53, 132, 92),
(4058, '2025-01-21 0:', 3823.84, 57, 64),
(4059, '2025-06-23 5:', 4791.17, 110, 5),
(4060, '2025-05-20 21:', 4798.29, 137, 78),
(4061, '2025-08-20 15:', 1638.53, 181, 35),
(4062, '2025-01-26 18:', 174.06, 92, 1),
(4063, '2025-04-11 7:', 2886.3, 196, 29),
(4064, '2025-06-22 11:', 1070.82, 188, 71),
(4065, '2025-04-11 2:', 647.01, 110, 70),
(4066, '2025-07-19 19:', 3752.19, 35, 2),
(4067, '2025-02-18 0:', 458.98, 82, 67),
(4068, '2025-06-26 1:', 1635, 44, 1),
(4069, '2025-04-13 3:', 4551.85, 43, 54),
(4070, '2025-03-22 7:', 642.45, 152, 44),
(4071, '2025-01-10 10:', 3124.12, 58, 2),
(4072, '2025-07-22 14:', 3031.46, 23, 22),
(4073, '2025-01-27 10:', 2801.74, 73, 15),
(4074, '2025-04-25 15:', 2218.46, 118, 73),
(4075, '2025-01-17 11:', 3326.28, 182, 12),
(4076, '2025-06-25 8:', 3988.89, 101, 59),
(4077, '2025-07-16 3:', 1031.15, 128, 16),
(4078, '2025-04-15 2:', 4571.18, 120, 5),
(4079, '2025-07-22 4:', 4995.51, 150, 81),
(4080, '2025-04-27 5:', 3393.79, 19, 91),
(4081, '2025-02-19 13:', 3353.5, 24, 79),
(4082, '2025-07-22 10:', 4925.06, 182, 57),
(4083, '2025-01-11 13:', 1184.09, 130, 89),
(4084, '2025-08-15 17:', 2414.75, 134, 49),
(4085, '2025-08-10 21:', 1477.21, 44, 2),
(4086, '2025-04-27 1:', 390.51, 127, 21),
(4087, '2025-01-10 7:', 2178.7, 173, 22),
(4088, '2025-02-24 3:', 201.64, 35, 64),
(4089, '2025-06-27 14:', 166.98, 133, 40),
(4090, '2025-07-21 3:', 4391.36, 136, 38),
(4091, '2025-01-11 17:', 1667.06, 145, 46),
(4092, '2025-07-19 1:', 4823.57, 11, 52),
(4093, '2025-07-27 18:', 3174.3, 36, 88),
(4094, '2025-03-13 19:', 1577.89, 44, 37),
(4095, '2025-02-13 7:', 4782.46, 107, 98),
(4096, '2025-05-16 1:', 596.02, 172, 16),
(4097, '2025-01-17 17:', 3203.97, 36, 4),
(4098, '2025-06-21 5:', 1678.2, 92, 75),
(4099, '2025-04-21 5:', 3608.71, 73, 67),
(4100, '2025-01-25 0:', 4781.99, 137, 60),
(4101, '2025-02-22 13:', 3227.5, 109, 18),
(4102, '2025-08-12 20:', 318.19, 171, 92),
(4103, '2025-06-15 3:', 1682.41, 178, 26),
(4104, '2025-05-13 13:', 542.3, 108, 87),
(4105, '2025-06-26 5:', 2557.43, 92, 29),
(4106, '2025-04-18 10:', 1805.9, 76, 60),
(4107, '2025-06-25 14:', 4933.45, 72, 10),
(4108, '2025-02-11 12:', 1227.86, 82, 89),
(4109, '2025-07-13 10:', 2519.16, 120, 35),
(4110, '2025-06-18 0:', 2747.99, 52, 88),
(4111, '2025-05-15 7:', 4411.88, 156, 58),
(4112, '2025-05-27 6:', 348.67, 112, 43),
(4113, '2025-05-26 7:', 1255.9, 22, 37),
(4114, '2025-08-14 20:', 4102.19, 73, 31),
(4115, '2025-01-11 5:', 2882.81, 28, 69),
(4116, '2025-04-21 2:', 4047.3, 185, 39),
(4117, '2025-05-11 20:', 3119.38, 155, 69),
(4118, '2025-07-27 5:', 4510.4, 117, 60),
(4119, '2025-03-27 2:', 1251.42, 152, 64),
(4120, '2025-04-17 21:', 4253.31, 146, 74),
(4121, '2025-07-19 8:', 1833.09, 4, 57),
(4122, '2025-04-10 14:', 2924.75, 145, 71),
(4123, '2025-05-12 18:', 2052.53, 196, 46),
(4124, '2025-07-18 20:', 4269.53, 53, 54),
(4125, '2025-05-15 14:', 2692.32, 178, 95),
(4126, '2025-05-19 3:', 3140.76, 100, 52),
(4127, '2025-04-24 9:', 107.47, 37, 58),
(4128, '2025-02-15 5:', 1732.43, 170, 91),
(4129, '2025-07-15 15:', 4860.19, 48, 32),
(4130, '2025-08-18 12:', 676.96, 53, 85),
(4131, '2025-07-12 5:', 567.21, 84, 80),
(4132, '2025-04-23 5:', 4653.8, 92, 37),
(4133, '2025-08-25 21:', 2730.5, 118, 95),
(4134, '2025-06-20 10:', 531.82, 56, 84),
(4135, '2025-04-12 0:', 1041.57, 25, 76),
(4136, '2025-04-13 0:', 2211.78, 60, 51),
(4137, '2025-02-10 14:', 2548.92, 19, 29),
(4138, '2025-04-27 2:', 1054.06, 172, 51),
(4139, '2025-03-27 16:', 4261.81, 188, 73),
(4140, '2025-04-16 15:', 2757.67, 4, 91),
(4141, '2025-01-24 4:', 4472.62, 121, 45),
(4142, '2025-08-11 14:', 745.14, 80, 84),
(4143, '2025-07-21 14:', 4440.09, 18, 6),
(4144, '2025-08-24 19:', 3267.2, 160, 3),
(4145, '2025-07-15 22:', 2599.31, 4, 52),
(4146, '2025-05-25 19:', 1011.6, 116, 37),
(4147, '2025-05-25 19:', 684.86, 137, 29),
(4148, '2025-07-10 4:', 156.22, 127, 26),
(4149, '2025-04-25 19:', 4622.57, 138, 90),
(4150, '2025-03-17 0:', 599.98, 16, 31),
(4151, '2025-06-24 18:', 4661.87, 27, 31),
(4152, '2025-08-13 21:', 50.61, 102, 47),
(4153, '2025-07-27 16:', 4311.73, 107, 82),
(4154, '2025-07-23 2:', 4947.23, 197, 57),
(4155, '2025-05-27 0:', 626.08, 29, 38),
(4156, '2025-07-10 12:', 3753.48, 110, 96),
(4157, '2025-03-24 12:', 3914.92, 33, 23),
(4158, '2025-05-20 2:', 2752.6, 98, 69),
(4159, '2025-06-18 21:', 171.45, 114, 15),
(4160, '2025-04-23 4:', 2993.31, 106, 25),
(4161, '2025-04-21 17:', 1457.35, 137, 9),
(4162, '2025-01-20 5:', 290.11, 57, 19),
(4163, '2025-06-19 0:', 4136.29, 162, 52),
(4164, '2025-07-25 3:', 2805.97, 13, 82),
(4165, '2025-02-13 16:', 1855.16, 143, 42),
(4166, '2025-07-23 0:', 3687.75, 156, 48),
(4167, '2025-03-23 10:', 1252.38, 45, 44),
(4168, '2025-06-23 10:', 2214.54, 54, 4),
(4169, '2025-01-10 18:', 4071.63, 105, 85),
(4170, '2025-03-17 15:', 3424.59, 129, 47),
(4171, '2025-06-12 8:', 2340, 84, 99),
(4172, '2025-07-10 6:', 197.2, 183, 45),
(4173, '2025-01-12 11:', 3896.35, 63, 20),
(4174, '2025-01-10 2:', 344.95, 38, 19),
(4175, '2025-07-15 16:', 341.91, 70, 54),
(4176, '2025-07-18 18:', 4481.13, 129, 41),
(4177, '2025-05-15 22:', 2005.97, 119, 95),
(4178, '2025-04-12 12:', 3748.07, 190, 43),
(4179, '2025-02-17 12:', 128.45, 134, 15),
(4180, '2025-07-22 14:', 1012.51, 31, 97),
(4181, '2025-05-14 2:', 3214.84, 175, 10),
(4182, '2025-02-23 10:', 3567.84, 143, 47),
(4183, '2025-03-10 17:', 2632.16, 33, 50),
(4184, '2025-01-13 2:', 4671.48, 84, 54),
(4185, '2025-06-18 8:', 891.97, 134, 67),
(4186, '2025-03-11 15:', 3275.75, 139, 85),
(4187, '2025-02-17 8:', 721.38, 162, 29),
(4188, '2025-08-21 15:', 4192.4, 54, 66),
(4189, '2025-01-22 14:', 3378.22, 33, 41),
(4190, '2025-07-26 8:', 2681.6, 9, 34),
(4191, '2025-06-17 0:', 3131.48, 118, 97),
(4192, '2025-04-20 4:', 624.76, 169, 98),
(4193, '2025-07-21 8:', 2780.7, 176, 52),
(4194, '2025-04-17 15:', 2634.94, 190, 15),
(4195, '2025-08-22 19:', 533.14, 116, 72),
(4196, '2025-03-17 18:', 1859.46, 48, 9),
(4197, '2025-06-15 1:', 1333.61, 32, 44),
(4198, '2025-08-14 7:', 1043.25, 39, 45),
(4199, '2025-03-27 19:', 2105.28, 122, 85),
(4200, '2025-03-19 20:', 3672.25, 98, 86),
(4201, '2025-06-10 13:', 274.84, 57, 97),
(4202, '2025-05-19 12:', 2789.22, 125, 21),
(4203, '2025-04-18 17:', 3881.39, 124, 54),
(4204, '2025-06-15 11:', 4212.05, 50, 10),
(4205, '2025-03-27 5:', 3468.17, 172, 19),
(4206, '2025-07-11 6:', 2167.54, 64, 50),
(4207, '2025-01-11 5:', 4737.98, 12, 93),
(4208, '2025-03-21 0:', 2038.43, 186, 25),
(4209, '2025-08-25 21:', 4131.81, 68, 70),
(4210, '2025-04-16 19:', 4670.16, 44, 90),
(4211, '2025-05-11 21:', 4017.52, 97, 16),
(4212, '2025-04-20 3:', 3134.81, 75, 68),
(4213, '2025-08-10 21:', 407.87, 136, 47),
(4214, '2025-04-18 7:', 3494.97, 58, 12),
(4215, '2025-08-18 0:', 1409.07, 4, 33),
(4216, '2025-08-23 14:', 3671.74, 126, 65),
(4217, '2025-02-14 21:', 3288.89, 19, 72),
(4218, '2025-05-26 21:', 1434.27, 5, 59),
(4219, '2025-04-22 17:', 835.16, 137, 79),
(4220, '2025-07-24 6:', 2182.12, 6, 22),
(4221, '2025-06-13 4:', 395.55, 4, 8),
(4222, '2025-02-24 19:', 1882.31, 16, 77),
(4223, '2025-01-22 5:', 3913.15, 15, 70),
(4224, '2025-04-25 16:', 2239.45, 112, 78),
(4225, '2025-02-12 22:', 2259.84, 29, 78),
(4226, '2025-05-22 19:', 926.17, 2, 19),
(4227, '2025-05-24 4:', 2680.45, 78, 96),
(4228, '2025-02-16 20:', 2775.67, 127, 2),
(4229, '2025-03-20 19:', 3524.77, 192, 76),
(4230, '2025-05-14 4:', 2047.6, 83, 56),
(4231, '2025-03-13 14:', 4360.58, 124, 81),
(4232, '2025-04-25 2:', 4399.33, 65, 9),
(4233, '2025-01-25 2:', 2363.8, 7, 85),
(4234, '2025-03-12 13:', 3827.16, 28, 9),
(4235, '2025-03-16 12:', 1998.41, 175, 55),
(4236, '2025-04-21 1:', 53.86, 11, 39),
(4237, '2025-08-16 2:', 617.75, 66, 12),
(4238, '2025-05-24 0:', 195.81, 82, 54),
(4239, '2025-06-15 0:', 1845.39, 139, 64),
(4240, '2025-08-21 5:', 280.09, 10, 84),
(4241, '2025-07-25 6:', 3843.62, 166, 13),
(4242, '2025-05-15 19:', 2975.8, 94, 89),
(4243, '2025-05-22 21:', 1811.49, 112, 85),
(4244, '2025-06-27 8:', 525.17, 164, 3),
(4245, '2025-03-13 3:', 3374.88, 117, 38),
(4246, '2025-02-18 9:', 2540.83, 4, 70),
(4247, '2025-03-20 1:', 2493.64, 79, 36),
(4248, '2025-01-16 6:', 2997.99, 12, 49),
(4249, '2025-05-25 18:', 2317.77, 143, 3),
(4250, '2025-06-16 20:', 1694.35, 38, 98),
(4251, '2025-08-17 0:', 2110.85, 154, 72),
(4252, '2025-07-18 13:', 404.85, 121, 9),
(4253, '2025-07-26 7:', 1852.25, 99, 89),
(4254, '2025-01-24 1:', 1729.53, 54, 79),
(4255, '2025-04-10 19:', 178, 157, 31),
(4256, '2025-02-13 16:', 4861.43, 89, 74),
(4257, '2025-08-25 18:', 671.53, 80, 45),
(4258, '2025-03-15 21:', 4487.76, 175, 25),
(4259, '2025-08-18 11:', 2740.26, 180, 56),
(4260, '2025-06-27 17:', 664.98, 106, 50),
(4261, '2025-01-13 1:', 4599.25, 42, 26),
(4262, '2025-04-15 13:', 3641.83, 139, 32),
(4263, '2025-02-13 0:', 3880.97, 126, 46),
(4264, '2025-01-15 3:', 1283.16, 79, 21),
(4265, '2025-06-17 16:', 4399.93, 140, 82),
(4266, '2025-08-23 6:', 1086.36, 24, 23),
(4267, '2025-07-23 20:', 2728.46, 187, 57),
(4268, '2025-07-15 11:', 429.78, 141, 65),
(4269, '2025-01-23 19:', 2495.16, 65, 89),
(4270, '2025-01-11 7:', 1752.69, 179, 50),
(4271, '2025-02-15 8:', 3337.77, 7, 6),
(4272, '2025-05-13 11:', 1542.92, 45, 57),
(4273, '2025-03-20 2:', 464.38, 86, 29),
(4274, '2025-06-10 16:', 4099.34, 74, 77),
(4275, '2025-02-18 18:', 551.3, 103, 9),
(4276, '2025-06-13 8:', 4122.97, 24, 99),
(4277, '2025-05-20 20:', 2477.09, 146, 73),
(4278, '2025-08-20 4:', 481.4, 184, 16),
(4279, '2025-07-15 14:', 149.38, 126, 25),
(4280, '2025-01-26 6:', 4312.04, 62, 63),
(4281, '2025-03-15 9:', 1871.07, 60, 46),
(4282, '2025-08-13 6:', 1228.14, 113, 75),
(4283, '2025-05-22 22:', 4690.19, 49, 65),
(4284, '2025-08-18 5:', 1277.49, 87, 66),
(4285, '2025-03-27 10:', 3679.07, 82, 51),
(4286, '2025-01-21 5:', 1034.35, 173, 88),
(4287, '2025-01-20 11:', 2994.3, 66, 28),
(4288, '2025-07-20 0:', 589.41, 30, 25),
(4289, '2025-03-18 8:', 1000.68, 46, 77),
(4290, '2025-07-10 4:', 997.67, 60, 4),
(4291, '2025-04-21 16:', 4576.35, 53, 7),
(4292, '2025-02-25 13:', 330.7, 98, 27),
(4293, '2025-02-11 1:', 209.78, 44, 83),
(4294, '2025-03-22 1:', 4578.37, 159, 2),
(4295, '2025-06-10 15:', 2935.75, 72, 53),
(4296, '2025-03-22 22:', 4448.19, 85, 94),
(4297, '2025-05-10 8:', 3732.36, 51, 72),
(4298, '2025-06-11 10:', 820.46, 67, 33),
(4299, '2025-01-24 2:', 4417.38, 68, 53),
(4300, '2025-02-26 18:', 2828.48, 168, 87),
(4301, '2025-05-17 8:', 2979.42, 12, 73),
(4302, '2025-06-16 6:', 2120.65, 33, 14),
(4303, '2025-02-11 15:', 745.71, 132, 62),
(4304, '2025-02-21 20:', 2102.73, 15, 60),
(4305, '2025-07-17 9:', 793.23, 93, 84),
(4306, '2025-04-25 16:', 2843.96, 165, 36),
(4307, '2025-08-13 12:', 4778.66, 165, 76),
(4308, '2025-06-11 3:', 1646.25, 64, 61),
(4309, '2025-07-27 6:', 4079.69, 146, 77),
(4310, '2025-04-11 15:', 1666.77, 43, 71),
(4311, '2025-07-26 22:', 1230.65, 164, 45),
(4312, '2025-08-21 17:', 2226.98, 115, 74),
(4313, '2025-07-11 12:', 1018.13, 97, 4),
(4314, '2025-03-11 0:', 2227.39, 184, 41),
(4315, '2025-02-21 4:', 2116.69, 4, 36),
(4316, '2025-02-12 22:', 2264.82, 75, 26),
(4317, '2025-01-12 1:', 711.08, 35, 41),
(4318, '2025-05-26 16:', 1758.75, 52, 81),
(4319, '2025-06-12 9:', 492.95, 118, 72),
(4320, '2025-04-20 16:', 2688.28, 63, 76),
(4321, '2025-01-21 10:', 535.1, 143, 80),
(4322, '2025-03-13 3:', 2682.71, 29, 80),
(4323, '2025-06-24 18:', 1366.64, 77, 53),
(4324, '2025-04-26 22:', 2896.72, 30, 69),
(4325, '2025-03-15 15:', 3143.47, 142, 26),
(4326, '2025-03-16 22:', 4417.04, 189, 54),
(4327, '2025-04-13 20:', 2011.32, 63, 39),
(4328, '2025-07-12 21:', 3326.83, 105, 94),
(4329, '2025-08-22 12:', 2825.64, 10, 16),
(4330, '2025-02-12 15:', 4599.51, 5, 85),
(4331, '2025-06-20 21:', 1840.51, 162, 31),
(4332, '2025-05-25 14:', 2682.08, 58, 18),
(4333, '2025-04-19 21:', 2387.06, 65, 81),
(4334, '2025-02-11 1:', 3799.59, 113, 57),
(4335, '2025-04-22 11:', 2574.99, 82, 27),
(4336, '2025-05-20 17:', 2902.59, 111, 35),
(4337, '2025-06-20 14:', 896.04, 193, 87),
(4338, '2025-04-13 20:', 1804.03, 183, 88),
(4339, '2025-08-12 6:', 3446.16, 177, 4),
(4340, '2025-01-27 0:', 4052.47, 114, 67),
(4341, '2025-03-14 21:', 4036.6, 171, 55),
(4342, '2025-02-27 16:', 3913.77, 116, 2),
(4343, '2025-03-24 9:', 3344.05, 135, 15),
(4344, '2025-01-27 18:', 1031.39, 103, 96),
(4345, '2025-02-16 16:', 3212.62, 84, 6),
(4346, '2025-06-11 8:', 136.69, 36, 55),
(4347, '2025-08-18 22:', 193.05, 179, 68),
(4348, '2025-03-23 15:', 3882.01, 64, 15),
(4349, '2025-06-18 8:', 2890.59, 138, 59),
(4350, '2025-04-26 11:', 555.16, 3, 35),
(4351, '2025-06-25 0:', 3531.62, 118, 86),
(4352, '2025-02-10 7:', 1701.02, 128, 73),
(4353, '2025-04-25 19:', 1796.77, 78, 77),
(4354, '2025-02-24 4:', 3061.34, 19, 19),
(4355, '2025-01-10 22:', 2924.98, 68, 25),
(4356, '2025-06-27 3:', 287.68, 168, 79),
(4357, '2025-08-26 7:', 1447.73, 184, 95),
(4358, '2025-06-19 18:', 2686.63, 142, 14),
(4359, '2025-08-12 6:', 3823.35, 96, 40),
(4360, '2025-02-21 18:', 4314.26, 147, 80),
(4361, '2025-08-16 1:', 4371.52, 170, 30),
(4362, '2025-03-26 16:', 4453.99, 155, 32),
(4363, '2025-02-18 8:', 461.87, 165, 19),
(4364, '2025-01-19 9:', 3903.95, 71, 48),
(4365, '2025-08-18 9:', 4748.3, 35, 40),
(4366, '2025-04-19 3:', 4092.03, 55, 72),
(4367, '2025-05-22 15:', 4518.28, 12, 5),
(4368, '2025-02-18 20:', 3239.99, 131, 34),
(4369, '2025-07-26 3:', 4432.45, 31, 20),
(4370, '2025-01-26 7:', 1146.41, 16, 65),
(4371, '2025-03-10 10:', 3383.88, 90, 55),
(4372, '2025-06-22 2:', 1755.86, 32, 72),
(4373, '2025-03-15 16:', 4404.54, 146, 73),
(4374, '2025-02-23 17:', 378.04, 194, 47),
(4375, '2025-01-16 19:', 2579.83, 154, 89),
(4376, '2025-06-16 22:', 4796.52, 73, 25),
(4377, '2025-07-16 13:', 1396.43, 177, 54),
(4378, '2025-02-14 16:', 3155.94, 143, 36),
(4379, '2025-04-13 13:', 3988.86, 195, 78),
(4380, '2025-04-10 21:', 1986.11, 5, 38),
(4381, '2025-08-27 14:', 882.2, 103, 23),
(4382, '2025-01-12 7:', 339.45, 15, 75),
(4383, '2025-07-27 14:', 4617.42, 85, 17),
(4384, '2025-08-11 3:', 1700.5, 93, 43),
(4385, '2025-06-17 5:', 1680.27, 112, 86),
(4386, '2025-07-11 22:', 4119.99, 189, 68),
(4387, '2025-07-22 7:', 17.35, 199, 56),
(4388, '2025-08-24 5:', 1803.47, 172, 75),
(4389, '2025-07-17 0:', 2906.07, 59, 74),
(4390, '2025-05-23 22:', 1320.9, 12, 82),
(4391, '2025-08-18 18:', 16.26, 22, 90),
(4392, '2025-07-23 12:', 1971.3, 103, 23),
(4393, '2025-03-10 9:', 4826.4, 21, 81),
(4394, '2025-01-23 1:', 1246.6, 56, 23),
(4395, '2025-01-20 2:', 110.49, 169, 51),
(4396, '2025-02-25 3:', 1083.99, 171, 9),
(4397, '2025-04-18 14:', 1560.91, 98, 25),
(4398, '2025-03-23 12:', 1579.74, 129, 26),
(4399, '2025-02-16 4:', 1390.82, 18, 16),
(4400, '2025-03-22 3:', 918.82, 157, 61),
(4401, '2025-06-16 4:', 3330.77, 12, 34),
(4402, '2025-06-17 9:', 154.92, 191, 75),
(4403, '2025-08-12 4:', 2903.07, 82, 59),
(4404, '2025-05-24 6:', 2708.27, 52, 24),
(4405, '2025-06-10 15:', 2510.75, 124, 16),
(4406, '2025-06-16 14:', 1847.62, 142, 4),
(4407, '2025-03-19 17:', 841.85, 95, 2),
(4408, '2025-01-16 19:', 778.81, 50, 44),
(4409, '2025-08-12 21:', 2170.2, 54, 81),
(4410, '2025-04-14 12:', 4514.71, 120, 91),
(4411, '2025-06-21 2:', 4417.47, 188, 19),
(4412, '2025-08-23 19:', 1382.02, 15, 74),
(4413, '2025-06-15 0:', 74.84, 178, 16),
(4414, '2025-03-17 19:', 1530.21, 149, 8),
(4415, '2025-06-10 14:', 326.97, 53, 55),
(4416, '2025-05-13 7:', 4705.8, 151, 93),
(4417, '2025-08-25 3:', 4474.55, 25, 3),
(4418, '2025-04-11 21:', 4633.71, 47, 69),
(4419, '2025-07-14 21:', 1819.62, 153, 78),
(4420, '2025-07-26 11:', 2000.12, 88, 70),
(4421, '2025-05-21 9:', 1800.91, 168, 14),
(4422, '2025-05-13 20:', 2184.54, 159, 29),
(4423, '2025-04-26 6:', 4557.4, 175, 42),
(4424, '2025-05-25 1:', 1796.62, 118, 7),
(4425, '2025-07-25 4:', 4742.42, 140, 93),
(4426, '2025-03-13 22:', 4960.63, 88, 94),
(4427, '2025-05-10 4:', 2412.47, 171, 50),
(4428, '2025-08-13 5:', 181.3, 194, 77),
(4429, '2025-04-14 10:', 4716.11, 93, 48),
(4430, '2025-07-26 20:', 4622.62, 3, 80),
(4431, '2025-07-21 9:', 1876.22, 77, 38),
(4432, '2025-05-16 22:', 1506.33, 7, 89),
(4433, '2025-02-20 20:', 518.16, 123, 13),
(4434, '2025-06-26 21:', 3293.86, 30, 30),
(4435, '2025-06-19 20:', 1515.45, 44, 12),
(4436, '2025-02-24 2:', 570.62, 153, 37),
(4437, '2025-04-21 20:', 334.77, 145, 71),
(4438, '2025-06-11 22:', 2318.44, 76, 19),
(4439, '2025-05-15 1:', 3420.5, 71, 33),
(4440, '2025-03-25 18:', 3485.59, 91, 46),
(4441, '2025-07-12 10:', 1914.75, 184, 32),
(4442, '2025-08-27 9:', 3463.84, 70, 94),
(4443, '2025-01-10 17:', 4430.45, 25, 28),
(4444, '2025-04-25 12:', 11.67, 105, 58),
(4445, '2025-03-14 18:', 2687.1, 13, 77),
(4446, '2025-02-14 12:', 4687.2, 99, 98),
(4447, '2025-08-19 21:', 4967.71, 147, 10),
(4448, '2025-04-14 11:', 4754.98, 59, 86),
(4449, '2025-01-19 18:', 1349.26, 185, 65),
(4450, '2025-06-22 3:', 4557.09, 72, 93),
(4451, '2025-03-27 14:', 1064.07, 106, 27),
(4452, '2025-05-25 21:', 2747.26, 38, 48),
(4453, '2025-08-13 18:', 4376.17, 49, 69),
(4454, '2025-05-18 18:', 1809.14, 128, 7),
(4455, '2025-07-23 4:', 2726.5, 21, 70),
(4456, '2025-01-26 7:', 4589.31, 177, 72),
(4457, '2025-01-21 12:', 3960.33, 172, 41),
(4458, '2025-07-16 11:', 414.25, 35, 42),
(4459, '2025-07-20 7:', 973.43, 32, 31),
(4460, '2025-08-18 20:', 3132.51, 61, 96),
(4461, '2025-06-14 20:', 2540.21, 62, 93),
(4462, '2025-05-12 16:', 1403.36, 94, 4),
(4463, '2025-03-15 14:', 2789.07, 120, 84),
(4464, '2025-04-25 19:', 1222.54, 42, 49),
(4465, '2025-08-23 1:', 3318.77, 150, 14),
(4466, '2025-03-19 20:', 1793.09, 27, 6),
(4467, '2025-04-24 3:', 2664.71, 74, 5),
(4468, '2025-07-22 17:', 4243.56, 10, 18),
(4469, '2025-01-27 6:', 470.4, 135, 49),
(4470, '2025-07-15 7:', 410.96, 120, 49),
(4471, '2025-06-25 21:', 1531.68, 152, 69),
(4472, '2025-07-25 8:', 4205.42, 27, 7),
(4473, '2025-06-13 9:', 3268.05, 144, 47),
(4474, '2025-05-17 0:', 4757.31, 161, 90),
(4475, '2025-06-27 22:', 4448.91, 139, 83),
(4476, '2025-02-27 19:', 1277.09, 118, 78),
(4477, '2025-06-14 4:', 855.22, 75, 67),
(4478, '2025-05-20 13:', 2760.23, 145, 64),
(4479, '2025-04-22 6:', 4629.51, 191, 72),
(4480, '2025-07-14 19:', 579.79, 173, 29),
(4481, '2025-03-14 20:', 1795.38, 166, 91),
(4482, '2025-06-15 13:', 1457.45, 55, 80),
(4483, '2025-07-15 9:', 3784.76, 61, 61),
(4484, '2025-03-24 21:', 1785.44, 105, 45),
(4485, '2025-03-19 5:', 1111.04, 64, 19),
(4486, '2025-07-14 6:', 1912.01, 32, 21),
(4487, '2025-03-19 12:', 2933.25, 9, 97),
(4488, '2025-07-10 22:', 2142.38, 44, 94),
(4489, '2025-07-13 22:', 2081.49, 97, 88),
(4490, '2025-02-26 5:', 2555.15, 157, 84),
(4491, '2025-07-18 10:', 521.97, 185, 96),
(4492, '2025-06-25 0:', 2963.51, 142, 94),
(4493, '2025-05-18 9:', 1660.47, 33, 20),
(4494, '2025-02-15 0:', 1416.44, 11, 28),
(4495, '2025-04-18 10:', 4912.97, 186, 83),
(4496, '2025-03-23 16:', 4163.47, 7, 86),
(4497, '2025-02-13 5:', 3364.52, 26, 27),
(4498, '2025-03-20 7:', 1822.38, 86, 71),
(4499, '2025-05-17 5:', 722.51, 8, 24),
(4500, '2025-01-27 15:', 3890.26, 68, 87),
(4501, '2025-07-19 18:', 4219.46, 130, 66),
(4502, '2025-06-20 9:', 1555.78, 116, 14),
(4503, '2025-06-18 9:', 4016.03, 173, 62),
(4504, '2025-06-13 3:', 1775.02, 75, 89),
(4505, '2025-05-16 2:', 3881.83, 166, 55),
(4506, '2025-08-17 13:', 128.04, 153, 69),
(4507, '2025-04-16 14:', 4979.36, 140, 13),
(4508, '2025-03-14 1:', 1496.29, 25, 87),
(4509, '2025-05-18 11:', 2560.79, 123, 6),
(4510, '2025-03-20 1:', 1529.22, 114, 18),
(4511, '2025-01-12 22:', 1625.55, 69, 96),
(4512, '2025-08-21 0:', 4889.16, 17, 48),
(4513, '2025-07-17 11:', 2724.36, 79, 33),
(4514, '2025-07-24 4:', 1904.28, 185, 76),
(4515, '2025-05-13 1:', 1000.74, 66, 44),
(4516, '2025-04-12 17:', 3311.87, 130, 86),
(4517, '2025-05-13 6:', 3523.04, 22, 18),
(4518, '2025-06-21 5:', 3937.9, 101, 99),
(4519, '2025-08-10 11:', 4832.27, 143, 84),
(4520, '2025-05-24 8:', 226.61, 101, 97),
(4521, '2025-07-16 21:', 4800.35, 53, 86),
(4522, '2025-08-18 15:', 4634.19, 180, 38),
(4523, '2025-02-14 8:', 3729.46, 147, 7),
(4524, '2025-01-26 11:', 27.81, 49, 69),
(4525, '2025-08-17 4:', 4207.74, 7, 71),
(4526, '2025-03-12 14:', 774.96, 131, 43),
(4527, '2025-07-14 11:', 1843.85, 8, 71),
(4528, '2025-07-16 2:', 1783.1, 113, 95),
(4529, '2025-08-24 18:', 1846.91, 176, 29),
(4530, '2025-04-27 7:', 4972.81, 152, 44),
(4531, '2025-01-25 6:', 826.22, 93, 55),
(4532, '2025-02-25 5:', 4551.9, 176, 43),
(4533, '2025-05-25 3:', 2669.32, 44, 36),
(4534, '2025-03-25 8:', 2516.78, 19, 31),
(4535, '2025-03-20 1:', 3939.46, 186, 93),
(4536, '2025-07-24 17:', 625.59, 172, 43),
(4537, '2025-07-20 8:', 133.87, 151, 71),
(4538, '2025-03-18 8:', 3104.02, 121, 46),
(4539, '2025-01-18 13:', 3729.33, 104, 48),
(4540, '2025-07-12 16:', 3493.7, 194, 13),
(4541, '2025-04-22 10:', 1576.21, 190, 7),
(4542, '2025-02-10 18:', 1106.25, 159, 98),
(4543, '2025-06-10 19:', 573.8, 18, 18),
(4544, '2025-03-23 9:', 1062.49, 144, 51),
(4545, '2025-06-13 19:', 3151.5, 16, 52),
(4546, '2025-06-14 6:', 3818.13, 80, 85),
(4547, '2025-03-11 16:', 2082.55, 107, 9),
(4548, '2025-07-18 0:', 3497.35, 107, 77),
(4549, '2025-02-16 22:', 3772.49, 157, 74),
(4550, '2025-06-15 8:', 2928.91, 85, 45),
(4551, '2025-04-23 10:', 3885.35, 142, 33),
(4552, '2025-02-12 16:', 4123.21, 132, 83),
(4553, '2025-03-22 4:', 3577.86, 176, 3),
(4554, '2025-04-18 8:', 553.68, 196, 83),
(4555, '2025-04-23 16:', 293.85, 121, 68),
(4556, '2025-08-12 7:', 4643.75, 174, 28),
(4557, '2025-07-25 9:', 2520.02, 90, 22),
(4558, '2025-06-27 21:', 3796.64, 75, 47),
(4559, '2025-03-21 6:', 2463.66, 4, 2),
(4560, '2025-01-27 17:', 1068.26, 183, 21),
(4561, '2025-07-16 9:', 123.07, 73, 96),
(4562, '2025-07-21 16:', 3689.62, 185, 90),
(4563, '2025-02-18 2:', 2004.43, 123, 89),
(4564, '2025-07-16 21:', 2955.03, 18, 28),
(4565, '2025-07-16 20:', 1315.12, 188, 52),
(4566, '2025-06-10 9:', 1101.6, 85, 5),
(4567, '2025-04-11 19:', 1027, 24, 92),
(4568, '2025-08-10 5:', 3294.95, 54, 63),
(4569, '2025-06-26 14:', 3277.28, 107, 26),
(4570, '2025-04-23 5:', 1471.78, 109, 33),
(4571, '2025-04-13 10:', 1634.08, 74, 75),
(4572, '2025-06-15 5:', 3440.1, 104, 2),
(4573, '2025-05-21 15:', 1380.97, 37, 13),
(4574, '2025-02-18 9:', 1374.63, 61, 83),
(4575, '2025-01-15 7:', 1910.75, 178, 37),
(4576, '2025-06-24 7:', 2873.53, 197, 5),
(4577, '2025-04-11 2:', 1747.63, 135, 83),
(4578, '2025-08-22 22:', 1962.35, 86, 40),
(4579, '2025-08-22 3:', 4816.36, 141, 2),
(4580, '2025-03-25 1:', 3176.76, 118, 33),
(4581, '2025-07-10 20:', 1371.05, 49, 50),
(4582, '2025-02-10 11:', 4601.11, 11, 61),
(4583, '2025-07-24 18:', 2167.47, 131, 80),
(4584, '2025-08-19 16:', 3403.95, 80, 11),
(4585, '2025-02-21 22:', 163.44, 79, 48),
(4586, '2025-04-10 10:', 3260.58, 131, 26),
(4587, '2025-02-12 14:', 93.5, 41, 13),
(4588, '2025-02-10 22:', 2836.35, 196, 88),
(4589, '2025-05-23 13:', 2427.51, 5, 52),
(4590, '2025-07-23 16:', 3713.69, 42, 39),
(4591, '2025-05-15 9:', 458.27, 192, 84),
(4592, '2025-04-22 3:', 3127.14, 102, 57),
(4593, '2025-02-26 0:', 2018, 180, 93),
(4594, '2025-03-14 19:', 4359.85, 168, 35),
(4595, '2025-01-20 16:', 1875.62, 26, 80),
(4596, '2025-03-20 17:', 4044.46, 61, 34),
(4597, '2025-01-14 11:', 662.19, 52, 84),
(4598, '2025-05-24 4:', 4980.76, 199, 14),
(4599, '2025-02-17 12:', 2175.16, 143, 28),
(4600, '2025-03-13 6:', 3368.65, 75, 82),
(4601, '2025-07-17 11:', 1020.17, 108, 2),
(4602, '2025-02-15 20:', 1133.56, 30, 32),
(4603, '2025-08-14 4:', 1925.25, 1, 91),
(4604, '2025-06-11 2:', 2601.37, 53, 93),
(4605, '2025-07-13 5:', 1661.47, 93, 58),
(4606, '2025-05-27 21:', 952.7, 125, 84),
(4607, '2025-04-23 5:', 478.24, 113, 79),
(4608, '2025-04-11 19:', 3049.21, 182, 66),
(4609, '2025-02-13 14:', 1498.79, 99, 33),
(4610, '2025-01-13 10:', 388.09, 148, 78),
(4611, '2025-01-12 1:', 904.34, 91, 3),
(4612, '2025-01-17 0:', 64.99, 71, 61),
(4613, '2025-06-26 3:', 4921.94, 70, 73),
(4614, '2025-04-26 1:', 3120.28, 183, 64),
(4615, '2025-05-16 3:', 4808.25, 182, 70),
(4616, '2025-05-27 13:', 3841.09, 187, 1),
(4617, '2025-08-16 22:', 3486.21, 170, 89),
(4618, '2025-03-20 19:', 2127.99, 119, 96),
(4619, '2025-04-17 16:', 2244.82, 75, 33),
(4620, '2025-06-27 19:', 4901.96, 20, 76),
(4621, '2025-07-26 11:', 1195.54, 22, 96),
(4622, '2025-07-11 17:', 2906.8, 120, 96),
(4623, '2025-02-10 15:', 2049.3, 90, 47),
(4624, '2025-07-23 8:', 1182.93, 169, 8),
(4625, '2025-04-15 7:', 2304.24, 81, 66),
(4626, '2025-05-26 11:', 1037.81, 128, 5),
(4627, '2025-05-21 6:', 4553.02, 88, 15),
(4628, '2025-06-17 20:', 607.37, 177, 5),
(4629, '2025-04-11 13:', 4384.02, 179, 6),
(4630, '2025-08-22 6:', 4316.38, 36, 50),
(4631, '2025-06-11 10:', 4762.68, 168, 48),
(4632, '2025-07-16 3:', 3439.42, 48, 52),
(4633, '2025-02-10 3:', 3896.46, 130, 72),
(4634, '2025-06-22 20:', 3598.59, 180, 51),
(4635, '2025-05-13 4:', 4169.66, 63, 99),
(4636, '2025-04-14 4:', 372.24, 93, 36),
(4637, '2025-08-13 14:', 4709.43, 65, 86),
(4638, '2025-06-14 22:', 4192.17, 50, 38),
(4639, '2025-03-13 12:', 728.74, 135, 54),
(4640, '2025-07-24 19:', 3504.71, 167, 24),
(4641, '2025-05-17 19:', 3330.41, 89, 24),
(4642, '2025-02-10 0:', 3306.91, 109, 41),
(4643, '2025-07-18 1:', 3892.04, 102, 83),
(4644, '2025-08-12 8:', 4098.81, 19, 1),
(4645, '2025-06-23 16:', 1727.32, 114, 91),
(4646, '2025-07-14 17:', 775.08, 79, 20),
(4647, '2025-08-19 18:', 996.85, 16, 19),
(4648, '2025-02-24 4:', 4596.63, 30, 19),
(4649, '2025-07-18 3:', 111.03, 122, 65),
(4650, '2025-07-23 11:', 3463, 15, 10),
(4651, '2025-03-14 21:', 2648.68, 143, 85),
(4652, '2025-04-16 14:', 3771.97, 54, 88),
(4653, '2025-01-23 4:', 3481.3, 5, 24),
(4654, '2025-07-21 10:', 1412.58, 39, 47),
(4655, '2025-05-26 6:', 4975.1, 130, 44),
(4656, '2025-07-14 19:', 3710.83, 74, 68),
(4657, '2025-02-20 14:', 2986.52, 4, 63),
(4658, '2025-03-10 12:', 4197.93, 126, 73),
(4659, '2025-08-16 9:', 2850.89, 96, 65),
(4660, '2025-07-16 19:', 4218.07, 34, 57),
(4661, '2025-08-16 1:', 4267.83, 155, 73),
(4662, '2025-02-21 1:', 891.76, 111, 79),
(4663, '2025-02-10 22:', 3322.09, 117, 83),
(4664, '2025-07-26 8:', 1886.2, 184, 63),
(4665, '2025-06-27 2:', 1466.1, 92, 13),
(4666, '2025-06-24 13:', 2274.17, 169, 57),
(4667, '2025-02-25 5:', 587.83, 106, 20),
(4668, '2025-04-16 5:', 3859.01, 159, 1),
(4669, '2025-04-13 16:', 4559.53, 97, 93),
(4670, '2025-06-22 2:', 4161.6, 165, 46),
(4671, '2025-02-23 10:', 506.63, 67, 65),
(4672, '2025-03-15 10:', 4877.45, 21, 67),
(4673, '2025-03-24 12:', 2065.96, 8, 82),
(4674, '2025-03-24 2:', 2807.21, 17, 61),
(4675, '2025-03-17 5:', 2784.9, 44, 44),
(4676, '2025-02-15 0:', 4803.95, 89, 12),
(4677, '2025-03-17 13:', 2486.36, 15, 71),
(4678, '2025-03-11 2:', 912.28, 62, 38),
(4679, '2025-08-26 1:', 4160.06, 152, 86),
(4680, '2025-06-14 17:', 4211.33, 92, 76),
(4681, '2025-07-22 1:', 2377.59, 190, 83),
(4682, '2025-03-20 16:', 2923.45, 164, 28),
(4683, '2025-01-24 12:', 3208.98, 88, 14),
(4684, '2025-05-22 8:', 4795.79, 185, 16),
(4685, '2025-06-25 3:', 4165.27, 144, 75),
(4686, '2025-02-22 3:', 2182.7, 1, 70),
(4687, '2025-01-11 22:', 2662.8, 92, 43),
(4688, '2025-07-11 19:', 2982.62, 160, 65),
(4689, '2025-04-14 12:', 3581.37, 98, 97),
(4690, '2025-03-11 4:', 258.19, 54, 49),
(4691, '2025-03-17 1:', 4542.76, 14, 71),
(4692, '2025-05-25 15:', 4614.68, 173, 79),
(4693, '2025-03-16 3:', 1131.1, 94, 59),
(4694, '2025-02-21 16:', 1541.24, 189, 10),
(4695, '2025-03-10 8:', 2507.94, 43, 59),
(4696, '2025-08-12 22:', 741.83, 134, 30),
(4697, '2025-08-16 18:', 558.66, 171, 86),
(4698, '2025-01-21 8:', 4042.63, 121, 62),
(4699, '2025-01-11 6:', 648.85, 159, 95),
(4700, '2025-02-13 18:', 4235.09, 180, 60),
(4701, '2025-08-25 13:', 4427.06, 184, 67),
(4702, '2025-07-17 7:', 2091.92, 191, 70),
(4703, '2025-04-12 7:', 4916.24, 41, 3),
(4704, '2025-07-21 19:', 1053.46, 175, 26),
(4705, '2025-05-25 6:', 3316.06, 127, 91),
(4706, '2025-02-23 1:', 3407.42, 40, 38),
(4707, '2025-08-24 13:', 76.52, 169, 92),
(4708, '2025-01-26 20:', 2226.05, 27, 66),
(4709, '2025-04-26 4:', 2153.48, 197, 33),
(4710, '2025-05-26 22:', 781.72, 77, 23),
(4711, '2025-01-21 5:', 410.55, 75, 2),
(4712, '2025-04-13 7:', 3367.67, 101, 31),
(4713, '2025-06-10 16:', 1578.44, 141, 53),
(4714, '2025-06-26 13:', 2622.63, 118, 30),
(4715, '2025-01-25 19:', 4719.77, 186, 60),
(4716, '2025-08-11 22:', 2458.28, 69, 80),
(4717, '2025-03-23 12:', 2286.96, 50, 74),
(4718, '2025-07-19 6:', 3517.69, 21, 96),
(4719, '2025-05-23 9:', 1842.29, 145, 52),
(4720, '2025-02-23 5:', 1659.59, 30, 33),
(4721, '2025-05-22 19:', 4674.38, 76, 89),
(4722, '2025-04-27 17:', 2889.5, 94, 85),
(4723, '2025-07-22 10:', 3254.94, 187, 20),
(4724, '2025-05-10 4:', 2507.38, 78, 53),
(4725, '2025-08-25 19:', 4900.58, 157, 7),
(4726, '2025-01-22 5:', 3668.71, 19, 14),
(4727, '2025-06-11 3:', 173.07, 141, 29),
(4728, '2025-02-11 1:', 218.81, 137, 95),
(4729, '2025-02-12 3:', 3766.81, 42, 12),
(4730, '2025-08-16 16:', 226.39, 22, 57),
(4731, '2025-06-18 12:', 1412.52, 52, 47),
(4732, '2025-04-25 5:', 1936.52, 98, 77),
(4733, '2025-06-22 12:', 738.03, 197, 72),
(4734, '2025-05-27 6:', 490.95, 168, 10),
(4735, '2025-06-13 6:', 2929.33, 10, 44),
(4736, '2025-05-11 1:', 3853.32, 110, 22),
(4737, '2025-03-11 18:', 437.99, 102, 50),
(4738, '2025-08-23 13:', 4544.21, 72, 71),
(4739, '2025-07-24 10:', 15.86, 109, 61),
(4740, '2025-07-19 4:', 3018.67, 42, 66),
(4741, '2025-06-15 13:', 2774.71, 177, 41),
(4742, '2025-05-27 19:', 2157.63, 150, 8),
(4743, '2025-05-17 1:', 630.4, 51, 10),
(4744, '2025-05-15 5:', 1573.31, 145, 16),
(4745, '2025-04-26 14:', 2427.25, 77, 40),
(4746, '2025-03-21 0:', 643.19, 182, 39),
(4747, '2025-05-21 20:', 216.13, 62, 94),
(4748, '2025-01-27 0:', 3306.82, 18, 69),
(4749, '2025-08-25 10:', 4961.48, 117, 60),
(4750, '2025-01-15 16:', 1393.02, 104, 34),
(4751, '2025-08-17 11:', 1912.96, 2, 14),
(4752, '2025-06-14 4:', 4270.03, 126, 6),
(4753, '2025-07-23 12:', 4636.92, 195, 82),
(4754, '2025-06-11 3:', 22.07, 10, 22),
(4755, '2025-08-10 18:', 2614.59, 189, 5),
(4756, '2025-06-21 2:', 4325.3, 72, 26),
(4757, '2025-07-14 19:', 4985.45, 114, 30),
(4758, '2025-05-21 6:', 1301.54, 28, 91),
(4759, '2025-04-15 3:', 678.62, 96, 33),
(4760, '2025-07-12 21:', 4167.68, 178, 9),
(4761, '2025-04-20 4:', 2234.03, 169, 60),
(4762, '2025-06-19 20:', 1788.39, 90, 67),
(4763, '2025-06-26 1:', 1955.82, 159, 79),
(4764, '2025-07-12 7:', 4611.31, 119, 7),
(4765, '2025-07-23 7:', 4432.64, 79, 84),
(4766, '2025-04-20 8:', 1669.03, 78, 17),
(4767, '2025-07-24 11:', 2198.47, 194, 60),
(4768, '2025-07-26 12:', 3073.94, 33, 7),
(4769, '2025-01-13 21:', 840.83, 141, 92),
(4770, '2025-03-25 6:', 150.16, 197, 90),
(4771, '2025-03-15 10:', 539.67, 16, 2),
(4772, '2025-06-21 13:', 4891.21, 128, 14),
(4773, '2025-06-10 16:', 4373.49, 90, 93),
(4774, '2025-08-16 19:', 4774.66, 197, 49),
(4775, '2025-01-15 5:', 2245.84, 157, 90),
(4776, '2025-08-10 15:', 4737.79, 117, 78),
(4777, '2025-06-15 2:', 419.45, 38, 1),
(4778, '2025-06-20 13:', 2187.45, 92, 87),
(4779, '2025-05-13 12:', 4408.03, 102, 77),
(4780, '2025-02-12 0:', 2244.27, 161, 10),
(4781, '2025-01-17 0:', 1535.36, 124, 69),
(4782, '2025-06-26 1:', 3596.62, 89, 92),
(4783, '2025-07-13 6:', 2980.69, 176, 63),
(4784, '2025-02-12 21:', 3756.63, 150, 61),
(4785, '2025-05-18 4:', 156.31, 45, 11),
(4786, '2025-04-27 17:', 2264.57, 188, 28),
(4787, '2025-02-10 10:', 2834.35, 115, 92),
(4788, '2025-08-16 14:', 2250.72, 115, 83),
(4789, '2025-07-16 3:', 334.04, 62, 84),
(4790, '2025-04-26 7:', 4369.67, 22, 52),
(4791, '2025-08-22 17:', 1785.09, 161, 33),
(4792, '2025-08-15 14:', 4660.09, 153, 4),
(4793, '2025-01-11 18:', 2053.15, 102, 67),
(4794, '2025-06-11 6:', 1702.38, 58, 13),
(4795, '2025-06-21 14:', 4710.18, 6, 83),
(4796, '2025-08-15 20:', 3649.91, 174, 19),
(4797, '2025-08-26 10:', 2999.73, 158, 97),
(4798, '2025-08-22 22:', 2994.53, 21, 30),
(4799, '2025-03-14 13:', 1440.7, 181, 92),
(4800, '2025-05-20 5:', 1493.14, 117, 54),
(4801, '2025-01-11 14:', 104.14, 94, 65),
(4802, '2025-02-24 0:', 1187.9, 7, 89),
(4803, '2025-02-20 8:', 3487.86, 81, 36),
(4804, '2025-03-12 2:', 831.4, 170, 42),
(4805, '2025-01-24 20:', 576.45, 137, 31),
(4806, '2025-05-12 22:', 348.95, 95, 10),
(4807, '2025-05-12 4:', 4144.74, 155, 73),
(4808, '2025-06-19 17:', 318.55, 35, 3),
(4809, '2025-05-13 11:', 4489.38, 161, 56),
(4810, '2025-07-24 0:', 3277.51, 101, 99),
(4811, '2025-04-26 17:', 3662.88, 56, 20),
(4812, '2025-06-21 10:', 270.86, 167, 55),
(4813, '2025-01-19 3:', 4785.64, 99, 4),
(4814, '2025-03-21 15:', 4695.85, 132, 29),
(4815, '2025-01-13 9:', 693.58, 162, 22),
(4816, '2025-02-10 4:', 3575.58, 148, 97),
(4817, '2025-07-17 21:', 3281.53, 125, 14),
(4818, '2025-07-23 7:', 3464.86, 166, 40),
(4819, '2025-08-15 1:', 607.32, 112, 53),
(4820, '2025-07-19 7:', 429.35, 39, 91),
(4821, '2025-06-26 18:', 566.51, 186, 83),
(4822, '2025-05-19 14:', 1928.76, 93, 21),
(4823, '2025-07-21 12:', 309.85, 30, 34),
(4824, '2025-06-11 0:', 1508.19, 126, 37),
(4825, '2025-04-14 6:', 2695.21, 170, 82),
(4826, '2025-06-20 20:', 957.16, 160, 98),
(4827, '2025-06-19 16:', 1938.93, 190, 81),
(4828, '2025-02-18 2:', 1558.37, 111, 24),
(4829, '2025-07-16 1:', 3612.94, 181, 65),
(4830, '2025-01-12 11:', 3985.14, 67, 13),
(4831, '2025-02-10 18:', 4083.64, 71, 98),
(4832, '2025-04-13 3:', 3371.39, 72, 6),
(4833, '2025-04-21 1:', 812.82, 77, 23),
(4834, '2025-07-27 6:', 1269.91, 28, 40),
(4835, '2025-08-21 20:', 977.17, 70, 10),
(4836, '2025-07-27 1:', 3353.12, 77, 69),
(4837, '2025-03-22 6:', 4253.03, 54, 15),
(4838, '2025-08-10 12:', 4463.58, 90, 7),
(4839, '2025-01-17 17:', 4245.86, 65, 11),
(4840, '2025-03-13 0:', 1520.1, 94, 3),
(4841, '2025-06-10 18:', 3651.37, 67, 31),
(4842, '2025-02-19 5:', 2795.31, 195, 53),
(4843, '2025-04-22 19:', 4267.11, 136, 10),
(4844, '2025-04-22 10:', 4450.38, 79, 43),
(4845, '2025-03-17 8:', 53.59, 32, 68),
(4846, '2025-05-12 12:', 1730.5, 87, 72),
(4847, '2025-04-11 12:', 3235.31, 155, 96),
(4848, '2025-03-16 16:', 1864.31, 88, 40),
(4849, '2025-05-17 19:', 2036.76, 58, 37),
(4850, '2025-08-15 15:', 3040.05, 116, 93),
(4851, '2025-03-20 22:', 2955.37, 5, 22),
(4852, '2025-02-17 1:', 385.93, 128, 17),
(4853, '2025-05-14 18:', 3653.19, 28, 83),
(4854, '2025-08-27 17:', 1923.17, 120, 84),
(4855, '2025-07-11 0:', 307.29, 38, 81),
(4856, '2025-03-25 4:', 472.54, 88, 7),
(4857, '2025-03-27 2:', 3878.16, 34, 38),
(4858, '2025-03-27 12:', 1159.57, 101, 1),
(4859, '2025-01-20 3:', 3438.38, 107, 44),
(4860, '2025-04-23 4:', 3081.68, 75, 33),
(4861, '2025-01-26 16:', 4561.08, 62, 46),
(4862, '2025-05-17 15:', 1738.03, 169, 78),
(4863, '2025-06-27 12:', 4707.57, 183, 41),
(4864, '2025-07-26 3:', 4766.02, 139, 58),
(4865, '2025-04-15 9:', 2395.23, 150, 34),
(4866, '2025-01-15 10:', 2607.75, 102, 9),
(4867, '2025-07-20 20:', 4199.14, 111, 94),
(4868, '2025-04-27 7:', 4766.6, 182, 54),
(4869, '2025-02-15 8:', 121.91, 75, 30),
(4870, '2025-05-15 4:', 1535.71, 151, 18),
(4871, '2025-01-12 16:', 3525.4, 169, 96),
(4872, '2025-08-27 15:', 2409.67, 139, 78),
(4873, '2025-02-26 2:', 4288.19, 100, 92),
(4874, '2025-01-13 2:', 4618.68, 100, 93),
(4875, '2025-05-12 11:', 61.49, 91, 89),
(4876, '2025-07-11 10:', 2081.34, 23, 82),
(4877, '2025-03-23 10:', 2164.73, 141, 42),
(4878, '2025-02-22 19:', 326.59, 138, 55),
(4879, '2025-02-16 6:', 4619, 79, 30),
(4880, '2025-04-15 22:', 4559.13, 178, 37),
(4881, '2025-08-15 8:', 657.53, 54, 79),
(4882, '2025-02-10 20:', 3509.59, 108, 71),
(4883, '2025-07-19 16:', 2111.42, 75, 41),
(4884, '2025-07-13 4:', 1930.64, 110, 27),
(4885, '2025-01-20 6:', 1732.73, 145, 66),
(4886, '2025-02-16 1:', 3745.84, 166, 36),
(4887, '2025-03-12 1:', 3862.58, 25, 25),
(4888, '2025-07-18 13:', 2061.42, 8, 7),
(4889, '2025-01-15 22:', 3952.92, 190, 88),
(4890, '2025-05-15 18:', 3076.55, 139, 23),
(4891, '2025-04-18 5:', 445.22, 59, 45),
(4892, '2025-06-18 19:', 1251.44, 81, 94),
(4893, '2025-07-26 10:', 1926.24, 79, 16),
(4894, '2025-02-12 13:', 3002.34, 157, 5),
(4895, '2025-03-12 6:', 3858.1, 194, 76),
(4896, '2025-03-13 18:', 4602.01, 19, 80),
(4897, '2025-08-12 17:', 3486.75, 67, 42),
(4898, '2025-05-12 0:', 4516.64, 16, 33),
(4899, '2025-03-16 7:', 3581.25, 64, 43),
(4900, '2025-07-17 8:', 1605.8, 8, 29),
(4901, '2025-02-25 14:', 4950.8, 71, 97),
(4902, '2025-06-15 22:', 1042.34, 70, 87),
(4903, '2025-02-19 7:', 814.99, 131, 1),
(4904, '2025-06-26 8:', 2030.54, 199, 50),
(4905, '2025-04-10 18:', 3628, 32, 13),
(4906, '2025-03-17 16:', 1499.19, 138, 15),
(4907, '2025-08-15 8:', 1105.09, 181, 64),
(4908, '2025-08-16 11:', 2456.89, 181, 81),
(4909, '2025-02-22 1:', 956.1, 16, 10),
(4910, '2025-02-19 3:', 3255.97, 7, 43),
(4911, '2025-07-10 20:', 4662.49, 149, 82),
(4912, '2025-04-27 17:', 2764.29, 5, 98),
(4913, '2025-01-26 14:', 1924.15, 106, 88),
(4914, '2025-07-22 3:', 1690.49, 59, 87),
(4915, '2025-07-14 5:', 4221.75, 167, 3),
(4916, '2025-05-11 3:', 1291.08, 61, 83),
(4917, '2025-02-16 1:', 3745.99, 130, 17),
(4918, '2025-04-16 1:', 376.6, 59, 48),
(4919, '2025-06-11 9:', 3540.28, 78, 98),
(4920, '2025-03-11 2:', 1062.68, 107, 53),
(4921, '2025-06-22 16:', 2868.32, 172, 12),
(4922, '2025-08-10 11:', 2109.21, 81, 71),
(4923, '2025-08-26 6:', 2245.04, 194, 94),
(4924, '2025-03-20 6:', 2375.91, 144, 33),
(4925, '2025-07-16 17:', 4502.26, 16, 2),
(4926, '2025-03-20 21:', 4931.15, 108, 54),
(4927, '2025-03-17 6:', 4542.13, 149, 37),
(4928, '2025-07-17 6:', 2993.17, 36, 37),
(4929, '2025-03-13 9:', 2129, 87, 21),
(4930, '2025-07-27 13:', 3971.85, 186, 19),
(4931, '2025-02-11 21:', 740.22, 150, 14),
(4932, '2025-08-19 13:', 4287.57, 86, 63),
(4933, '2025-06-19 13:', 4118.02, 8, 38),
(4934, '2025-06-25 15:', 2471.18, 32, 41),
(4935, '2025-04-24 13:', 3216.69, 104, 96),
(4936, '2025-07-17 2:', 2633.68, 98, 24),
(4937, '2025-04-27 5:', 4079.65, 35, 71),
(4938, '2025-04-27 4:', 2799.87, 165, 6),
(4939, '2025-02-21 11:', 4608.94, 115, 33),
(4940, '2025-02-15 18:', 795.18, 107, 54),
(4941, '2025-02-14 14:', 3704.28, 44, 36),
(4942, '2025-03-19 22:', 4241.79, 133, 20),
(4943, '2025-04-19 14:', 1699.35, 13, 22),
(4944, '2025-05-25 22:', 2047.97, 12, 79),
(4945, '2025-07-17 9:', 2921.76, 28, 29),
(4946, '2025-05-17 1:', 4004.85, 46, 18),
(4947, '2025-08-27 21:', 1582.73, 69, 26),
(4948, '2025-03-16 15:', 1363.58, 56, 22),
(4949, '2025-02-26 20:', 2495.12, 199, 28),
(4950, '2025-03-10 16:', 2564.47, 50, 54),
(4951, '2025-03-17 6:', 390.89, 35, 28),
(4952, '2025-06-11 15:', 51.49, 1, 71),
(4953, '2025-03-19 16:', 2283.25, 148, 50),
(4954, '2025-03-15 5:', 2449.5, 25, 81),
(4955, '2025-01-17 12:', 250.4, 122, 85),
(4956, '2025-08-23 21:', 2516.63, 106, 46),
(4957, '2025-02-24 5:', 377.37, 122, 14),
(4958, '2025-03-26 2:', 4348.13, 81, 16),
(4959, '2025-05-26 8:', 2040.4, 30, 41),
(4960, '2025-02-13 1:', 2754.77, 45, 18),
(4961, '2025-04-11 5:', 1954.67, 13, 71),
(4962, '2025-02-15 21:', 1670.68, 94, 31),
(4963, '2025-07-13 5:', 4867.74, 81, 96),
(4964, '2025-05-15 21:', 3006.73, 176, 91),
(4965, '2025-08-25 20:', 2933.17, 178, 30),
(4966, '2025-07-19 13:', 2736.73, 184, 55),
(4967, '2025-07-22 9:', 3966.75, 129, 64),
(4968, '2025-04-27 1:', 4221.9, 24, 44),
(4969, '2025-02-18 1:', 1158.69, 186, 89),
(4970, '2025-06-26 12:', 3717.04, 190, 16),
(4971, '2025-05-10 0:', 3312.31, 143, 3),
(4972, '2025-08-27 12:', 3517.46, 28, 77),
(4973, '2025-04-14 0:', 1808.14, 11, 79),
(4974, '2025-06-15 14:', 2475.52, 130, 38),
(4975, '2025-07-20 6:', 3196.53, 96, 80),
(4976, '2025-01-19 13:', 1967.05, 41, 51),
(4977, '2025-08-16 5:', 4325.37, 78, 3),
(4978, '2025-07-25 9:', 148.44, 35, 57),
(4979, '2025-07-18 19:', 4725.16, 23, 81),
(4980, '2025-05-17 16:', 3941.77, 5, 71),
(4981, '2025-07-14 14:', 4033.05, 33, 75),
(4982, '2025-07-16 6:', 1225.96, 149, 83),
(4983, '2025-03-22 12:', 3271.63, 104, 43),
(4984, '2025-05-13 9:', 2567.82, 19, 14),
(4985, '2025-06-18 10:', 2863.31, 74, 21),
(4986, '2025-05-20 15:', 2652.94, 116, 94),
(4987, '2025-07-17 7:', 936.21, 177, 53),
(4988, '2025-05-19 1:', 3798.9, 155, 4),
(4989, '2025-02-11 1:', 2510.6, 67, 2),
(4990, '2025-02-18 12:', 3835.36, 166, 2),
(4991, '2025-05-23 0:', 3361.38, 24, 21),
(4992, '2025-04-21 19:', 1203.07, 16, 50),
(4993, '2025-07-16 21:', 855.38, 58, 30),
(4994, '2025-01-14 13:', 3244.54, 104, 37),
(4995, '2025-03-16 6:', 3446.88, 157, 98),
(4996, '2025-04-23 6:', 700.47, 57, 51),
(4997, '2025-01-17 1:', 3856.02, 157, 9),
(4998, '2025-02-19 1:', 3546.48, 193, 30),
(4999, '2025-04-15 10:', 3764.64, 99, 38),
(5000, '2025-04-18 14:', 1501.77, 5, 81),
(5001, '2025-02-19 0:', 4569.44, 73, 95),
(5002, '2025-07-14 11:', 1116.9, 48, 51),
(5003, '2025-07-27 18:', 2125.72, 82, 68),
(5004, '2025-07-11 12:', 1115.43, 18, 54),
(5005, '2025-02-18 15:', 2327.94, 58, 3),
(5006, '2025-01-17 16:', 4092.46, 168, 90),
(5007, '2025-08-14 10:', 2185.1, 3, 73),
(5008, '2025-08-16 22:', 2837.69, 5, 32),
(5009, '2025-01-10 10:', 3932.75, 4, 4),
(5010, '2025-06-15 17:', 3195.22, 49, 88),
(5011, '2025-08-21 18:', 3980.34, 152, 6),
(5012, '2025-05-12 8:', 1327.82, 185, 39),
(5013, '2025-04-22 10:', 3321.91, 91, 25),
(5014, '2025-07-23 6:', 4138.61, 169, 79),
(5015, '2025-05-19 21:', 3471.38, 107, 12),
(5016, '2025-07-17 1:', 3148.93, 6, 85),
(5017, '2025-01-20 20:', 2413.19, 99, 77),
(5018, '2025-04-15 9:', 2880.31, 72, 67),
(5019, '2025-05-15 14:', 420.51, 7, 92),
(5020, '2025-03-17 4:', 4402.68, 156, 98),
(5021, '2025-01-14 4:', 17.09, 96, 27),
(5022, '2025-07-23 0:', 1356.68, 82, 20),
(5023, '2025-01-19 15:', 2547.16, 87, 24),
(5024, '2025-03-21 11:', 1486.86, 137, 55),
(5025, '2025-04-12 5:', 2143.56, 129, 43),
(5026, '2025-08-24 16:', 963.01, 189, 99),
(5027, '2025-06-20 18:', 3467.38, 132, 17),
(5028, '2025-04-22 17:', 3773.4, 24, 9),
(5029, '2025-05-11 7:', 469.81, 195, 11),
(5030, '2025-06-25 8:', 613.64, 169, 9),
(5031, '2025-01-12 18:', 3555.92, 112, 89),
(5032, '2025-05-12 5:', 1303.11, 138, 40),
(5033, '2025-02-12 9:', 2075.38, 124, 65),
(5034, '2025-06-25 21:', 974.31, 152, 32),
(5035, '2025-03-26 3:', 2545.68, 86, 89),
(5036, '2025-06-11 21:', 4808.57, 7, 4),
(5037, '2025-05-27 5:', 3368.14, 181, 14),
(5038, '2025-05-16 12:', 3921.88, 7, 74),
(5039, '2025-03-27 13:', 2198.82, 174, 29),
(5040, '2025-04-17 0:', 335.27, 90, 40),
(5041, '2025-04-14 6:', 3828.24, 177, 41),
(5042, '2025-01-18 14:', 1800.8, 54, 34),
(5043, '2025-03-15 8:', 4419.97, 137, 78),
(5044, '2025-08-24 10:', 3569.15, 5, 38),
(5045, '2025-06-25 13:', 3603.48, 185, 85),
(5046, '2025-07-12 15:', 1526.17, 53, 80),
(5047, '2025-08-25 1:', 4877.67, 121, 65),
(5048, '2025-08-13 9:', 4773.09, 47, 75),
(5049, '2025-05-12 20:', 424.89, 147, 43),
(5050, '2025-05-16 14:', 1095.05, 178, 83),
(5051, '2025-07-19 4:', 4038.14, 72, 41),
(5052, '2025-08-24 21:', 2063.29, 45, 58),
(5053, '2025-02-21 6:', 956.6, 124, 85),
(5054, '2025-08-16 21:', 1652.44, 97, 50),
(5055, '2025-06-20 17:', 1451.65, 109, 28),
(5056, '2025-05-13 22:', 419.85, 29, 75),
(5057, '2025-06-17 0:', 1157.76, 121, 8),
(5058, '2025-05-22 5:', 2123.46, 165, 36),
(5059, '2025-03-16 8:', 2700.36, 167, 48),
(5060, '2025-02-25 13:', 4087.25, 30, 81),
(5061, '2025-01-15 1:', 4937.48, 39, 40),
(5062, '2025-02-11 21:', 2850.74, 88, 15),
(5063, '2025-06-13 18:', 2117.33, 13, 33),
(5064, '2025-02-22 6:', 553.49, 187, 64),
(5065, '2025-04-25 16:', 4629.35, 179, 38),
(5066, '2025-08-10 17:', 4506.17, 35, 76),
(5067, '2025-03-18 12:', 3109.75, 17, 89),
(5068, '2025-06-16 0:', 1084.93, 153, 45),
(5069, '2025-08-23 21:', 2382.47, 108, 92),
(5070, '2025-01-15 20:', 3403.87, 58, 99),
(5071, '2025-08-16 6:', 2751.72, 168, 1),
(5072, '2025-04-27 1:', 4735.79, 31, 95),
(5073, '2025-08-14 11:', 4330.84, 106, 36),
(5074, '2025-02-12 18:', 759.66, 170, 67),
(5075, '2025-03-24 21:', 4780.64, 23, 27),
(5076, '2025-01-26 11:', 2106.44, 85, 18),
(5077, '2025-02-11 3:', 1644.41, 125, 18),
(5078, '2025-05-19 19:', 4690.74, 180, 24),
(5079, '2025-07-22 11:', 1914.22, 90, 68),
(5080, '2025-05-22 19:', 3038.15, 9, 88),
(5081, '2025-02-25 10:', 1894.03, 35, 26),
(5082, '2025-01-16 1:', 4120.3, 114, 35),
(5083, '2025-08-11 18:', 1613.37, 65, 3),
(5084, '2025-05-24 6:', 2290.94, 10, 21),
(5085, '2025-04-20 2:', 1582.46, 30, 44),
(5086, '2025-06-22 10:', 4239.17, 183, 5),
(5087, '2025-03-27 6:', 1329.12, 3, 87),
(5088, '2025-03-12 15:', 2754.27, 108, 63),
(5089, '2025-06-21 3:', 2246.69, 79, 62),
(5090, '2025-08-20 8:', 2525.95, 112, 20),
(5091, '2025-05-26 10:', 2256.21, 48, 13),
(5092, '2025-08-10 7:', 867.87, 197, 29),
(5093, '2025-03-27 5:', 3652.45, 46, 72),
(5094, '2025-01-21 2:', 2805.9, 87, 88),
(5095, '2025-05-20 2:', 3968.73, 54, 29),
(5096, '2025-04-21 18:', 3091.34, 153, 90),
(5097, '2025-08-14 16:', 4061.07, 20, 16),
(5098, '2025-01-10 6:', 981.47, 69, 23),
(5099, '2025-08-22 13:', 4687.8, 31, 56),
(5100, '2025-03-10 1:', 2392.82, 67, 10),
(5101, '2025-04-20 17:', 3229.02, 48, 98),
(5102, '2025-05-13 11:', 4626.44, 116, 48),
(5103, '2025-08-16 5:', 3023.82, 147, 52),
(5104, '2025-08-15 9:', 58.63, 177, 26),
(5105, '2025-08-19 1:', 2623.48, 26, 1),
(5106, '2025-07-22 0:', 4824.97, 105, 46),
(5107, '2025-02-26 2:', 3215.71, 195, 14),
(5108, '2025-06-24 16:', 3419.59, 11, 39),
(5109, '2025-02-26 3:', 2930.38, 166, 60),
(5110, '2025-05-23 5:', 3514.56, 162, 81),
(5111, '2025-04-26 5:', 1761.6, 163, 22),
(5112, '2025-07-15 11:', 4087.47, 138, 46),
(5113, '2025-08-19 2:', 4335.46, 127, 26),
(5114, '2025-08-10 4:', 393.21, 180, 23),
(5115, '2025-03-10 8:', 171.36, 151, 27),
(5116, '2025-05-22 4:', 2251.11, 17, 28),
(5117, '2025-01-21 14:', 1022.46, 161, 4),
(5118, '2025-08-24 18:', 3975.04, 93, 58),
(5119, '2025-03-23 13:', 1976.68, 168, 49),
(5120, '2025-04-17 18:', 1744.95, 127, 96),
(5121, '2025-01-25 17:', 3399.86, 155, 59),
(5122, '2025-08-27 19:', 71.35, 148, 85),
(5123, '2025-07-23 7:', 919.19, 132, 60),
(5124, '2025-07-26 9:', 597.2, 32, 71),
(5125, '2025-04-16 3:', 2188.78, 114, 21),
(5126, '2025-08-12 6:', 440.19, 171, 35),
(5127, '2025-08-18 11:', 3006.94, 78, 62),
(5128, '2025-01-10 8:', 4080.55, 131, 69),
(5129, '2025-01-23 21:', 3059.95, 150, 84),
(5130, '2025-07-21 20:', 1032.35, 108, 48),
(5131, '2025-07-15 1:', 3314.29, 16, 58),
(5132, '2025-03-23 3:', 828.56, 43, 14),
(5133, '2025-01-14 12:', 3937.7, 132, 79),
(5134, '2025-07-18 3:', 998.39, 50, 7),
(5135, '2025-01-10 1:', 3523.96, 71, 14),
(5136, '2025-05-19 22:', 3972.89, 6, 72),
(5137, '2025-07-24 15:', 3748.14, 12, 4),
(5138, '2025-04-10 4:', 3981.08, 121, 71),
(5139, '2025-01-12 15:', 3507.89, 2, 99),
(5140, '2025-07-18 20:', 3613.56, 108, 38),
(5141, '2025-02-15 10:', 1172.59, 105, 69),
(5142, '2025-03-27 11:', 3891.46, 166, 98),
(5143, '2025-06-24 21:', 1087.35, 27, 65),
(5144, '2025-01-11 16:', 990.46, 157, 72),
(5145, '2025-03-24 8:', 3696.43, 84, 27),
(5146, '2025-06-23 6:', 38.78, 118, 75),
(5147, '2025-03-22 10:', 424.08, 25, 83),
(5148, '2025-08-15 21:', 682.79, 160, 41),
(5149, '2025-04-24 8:', 3942.39, 184, 68),
(5150, '2025-07-24 1:', 1286.57, 35, 92),
(5151, '2025-04-13 15:', 3424.85, 112, 90),
(5152, '2025-07-27 14:', 921.79, 2, 11),
(5153, '2025-05-26 2:', 1392.05, 134, 31),
(5154, '2025-04-11 6:', 834.19, 130, 3),
(5155, '2025-06-15 20:', 835.1, 85, 33),
(5156, '2025-07-24 10:', 766.08, 5, 50),
(5157, '2025-03-25 20:', 4433.41, 182, 82),
(5158, '2025-08-11 16:', 4742.04, 22, 51),
(5159, '2025-01-18 12:', 921.45, 43, 30),
(5160, '2025-03-11 18:', 400.14, 115, 83),
(5161, '2025-07-16 15:', 3233.33, 2, 65),
(5162, '2025-06-24 21:', 588.89, 28, 42),
(5163, '2025-01-13 18:', 1062.43, 186, 23),
(5164, '2025-02-15 8:', 2877.03, 135, 25),
(5165, '2025-03-18 0:', 3439.55, 120, 98),
(5166, '2025-08-17 0:', 234.42, 131, 30),
(5167, '2025-08-12 11:', 1078.85, 194, 98),
(5168, '2025-05-14 3:', 1376.19, 58, 74),
(5169, '2025-06-20 12:', 281.74, 146, 44),
(5170, '2025-03-11 9:', 509.74, 33, 43),
(5171, '2025-04-10 18:', 526.2, 197, 36),
(5172, '2025-02-19 5:', 2358.59, 5, 48),
(5173, '2025-08-21 11:', 2201.63, 144, 6),
(5174, '2025-07-15 16:', 2755.96, 105, 52),
(5175, '2025-03-22 12:', 3544.32, 170, 40),
(5176, '2025-08-26 2:', 2171.65, 36, 50),
(5177, '2025-03-21 1:', 34.7, 22, 80),
(5178, '2025-05-24 6:', 1575.21, 74, 54),
(5179, '2025-07-15 1:', 3011.55, 85, 41),
(5180, '2025-05-16 17:', 4769.35, 198, 15),
(5181, '2025-05-25 9:', 3632.98, 95, 51),
(5182, '2025-07-13 2:', 4978.9, 195, 91),
(5183, '2025-02-11 5:', 4892.13, 87, 14),
(5184, '2025-01-24 18:', 1363.79, 115, 41),
(5185, '2025-05-19 4:', 4655.31, 163, 94),
(5186, '2025-05-26 5:', 862.02, 23, 85),
(5187, '2025-01-24 20:', 4305.46, 114, 76),
(5188, '2025-04-10 1:', 3351.41, 106, 54),
(5189, '2025-08-15 4:', 2747.02, 84, 47),
(5190, '2025-04-19 13:', 520.54, 194, 71),
(5191, '2025-08-15 13:', 4059.79, 60, 4),
(5192, '2025-04-13 13:', 1958.32, 124, 93),
(5193, '2025-02-21 20:', 4713.43, 105, 28),
(5194, '2025-03-16 19:', 2861.25, 10, 96),
(5195, '2025-07-25 1:', 1530.18, 131, 94),
(5196, '2025-07-21 3:', 643.34, 108, 10),
(5197, '2025-08-11 9:', 1486.35, 44, 10),
(5198, '2025-05-26 1:', 1011.58, 181, 67),
(5199, '2025-03-17 5:', 3095.33, 97, 47),
(5200, '2025-03-20 15:', 2781.44, 152, 27),
(5201, '2025-08-26 15:', 3054.57, 9, 84),
(5202, '2025-02-12 8:', 776.46, 191, 18),
(5203, '2025-03-18 21:', 1872.95, 180, 33),
(5204, '2025-01-21 11:', 3176.11, 12, 42),
(5205, '2025-01-12 13:', 1218.19, 192, 43),
(5206, '2025-08-16 20:', 939.85, 107, 5),
(5207, '2025-02-15 4:', 1253.27, 68, 93),
(5208, '2025-06-19 1:', 2043.47, 151, 9),
(5209, '2025-07-14 15:', 339.59, 1, 1),
(5210, '2025-03-17 14:', 1533.51, 55, 53),
(5211, '2025-01-21 19:', 1739.06, 113, 86),
(5212, '2025-06-20 14:', 3430.4, 148, 62),
(5213, '2025-06-16 11:', 798.68, 72, 77),
(5214, '2025-04-13 10:', 2187.12, 14, 94),
(5215, '2025-05-26 20:', 4506.61, 170, 1),
(5216, '2025-05-25 17:', 4379.37, 68, 75),
(5217, '2025-07-16 22:', 1719.38, 175, 65),
(5218, '2025-06-24 1:', 4596.18, 157, 63),
(5219, '2025-03-19 6:', 457.78, 137, 2),
(5220, '2025-03-22 15:', 4233.08, 68, 83),
(5221, '2025-01-23 0:', 4841.93, 49, 6),
(5222, '2025-03-23 22:', 1251.02, 192, 27),
(5223, '2025-05-22 14:', 3787.04, 14, 16),
(5224, '2025-02-26 16:', 1045.72, 199, 75),
(5225, '2025-05-14 15:', 417.49, 36, 5),
(5226, '2025-04-14 18:', 2420.01, 190, 19),
(5227, '2025-04-25 10:', 3047.1, 29, 4),
(5228, '2025-06-22 22:', 2100.27, 13, 5),
(5229, '2025-03-22 0:', 1124.9, 87, 22),
(5230, '2025-04-23 15:', 668.37, 34, 19),
(5231, '2025-05-25 2:', 506.69, 161, 11),
(5232, '2025-02-16 1:', 4683.43, 96, 61),
(5233, '2025-08-10 9:', 3601.31, 32, 46),
(5234, '2025-01-18 17:', 2617.3, 191, 72),
(5235, '2025-03-27 0:', 3740.39, 127, 29),
(5236, '2025-01-15 20:', 3499.23, 44, 27),
(5237, '2025-01-16 22:', 2833.74, 73, 57),
(5238, '2025-02-24 2:', 1885.35, 86, 54),
(5239, '2025-06-13 17:', 1165.25, 120, 41),
(5240, '2025-03-25 20:', 1704.84, 176, 66),
(5241, '2025-06-15 16:', 4385.26, 196, 65),
(5242, '2025-08-16 21:', 1182.65, 196, 22),
(5243, '2025-01-18 1:', 3858.22, 131, 66),
(5244, '2025-03-17 1:', 861.77, 87, 76),
(5245, '2025-02-26 22:', 4727.5, 141, 48),
(5246, '2025-03-27 6:', 884.44, 116, 71),
(5247, '2025-01-13 22:', 3840.78, 113, 93),
(5248, '2025-07-25 20:', 129.58, 34, 52),
(5249, '2025-04-19 14:', 4880.01, 144, 59),
(5250, '2025-01-14 9:', 3102.69, 150, 55),
(5251, '2025-06-12 4:', 2280.08, 77, 40),
(5252, '2025-03-25 4:', 159.35, 163, 70),
(5253, '2025-06-23 0:', 4536.13, 110, 55),
(5254, '2025-03-11 18:', 970.48, 66, 29),
(5255, '2025-01-19 3:', 4819.35, 187, 71),
(5256, '2025-07-14 18:', 208.43, 192, 1),
(5257, '2025-01-24 19:', 2575.32, 50, 83),
(5258, '2025-08-14 4:', 4915.82, 77, 69),
(5259, '2025-04-22 0:', 4869.86, 80, 96),
(5260, '2025-07-24 17:', 4649.21, 119, 38),
(5261, '2025-04-12 2:', 930.81, 175, 90),
(5262, '2025-04-22 22:', 3681.03, 172, 9),
(5263, '2025-01-27 10:', 3551.77, 140, 1),
(5264, '2025-05-26 17:', 4276.14, 116, 81),
(5265, '2025-05-22 9:', 2556.63, 180, 99),
(5266, '2025-07-23 20:', 4723.1, 191, 49),
(5267, '2025-07-16 5:', 873.89, 87, 2),
(5268, '2025-02-11 13:', 3938.61, 36, 3),
(5269, '2025-03-25 8:', 4726.5, 64, 72),
(5270, '2025-03-10 9:', 793.33, 136, 31),
(5271, '2025-01-19 19:', 1228.19, 134, 62),
(5272, '2025-06-15 1:', 3549.49, 106, 74),
(5273, '2025-03-22 1:', 2013.03, 199, 65),
(5274, '2025-04-11 18:', 2158.02, 40, 43),
(5275, '2025-02-11 6:', 2226.77, 181, 77),
(5276, '2025-05-12 15:', 1575.11, 50, 14),
(5277, '2025-01-25 7:', 1835.36, 71, 42),
(5278, '2025-01-14 22:', 2044.5, 106, 4),
(5279, '2025-08-19 4:', 472.86, 51, 15),
(5280, '2025-06-16 17:', 216.13, 113, 5),
(5281, '2025-08-20 20:', 1144.02, 70, 50),
(5282, '2025-05-15 8:', 320.95, 127, 77),
(5283, '2025-02-23 10:', 4424.64, 131, 96),
(5284, '2025-02-24 8:', 1780.94, 102, 38),
(5285, '2025-06-19 2:', 2160.74, 63, 49),
(5286, '2025-07-13 6:', 1469.15, 31, 30),
(5287, '2025-03-15 12:', 1291.82, 120, 81),
(5288, '2025-06-11 16:', 3698.87, 155, 19),
(5289, '2025-03-23 19:', 1816.09, 48, 33),
(5290, '2025-01-12 2:', 147.3, 13, 44),
(5291, '2025-05-21 5:', 4030.37, 148, 41),
(5292, '2025-06-12 1:', 3613.89, 73, 61),
(5293, '2025-06-13 21:', 2702.23, 142, 55),
(5294, '2025-06-16 12:', 2007.29, 9, 60),
(5295, '2025-08-11 6:', 2507.15, 127, 22),
(5296, '2025-02-22 6:', 3063.19, 115, 9),
(5297, '2025-06-14 3:', 1249.17, 100, 81),
(5298, '2025-08-12 4:', 4780.02, 7, 46),
(5299, '2025-03-22 19:', 4402.54, 23, 34),
(5300, '2025-02-10 14:', 4785.45, 128, 4),
(5301, '2025-03-25 11:', 1367.27, 79, 22),
(5302, '2025-07-17 13:', 2595.68, 155, 57),
(5303, '2025-06-25 22:', 3236.05, 91, 64),
(5304, '2025-02-26 20:', 4049.75, 153, 22),
(5305, '2025-03-21 0:', 2547.98, 117, 82),
(5306, '2025-08-15 6:', 892.44, 15, 45),
(5307, '2025-05-26 21:', 1606.88, 18, 75),
(5308, '2025-03-11 11:', 4850.24, 148, 1),
(5309, '2025-03-20 0:', 4487.34, 129, 68),
(5310, '2025-07-23 18:', 2151.74, 85, 7),
(5311, '2025-02-10 8:', 2977.79, 81, 8),
(5312, '2025-06-20 3:', 4426.6, 106, 31),
(5313, '2025-08-15 12:', 3550.63, 177, 12),
(5314, '2025-04-25 21:', 3562.35, 71, 5),
(5315, '2025-03-14 4:', 1423.25, 145, 75),
(5316, '2025-06-24 0:', 4053.87, 126, 31),
(5317, '2025-05-25 2:', 1111.3, 37, 39),
(5318, '2025-08-19 3:', 3619.03, 188, 89),
(5319, '2025-03-12 10:', 1663.37, 117, 39),
(5320, '2025-02-12 10:', 3215.13, 112, 40),
(5321, '2025-02-19 7:', 2115.43, 177, 1),
(5322, '2025-01-11 0:', 4100.66, 56, 45),
(5323, '2025-04-10 1:', 3818.09, 190, 33),
(5324, '2025-02-19 9:', 637.28, 38, 98),
(5325, '2025-04-17 12:', 1117.13, 33, 28),
(5326, '2025-01-14 22:', 739.28, 96, 11),
(5327, '2025-06-23 20:', 4776.9, 23, 23),
(5328, '2025-06-22 9:', 3837.81, 76, 43),
(5329, '2025-03-13 5:', 4122.25, 146, 50),
(5330, '2025-04-11 13:', 2886.75, 76, 52),
(5331, '2025-01-17 21:', 4804.47, 77, 47),
(5332, '2025-06-27 12:', 283.51, 175, 99),
(5333, '2025-08-14 6:', 881.27, 78, 18),
(5334, '2025-01-25 2:', 1288.06, 199, 94),
(5335, '2025-05-24 3:', 4264.51, 109, 60),
(5336, '2025-08-14 8:', 904.02, 56, 52),
(5337, '2025-01-18 14:', 261.46, 135, 61),
(5338, '2025-08-10 5:', 4058.42, 165, 35),
(5339, '2025-04-25 19:', 3706.82, 2, 69),
(5340, '2025-01-27 9:', 161.75, 187, 94),
(5341, '2025-07-19 11:', 2992.78, 189, 26),
(5342, '2025-07-24 0:', 2449.09, 83, 8),
(5343, '2025-02-13 0:', 1042.02, 83, 51),
(5344, '2025-03-11 19:', 1967.4, 134, 42),
(5345, '2025-08-15 13:', 578.55, 195, 68),
(5346, '2025-02-25 6:', 295.14, 172, 68),
(5347, '2025-05-19 9:', 1553.17, 114, 57),
(5348, '2025-02-18 5:', 576.85, 168, 88),
(5349, '2025-06-19 6:', 4072.48, 12, 76),
(5350, '2025-08-26 13:', 1880.1, 125, 36),
(5351, '2025-04-17 0:', 9.47, 138, 74),
(5352, '2025-05-10 4:', 3566.02, 128, 92),
(5353, '2025-06-13 4:', 2572.67, 46, 33),
(5354, '2025-04-22 21:', 4206.76, 43, 16),
(5355, '2025-07-16 21:', 2281.96, 117, 67),
(5356, '2025-01-11 12:', 3806.43, 197, 38),
(5357, '2025-08-20 14:', 2889.15, 195, 96),
(5358, '2025-02-18 17:', 1518.23, 66, 57),
(5359, '2025-04-10 14:', 2586.94, 63, 82),
(5360, '2025-05-23 22:', 1139.79, 155, 74),
(5361, '2025-01-15 15:', 1786.66, 172, 27),
(5362, '2025-04-16 5:', 1767.34, 120, 71),
(5363, '2025-02-18 4:', 1790.04, 61, 22),
(5364, '2025-08-25 6:', 2906.69, 104, 26),
(5365, '2025-08-24 12:', 4872.96, 44, 94),
(5366, '2025-05-16 13:', 2990.06, 69, 60),
(5367, '2025-06-27 2:', 646.94, 156, 9),
(5368, '2025-06-21 22:', 2235.37, 77, 1),
(5369, '2025-06-18 10:', 1216.57, 80, 9),
(5370, '2025-07-25 2:', 883.43, 130, 7),
(5371, '2025-05-12 22:', 4835.08, 146, 59),
(5372, '2025-04-14 19:', 1239.86, 93, 74),
(5373, '2025-05-11 14:', 1479.89, 142, 99),
(5374, '2025-06-26 13:', 4975.65, 157, 95),
(5375, '2025-06-16 15:', 3721.29, 132, 99),
(5376, '2025-03-18 22:', 1160.97, 71, 33),
(5377, '2025-01-15 15:', 673.96, 37, 60),
(5378, '2025-02-23 14:', 2230.53, 154, 75),
(5379, '2025-04-10 14:', 4766.43, 185, 28),
(5380, '2025-06-14 6:', 1863.97, 172, 8),
(5381, '2025-08-17 9:', 1651.6, 3, 91),
(5382, '2025-07-14 20:', 110.86, 124, 52),
(5383, '2025-06-17 0:', 521.71, 96, 47),
(5384, '2025-01-16 13:', 4564.31, 55, 59),
(5385, '2025-03-16 6:', 3543.25, 86, 36),
(5386, '2025-04-16 17:', 62.41, 120, 5),
(5387, '2025-03-23 5:', 1213.55, 149, 26),
(5388, '2025-05-19 15:', 16.59, 153, 46),
(5389, '2025-07-26 10:', 1112.85, 108, 68),
(5390, '2025-05-11 3:', 3061.87, 75, 41),
(5391, '2025-06-22 18:', 3714.9, 134, 3),
(5392, '2025-01-23 5:', 2284.88, 170, 29),
(5393, '2025-05-27 6:', 696.46, 5, 14),
(5394, '2025-03-21 0:', 536.62, 23, 41),
(5395, '2025-01-15 10:', 4560.81, 69, 93),
(5396, '2025-08-24 5:', 4600.75, 37, 32),
(5397, '2025-03-22 20:', 3796.68, 86, 26),
(5398, '2025-03-20 4:', 4359.1, 197, 22),
(5399, '2025-06-11 1:', 3349.16, 60, 34),
(5400, '2025-01-21 12:', 2729.35, 61, 91),
(5401, '2025-04-27 20:', 1599.32, 134, 25),
(5402, '2025-07-24 11:', 4031.62, 139, 38),
(5403, '2025-07-17 5:', 762.34, 126, 56),
(5404, '2025-03-27 2:', 3605.94, 43, 19),
(5405, '2025-04-13 7:', 4216.51, 32, 73),
(5406, '2025-03-21 13:', 1098.11, 151, 49),
(5407, '2025-08-12 19:', 2295.51, 40, 6),
(5408, '2025-06-17 3:', 2535.46, 172, 88),
(5409, '2025-03-13 10:', 4464.83, 157, 69),
(5410, '2025-08-22 19:', 3974.5, 150, 26),
(5411, '2025-01-18 15:', 1219.29, 100, 59),
(5412, '2025-08-25 0:', 1431.27, 116, 15),
(5413, '2025-05-16 10:', 4877.73, 143, 77),
(5414, '2025-04-24 22:', 2971.22, 101, 19),
(5415, '2025-02-15 17:', 448.65, 137, 95),
(5416, '2025-07-21 12:', 4631.35, 5, 26),
(5417, '2025-01-19 17:', 2369.51, 152, 17),
(5418, '2025-04-13 0:', 4188.89, 10, 22),
(5419, '2025-03-17 12:', 4512.11, 166, 18),
(5420, '2025-03-23 1:', 3908.93, 181, 66),
(5421, '2025-07-21 7:', 3843.48, 104, 30),
(5422, '2025-01-27 19:', 2194.35, 128, 61),
(5423, '2025-04-26 14:', 3945.38, 77, 74),
(5424, '2025-08-10 5:', 790.3, 77, 52),
(5425, '2025-04-14 11:', 2580.97, 149, 79),
(5426, '2025-06-18 1:', 366.28, 158, 24),
(5427, '2025-05-13 4:', 4469.97, 16, 59),
(5428, '2025-04-11 12:', 1297.58, 173, 28),
(5429, '2025-03-26 10:', 3140.24, 72, 69),
(5430, '2025-01-23 16:', 88.68, 1, 74),
(5431, '2025-05-11 8:', 1129, 14, 12),
(5432, '2025-02-24 11:', 4710.66, 90, 44),
(5433, '2025-01-27 4:', 4264.15, 181, 94),
(5434, '2025-07-12 4:', 1092, 119, 96),
(5435, '2025-08-13 3:', 4184.08, 91, 63),
(5436, '2025-06-23 12:', 2114.98, 60, 70),
(5437, '2025-05-25 14:', 4123.91, 150, 14),
(5438, '2025-07-26 16:', 3865.64, 188, 44),
(5439, '2025-01-20 8:', 4187.86, 71, 72),
(5440, '2025-04-19 21:', 291.77, 32, 21),
(5441, '2025-08-14 5:', 2954.25, 186, 65),
(5442, '2025-01-12 8:', 2983.14, 167, 45),
(5443, '2025-08-13 18:', 3377.3, 51, 28),
(5444, '2025-01-11 14:', 4457.02, 142, 19),
(5445, '2025-03-24 5:', 2414.48, 109, 58),
(5446, '2025-03-26 16:', 2338.21, 52, 27),
(5447, '2025-08-10 10:', 4199.87, 9, 76),
(5448, '2025-05-14 16:', 171.74, 4, 88),
(5449, '2025-04-11 7:', 2493.82, 156, 88),
(5450, '2025-08-13 20:', 3399.75, 8, 34),
(5451, '2025-05-18 15:', 3944.68, 149, 58),
(5452, '2025-01-11 12:', 1718.84, 27, 81),
(5453, '2025-01-11 13:', 3308.79, 130, 36),
(5454, '2025-01-23 7:', 2430.9, 102, 57),
(5455, '2025-08-25 8:', 1680.88, 100, 49),
(5456, '2025-03-11 18:', 4014.03, 28, 62),
(5457, '2025-02-21 3:', 1631.62, 39, 39),
(5458, '2025-07-27 1:', 3497.95, 7, 56),
(5459, '2025-08-27 15:', 4812.75, 118, 19),
(5460, '2025-03-22 4:', 126.31, 17, 75),
(5461, '2025-05-10 9:', 4006.64, 195, 10),
(5462, '2025-01-14 15:', 3647.5, 6, 51),
(5463, '2025-01-18 11:', 2151.26, 59, 95),
(5464, '2025-05-25 0:', 3818.59, 2, 4),
(5465, '2025-04-24 15:', 1501.59, 181, 61),
(5466, '2025-07-18 6:', 3527.41, 146, 53),
(5467, '2025-02-20 8:', 4510.24, 37, 85),
(5468, '2025-07-13 10:', 4113.06, 155, 84),
(5469, '2025-07-21 7:', 2465.32, 145, 67),
(5470, '2025-03-20 17:', 3639.51, 20, 31),
(5471, '2025-03-26 21:', 1486.43, 2, 12),
(5472, '2025-03-16 22:', 231.45, 62, 75),
(5473, '2025-07-23 11:', 538.09, 52, 77),
(5474, '2025-06-14 10:', 3286.02, 24, 35),
(5475, '2025-05-11 18:', 4735.62, 154, 26),
(5476, '2025-07-19 17:', 972.26, 138, 23),
(5477, '2025-05-13 18:', 3663.95, 127, 92),
(5478, '2025-01-23 13:', 3978.44, 35, 28),
(5479, '2025-06-13 20:', 2776.04, 98, 26),
(5480, '2025-05-15 1:', 1180.29, 118, 18),
(5481, '2025-05-21 14:', 2668.02, 171, 3),
(5482, '2025-03-24 17:', 2308.08, 173, 68),
(5483, '2025-06-14 21:', 1510.04, 27, 63),
(5484, '2025-04-17 6:', 4136.62, 161, 23),
(5485, '2025-08-15 21:', 2399.69, 126, 94),
(5486, '2025-03-18 7:', 4866.04, 116, 44),
(5487, '2025-03-23 4:', 4880.51, 112, 15),
(5488, '2025-04-14 15:', 1458.54, 52, 23),
(5489, '2025-04-23 5:', 110.93, 190, 81),
(5490, '2025-01-27 4:', 3111.47, 109, 57),
(5491, '2025-07-19 11:', 4578.62, 148, 28),
(5492, '2025-07-13 0:', 4001.57, 79, 12),
(5493, '2025-06-17 2:', 2601.03, 180, 29),
(5494, '2025-08-16 4:', 1532.41, 190, 89),
(5495, '2025-07-22 7:', 435.3, 139, 47),
(5496, '2025-05-18 4:', 721.49, 60, 95),
(5497, '2025-05-21 6:', 4832.47, 155, 93),
(5498, '2025-03-22 13:', 4179.36, 171, 38),
(5499, '2025-04-26 10:', 4303.48, 123, 29),
(5500, '2025-02-18 5:', 600.32, 154, 65),
(5501, '2025-08-23 15:', 4867.84, 14, 3),
(5502, '2025-05-25 5:', 2500.43, 7, 61),
(5503, '2025-03-18 1:', 926.59, 3, 32),
(5504, '2025-05-22 13:', 2480.82, 100, 32),
(5505, '2025-06-16 3:', 2629.07, 52, 15),
(5506, '2025-07-10 3:', 587.58, 88, 85),
(5507, '2025-01-23 9:', 2840.94, 73, 48),
(5508, '2025-06-14 10:', 1258.61, 102, 94),
(5509, '2025-08-15 21:', 4478.75, 140, 74),
(5510, '2025-08-27 10:', 2564.45, 179, 19),
(5511, '2025-03-24 18:', 3870.65, 148, 20),
(5512, '2025-07-26 1:', 4406.63, 53, 46),
(5513, '2025-02-18 8:', 4601.55, 46, 86),
(5514, '2025-08-11 5:', 1260.18, 7, 42),
(5515, '2025-01-10 17:', 1815.53, 189, 91),
(5516, '2025-03-19 1:', 3224.01, 79, 67),
(5517, '2025-08-14 12:', 1134.42, 157, 26),
(5518, '2025-01-14 4:', 17.74, 47, 39),
(5519, '2025-01-22 22:', 1190.17, 56, 56),
(5520, '2025-05-19 19:', 372.74, 69, 1),
(5521, '2025-08-12 13:', 4764.71, 7, 8),
(5522, '2025-06-26 13:', 1062.05, 61, 7),
(5523, '2025-01-16 12:', 4936.59, 151, 24),
(5524, '2025-02-14 20:', 1048.43, 35, 60),
(5525, '2025-03-21 2:', 1781.22, 182, 42),
(5526, '2025-05-12 9:', 93.67, 103, 14),
(5527, '2025-03-17 13:', 4929.59, 195, 6),
(5528, '2025-04-24 2:', 4945.77, 12, 12),
(5529, '2025-06-12 11:', 2969.87, 9, 37),
(5530, '2025-04-13 0:', 3233.64, 122, 33),
(5531, '2025-02-17 8:', 4812.91, 19, 1),
(5532, '2025-08-24 18:', 81.24, 47, 99),
(5533, '2025-07-10 16:', 994.12, 72, 45),
(5534, '2025-08-12 10:', 1006.49, 198, 86),
(5535, '2025-01-25 20:', 832.24, 186, 63),
(5536, '2025-02-10 1:', 855.63, 185, 72),
(5537, '2025-05-22 13:', 766.29, 131, 46),
(5538, '2025-01-17 10:', 2637.51, 78, 59),
(5539, '2025-06-17 3:', 4801.07, 23, 90),
(5540, '2025-05-25 6:', 621.11, 33, 70),
(5541, '2025-08-17 0:', 3229.42, 152, 59),
(5542, '2025-05-24 11:', 4414.3, 183, 25),
(5543, '2025-06-27 0:', 2484.23, 199, 22),
(5544, '2025-02-20 16:', 273.32, 171, 3),
(5545, '2025-08-12 3:', 4417.73, 25, 20),
(5546, '2025-01-11 0:', 3456.64, 146, 12),
(5547, '2025-04-14 10:', 1236.26, 40, 80),
(5548, '2025-05-22 9:', 1612.64, 183, 9),
(5549, '2025-06-20 19:', 3218.81, 142, 76),
(5550, '2025-02-21 5:', 952.38, 50, 68),
(5551, '2025-02-15 14:', 2343.74, 144, 36),
(5552, '2025-08-26 0:', 1368.37, 86, 91),
(5553, '2025-01-12 5:', 1026.36, 148, 37),
(5554, '2025-03-17 15:', 3032.68, 196, 73),
(5555, '2025-05-26 10:', 3195.97, 6, 45),
(5556, '2025-01-13 8:', 1663.55, 146, 86),
(5557, '2025-03-18 6:', 2418.74, 51, 27),
(5558, '2025-06-10 16:', 3524.64, 129, 19),
(5559, '2025-02-17 0:', 3669.58, 66, 88),
(5560, '2025-01-12 18:', 317.39, 128, 7),
(5561, '2025-06-25 7:', 1059.94, 25, 79),
(5562, '2025-02-22 14:', 2514.72, 89, 44),
(5563, '2025-07-26 15:', 3826.99, 54, 15),
(5564, '2025-06-26 4:', 2602.59, 52, 87),
(5565, '2025-02-19 20:', 2902.86, 74, 36),
(5566, '2025-03-14 19:', 1827.04, 160, 53),
(5567, '2025-03-17 2:', 205.05, 26, 20),
(5568, '2025-07-25 17:', 3693.71, 54, 35),
(5569, '2025-05-10 5:', 667.59, 91, 54),
(5570, '2025-08-12 7:', 207.49, 152, 2),
(5571, '2025-04-27 11:', 1147.72, 152, 52),
(5572, '2025-03-17 10:', 334.73, 99, 52),
(5573, '2025-03-13 3:', 4969.73, 26, 51),
(5574, '2025-08-22 9:', 1220.6, 25, 58),
(5575, '2025-06-19 3:', 1017.78, 54, 81),
(5576, '2025-08-25 14:', 1995.97, 76, 57),
(5577, '2025-04-24 14:', 1782.63, 158, 63),
(5578, '2025-08-19 15:', 4486.99, 6, 62),
(5579, '2025-08-11 4:', 2299.61, 180, 41),
(5580, '2025-05-15 11:', 1398.84, 15, 78),
(5581, '2025-03-20 21:', 1332.51, 80, 93),
(5582, '2025-04-21 2:', 1744.9, 60, 58),
(5583, '2025-01-10 12:', 2699.11, 19, 90),
(5584, '2025-03-16 1:', 2973.04, 58, 19),
(5585, '2025-07-12 7:', 2697.84, 28, 5),
(5586, '2025-06-11 17:', 2254.18, 114, 10),
(5587, '2025-08-14 21:', 970.47, 169, 21),
(5588, '2025-03-18 18:', 3914.81, 30, 46),
(5589, '2025-07-25 9:', 4757.48, 87, 46),
(5590, '2025-07-16 21:', 10.29, 65, 19),
(5591, '2025-07-20 0:', 2693.51, 53, 28),
(5592, '2025-08-17 15:', 937.79, 148, 47),
(5593, '2025-03-16 8:', 4357.77, 164, 49),
(5594, '2025-03-18 17:', 4711.61, 23, 58),
(5595, '2025-01-26 13:', 3360.01, 123, 16),
(5596, '2025-05-22 10:', 783.98, 184, 63),
(5597, '2025-02-15 8:', 2116.86, 109, 65),
(5598, '2025-02-18 6:', 3047.32, 62, 77),
(5599, '2025-08-23 9:', 772.05, 53, 5),
(5600, '2025-02-22 7:', 1555.07, 186, 3),
(5601, '2025-04-19 14:', 1356.09, 61, 44),
(5602, '2025-03-21 20:', 1064.1, 20, 14),
(5603, '2025-03-25 20:', 774.98, 90, 31),
(5604, '2025-07-20 19:', 1123.53, 77, 73),
(5605, '2025-07-14 9:', 3884.87, 195, 5),
(5606, '2025-06-25 11:', 3486.07, 182, 75),
(5607, '2025-07-15 12:', 3642, 152, 62),
(5608, '2025-02-22 2:', 2458.05, 86, 98),
(5609, '2025-02-24 21:', 4370.75, 41, 11),
(5610, '2025-04-10 18:', 2424.67, 101, 56),
(5611, '2025-01-17 22:', 3350.57, 61, 91),
(5612, '2025-01-21 20:', 3823.35, 171, 82),
(5613, '2025-05-27 13:', 3524.75, 187, 85),
(5614, '2025-08-19 1:', 4548.86, 118, 14),
(5615, '2025-03-12 22:', 1249.69, 20, 44),
(5616, '2025-01-24 8:', 3797.57, 18, 61),
(5617, '2025-04-11 22:', 3342.57, 189, 51),
(5618, '2025-06-26 21:', 4206.51, 150, 7),
(5619, '2025-05-24 14:', 3024.67, 115, 11),
(5620, '2025-08-27 7:', 2543.1, 154, 92),
(5621, '2025-08-13 20:', 4018.14, 188, 81),
(5622, '2025-03-15 8:', 628.68, 189, 52),
(5623, '2025-05-21 15:', 1173.24, 41, 65),
(5624, '2025-01-17 19:', 4252.48, 49, 19),
(5625, '2025-01-23 6:', 3688.33, 26, 22),
(5626, '2025-05-26 5:', 2972.55, 72, 32),
(5627, '2025-03-20 16:', 5.74, 158, 67),
(5628, '2025-07-10 13:', 1857.13, 113, 43),
(5629, '2025-07-25 1:', 1924.64, 178, 53),
(5630, '2025-08-12 6:', 818.41, 191, 19),
(5631, '2025-06-14 1:', 813.23, 92, 28),
(5632, '2025-02-18 6:', 3698.21, 38, 8),
(5633, '2025-06-11 11:', 4725.47, 136, 7),
(5634, '2025-06-10 1:', 4076.52, 92, 20),
(5635, '2025-06-25 7:', 531.58, 140, 94),
(5636, '2025-04-24 5:', 1147.67, 64, 82),
(5637, '2025-01-20 8:', 4745.5, 167, 52),
(5638, '2025-07-20 4:', 1258.55, 75, 45),
(5639, '2025-04-22 3:', 205.57, 48, 92),
(5640, '2025-01-14 18:', 683.36, 182, 46),
(5641, '2025-05-17 19:', 40.42, 58, 2),
(5642, '2025-01-10 21:', 4211.7, 110, 50),
(5643, '2025-07-21 1:', 1980.14, 91, 20),
(5644, '2025-07-26 22:', 4740.65, 81, 63),
(5645, '2025-07-22 17:', 274.97, 92, 7),
(5646, '2025-01-18 19:', 3811.63, 134, 49),
(5647, '2025-02-24 8:', 338.17, 84, 10),
(5648, '2025-08-20 0:', 1677.36, 183, 43),
(5649, '2025-06-23 8:', 4402.5, 46, 61),
(5650, '2025-07-17 16:', 3330.74, 82, 69),
(5651, '2025-04-13 18:', 2568.29, 142, 78),
(5652, '2025-04-21 11:', 3410.97, 17, 72),
(5653, '2025-02-12 6:', 4979.95, 63, 83),
(5654, '2025-02-10 8:', 531.15, 149, 46),
(5655, '2025-01-24 16:', 3603.69, 29, 32),
(5656, '2025-05-14 14:', 1547.24, 168, 93),
(5657, '2025-06-11 20:', 3254.63, 162, 47),
(5658, '2025-07-12 6:', 91.05, 23, 94),
(5659, '2025-05-14 13:', 319.72, 16, 88),
(5660, '2025-08-17 16:', 1644.07, 137, 87),
(5661, '2025-07-22 22:', 3105.43, 121, 5),
(5662, '2025-06-26 3:', 3681.11, 198, 51),
(5663, '2025-04-23 6:', 409.84, 81, 33),
(5664, '2025-02-12 3:', 1803.34, 136, 47),
(5665, '2025-07-26 4:', 541.61, 73, 30),
(5666, '2025-02-18 21:', 1006.9, 132, 20),
(5667, '2025-04-17 6:', 907.62, 118, 48),
(5668, '2025-01-23 19:', 3890.42, 162, 33),
(5669, '2025-05-20 16:', 4324.1, 35, 21),
(5670, '2025-01-27 14:', 4406.86, 29, 19),
(5671, '2025-07-20 16:', 730.51, 166, 5),
(5672, '2025-06-11 10:', 3727.15, 28, 7),
(5673, '2025-02-10 7:', 1466.43, 41, 65),
(5674, '2025-01-15 20:', 44.58, 126, 18),
(5675, '2025-08-25 7:', 3964.5, 123, 20),
(5676, '2025-01-23 5:', 2547.57, 99, 16),
(5677, '2025-02-21 4:', 1830.74, 195, 11),
(5678, '2025-02-12 16:', 1692.96, 71, 19),
(5679, '2025-03-22 19:', 88.59, 8, 12),
(5680, '2025-06-26 20:', 3418.93, 120, 50),
(5681, '2025-01-14 5:', 4325.93, 147, 28),
(5682, '2025-03-20 11:', 3801.85, 184, 47),
(5683, '2025-02-24 1:', 4827.09, 168, 20),
(5684, '2025-02-18 18:', 835.02, 28, 92),
(5685, '2025-05-12 21:', 999.59, 29, 4),
(5686, '2025-04-27 19:', 370.91, 39, 10),
(5687, '2025-08-15 8:', 4676.93, 166, 27),
(5688, '2025-01-14 17:', 3254.9, 134, 20),
(5689, '2025-02-25 2:', 3485.44, 141, 78),
(5690, '2025-01-15 15:', 15.21, 60, 60),
(5691, '2025-01-14 1:', 1572.76, 142, 31),
(5692, '2025-08-24 18:', 2669.91, 24, 33),
(5693, '2025-01-27 4:', 2871.23, 166, 33),
(5694, '2025-02-21 7:', 4587.97, 105, 49),
(5695, '2025-02-19 9:', 825.5, 145, 58),
(5696, '2025-05-27 15:', 3154.51, 136, 79),
(5697, '2025-02-19 0:', 1727.77, 110, 78),
(5698, '2025-02-13 5:', 3103.19, 113, 4),
(5699, '2025-06-27 13:', 2574.56, 6, 5),
(5700, '2025-01-24 17:', 3620.21, 199, 69),
(5701, '2025-08-12 10:', 3908.78, 105, 35),
(5702, '2025-08-21 18:', 4015.87, 144, 26),
(5703, '2025-03-16 3:', 2144.71, 18, 59),
(5704, '2025-04-10 13:', 3378.26, 84, 78),
(5705, '2025-04-25 18:', 3482.11, 86, 94),
(5706, '2025-03-22 2:', 4099.89, 149, 15),
(5707, '2025-05-10 4:', 4276.31, 171, 69),
(5708, '2025-02-23 1:', 1502.98, 136, 28),
(5709, '2025-06-25 20:', 2291.38, 166, 11),
(5710, '2025-07-25 5:', 841.73, 13, 69),
(5711, '2025-04-16 16:', 1671.2, 104, 8),
(5712, '2025-03-15 4:', 1873.45, 42, 44),
(5713, '2025-03-13 19:', 533.52, 91, 92),
(5714, '2025-08-18 21:', 2322.31, 140, 41),
(5715, '2025-08-15 20:', 961.31, 39, 81),
(5716, '2025-04-15 9:', 1199.59, 150, 11),
(5717, '2025-03-24 5:', 3707.23, 35, 24),
(5718, '2025-02-13 21:', 786.39, 163, 19),
(5719, '2025-04-20 11:', 3758.26, 162, 87),
(5720, '2025-03-21 18:', 3286.63, 196, 79),
(5721, '2025-05-27 20:', 1943.08, 62, 80),
(5722, '2025-06-27 10:', 3237.59, 102, 55),
(5723, '2025-07-19 18:', 2408.47, 117, 95),
(5724, '2025-04-22 6:', 989.9, 64, 85),
(5725, '2025-05-19 6:', 4464.71, 117, 96),
(5726, '2025-02-23 15:', 4022.19, 9, 39),
(5727, '2025-02-19 13:', 4634.61, 48, 5),
(5728, '2025-02-19 14:', 411.25, 146, 77),
(5729, '2025-07-25 21:', 4017.97, 130, 4),
(5730, '2025-04-15 9:', 2891.94, 139, 36),
(5731, '2025-04-11 0:', 3170.87, 87, 39),
(5732, '2025-01-14 10:', 3923.71, 89, 59),
(5733, '2025-06-16 10:', 1256.76, 37, 54),
(5734, '2025-04-15 7:', 4827.49, 92, 18),
(5735, '2025-06-21 5:', 986.67, 122, 34),
(5736, '2025-01-27 21:', 1576.58, 23, 71),
(5737, '2025-05-10 6:', 4807.39, 31, 3),
(5738, '2025-08-27 22:', 4468.01, 165, 32),
(5739, '2025-08-18 15:', 1905.27, 68, 80),
(5740, '2025-07-23 14:', 4809, 51, 93),
(5741, '2025-08-20 5:', 2354.5, 70, 35),
(5742, '2025-08-11 7:', 2322.44, 140, 67),
(5743, '2025-04-15 10:', 956.07, 94, 7),
(5744, '2025-08-14 6:', 3524.88, 59, 61),
(5745, '2025-01-26 19:', 14.15, 160, 48),
(5746, '2025-06-23 14:', 564.91, 80, 84),
(5747, '2025-08-14 18:', 1121.5, 166, 44),
(5748, '2025-05-17 2:', 569.31, 52, 76),
(5749, '2025-06-17 3:', 3003.29, 124, 84),
(5750, '2025-07-14 21:', 2871.49, 76, 81),
(5751, '2025-01-23 9:', 1805.31, 153, 22),
(5752, '2025-06-14 8:', 1759.51, 175, 36),
(5753, '2025-06-25 3:', 2492.06, 199, 97),
(5754, '2025-05-16 4:', 4855.73, 173, 4),
(5755, '2025-07-16 14:', 794.62, 38, 43),
(5756, '2025-06-11 16:', 342.51, 186, 89),
(5757, '2025-02-23 5:', 86.27, 33, 83),
(5758, '2025-02-27 14:', 1307.57, 188, 89),
(5759, '2025-04-14 4:', 1401.34, 78, 33),
(5760, '2025-03-20 20:', 883.43, 132, 8),
(5761, '2025-01-11 8:', 912.31, 146, 46),
(5762, '2025-02-16 3:', 1377.14, 57, 87),
(5763, '2025-01-15 18:', 843.15, 100, 33),
(5764, '2025-04-27 15:', 1432.94, 77, 83),
(5765, '2025-02-13 10:', 4050.75, 126, 84),
(5766, '2025-04-25 12:', 4778.88, 67, 2),
(5767, '2025-06-13 14:', 1595.13, 163, 33),
(5768, '2025-03-22 12:', 623, 108, 17),
(5769, '2025-07-27 11:', 192.05, 146, 66),
(5770, '2025-03-15 6:', 4029.95, 190, 75),
(5771, '2025-02-21 18:', 3242.36, 49, 83),
(5772, '2025-03-14 6:', 2703.68, 16, 64),
(5773, '2025-08-17 20:', 2112.21, 97, 5),
(5774, '2025-08-19 3:', 3151.28, 191, 83),
(5775, '2025-08-14 5:', 4616.4, 6, 58),
(5776, '2025-06-17 22:', 3342.44, 190, 24),
(5777, '2025-05-23 3:', 3711.69, 161, 41),
(5778, '2025-08-13 6:', 327.52, 191, 55),
(5779, '2025-04-14 10:', 1043.9, 194, 99),
(5780, '2025-06-25 0:', 973.56, 175, 99),
(5781, '2025-04-20 14:', 2222.97, 158, 80),
(5782, '2025-07-16 9:', 3764.8, 39, 85),
(5783, '2025-05-11 1:', 723.54, 39, 18),
(5784, '2025-05-21 8:', 3926.12, 14, 83),
(5785, '2025-03-21 5:', 4957.01, 110, 34),
(5786, '2025-01-24 9:', 1107.84, 17, 17),
(5787, '2025-08-15 2:', 1418.44, 122, 71),
(5788, '2025-02-18 2:', 2375.41, 1, 21),
(5789, '2025-05-25 4:', 4227.31, 79, 83),
(5790, '2025-03-19 11:', 513.58, 81, 70),
(5791, '2025-06-18 4:', 2729.7, 177, 20),
(5792, '2025-02-16 7:', 2002.8, 101, 98),
(5793, '2025-05-19 18:', 1841.92, 94, 10),
(5794, '2025-04-10 8:', 2677.37, 187, 3),
(5795, '2025-07-27 22:', 1652.44, 169, 79),
(5796, '2025-07-23 18:', 2544.61, 37, 76),
(5797, '2025-07-15 11:', 57.53, 167, 16),
(5798, '2025-07-24 16:', 4211.8, 52, 1),
(5799, '2025-07-20 14:', 479.3, 100, 93),
(5800, '2025-03-11 20:', 941.34, 80, 34),
(5801, '2025-05-14 7:', 681.55, 40, 49),
(5802, '2025-03-12 6:', 1280.32, 138, 77),
(5803, '2025-07-13 0:', 2792.7, 163, 11),
(5804, '2025-05-12 16:', 69.5, 180, 83),
(5805, '2025-04-26 5:', 11.25, 32, 93),
(5806, '2025-01-21 17:', 245.54, 61, 47),
(5807, '2025-07-24 18:', 2521.62, 185, 61),
(5808, '2025-08-18 17:', 2731.3, 146, 45),
(5809, '2025-08-21 2:', 2891.37, 103, 32),
(5810, '2025-01-10 8:', 4322.13, 102, 52),
(5811, '2025-02-25 6:', 4305.19, 32, 37),
(5812, '2025-02-12 6:', 4985.89, 35, 81),
(5813, '2025-07-25 22:', 2991.48, 103, 81),
(5814, '2025-01-20 18:', 1124.25, 175, 80),
(5815, '2025-07-26 10:', 1292.03, 130, 49),
(5816, '2025-07-13 13:', 2186.82, 43, 35),
(5817, '2025-02-25 8:', 3802.79, 67, 35),
(5818, '2025-01-18 11:', 1253.87, 172, 76),
(5819, '2025-02-25 20:', 4168.34, 91, 4),
(5820, '2025-08-15 10:', 1432.62, 125, 33),
(5821, '2025-07-20 10:', 1358.25, 9, 61),
(5822, '2025-02-13 16:', 2138.7, 26, 65),
(5823, '2025-02-18 5:', 841.45, 78, 37),
(5824, '2025-02-18 9:', 2721.2, 186, 64),
(5825, '2025-04-20 11:', 4337.92, 62, 8),
(5826, '2025-03-17 13:', 3844.46, 179, 63),
(5827, '2025-01-22 13:', 4268.02, 74, 36),
(5828, '2025-07-13 11:', 792, 22, 50),
(5829, '2025-01-21 2:', 4494.64, 58, 43),
(5830, '2025-01-13 10:', 2450.56, 93, 45),
(5831, '2025-08-17 12:', 2969.06, 110, 73),
(5832, '2025-07-23 11:', 1125.87, 137, 8),
(5833, '2025-04-22 17:', 3949.93, 60, 30),
(5834, '2025-05-10 6:', 4019.24, 40, 24),
(5835, '2025-01-10 19:', 1890.44, 34, 40),
(5836, '2025-04-10 8:', 3301.54, 72, 16),
(5837, '2025-02-16 8:', 4938.79, 185, 56),
(5838, '2025-02-10 0:', 4738.94, 179, 30),
(5839, '2025-04-12 21:', 4945.08, 8, 27),
(5840, '2025-04-18 10:', 3921.49, 12, 83),
(5841, '2025-06-21 7:', 4863.64, 28, 40),
(5842, '2025-06-26 14:', 1611.02, 151, 69),
(5843, '2025-04-16 16:', 2437.94, 88, 71),
(5844, '2025-08-22 5:', 3195.41, 124, 18),
(5845, '2025-03-22 14:', 2685.82, 131, 44),
(5846, '2025-08-12 7:', 1665.43, 143, 67),
(5847, '2025-02-17 8:', 1081.54, 156, 4),
(5848, '2025-06-26 12:', 3714.65, 168, 7),
(5849, '2025-02-20 22:', 2097.77, 51, 71),
(5850, '2025-01-10 8:', 3352.44, 101, 34),
(5851, '2025-02-10 4:', 3073.39, 13, 8),
(5852, '2025-04-25 1:', 1969.98, 49, 63),
(5853, '2025-06-27 6:', 3056.93, 84, 45),
(5854, '2025-08-14 20:', 3566.38, 110, 47),
(5855, '2025-08-15 6:', 3121.23, 184, 24),
(5856, '2025-05-23 9:', 2840.3, 65, 55),
(5857, '2025-02-26 20:', 3680.87, 63, 8),
(5858, '2025-07-22 19:', 949.51, 97, 35),
(5859, '2025-08-14 15:', 2295.87, 105, 22),
(5860, '2025-03-19 4:', 4348.59, 146, 75),
(5861, '2025-07-15 18:', 2903.85, 52, 11),
(5862, '2025-05-20 17:', 1063.1, 61, 10),
(5863, '2025-07-19 2:', 2102.85, 50, 97),
(5864, '2025-01-25 3:', 3475.24, 153, 12),
(5865, '2025-05-12 20:', 1219.43, 57, 34),
(5866, '2025-01-12 3:', 2389.67, 173, 20),
(5867, '2025-07-14 13:', 2718.66, 58, 81),
(5868, '2025-05-13 15:', 3680.18, 176, 65),
(5869, '2025-04-13 6:', 4202.61, 37, 83),
(5870, '2025-03-19 17:', 3016.44, 134, 7),
(5871, '2025-04-24 14:', 4562, 116, 54),
(5872, '2025-05-15 1:', 725.03, 28, 93),
(5873, '2025-02-13 10:', 3748.35, 154, 79),
(5874, '2025-05-21 2:', 1777.7, 172, 80),
(5875, '2025-05-15 11:', 4838.65, 198, 53),
(5876, '2025-01-23 11:', 1718.62, 59, 55),
(5877, '2025-07-24 12:', 3311.43, 83, 26),
(5878, '2025-02-15 15:', 3620.24, 64, 61),
(5879, '2025-05-25 10:', 1309.66, 117, 76),
(5880, '2025-06-16 10:', 4006.78, 162, 87),
(5881, '2025-05-10 18:', 1928.68, 115, 86),
(5882, '2025-01-15 12:', 2156.62, 164, 21),
(5883, '2025-03-23 7:', 2677.41, 58, 73),
(5884, '2025-04-27 16:', 3613.59, 187, 4),
(5885, '2025-01-26 15:', 685.92, 112, 68),
(5886, '2025-01-12 21:', 4554.31, 22, 41),
(5887, '2025-03-20 20:', 2870.27, 85, 58),
(5888, '2025-03-12 3:', 4635.8, 179, 73),
(5889, '2025-02-15 18:', 2867.5, 99, 66),
(5890, '2025-06-25 11:', 1825.87, 194, 79),
(5891, '2025-07-24 3:', 1037.71, 21, 51),
(5892, '2025-03-15 9:', 2583.79, 49, 58),
(5893, '2025-06-17 7:', 3487.45, 51, 81),
(5894, '2025-05-17 3:', 4579.77, 1, 76),
(5895, '2025-01-16 19:', 220.38, 77, 35),
(5896, '2025-06-20 21:', 2929.36, 110, 20),
(5897, '2025-03-21 4:', 3446.97, 128, 85),
(5898, '2025-06-22 4:', 4459.22, 9, 98),
(5899, '2025-01-13 8:', 3913.38, 160, 30),
(5900, '2025-02-18 11:', 1140.36, 106, 31),
(5901, '2025-01-14 21:', 3504.06, 21, 18),
(5902, '2025-02-16 21:', 3882.94, 60, 63),
(5903, '2025-05-18 6:', 892.97, 63, 38),
(5904, '2025-07-23 4:', 1299.85, 54, 45),
(5905, '2025-08-16 14:', 1258.54, 21, 83),
(5906, '2025-06-18 6:', 2362.52, 96, 6),
(5907, '2025-08-27 1:', 4919.43, 107, 20),
(5908, '2025-05-10 16:', 3775.38, 50, 2),
(5909, '2025-08-10 19:', 2889.03, 64, 58),
(5910, '2025-08-24 8:', 419.84, 186, 67),
(5911, '2025-04-17 18:', 4164.84, 4, 53),
(5912, '2025-03-15 16:', 2081.49, 155, 47),
(5913, '2025-08-19 18:', 4463.13, 84, 69),
(5914, '2025-02-11 11:', 3098.89, 163, 70),
(5915, '2025-04-14 9:', 3948.4, 98, 86),
(5916, '2025-02-14 6:', 4551.55, 128, 5),
(5917, '2025-08-14 5:', 4967.6, 23, 8),
(5918, '2025-07-23 13:', 4315.27, 63, 61),
(5919, '2025-06-14 1:', 4885.79, 123, 44),
(5920, '2025-07-14 14:', 2791.2, 23, 18),
(5921, '2025-06-14 14:', 1217.08, 34, 69),
(5922, '2025-01-24 6:', 2352.91, 144, 10),
(5923, '2025-03-26 17:', 3927.93, 25, 57),
(5924, '2025-01-14 3:', 3625.44, 85, 13),
(5925, '2025-06-19 5:', 4202.72, 161, 54),
(5926, '2025-08-21 12:', 4211.65, 9, 80),
(5927, '2025-07-24 9:', 2611.74, 192, 78),
(5928, '2025-03-10 8:', 1928.29, 38, 52),
(5929, '2025-01-26 4:', 501.24, 19, 49),
(5930, '2025-06-27 3:', 3552.44, 148, 2),
(5931, '2025-07-15 20:', 4035.52, 123, 54),
(5932, '2025-02-16 9:', 3873.11, 129, 5),
(5933, '2025-01-23 0:', 1069.15, 107, 76),
(5934, '2025-08-27 3:', 816.79, 97, 64),
(5935, '2025-08-12 3:', 4183.91, 154, 86),
(5936, '2025-08-11 22:', 1640.1, 33, 65),
(5937, '2025-01-19 5:', 3896.6, 101, 44),
(5938, '2025-07-12 0:', 3021.48, 111, 39),
(5939, '2025-03-17 15:', 4246.96, 147, 23),
(5940, '2025-05-16 7:', 2575.78, 88, 27),
(5941, '2025-05-20 21:', 1321.94, 158, 19),
(5942, '2025-08-15 19:', 3753.17, 68, 51),
(5943, '2025-08-19 17:', 2071.63, 127, 68),
(5944, '2025-02-11 10:', 4074.92, 116, 6),
(5945, '2025-02-26 7:', 3277.01, 110, 18),
(5946, '2025-08-21 8:', 2204.57, 38, 9),
(5947, '2025-01-25 0:', 1186.03, 138, 9),
(5948, '2025-06-16 5:', 2083.1, 72, 96),
(5949, '2025-08-25 8:', 3075.95, 123, 49),
(5950, '2025-05-16 13:', 1827.85, 125, 30),
(5951, '2025-06-25 12:', 2534.31, 99, 17),
(5952, '2025-03-21 15:', 3644.22, 178, 74),
(5953, '2025-08-18 13:', 2080.2, 95, 53),
(5954, '2025-08-18 13:', 4665.03, 56, 75),
(5955, '2025-03-26 7:', 1410.86, 75, 37),
(5956, '2025-08-13 2:', 2656.68, 70, 47),
(5957, '2025-07-16 5:', 4805.56, 28, 34),
(5958, '2025-04-26 15:', 3983.38, 79, 8),
(5959, '2025-03-10 1:', 2463.2, 180, 89),
(5960, '2025-01-13 1:', 4453.76, 195, 4),
(5961, '2025-04-25 22:', 10.54, 27, 70),
(5962, '2025-04-20 18:', 216.05, 79, 1),
(5963, '2025-01-15 13:', 3288.8, 132, 47),
(5964, '2025-05-25 14:', 820.33, 53, 55),
(5965, '2025-06-19 2:', 4099.77, 77, 67),
(5966, '2025-08-22 5:', 3615.11, 97, 89),
(5967, '2025-02-22 10:', 2545.53, 168, 44),
(5968, '2025-02-21 1:', 105.91, 34, 1),
(5969, '2025-01-11 13:', 3711.68, 188, 52),
(5970, '2025-08-16 12:', 367.43, 103, 63),
(5971, '2025-06-27 0:', 2005.56, 143, 80),
(5972, '2025-02-24 12:', 1661.09, 126, 25),
(5973, '2025-06-15 6:', 797.5, 74, 52),
(5974, '2025-06-24 13:', 67.34, 47, 55),
(5975, '2025-08-23 16:', 1214.19, 129, 19),
(5976, '2025-07-20 18:', 3490.83, 166, 23),
(5977, '2025-01-11 14:', 3826.47, 100, 82),
(5978, '2025-04-21 22:', 4880.17, 150, 42),
(5979, '2025-01-26 18:', 1926.25, 23, 76),
(5980, '2025-06-16 17:', 120.46, 167, 34),
(5981, '2025-01-13 19:', 3482.64, 23, 82),
(5982, '2025-05-25 3:', 422.02, 16, 28),
(5983, '2025-05-15 21:', 2266.09, 12, 66),
(5984, '2025-01-11 14:', 4153.77, 98, 60),
(5985, '2025-01-19 19:', 4138.84, 57, 15),
(5986, '2025-05-11 9:', 2055.97, 71, 65),
(5987, '2025-04-23 11:', 3313.23, 115, 4),
(5988, '2025-04-12 2:', 4369.74, 10, 73),
(5989, '2025-01-21 5:', 4698.3, 70, 8),
(5990, '2025-08-11 10:', 3444.88, 21, 70),
(5991, '2025-03-15 16:', 708.02, 67, 86),
(5992, '2025-04-17 1:', 1808.71, 51, 13),
(5993, '2025-03-15 2:', 3999.8, 133, 43),
(5994, '2025-02-19 14:', 1765.73, 69, 22),
(5995, '2025-08-24 18:', 216.44, 76, 13),
(5996, '2025-03-24 7:', 4110.6, 180, 81),
(5997, '2025-02-23 21:', 2766.48, 197, 32),
(5998, '2025-05-15 20:', 462.76, 97, 85),
(5999, '2025-03-20 16:', 239.99, 119, 84),
(6000, '2025-03-27 21:', 2717.53, 52, 50);
