
-- 1. PAÍS (Venezuela)
INSERT INTO Lugar (idLugar, nombre, tipo, codigoPostal, Lugar_idLugar) VALUES (1, 'Venezuela', 'País', 0, NULL);

-- 2. ESTADOS (24 entidades federales)
INSERT INTO Lugar (idLugar, nombre, tipo, codigoPostal, Lugar_idLugar) VALUES
(2, 'Amazonas', 'Estado', 0, 1),
(3, 'Anzoátegui', 'Estado', 0, 1),
(4, 'Apure', 'Estado', 0, 1),
(5, 'Aragua', 'Estado', 0, 1),
(6, 'Barinas', 'Estado', 0, 1),
(7, 'Bolívar', 'Estado', 0, 1),
(8, 'Carabobo', 'Estado', 0, 1),
(9, 'Cojedes', 'Estado', 0, 1),
(10, 'Delta Amacuro', 'Estado', 0, 1),
(11, 'Falcón', 'Estado', 0, 1),
(12, 'Guárico', 'Estado', 0, 1),
(13, 'Lara', 'Estado', 0, 1),
(14, 'Mérida', 'Estado', 0, 1),
(15, 'Miranda', 'Estado', 0, 1),
(16, 'Monagas', 'Estado', 0, 1),
(17, 'Nueva Esparta', 'Estado', 0, 1),
(18, 'Portuguesa', 'Estado', 0, 1),
(19, 'Sucre', 'Estado', 0, 1),
(20, 'Táchira', 'Estado', 0, 1),
(21, 'Trujillo', 'Estado', 0, 1),
(22, 'Vargas', 'Estado', 0, 1),
(23, 'Yaracuy', 'Estado', 0, 1),
(24, 'Zulia', 'Estado', 0, 1),
(25, 'Distrito Capital', 'Estado', 0, 1);

-- 3. MUNICIPIOS (335)
INSERT INTO Lugar (idLugar, nombre, tipo, codigoPostal, Lugar_idLugar) VALUES
(26, 'Alto Orinoco', 'Municipio', 0, 2),
(27, 'Atabapo', 'Municipio', 0, 2),
(28, 'Atures', 'Municipio', 0, 2),
(29, 'Autana', 'Municipio', 0, 2),
(30, 'Manapiare', 'Municipio', 0, 2),
(31, 'Maroa', 'Municipio', 0, 2),
(32, 'Río Negro', 'Municipio', 0, 2),
(33, 'Anaco', 'Municipio', 0, 3),
(34, 'Aragua', 'Municipio', 0, 3),
(35, 'Bolívar', 'Municipio', 0, 3),
(36, 'Bruzual', 'Municipio', 0, 3),
(37, 'Cajigal', 'Municipio', 0, 3),
(38, 'Carvajal', 'Municipio', 0, 3),
(39, 'Diego Bautista Urbaneja', 'Municipio', 0, 3),
(40, 'Freites', 'Municipio', 0, 3),
(41, 'Guanipa', 'Municipio', 0, 3),
(42, 'Guanta', 'Municipio', 0, 3),
(43, 'Independencia', 'Municipio', 0, 3),
(44, 'Libertad', 'Municipio', 0, 3),
(45, 'McGregor', 'Municipio', 0, 3),
(46, 'Miranda', 'Municipio', 0, 3),
(47, 'Monagas', 'Municipio', 0, 3),
(48, 'Peñalver', 'Municipio', 0, 3),
(49, 'Píritu', 'Municipio', 0, 3),
(50, 'San Juan de Capistrano', 'Municipio', 0, 3),
(51, 'Santa Ana', 'Municipio', 0, 3),
(52, 'Simón Rodríguez', 'Municipio', 0, 3),
(53, 'Sotillo', 'Municipio', 0, 3),
(54, 'Achaguas', 'Municipio', 0, 4),
(55, 'Biruaca', 'Municipio', 0, 4),
(56, 'Muñoz', 'Municipio', 0, 4),
(57, 'Páez', 'Municipio', 0, 4),
(58, 'Pedro Camejo', 'Municipio', 0, 4),
(59, 'Rómulo Gallegos', 'Municipio', 0, 4),
(60, 'San Fernando', 'Municipio', 0, 4),
(61, 'Bolívar', 'Municipio', 0, 5),
(62, 'Camatagua', 'Municipio', 0, 5),
(63, 'Francisco Linares Alcántara', 'Municipio', 0, 5),
(64, 'Girardot', 'Municipio', 0, 5),
(65, 'José Ángel Lamas', 'Municipio', 0, 5),
(66, 'José Félix Ribas', 'Municipio', 0, 5),
(67, 'José Rafael Revenga', 'Municipio', 0, 5),
(68, 'Libertador', 'Municipio', 0, 5),
(69, 'Mario Briceño Iragorry', 'Municipio', 0, 5),
(70, 'Ocumare de la Costa de Oro', 'Municipio', 0, 5),
(71, 'San Casimiro', 'Municipio', 0, 5),
(72, 'San Sebastián', 'Municipio', 0, 5),
(73, 'Santiago Mariño', 'Municipio', 0, 5),
(74, 'Santos Michelena', 'Municipio', 0, 5),
(75, 'Sucre', 'Municipio', 0, 5);
INSERT INTO Lugar (idLugar, nombre, tipo, codigoPostal, Lugar_idLugar) VALUES
(76, 'Tovar', 'Municipio', 0, 5),
(77, 'Urdaneta', 'Municipio', 0, 5),
(78, 'Zamora', 'Municipio', 0, 5),
(79, 'Alberto Arvelo Torrealba', 'Municipio', 0, 6),
(80, 'Andrés Eloy Blanco', 'Municipio', 0, 6),
(81, 'Antonio José de Sucre', 'Municipio', 0, 6),
(82, 'Arismendi', 'Municipio', 0, 6),
(83, 'Barinas', 'Municipio', 0, 6),
(84, 'Bolívar', 'Municipio', 0, 6),
(85, 'Cruz Paredes', 'Municipio', 0, 6),
(86, 'Ezequiel Zamora', 'Municipio', 0, 6),
(87, 'Obispos', 'Municipio', 0, 6),
(88, 'Pedraza', 'Municipio', 0, 6),
(89, 'Rojas', 'Municipio', 0, 6),
(90, 'Sosa', 'Municipio', 0, 6),
(91, 'Angostura', 'Municipio', 0, 7),
(92, 'Caroní', 'Municipio', 0, 7),
(93, 'Cedeño', 'Municipio', 0, 7),
(94, 'El Callao', 'Municipio', 0, 7),
(95, 'Gran Sabana', 'Municipio', 0, 7),
(96, 'Heres', 'Municipio', 0, 7),
(97, 'Píar', 'Municipio', 0, 7),
(98, 'Roscio', 'Municipio', 0, 7),
(99, 'Sifontes', 'Municipio', 0, 7),
(100, 'Sucre', 'Municipio', 0, 7),
(101, 'Padre Pedro Chien', 'Municipio', 0, 7),
(102, 'Bejuma', 'Municipio', 0, 8),
(103, 'Carlos Arvelo', 'Municipio', 0, 8),
(104, 'Diego Ibarra', 'Municipio', 0, 8),
(105, 'Guacara', 'Municipio', 0, 8),
(106, 'Mora', 'Municipio', 0, 8),
(107, 'Libertador', 'Municipio', 0, 8),
(108, 'Los Guayos', 'Municipio', 0, 8),
(109, 'Miranda', 'Municipio', 0, 8),
(110, 'Montalbán', 'Municipio', 0, 8),
(111, 'Naguanagua', 'Municipio', 0, 8),
(112, 'Puerto Cabello', 'Municipio', 0, 8),
(113, 'San Diego', 'Municipio', 0, 8),
(114, 'San Joaquín', 'Municipio', 0, 8),
(115, 'Valencia', 'Municipio', 0, 8),
(116, 'Anzoátegui', 'Municipio', 0, 9),
(117, 'Tinaquillo', 'Municipio', 0, 9),
(118, 'Girardot', 'Municipio', 0, 9),
(119, 'Lima Blanco', 'Municipio', 0, 9),
(120, 'Pao de San Juan Bautista', 'Municipio', 0, 9),
(121, 'Ricaurte', 'Municipio', 0, 9),
(122, 'Rómulo Gallegos', 'Municipio', 0, 9),
(123, 'San Carlos', 'Municipio', 0, 9),
(124, 'Tinaco', 'Municipio', 0, 9),
(125, 'Antonio Díaz', 'Municipio', 0, 10);
INSERT INTO Lugar (idLugar, nombre, tipo, codigoPostal, Lugar_idLugar) VALUES
(126, 'Casacoima', 'Municipio', 0, 10),
(127, 'Pedernales', 'Municipio', 0, 10),
(128, 'Tucupita', 'Municipio', 0, 10),
(129, 'Acosta', 'Municipio', 0, 11),
(130, 'Bolívar', 'Municipio', 0, 11),
(131, 'Buchivacoa', 'Municipio', 0, 11),
(132, 'Carirubana', 'Municipio', 0, 11),
(133, 'Colina', 'Municipio', 0, 11),
(134, 'Dabajuro', 'Municipio', 0, 11),
(135, 'Democracia', 'Municipio', 0, 11),
(136, 'Falcón', 'Municipio', 0, 11),
(137, 'Federación', 'Municipio', 0, 11),
(138, 'Jacura', 'Municipio', 0, 11),
(139, 'Los Taques', 'Municipio', 0, 11),
(140, 'Manaure', 'Municipio', 0, 11),
(141, 'Mauroa', 'Municipio', 0, 11),
(142, 'Miranda', 'Municipio', 0, 11),
(143, 'Monseñor Iturriza', 'Municipio', 0, 11),
(144, 'Palmasola', 'Municipio', 0, 11),
(145, 'Petit', 'Municipio', 0, 11),
(146, 'Píritu', 'Municipio', 0, 11),
(147, 'San Francisco', 'Municipio', 0, 11),
(148, 'Sucre', 'Municipio', 0, 11),
(149, 'Silva', 'Municipio', 0, 11),
(150, 'Tocópero', 'Municipio', 0, 11),
(151, 'Unión', 'Municipio', 0, 11),
(152, 'Urumaco', 'Municipio', 0, 11),
(153, 'Zamora', 'Municipio', 0, 11),
(154, 'Camaguán', 'Municipio', 0, 12),
(155, 'Chaguaramas', 'Municipio', 0, 12),
(156, 'El Socorro', 'Municipio', 0, 12),
(157, 'Infante', 'Municipio', 0, 12),
(158, 'Las Mercedes', 'Municipio', 0, 12),
(159, 'Mellado', 'Municipio', 0, 12),
(160, 'Miranda', 'Municipio', 0, 12),
(161, 'Monagas', 'Municipio', 0, 12),
(162, 'Ortiz', 'Municipio', 0, 12),
(163, 'Ribas', 'Municipio', 0, 12),
(164, 'Roscio', 'Municipio', 0, 12),
(165, 'San Gerónimo de Guayabal', 'Municipio', 0, 12),
(166, 'San José de Guaribe', 'Municipio', 0, 12),
(167, 'Santa María de Ipire', 'Municipio', 0, 12),
(168, 'Zaraza', 'Municipio', 0, 12),
(169, 'Andrés Eloy Blanco', 'Municipio', 0, 13),
(170, 'Crespo', 'Municipio', 0, 13),
(171, 'Iribarren', 'Municipio', 0, 13),
(172, 'Jiménez', 'Municipio', 0, 13),
(173, 'Morán', 'Municipio', 0, 13),
(174, 'Palavecino', 'Municipio', 0, 13),
(175, 'Simón Planas', 'Municipio', 0, 13);
INSERT INTO Lugar (idLugar, nombre, tipo, codigoPostal, Lugar_idLugar) VALUES
(176, 'Torres', 'Municipio', 0, 13),
(177, 'Urdaneta', 'Municipio', 0, 13),
(178, 'Alberto Adriani', 'Municipio', 0, 14),
(179, 'Andrés Bello', 'Municipio', 0, 14),
(180, 'Antonio Pinto Salinas', 'Municipio', 0, 14),
(181, 'Aricagua', 'Municipio', 0, 14),
(182, 'Arzobispo Chacón', 'Municipio', 0, 14),
(183, 'Campo Elías', 'Municipio', 0, 14),
(184, 'Caracciolo Parra Olmedo', 'Municipio', 0, 14),
(185, 'Cardenal Quintero', 'Municipio', 0, 14),
(186, 'Guaraque', 'Municipio', 0, 14),
(187, 'Julio César Salas', 'Municipio', 0, 14),
(188, 'Justo Briceño', 'Municipio', 0, 14),
(189, 'Libertador', 'Municipio', 0, 14),
(190, 'Miranda', 'Municipio', 0, 14),
(191, 'Obispo Ramos de Lora', 'Municipio', 0, 14),
(192, 'Padre Noguera', 'Municipio', 0, 14),
(193, 'Pueblo Llano', 'Municipio', 0, 14),
(194, 'Rangel', 'Municipio', 0, 14),
(195, 'Rivas Dávila', 'Municipio', 0, 14),
(196, 'Santos Marquina', 'Municipio', 0, 14),
(197, 'Sucre', 'Municipio', 0, 14),
(198, 'Tovar', 'Municipio', 0, 14),
(199, 'Tulio Febres Cordero', 'Municipio', 0, 14),
(200, 'Zea', 'Municipio', 0, 14),
(201, 'Acevedo', 'Municipio', 0, 15),
(202, 'Andrés Bello', 'Municipio', 0, 15),
(203, 'Baruta', 'Municipio', 0, 15),
(204, 'Brión', 'Municipio', 0, 15),
(205, 'Buroz', 'Municipio', 0, 15),
(206, 'Carrizal', 'Municipio', 0, 15),
(207, 'Chacao', 'Municipio', 0, 15),
(208, 'Cristóbal Rojas', 'Municipio', 0, 15),
(209, 'El Hatillo', 'Municipio', 0, 15),
(210, 'Guaicaipuro', 'Municipio', 0, 15),
(211, 'Independencia', 'Municipio', 0, 15),
(212, 'Lander', 'Municipio', 0, 15),
(213, 'Los Salias', 'Municipio', 0, 15),
(214, 'Páez', 'Municipio', 0, 15),
(215, 'Paz Castillo', 'Municipio', 0, 15),
(216, 'Pedro Gual', 'Municipio', 0, 15),
(217, 'Plaza', 'Municipio', 0, 15),
(218, 'Simón Bolívar', 'Municipio', 0, 15),
(219, 'Sucre', 'Municipio', 0, 15),
(220, 'Urdaneta', 'Municipio', 0, 15),
(221, 'Zamora', 'Municipio', 0, 15),
(222, 'Acosta', 'Municipio', 0, 16),
(223, 'Aguasay', 'Municipio', 0, 16),
(224, 'Bolívar', 'Municipio', 0, 16),
(225, 'Caripe', 'Municipio', 0, 16);
INSERT INTO Lugar (idLugar, nombre, tipo, codigoPostal, Lugar_idLugar) VALUES
(226, 'Cedeño', 'Municipio', 0, 16),
(227, 'Ezequiel Zamora', 'Municipio', 0, 16),
(228, 'Libertador', 'Municipio', 0, 16),
(229, 'Maturín', 'Municipio', 0, 16),
(230, 'Piar', 'Municipio', 0, 16),
(231, 'Punceres', 'Municipio', 0, 16),
(232, 'Santa Bárbara', 'Municipio', 0, 16),
(233, 'Sotillo', 'Municipio', 0, 16),
(234, 'Uracoa', 'Municipio', 0, 16),
(235, 'Antolín del Campo', 'Municipio', 0, 17),
(236, 'Arismendi', 'Municipio', 0, 17),
(237, 'Díaz', 'Municipio', 0, 17),
(238, 'García', 'Municipio', 0, 17),
(239, 'Gómez', 'Municipio', 0, 17),
(240, 'Maneiro', 'Municipio', 0, 17),
(241, 'Marcano', 'Municipio', 0, 17),
(242, 'Mariño', 'Municipio', 0, 17),
(243, 'Península de Macanao', 'Municipio', 0, 17),
(244, 'Tubores', 'Municipio', 0, 17),
(245, 'Villalba', 'Municipio', 0, 17),
(246, 'Agua Blanca', 'Municipio', 0, 18),
(247, 'Araure', 'Municipio', 0, 18),
(248, 'Esteller', 'Municipio', 0, 18),
(249, 'Guanare', 'Municipio', 0, 18),
(250, 'Guanarito', 'Municipio', 0, 18),
(251, 'Monseñor José Vicente de Unda', 'Municipio', 0, 18),
(252, 'Ospino', 'Municipio', 0, 18),
(253, 'Páez', 'Municipio', 0, 18),
(254, 'Papelón', 'Municipio', 0, 18),
(255, 'San Genaro de Boconoíto', 'Municipio', 0, 18),
(256, 'San Rafael de Onoto', 'Municipio', 0, 18),
(257, 'Santa Rosalía', 'Municipio', 0, 18),
(258, 'Sucre', 'Municipio', 0, 18),
(259, 'Turén', 'Municipio', 0, 18),
(260, 'Andrés Eloy Blanco', 'Municipio', 0, 19),
(261, 'Andrés Mata', 'Municipio', 0, 19),
(262, 'Arismendi', 'Municipio', 0, 19),
(263, 'Benítez', 'Municipio', 0, 19),
(264, 'Bermúdez', 'Municipio', 0, 19),
(265, 'Bolívar', 'Municipio', 0, 19),
(266, 'Cajigal', 'Municipio', 0, 19),
(267, 'Cruz Salmerón Acosta', 'Municipio', 0, 19),
(268, 'Libertador', 'Municipio', 0, 19),
(269, 'Mariño', 'Municipio', 0, 19),
(270, 'Mejía', 'Municipio', 0, 19),
(271, 'Montes', 'Municipio', 0, 19),
(272, 'Ribero', 'Municipio', 0, 19),
(273, 'Sucre', 'Municipio', 0, 19),
(274, 'Valdez', 'Municipio', 0, 19),
(275, 'Andrés Bello', 'Municipio', 0, 20);
INSERT INTO Lugar (idLugar, nombre, tipo, codigoPostal, Lugar_idLugar) VALUES
(276, 'Antonio Rómulo Costa', 'Municipio', 0, 20),
(277, 'Ayacucho', 'Municipio', 0, 20),
(278, 'Bolívar', 'Municipio', 0, 20),
(279, 'Cárdenas', 'Municipio', 0, 20),
(280, 'Córdoba', 'Municipio', 0, 20),
(281, 'Fernández Feo', 'Municipio', 0, 20),
(282, 'Francisco de Miranda', 'Municipio', 0, 20),
(283, 'García de Hevia', 'Municipio', 0, 20),
(284, 'Guásimos', 'Municipio', 0, 20),
(285, 'Independencia', 'Municipio', 0, 20),
(286, 'Jáuregui', 'Municipio', 0, 20),
(287, 'José María Vargas', 'Municipio', 0, 20),
(288, 'Junín', 'Municipio', 0, 20),
(289, 'Libertad', 'Municipio', 0, 20),
(290, 'Libertador', 'Municipio', 0, 20),
(291, 'Lobatera', 'Municipio', 0, 20),
(292, 'Michelena', 'Municipio', 0, 20),
(293, 'Panamericano', 'Municipio', 0, 20),
(294, 'Pedro María Ureña', 'Municipio', 0, 20),
(295, 'Rafael Urdaneta', 'Municipio', 0, 20),
(296, 'Samuel Darío Maldonado', 'Municipio', 0, 20),
(297, 'San Cristóbal', 'Municipio', 0, 20),
(298, 'Seboruco', 'Municipio', 0, 20),
(299, 'Simón Rodríguez', 'Municipio', 0, 20),
(300, 'Sucre', 'Municipio', 0, 20),
(301, 'Torbes', 'Municipio', 0, 20),
(302, 'Uribante', 'Municipio', 0, 20),
(303, 'San Judas Tadeo', 'Municipio', 0, 20),
(304, 'Andrés Bello', 'Municipio', 0, 21),
(305, 'Boconó', 'Municipio', 0, 21),
(306, 'Bolívar', 'Municipio', 0, 21),
(307, 'Candelaria', 'Municipio', 0, 21),
(308, 'Carache', 'Municipio', 0, 21),
(309, 'Escuque', 'Municipio', 0, 21),
(310, 'José Felipe Márquez Cañizalez', 'Municipio', 0, 21),
(311, 'Juan Vicente Campos Elías', 'Municipio', 0, 21),
(312, 'La Ceiba', 'Municipio', 0, 21),
(313, 'Miranda', 'Municipio', 0, 21),
(314, 'Monte Carmelo', 'Municipio', 0, 21),
(315, 'Motatán', 'Municipio', 0, 21),
(316, 'Pampán', 'Municipio', 0, 21),
(317, 'Pampanito', 'Municipio', 0, 21),
(318, 'Rafael Rangel', 'Municipio', 0, 21),
(319, 'San Rafael de Carvajal', 'Municipio', 0, 21),
(320, 'Sucre', 'Municipio', 0, 21),
(321, 'Trujillo', 'Municipio', 0, 21),
(322, 'Urdaneta', 'Municipio', 0, 21),
(323, 'Valera', 'Municipio', 0, 21),
(324, 'Vargas', 'Municipio', 0, 22),
(325, 'Arístides Bastidas', 'Municipio', 0, 23);
INSERT INTO Lugar (idLugar, nombre, tipo, codigoPostal, Lugar_idLugar) VALUES
(326, 'Bolívar', 'Municipio', 0, 23),
(327, 'Bruzual', 'Municipio', 0, 23),
(328, 'Cocorote', 'Municipio', 0, 23),
(329, 'Independencia', 'Municipio', 0, 23),
(330, 'José Antonio Páez', 'Municipio', 0, 23),
(331, 'La Trinidad', 'Municipio', 0, 23),
(332, 'Manuel Monge', 'Municipio', 0, 23),
(333, 'Nirgua', 'Municipio', 0, 23),
(334, 'Peña', 'Municipio', 0, 23),
(335, 'San Felipe', 'Municipio', 0, 23),
(336, 'Sucre', 'Municipio', 0, 23),
(337, 'Urachiche', 'Municipio', 0, 23),
(338, 'Veroes', 'Municipio', 0, 23),
(339, 'Almirante Padilla', 'Municipio', 0, 24),
(340, 'Baralt', 'Municipio', 0, 24),
(341, 'Cabimas', 'Municipio', 0, 24),
(342, 'Catatumbo', 'Municipio', 0, 24),
(343, 'Colón', 'Municipio', 0, 24),
(344, 'Francisco Javier Pulgar', 'Municipio', 0, 24),
(345, 'Páez', 'Municipio', 0, 24),
(346, 'Jesús Enrique Lossada', 'Municipio', 0, 24),
(347, 'Jesús María Semprún', 'Municipio', 0, 24),
(348, 'La Cañada de Urdaneta', 'Municipio', 0, 24),
(349, 'Lagunillas', 'Municipio', 0, 24),
(350, 'Machiques de Perijá', 'Municipio', 0, 24),
(351, 'Mara', 'Municipio', 0, 24),
(352, 'Maracaibo', 'Municipio', 0, 24),
(353, 'Miranda', 'Municipio', 0, 24),
(354, 'Rosario de Perijá', 'Municipio', 0, 24),
(355, 'San Francisco', 'Municipio', 0, 24),
(356, 'Santa Rita', 'Municipio', 0, 24),
(357, 'Simón Bolívar', 'Municipio', 0, 24),
(358, 'Sucre', 'Municipio', 0, 24),
(359, 'Valmore Rodríguez', 'Municipio', 0, 24),
(360, 'Libertador', 'Municipio', 0, 25);

-- 4. PARROQUIAS (1139)
INSERT INTO Lugar (idLugar, nombre, tipo, codigoPostal, Lugar_idLugar) VALUES
(361, 'Alto Orinoco La Esmeralda', 'Parroquia', 0, 26),
(362, 'Huachamacare Acanaña', 'Parroquia', 0, 26),
(363, 'Marawaka Toky Shamanaña', 'Parroquia', 0, 26),
(364, 'Mavaka Mavaka', 'Parroquia', 0, 26),
(365, 'Sierra Parima Parimabé', 'Parroquia', 0, 26),
(366, 'Ucata Laja Lisa', 'Parroquia', 0, 27),
(367, 'Yapacana Macuruco', 'Parroquia', 0, 27),
(368, 'Caname Guarinuma', 'Parroquia', 0, 27),
(369, 'Fernando Girón Tovar', 'Parroquia', 0, 28),
(370, 'Luis Alberto Gómez', 'Parroquia', 0, 28),
(371, 'Pahueña Limón de Parhueña', 'Parroquia', 0, 28),
(372, 'Platanillal Platanillal', 'Parroquia', 0, 28),
(373, 'Samariapo Samariapo', 'Parroquia', 0, 29),
(374, 'Sipapo Pendare', 'Parroquia', 0, 29),
(375, 'Munduapo Munduapo', 'Parroquia', 0, 29),
(376, 'Guayapo San Pedro del Orinoco', 'Parroquia', 0, 29),
(377, 'Alto Ventuari Cacurí', 'Parroquia', 0, 30),
(378, 'Medio Ventuari Manami', 'Parroquia', 0, 30),
(379, 'Bajo Ventuari Marueta', 'Parroquia', 0, 30),
(380, 'Victorino', 'Parroquia', 0, 31),
(381, 'Comunidad', 'Parroquia', 0, 31),
(382, 'Casiquiare Curimacare', 'Parroquia', 0, 32),
(383, 'Cocuy', 'Parroquia', 0, 32),
(384, 'San Carlos de Río Negro', 'Parroquia', 0, 32),
(385, 'Solano Solano', 'Parroquia', 0, 32),
(386, 'Anaco', 'Parroquia', 0, 33),
(387, 'San Joaquín', 'Parroquia', 0, 33),
(388, 'Cachipo', 'Parroquia', 0, 34),
(389, 'Aragua de Barcelona', 'Parroquia', 0, 34),
(390, 'Bergatín', 'Parroquia', 0, 35),
(391, 'Caigua', 'Parroquia', 0, 35),
(392, 'El Carmen.', 'Parroquia', 0, 35),
(393, 'El Pilar', 'Parroquia', 0, 35),
(394, 'Naricual.', 'Parroquia', 0, 35),
(395, 'San Cristóbal', 'Parroquia', 0, 35),
(396, 'Clarines', 'Parroquia', 0, 36),
(397, 'Guanape', 'Parroquia', 0, 36),
(398, 'Sabana de Uchire', 'Parroquia', 0, 36),
(399, 'Onoto', 'Parroquia', 0, 37),
(400, 'San Pablo', 'Parroquia', 0, 37),
(401, 'Valle de Guanape', 'Parroquia', 0, 38),
(402, 'Santa Bárbara', 'Parroquia', 0, 38),
(403, 'Lechería', 'Parroquia', 0, 39),
(404, 'El Morro', 'Parroquia', 0, 39),
(405, 'Cantaura', 'Parroquia', 0, 40),
(406, 'Libertador', 'Parroquia', 0, 40),
(407, 'Santa Rosa', 'Parroquia', 0, 40),
(408, 'Urica', 'Parroquia', 0, 40),
(409, 'San José de Guanipa', 'Parroquia', 0, 41),
(410, 'Guanta', 'Parroquia', 0, 42);
INSERT INTO Lugar (idLugar, nombre, tipo, codigoPostal, Lugar_idLugar) VALUES
(411, 'Chorrerón', 'Parroquia', 0, 42),
(412, 'Mamo', 'Parroquia', 0, 43),
(413, 'Soledad', 'Parroquia', 0, 43),
(414, 'San Mateo', 'Parroquia', 0, 44),
(415, 'El Carito', 'Parroquia', 0, 44),
(416, 'Santa Inés', 'Parroquia', 0, 44),
(417, 'La Romereña', 'Parroquia', 0, 44),
(418, 'El Chaparro', 'Parroquia', 0, 45),
(419, 'Tomás Alfaro', 'Parroquia', 0, 45),
(420, 'Calatrava', 'Parroquia', 0, 45),
(421, 'Atapirire', 'Parroquia', 0, 46),
(422, 'Boca del Pao', 'Parroquia', 0, 46),
(423, 'El Pao', 'Parroquia', 0, 46),
(424, 'Pariaguán', 'Parroquia', 0, 46),
(425, 'Mapire', 'Parroquia', 0, 47),
(426, 'Piar', 'Parroquia', 0, 47),
(427, 'Santa Clara', 'Parroquia', 0, 47),
(428, 'San Diego de Cabrutica', 'Parroquia', 0, 47),
(429, 'Uverito', 'Parroquia', 0, 47),
(430, 'Zuata', 'Parroquia', 0, 47),
(431, 'Puerto Píritu', 'Parroquia', 0, 48),
(432, 'San Miguel', 'Parroquia', 0, 48),
(433, 'Sucre', 'Parroquia', 0, 48),
(434, 'Píritu', 'Parroquia', 0, 49),
(435, 'San Francisco', 'Parroquia', 0, 49),
(436, 'Boca de Uchire', 'Parroquia', 0, 50),
(437, 'Boca de Chávez', 'Parroquia', 0, 50),
(438, 'Pueblo Nuevo', 'Parroquia', 0, 51),
(439, 'Santa Ana', 'Parroquia', 0, 51),
(440, 'Edmundo Barrios', 'Parroquia', 0, 52),
(441, 'Miguel Otero Silva', 'Parroquia', 0, 52),
(442, 'Puerto La Cruz', 'Parroquia', 0, 53),
(443, 'Pozuelos', 'Parroquia', 0, 53),
(444, 'Achaguas', 'Parroquia', 0, 54),
(445, 'Apurito', 'Parroquia', 0, 54),
(446, 'El Yagual', 'Parroquia', 0, 54),
(447, 'Guachara', 'Parroquia', 0, 54),
(448, 'Mucuritas', 'Parroquia', 0, 54),
(449, 'Queseras del medio', 'Parroquia', 0, 54),
(450, 'Biruaca', 'Parroquia', 0, 55),
(451, 'Bruzual', 'Parroquia', 0, 56),
(452, 'Mantecal', 'Parroquia', 0, 56),
(453, 'Quintero', 'Parroquia', 0, 56),
(454, 'Rincón Hondo', 'Parroquia', 0, 56),
(455, 'San Vicente', 'Parroquia', 0, 56),
(456, 'Guasdualito', 'Parroquia', 0, 57),
(457, 'Aramendi', 'Parroquia', 0, 57),
(458, 'El Amparo', 'Parroquia', 0, 57),
(459, 'San Camilo', 'Parroquia', 0, 57),
(460, 'Urdaneta', 'Parroquia', 0, 57);
INSERT INTO Lugar (idLugar, nombre, tipo, codigoPostal, Lugar_idLugar) VALUES
(461, 'San Juan de Payara', 'Parroquia', 0, 58),
(462, 'Codazzi', 'Parroquia', 0, 58),
(463, 'Cunaviche', 'Parroquia', 0, 58),
(464, 'Elorza', 'Parroquia', 0, 59),
(465, 'La Trinidad', 'Parroquia', 0, 59),
(466, 'San Fernando', 'Parroquia', 0, 60),
(467, 'El Recreo', 'Parroquia', 0, 60),
(468, 'Peñalver', 'Parroquia', 0, 60),
(469, 'San Rafael de Atamaica', 'Parroquia', 0, 60),
(470, 'Bolívar', 'Parroquia', 0, 61),
(471, 'Camatagua', 'Parroquia', 0, 62),
(472, 'Carmen de Cura', 'Parroquia', 0, 62),
(473, 'Santa Rita', 'Parroquia', 0, 63),
(474, 'Francisco de Miranda', 'Parroquia', 0, 63),
(475, 'Moseñor Feliciano González', 'Parroquia', 0, 63),
(476, 'Pedro José Ovalles', 'Parroquia', 0, 64),
(477, 'Joaquín Crespo', 'Parroquia', 0, 64),
(478, 'José Casanova Godoy', 'Parroquia', 0, 64),
(479, 'Madre María de San José', 'Parroquia', 0, 64),
(480, 'Andrés Eloy Blanco', 'Parroquia', 0, 64),
(481, 'Los Tacarigua', 'Parroquia', 0, 64),
(482, 'Las Delicias', 'Parroquia', 0, 64),
(483, 'Choroní', 'Parroquia', 0, 64),
(484, 'Santa Cruz', 'Parroquia', 0, 65),
(485, 'José Félix Ribas', 'Parroquia', 0, 66),
(486, 'Castor Nieves Ríos', 'Parroquia', 0, 66),
(487, 'Las Guacamayas', 'Parroquia', 0, 66),
(488, 'Pao de Zárate', 'Parroquia', 0, 66),
(489, 'Zuata', 'Parroquia', 0, 66),
(490, 'José Rafael Revenga', 'Parroquia', 0, 67),
(491, 'Palo Negro', 'Parroquia', 0, 68),
(492, 'San Martín de Porres', 'Parroquia', 0, 68),
(493, 'El Limón', 'Parroquia', 0, 69),
(494, 'Caña de Azúcar', 'Parroquia', 0, 69),
(495, 'Ocumare de la Costa', 'Parroquia', 0, 70),
(496, 'San Casimiro', 'Parroquia', 0, 71),
(497, 'Güiripa', 'Parroquia', 0, 71),
(498, 'Ollas de Caramacate', 'Parroquia', 0, 71),
(499, 'Valle Morín', 'Parroquia', 0, 71),
(500, 'San Sebastián', 'Parroquia', 0, 72),
(501, 'Turmero', 'Parroquia', 0, 73),
(502, 'Arevalo Aponte', 'Parroquia', 0, 73),
(503, 'Chuao', 'Parroquia', 0, 73),
(504, 'Samán de Güere', 'Parroquia', 0, 73),
(505, 'Alfredo Pacheco Miranda', 'Parroquia', 0, 73),
(506, 'Santos Michelena', 'Parroquia', 0, 74),
(507, 'Tiara', 'Parroquia', 0, 74),
(508, 'Cagua', 'Parroquia', 0, 75),
(509, 'Bella Vista', 'Parroquia', 0, 75),
(510, 'Tovar', 'Parroquia', 0, 76);
INSERT INTO Lugar (idLugar, nombre, tipo, codigoPostal, Lugar_idLugar) VALUES
(511, 'Urdaneta', 'Parroquia', 0, 77),
(512, 'Las Peñitas', 'Parroquia', 0, 77),
(513, 'San Francisco de Cara', 'Parroquia', 0, 77),
(514, 'Taguay', 'Parroquia', 0, 77),
(515, 'Zamora', 'Parroquia', 0, 78),
(516, 'Magdaleno', 'Parroquia', 0, 78),
(517, 'San Francisco de Asís', 'Parroquia', 0, 78),
(518, 'Valles de Tucutunemo', 'Parroquia', 0, 78),
(519, 'Augusto Mijares', 'Parroquia', 0, 78),
(520, 'Sabaneta', 'Parroquia', 0, 79),
(521, 'Juan Antonio Rodríguez Domínguez', 'Parroquia', 0, 79),
(522, 'El Cantón', 'Parroquia', 0, 80),
(523, 'Santa Cruz de Guacas', 'Parroquia', 0, 80),
(524, 'Puerto Vivas', 'Parroquia', 0, 80),
(525, 'Ticoporo', 'Parroquia', 0, 81),
(526, 'Nicolás Pulido', 'Parroquia', 0, 81),
(527, 'Andrés Bello', 'Parroquia', 0, 81),
(528, 'Arismendi', 'Parroquia', 0, 82),
(529, 'Guadarrama', 'Parroquia', 0, 82),
(530, 'La Unión', 'Parroquia', 0, 82),
(531, 'San Antonio', 'Parroquia', 0, 82),
(532, 'Barinas', 'Parroquia', 0, 83),
(533, 'Alberto Arvelo Larriva', 'Parroquia', 0, 83),
(534, 'San Silvestre', 'Parroquia', 0, 83),
(535, 'Santa Inés', 'Parroquia', 0, 83),
(536, 'Santa Lucía', 'Parroquia', 0, 83),
(537, 'Torunos', 'Parroquia', 0, 83),
(538, 'El Carmen', 'Parroquia', 0, 83),
(539, 'Rómulo Betancourt', 'Parroquia', 0, 83),
(540, 'Corazón de Jesús', 'Parroquia', 0, 83),
(541, 'Ramón Ignacio Méndez', 'Parroquia', 0, 83),
(542, 'Alto Barinas', 'Parroquia', 0, 83),
(543, 'Manuel Palacio Fajardo', 'Parroquia', 0, 83),
(544, 'Juan Antonio Rodríguez Domínguez', 'Parroquia', 0, 83),
(545, 'Dominga Ortiz de Páez', 'Parroquia', 0, 83),
(546, 'Barinitas', 'Parroquia', 0, 84),
(547, 'Altamira de Cáceres', 'Parroquia', 0, 84),
(548, 'Calderas', 'Parroquia', 0, 84),
(549, 'Barrancas', 'Parroquia', 0, 85),
(550, 'El Socorro', 'Parroquia', 0, 85),
(551, 'Mazparrito', 'Parroquia', 0, 85),
(552, 'Santa Bárbara', 'Parroquia', 0, 86),
(553, 'Pedro Briceño Méndez', 'Parroquia', 0, 86),
(554, 'Ramón Ignacio Méndez', 'Parroquia', 0, 86),
(555, 'José Ignacio del Pumar', 'Parroquia', 0, 86),
(556, 'Obispos', 'Parroquia', 0, 87),
(557, 'Los Guasimitos', 'Parroquia', 0, 87),
(558, 'El Real', 'Parroquia', 0, 87),
(559, 'La Luz', 'Parroquia', 0, 87),
(560, 'Ciudad Bolívia', 'Parroquia', 0, 88);
INSERT INTO Lugar (idLugar, nombre, tipo, codigoPostal, Lugar_idLugar) VALUES
(561, 'José Ignacio Briceño', 'Parroquia', 0, 88),
(562, 'José Félix Ribas', 'Parroquia', 0, 88),
(563, 'Páez', 'Parroquia', 0, 88),
(564, 'Libertad', 'Parroquia', 0, 89),
(565, 'Dolores', 'Parroquia', 0, 89),
(566, 'Santa Rosa', 'Parroquia', 0, 89),
(567, 'Palacio Fajardo', 'Parroquia', 0, 89),
(568, 'Simón Rodríguez', 'Parroquia', 0, 89),
(569, 'Ciudad de Nutrias', 'Parroquia', 0, 90),
(570, 'El Regalo', 'Parroquia', 0, 90),
(571, 'Puerto Nutrias', 'Parroquia', 0, 90),
(572, 'Santa Catalina', 'Parroquia', 0, 90),
(573, 'Simón Bolívar', 'Parroquia', 0, 90),
(574, 'Raúl Leoni', 'Parroquia', 0, 91),
(575, 'Barceloneta', 'Parroquia', 0, 91),
(576, 'Santa Bárbara', 'Parroquia', 0, 91),
(577, 'San Francisco', 'Parroquia', 0, 91),
(578, 'Cachamay', 'Parroquia', 0, 92),
(579, 'Chirica', 'Parroquia', 0, 92),
(580, 'Dalla Costa', 'Parroquia', 0, 92),
(581, 'Once de Abril', 'Parroquia', 0, 92),
(582, 'Simón Bolívar', 'Parroquia', 0, 92),
(583, 'Unare', 'Parroquia', 0, 92),
(584, 'Universidad', 'Parroquia', 0, 92),
(585, 'Vista al Sol', 'Parroquia', 0, 92),
(586, 'Pozo Verde', 'Parroquia', 0, 92),
(587, 'Yocoima', 'Parroquia', 0, 92),
(588, '5 de Julio', 'Parroquia', 0, 92),
(589, 'Cedeño', 'Parroquia', 0, 93),
(590, 'Altagracia', 'Parroquia', 0, 93),
(591, 'Ascensión Farreras', 'Parroquia', 0, 93),
(592, 'Guaniamo', 'Parroquia', 0, 93),
(593, 'La Urbana', 'Parroquia', 0, 93),
(594, 'Pijiguaos', 'Parroquia', 0, 93),
(595, 'El Callao', 'Parroquia', 0, 94),
(596, 'Gran Sabana', 'Parroquia', 0, 95),
(597, 'Ikabarú', 'Parroquia', 0, 95),
(598, 'Catedral', 'Parroquia', 0, 96),
(599, 'Zea', 'Parroquia', 0, 96),
(600, 'Orinoco', 'Parroquia', 0, 96),
(601, 'José Antonio Páez', 'Parroquia', 0, 96),
(602, 'Marhuanta', 'Parroquia', 0, 96),
(603, 'Agua Salada', 'Parroquia', 0, 96),
(604, 'Vista Hermosa', 'Parroquia', 0, 96),
(605, 'La Sabanita', 'Parroquia', 0, 96),
(606, 'Panapana', 'Parroquia', 0, 96),
(607, 'Andrés Eloy Blanco', 'Parroquia', 0, 97),
(608, 'Pedro Cova', 'Parroquia', 0, 97),
(609, 'Roscio', 'Parroquia', 0, 98),
(610, 'Salóm', 'Parroquia', 0, 98);
INSERT INTO Lugar (idLugar, nombre, tipo, codigoPostal, Lugar_idLugar) VALUES
(611, 'Sifontes', 'Parroquia', 0, 99),
(612, 'Dalla Costa', 'Parroquia', 0, 99),
(613, 'San Isidro', 'Parroquia', 0, 99),
(614, 'Sucre', 'Parroquia', 0, 100),
(615, 'Aripao', 'Parroquia', 0, 100),
(616, 'Guarataro', 'Parroquia', 0, 100),
(617, 'Las Majadas', 'Parroquia', 0, 100),
(618, 'Moitaco', 'Parroquia', 0, 100),
(619, 'Padre Pedro Chien', 'Parroquia', 0, 101),
(620, 'Río Grande', 'Parroquia', 0, 101),
(621, 'Bejuma', 'Parroquia', 0, 102),
(622, 'Canoabo', 'Parroquia', 0, 102),
(623, 'Simón Bolívar', 'Parroquia', 0, 102),
(624, 'Güigüe', 'Parroquia', 0, 103),
(625, 'Carabobo', 'Parroquia', 0, 103),
(626, 'Tacarigua', 'Parroquia', 0, 103),
(627, 'Mariara', 'Parroquia', 0, 104),
(628, 'Aguas Calientes', 'Parroquia', 0, 104),
(629, 'Ciudad Alianza', 'Parroquia', 0, 105),
(630, 'Guacara', 'Parroquia', 0, 105),
(631, 'Yagua', 'Parroquia', 0, 105),
(632, 'Morón', 'Parroquia', 0, 106),
(633, 'Urama', 'Parroquia', 0, 106),
(634, 'Valencia', 'Parroquia', 0, 107),
(635, 'Campo Carabobo', 'Parroquia', 0, 107),
(636, 'Los Guayos', 'Parroquia', 0, 108),
(637, 'Miranda', 'Parroquia', 0, 109),
(638, 'Montalbán', 'Parroquia', 0, 110),
(639, 'Naguanagua', 'Parroquia', 0, 111),
(640, 'Bartolomé Salóm', 'Parroquia', 0, 112),
(641, 'Democracia', 'Parroquia', 0, 112),
(642, 'Fraternidad', 'Parroquia', 0, 112),
(643, 'Goaigoaza', 'Parroquia', 0, 112),
(644, 'Juan José Flores', 'Parroquia', 0, 112),
(645, 'Unión', 'Parroquia', 0, 112),
(646, 'Borburata', 'Parroquia', 0, 112),
(647, 'Patanemo', 'Parroquia', 0, 112),
(648, 'San Diego', 'Parroquia', 0, 113),
(649, 'San Joaquín', 'Parroquia', 0, 114),
(650, 'Urbana Candelaria', 'Parroquia', 0, 115),
(651, 'Urbana Catedral', 'Parroquia', 0, 115),
(652, 'Urbana El Socorro', 'Parroquia', 0, 115),
(653, 'Urbana Miguel Peña', 'Parroquia', 0, 115),
(654, 'Urbana Rafael Urdaneta', 'Parroquia', 0, 115),
(655, 'Urbana San Blas', 'Parroquia', 0, 115),
(656, 'Urbana San José', 'Parroquia', 0, 115),
(657, 'Urbana Santa Rosa', 'Parroquia', 0, 115),
(658, 'No Urbana Negro Primero', 'Parroquia', 0, 115),
(659, 'Cojedes', 'Parroquia', 0, 116),
(660, 'Juan de Mata Suárez', 'Parroquia', 0, 116);
INSERT INTO Lugar (idLugar, nombre, tipo, codigoPostal, Lugar_idLugar) VALUES
(661, 'Tinaquillo', 'Parroquia', 0, 117),
(662, 'El Baúl', 'Parroquia', 0, 118),
(663, 'Sucre', 'Parroquia', 0, 118),
(664, 'La Aguadita', 'Parroquia', 0, 119),
(665, 'Macapo', 'Parroquia', 0, 119),
(666, 'El Pao', 'Parroquia', 0, 120),
(667, 'El Amparo', 'Parroquia', 0, 121),
(668, 'Libertad de Cojedes', 'Parroquia', 0, 121),
(669, 'Rómulo Gallegos', 'Parroquia', 0, 122),
(670, 'San Carlos de Austria', 'Parroquia', 0, 123),
(671, 'Juan Ángel Bravo', 'Parroquia', 0, 123),
(672, 'Manuel Manrique', 'Parroquia', 0, 123),
(673, 'General en Jefe José Laurencio Silva', 'Parroquia', 0, 124),
(674, 'Curiapo', 'Parroquia', 0, 125),
(675, 'Almirante Luis Brión', 'Parroquia', 0, 125),
(676, 'Francisco Aniceto Lugo Boca de Cuyubini', 'Parroquia', 0, 125),
(677, 'Manuel Renaud', 'Parroquia', 0, 125),
(678, 'Padre Barral', 'Parroquia', 0, 125),
(679, 'Santos de Abelgas', 'Parroquia', 0, 125),
(680, 'Imataca Moruca', 'Parroquia', 0, 126),
(681, 'Cinco de Julio Piacoa', 'Parroquia', 0, 126),
(682, 'Juan Bautista Arismendi', 'Parroquia', 0, 126),
(683, 'Manuel Piar Santa Catalina', 'Parroquia', 0, 126),
(684, 'Rómulo Gallegos', 'Parroquia', 0, 126),
(685, 'Pedernales', 'Parroquia', 0, 127),
(686, 'Luis Beltrán Prieto Figueroa', 'Parroquia', 0, 127),
(687, 'San José', 'Parroquia', 0, 128),
(688, 'José Vidal Marcano Caparal de Guara', 'Parroquia', 0, 128),
(689, 'Juan Millán', 'Parroquia', 0, 128),
(690, 'Leonardo Ruíz Pineda Paloma', 'Parroquia', 0, 128),
(691, 'Mariscal Antonio José de Sucre', 'Parroquia', 0, 128),
(692, 'Monseñor Argimiro García San Rafael', 'Parroquia', 0, 128),
(693, 'San Rafael', 'Parroquia', 0, 128),
(694, 'Virgen del Valle', 'Parroquia', 0, 128),
(695, 'Capadare', 'Parroquia', 0, 129),
(696, 'La Pastora', 'Parroquia', 0, 129),
(697, 'Libertador', 'Parroquia', 0, 129),
(698, 'San Juan de los Cayos', 'Parroquia', 0, 129),
(699, 'Aracua', 'Parroquia', 0, 130),
(700, 'La Peña', 'Parroquia', 0, 130),
(701, 'San Luis', 'Parroquia', 0, 130),
(702, 'Bariro', 'Parroquia', 0, 131),
(703, 'Borojó', 'Parroquia', 0, 131),
(704, 'Capatárida', 'Parroquia', 0, 131),
(705, 'Guajiro', 'Parroquia', 0, 131),
(706, 'Seque', 'Parroquia', 0, 131),
(707, 'Zazárida', 'Parroquia', 0, 131),
(708, 'Valle de Eroa', 'Parroquia', 0, 131),
(709, 'Norte', 'Parroquia', 0, 132),
(710, 'Carirubana', 'Parroquia', 0, 132);
INSERT INTO Lugar (idLugar, nombre, tipo, codigoPostal, Lugar_idLugar) VALUES
(711, 'Santa Ana', 'Parroquia', 0, 132),
(712, 'Urbana Punta Cardón', 'Parroquia', 0, 132),
(713, 'La Vela de Coro', 'Parroquia', 0, 133),
(714, 'Acurigua', 'Parroquia', 0, 133),
(715, 'Guaibacoa', 'Parroquia', 0, 133),
(716, 'Las Calderas', 'Parroquia', 0, 133),
(717, 'Macoruca', 'Parroquia', 0, 133),
(718, 'Dabajuro', 'Parroquia', 0, 134),
(719, 'Agua Clara', 'Parroquia', 0, 135),
(720, 'Avaria', 'Parroquia', 0, 135),
(721, 'Pedregal', 'Parroquia', 0, 135),
(722, 'Piedra Grande', 'Parroquia', 0, 135),
(723, 'Purureche', 'Parroquia', 0, 135),
(724, 'Adaure', 'Parroquia', 0, 136),
(725, 'Adícora', 'Parroquia', 0, 136),
(726, 'Baraived', 'Parroquia', 0, 136),
(727, 'Buena Vista', 'Parroquia', 0, 136),
(728, 'Jadacaquiva', 'Parroquia', 0, 136),
(729, 'El Vínculo', 'Parroquia', 0, 136),
(730, 'El Hato', 'Parroquia', 0, 136),
(731, 'Moruy', 'Parroquia', 0, 136),
(732, 'Pueblo Nuevo', 'Parroquia', 0, 136),
(733, 'Agua Larga', 'Parroquia', 0, 137),
(734, 'Churuguara', 'Parroquia', 0, 137),
(735, 'El Paují', 'Parroquia', 0, 137),
(736, 'Independencia', 'Parroquia', 0, 137),
(737, 'Mapararí', 'Parroquia', 0, 137),
(738, 'Agua Linda', 'Parroquia', 0, 138),
(739, 'Araurima', 'Parroquia', 0, 138),
(740, 'Jacura', 'Parroquia', 0, 138),
(741, 'Los Taques', 'Parroquia', 0, 139),
(742, 'Judibana', 'Parroquia', 0, 139),
(743, 'Cacique Manaure', 'Parroquia', 0, 140),
(744, 'Mene de Mauroa', 'Parroquia', 0, 141),
(745, 'San Félix', 'Parroquia', 0, 141),
(746, 'Casigua', 'Parroquia', 0, 141),
(747, 'Guzmán Guillermo', 'Parroquia', 0, 142),
(748, 'Mitare', 'Parroquia', 0, 142),
(749, 'Río Seco', 'Parroquia', 0, 142),
(750, 'Sabaneta', 'Parroquia', 0, 142),
(751, 'San Antonio', 'Parroquia', 0, 142),
(752, 'San Gabriel', 'Parroquia', 0, 142),
(753, 'Santa Ana', 'Parroquia', 0, 142),
(754, 'Boca del Tocuyo', 'Parroquia', 0, 143),
(755, 'Chichiriviche', 'Parroquia', 0, 143),
(756, 'Tocuyo de la Costa', 'Parroquia', 0, 143),
(757, 'Palmasola', 'Parroquia', 0, 144),
(758, 'Cabure', 'Parroquia', 0, 145),
(759, 'Colina', 'Parroquia', 0, 145),
(760, 'Curimagua', 'Parroquia', 0, 145);
INSERT INTO Lugar (idLugar, nombre, tipo, codigoPostal, Lugar_idLugar) VALUES
(761, 'San José de la Costa', 'Parroquia', 0, 146),
(762, 'Píritu', 'Parroquia', 0, 146),
(763, 'Capital San Francisco', 'Parroquia', 0, 147),
(764, 'Sucre', 'Parroquia', 0, 148),
(765, 'Pecaya', 'Parroquia', 0, 148),
(766, 'Tucacas', 'Parroquia', 0, 149),
(767, 'Boca de Aroa', 'Parroquia', 0, 149),
(768, 'Tocópero', 'Parroquia', 0, 150),
(769, 'El Charal', 'Parroquia', 0, 151),
(770, 'Las Vegas del Tuy', 'Parroquia', 0, 151),
(771, 'Santa Cruz de Bucaral', 'Parroquia', 0, 151),
(772, 'Bruzual', 'Parroquia', 0, 152),
(773, 'Urumaco', 'Parroquia', 0, 152),
(774, 'Puerto Cumarebo', 'Parroquia', 0, 153),
(775, 'La Ciénaga', 'Parroquia', 0, 153),
(776, 'La Soledad', 'Parroquia', 0, 153),
(777, 'Pueblo Cumarebo', 'Parroquia', 0, 153),
(778, 'Zazárida', 'Parroquia', 0, 153),
(779, 'Camaguán', 'Parroquia', 0, 154),
(780, 'Puerto Miranda', 'Parroquia', 0, 154),
(781, 'Uverito', 'Parroquia', 0, 154),
(782, 'Chaguaramas', 'Parroquia', 0, 155),
(783, 'El Socorro', 'Parroquia', 0, 156),
(784, 'Valle de la Pascua', 'Parroquia', 0, 157),
(785, 'Espino', 'Parroquia', 0, 157),
(786, 'Las Mercedes', 'Parroquia', 0, 158),
(787, 'Cabruta', 'Parroquia', 0, 158),
(788, 'Santa Rita de Manapire', 'Parroquia', 0, 158),
(789, 'El Sombrero', 'Parroquia', 0, 159),
(790, 'Sosa', 'Parroquia', 0, 159),
(791, 'El Calvario', 'Parroquia', 0, 160),
(792, 'El Rastro', 'Parroquia', 0, 160),
(793, 'Guardatinajas', 'Parroquia', 0, 160),
(794, 'Capital Urbana Calabozo', 'Parroquia', 0, 160),
(795, 'Altagracia de Orituco', 'Parroquia', 0, 161),
(796, 'San Rafael de Orituco', 'Parroquia', 0, 161),
(797, 'San Francisco Javier de Lezama', 'Parroquia', 0, 161),
(798, 'Paso Real de Macaira', 'Parroquia', 0, 161),
(799, 'Carlos Soublette', 'Parroquia', 0, 161),
(800, 'San Francisco de Macaira', 'Parroquia', 0, 161),
(801, 'Libertad de Orituco', 'Parroquia', 0, 161),
(802, 'San José de Tiznados', 'Parroquia', 0, 162),
(803, 'San Francisco de Tiznados', 'Parroquia', 0, 162),
(804, 'San Lorenzo de Tiznados', 'Parroquia', 0, 162),
(805, 'Ortiz', 'Parroquia', 0, 162),
(806, 'Tucupido', 'Parroquia', 0, 163),
(807, 'San Rafael de Laya', 'Parroquia', 0, 163),
(808, 'Cantagallo', 'Parroquia', 0, 164),
(809, 'San Juan de los Morros', 'Parroquia', 0, 164),
(810, 'Parapara', 'Parroquia', 0, 164);
INSERT INTO Lugar (idLugar, nombre, tipo, codigoPostal, Lugar_idLugar) VALUES
(811, 'Guayabal', 'Parroquia', 0, 165),
(812, 'Cazorla', 'Parroquia', 0, 165),
(813, 'San José de Guaribe', 'Parroquia', 0, 166),
(814, 'Uveral', 'Parroquia', 0, 166),
(815, 'Santa María de Ipire', 'Parroquia', 0, 167),
(816, 'Altamira', 'Parroquia', 0, 167),
(817, 'Unare', 'Parroquia', 0, 168),
(818, 'Zaraza', 'Parroquia', 0, 168),
(819, 'Quebrada Honda de Guache', 'Parroquia', 0, 169),
(820, 'Pío Tamayo', 'Parroquia', 0, 169),
(821, 'Yacambú', 'Parroquia', 0, 169),
(822, 'Freitez', 'Parroquia', 0, 170),
(823, 'José María Blanco', 'Parroquia', 0, 170),
(824, 'Catedral', 'Parroquia', 0, 171),
(825, 'Concepción', 'Parroquia', 0, 171),
(826, 'El Cují', 'Parroquia', 0, 171),
(827, 'Juan de Villegas', 'Parroquia', 0, 171),
(828, 'Santa Rosa', 'Parroquia', 0, 171),
(829, 'Tamaca', 'Parroquia', 0, 171),
(830, 'Unión', 'Parroquia', 0, 171),
(831, 'Aguedo Felipe Alvarado', 'Parroquia', 0, 171),
(832, 'Buena Vista', 'Parroquia', 0, 171),
(833, 'Juárez', 'Parroquia', 0, 171),
(834, 'Juan Bautista Rodríguez', 'Parroquia', 0, 172),
(835, 'Cuara', 'Parroquia', 0, 172),
(836, 'Diego de Lozada', 'Parroquia', 0, 172),
(837, 'Paraíso de San José', 'Parroquia', 0, 172),
(838, 'San Miguel', 'Parroquia', 0, 172),
(839, 'Tintorero', 'Parroquia', 0, 172),
(840, 'José Bernardo Dorante', 'Parroquia', 0, 172),
(841, 'Coronel Mariano Peraza', 'Parroquia', 0, 172),
(842, 'Anzoátegui', 'Parroquia', 0, 173),
(843, 'Bolívar', 'Parroquia', 0, 173),
(844, 'Guárico', 'Parroquia', 0, 173),
(845, 'Hilario Luna y Luna', 'Parroquia', 0, 173),
(846, 'Humocaro Bajo', 'Parroquia', 0, 173),
(847, 'Humocaro Alto', 'Parroquia', 0, 173),
(848, 'La Candelaria', 'Parroquia', 0, 173),
(849, 'Morán', 'Parroquia', 0, 173),
(850, 'Cabudare', 'Parroquia', 0, 174),
(851, 'José Gregorio Bastidas', 'Parroquia', 0, 174),
(852, 'Agua Viva', 'Parroquia', 0, 174),
(853, 'Buría', 'Parroquia', 0, 175),
(854, 'Gustavo Vega', 'Parroquia', 0, 175),
(855, 'Sarare', 'Parroquia', 0, 175),
(856, 'Altagracia', 'Parroquia', 0, 176),
(857, 'Antonio Díaz', 'Parroquia', 0, 176),
(858, 'Camacaro', 'Parroquia', 0, 176),
(859, 'Castañeda', 'Parroquia', 0, 176),
(860, 'Cecilio Zubillaga', 'Parroquia', 0, 176);
INSERT INTO Lugar (idLugar, nombre, tipo, codigoPostal, Lugar_idLugar) VALUES
(861, 'Chiquinquira', 'Parroquia', 0, 176),
(862, 'El Blanco', 'Parroquia', 0, 176),
(863, 'Espinoza de los Monteros', 'Parroquia', 0, 176),
(864, 'Heriberto Arrollo', 'Parroquia', 0, 176),
(865, 'Lara', 'Parroquia', 0, 176),
(866, 'Las Mercedes', 'Parroquia', 0, 176),
(867, 'Manuel Morillo', 'Parroquia', 0, 176),
(868, 'Montaña Verde', 'Parroquia', 0, 176),
(869, 'Montes de Oca', 'Parroquia', 0, 176),
(870, 'Reyes de Vargas', 'Parroquia', 0, 176),
(871, 'Torres', 'Parroquia', 0, 176),
(872, 'Trinidad Samuel', 'Parroquia', 0, 176),
(873, 'Siquisique', 'Parroquia', 0, 177),
(874, 'San Miguel', 'Parroquia', 0, 177),
(875, 'Moroturo', 'Parroquia', 0, 177),
(876, 'Xaguas', 'Parroquia', 0, 177),
(877, 'Presidente Betancourt', 'Parroquia', 0, 178),
(878, 'Presidente Páez', 'Parroquia', 0, 178),
(879, 'Presidente Rómulo Gallegos', 'Parroquia', 0, 178),
(880, 'Gabriel Picón González', 'Parroquia', 0, 178),
(881, 'Héctor Amable Mora', 'Parroquia', 0, 178),
(882, 'José Nucete Sardi', 'Parroquia', 0, 178),
(883, 'Pulido Méndez', 'Parroquia', 0, 178),
(884, 'La Azulita', 'Parroquia', 0, 179),
(885, 'Santa Cruz de Mora', 'Parroquia', 0, 180),
(886, 'Mesa Bolívar', 'Parroquia', 0, 180),
(887, 'Mesa de Las Palmas', 'Parroquia', 0, 180),
(888, 'Aricagua', 'Parroquia', 0, 181),
(889, 'San Antonio', 'Parroquia', 0, 181),
(890, 'Canagua', 'Parroquia', 0, 182),
(891, 'Capurí', 'Parroquia', 0, 182),
(892, 'Chacantá', 'Parroquia', 0, 182),
(893, 'El Molino', 'Parroquia', 0, 182),
(894, 'Guaimaral', 'Parroquia', 0, 182),
(895, 'Mucutuy', 'Parroquia', 0, 182),
(896, 'Mucuchachí', 'Parroquia', 0, 182),
(897, 'Fernández Peña', 'Parroquia', 0, 183),
(898, 'Matriz', 'Parroquia', 0, 183),
(899, 'Montalbán', 'Parroquia', 0, 183),
(900, 'Acequias', 'Parroquia', 0, 183),
(901, 'Jají', 'Parroquia', 0, 183),
(902, 'La Mesa', 'Parroquia', 0, 183),
(903, 'San José del Sur', 'Parroquia', 0, 183),
(904, 'Tucaní', 'Parroquia', 0, 184),
(905, 'Florencio Ramírez', 'Parroquia', 0, 184),
(906, 'Santo Domingo', 'Parroquia', 0, 185),
(907, 'Las Piedras', 'Parroquia', 0, 185),
(908, 'Guaraque', 'Parroquia', 0, 186),
(909, 'Mesa de Quintero', 'Parroquia', 0, 186),
(910, 'Río Negro', 'Parroquia', 0, 186);
INSERT INTO Lugar (idLugar, nombre, tipo, codigoPostal, Lugar_idLugar) VALUES
(911, 'Arapuey', 'Parroquia', 0, 187),
(912, 'Palmira', 'Parroquia', 0, 187),
(913, 'San Cristóbal de Torondoy', 'Parroquia', 0, 188),
(914, 'Torondoy', 'Parroquia', 0, 188),
(915, 'Antonio Spinetti Dini', 'Parroquia', 0, 189),
(916, 'Arias', 'Parroquia', 0, 189),
(917, 'Caracciolo Parra Pérez', 'Parroquia', 0, 189),
(918, 'Domingo Peña', 'Parroquia', 0, 189),
(919, 'El Llano', 'Parroquia', 0, 189),
(920, 'Gonzalo Picón Febres', 'Parroquia', 0, 189),
(921, 'Jacinto Plaza', 'Parroquia', 0, 189),
(922, 'Juan Rodríguez Suárez', 'Parroquia', 0, 189),
(923, 'Lasso de la Vega', 'Parroquia', 0, 189),
(924, 'Mariano Picón Salas', 'Parroquia', 0, 189),
(925, 'Milla', 'Parroquia', 0, 189),
(926, 'Osuna Rodríguez', 'Parroquia', 0, 189),
(927, 'Sagrario', 'Parroquia', 0, 189),
(928, 'El Morro', 'Parroquia', 0, 189),
(929, 'Los Nevados', 'Parroquia', 0, 189),
(930, 'Andrés Eloy Blanco', 'Parroquia', 0, 190),
(931, 'La Venta', 'Parroquia', 0, 190),
(932, 'Piñango', 'Parroquia', 0, 190),
(933, 'Timotes', 'Parroquia', 0, 190),
(934, 'Eloy Paredes', 'Parroquia', 0, 191),
(935, 'San Rafael de Alcázar', 'Parroquia', 0, 191),
(936, 'Santa Elena de Arenales', 'Parroquia', 0, 191),
(937, 'Santa María de Caparo', 'Parroquia', 0, 192),
(938, 'Pueblo Llano', 'Parroquia', 0, 193),
(939, 'Cacute', 'Parroquia', 0, 194),
(940, 'La Toma', 'Parroquia', 0, 194),
(941, 'Mucuchíes', 'Parroquia', 0, 194),
(942, 'Mucurubá', 'Parroquia', 0, 194),
(943, 'San Rafael', 'Parroquia', 0, 194),
(944, 'Gerónimo Maldonado', 'Parroquia', 0, 195),
(945, 'Bailadores', 'Parroquia', 0, 195),
(946, 'Tabay', 'Parroquia', 0, 196),
(947, 'Chiguará', 'Parroquia', 0, 197),
(948, 'Estánquez', 'Parroquia', 0, 197),
(949, 'Lagunillas', 'Parroquia', 0, 197),
(950, 'La Trampa', 'Parroquia', 0, 197),
(951, 'Pueblo Nuevo del Sur', 'Parroquia', 0, 197),
(952, 'San Juan', 'Parroquia', 0, 197),
(953, 'El Amparo', 'Parroquia', 0, 198),
(954, 'El Llano', 'Parroquia', 0, 198),
(955, 'San Francisco', 'Parroquia', 0, 198),
(956, 'Tovar', 'Parroquia', 0, 198),
(957, 'Independencia', 'Parroquia', 0, 199),
(958, 'María de la Concepción Palacios Blanco', 'Parroquia', 0, 199),
(959, 'Nueva Bolivia', 'Parroquia', 0, 199),
(960, 'Santa Apolonia', 'Parroquia', 0, 199);
INSERT INTO Lugar (idLugar, nombre, tipo, codigoPostal, Lugar_idLugar) VALUES
(961, 'Caño El Tigre', 'Parroquia', 0, 200),
(962, 'Zea', 'Parroquia', 0, 200),
(963, 'Aragüita', 'Parroquia', 0, 201),
(964, 'Arévalo González', 'Parroquia', 0, 201),
(965, 'Capaya', 'Parroquia', 0, 201),
(966, 'Caucagua', 'Parroquia', 0, 201),
(967, 'Panaquire', 'Parroquia', 0, 201),
(968, 'Ribas', 'Parroquia', 0, 201),
(969, 'El Café', 'Parroquia', 0, 201),
(970, 'Marizapa', 'Parroquia', 0, 201),
(971, 'Cumbo', 'Parroquia', 0, 202),
(972, 'San José de Barlovento', 'Parroquia', 0, 202),
(973, 'El Cafetal', 'Parroquia', 0, 203),
(974, 'Las Minas', 'Parroquia', 0, 203),
(975, 'Nuestra Señora del Rosario', 'Parroquia', 0, 203),
(976, 'Higuerote', 'Parroquia', 0, 204),
(977, 'Curiepe', 'Parroquia', 0, 204),
(978, 'Tacarigua de Brión', 'Parroquia', 0, 204),
(979, 'Mamporal', 'Parroquia', 0, 205),
(980, 'Carrizal', 'Parroquia', 0, 206),
(981, 'Chacao', 'Parroquia', 0, 207),
(982, 'Charallave', 'Parroquia', 0, 208),
(983, 'Las Brisas', 'Parroquia', 0, 208),
(984, 'El Hatillo', 'Parroquia', 0, 209),
(985, 'Altagracia de la Montaña', 'Parroquia', 0, 210),
(986, 'Cecilio Acosta', 'Parroquia', 0, 210),
(987, 'Los Teques', 'Parroquia', 0, 210),
(988, 'El Jarillo', 'Parroquia', 0, 210),
(989, 'San Pedro.', 'Parroquia', 0, 210),
(990, 'Tácata', 'Parroquia', 0, 210),
(991, 'Paracotos', 'Parroquia', 0, 210),
(992, 'Cartanal', 'Parroquia', 0, 211),
(993, 'Santa Teresa del Tuy', 'Parroquia', 0, 211),
(994, 'La Democracia', 'Parroquia', 0, 212),
(995, 'Ocumare del Tuy', 'Parroquia', 0, 212),
(996, 'Santa Bárbara', 'Parroquia', 0, 212),
(997, 'San Antonio de los Altos', 'Parroquia', 0, 213),
(998, 'Río Chico', 'Parroquia', 0, 214),
(999, 'El Guapo', 'Parroquia', 0, 214),
(1000, 'Tacarigua de la Laguna', 'Parroquia', 0, 214),
(1001, 'Paparo', 'Parroquia', 0, 214),
(1002, 'San Fernando del Guapo', 'Parroquia', 0, 214),
(1003, 'Santa Lucía del Tuy', 'Parroquia', 0, 215),
(1004, 'Cúpira', 'Parroquia', 0, 216),
(1005, 'Machurucuto', 'Parroquia', 0, 216),
(1006, 'Guarenas', 'Parroquia', 0, 217),
(1007, 'San Antonio de Yare', 'Parroquia', 0, 218),
(1008, 'San Francisco de Yare', 'Parroquia', 0, 218),
(1009, 'Leoncio Martínez', 'Parroquia', 0, 219),
(1010, 'Petare', 'Parroquia', 0, 219);
INSERT INTO Lugar (idLugar, nombre, tipo, codigoPostal, Lugar_idLugar) VALUES
(1011, 'Caucagüita', 'Parroquia', 0, 219),
(1012, 'Filas de Mariche', 'Parroquia', 0, 219),
(1013, 'La Dolorita', 'Parroquia', 0, 219),
(1014, 'Cúa', 'Parroquia', 0, 220),
(1015, 'Nueva Cúa', 'Parroquia', 0, 220),
(1016, 'Guatire', 'Parroquia', 0, 221),
(1017, 'Bolívar', 'Parroquia', 0, 221),
(1018, 'San Antonio de Maturín', 'Parroquia', 0, 222),
(1019, 'San Francisco de Maturín', 'Parroquia', 0, 222),
(1020, 'Aguasay', 'Parroquia', 0, 223),
(1021, 'Caripito', 'Parroquia', 0, 224),
(1022, 'El Guácharo', 'Parroquia', 0, 225),
(1023, 'La Guanota', 'Parroquia', 0, 225),
(1024, 'Sabana de Piedra', 'Parroquia', 0, 225),
(1025, 'San Agustín', 'Parroquia', 0, 225),
(1026, 'Teresen', 'Parroquia', 0, 225),
(1027, 'Caripe', 'Parroquia', 0, 225),
(1028, 'Areo', 'Parroquia', 0, 226),
(1029, 'Capital Cedeño', 'Parroquia', 0, 226),
(1030, 'San Félix de Cantalicio', 'Parroquia', 0, 226),
(1031, 'Viento Fresco', 'Parroquia', 0, 226),
(1032, 'El Tejero', 'Parroquia', 0, 227),
(1033, 'Punta de Mata', 'Parroquia', 0, 227),
(1034, 'Chaguaramas', 'Parroquia', 0, 228),
(1035, 'Las Alhuacas', 'Parroquia', 0, 228),
(1036, 'Tabasca', 'Parroquia', 0, 228),
(1037, 'Temblador', 'Parroquia', 0, 228),
(1038, 'Alto de los Godos', 'Parroquia', 0, 229),
(1039, 'Boquerón', 'Parroquia', 0, 229),
(1040, 'Las Cocuizas', 'Parroquia', 0, 229),
(1041, 'La Cruz', 'Parroquia', 0, 229),
(1042, 'San Simón', 'Parroquia', 0, 229),
(1043, 'El Corozo', 'Parroquia', 0, 229),
(1044, 'El Furrial', 'Parroquia', 0, 229),
(1045, 'Jusepín', 'Parroquia', 0, 229),
(1046, 'La Pica', 'Parroquia', 0, 229),
(1047, 'San Vicente', 'Parroquia', 0, 229),
(1048, 'Aparicio', 'Parroquia', 0, 230),
(1049, 'Aragua de Maturín', 'Parroquia', 0, 230),
(1050, 'Chaguamal', 'Parroquia', 0, 230),
(1051, 'El Pinto', 'Parroquia', 0, 230),
(1052, 'Guanaguana', 'Parroquia', 0, 230),
(1053, 'La Toscana', 'Parroquia', 0, 230),
(1054, 'Taguaya', 'Parroquia', 0, 230),
(1055, 'Cachipo', 'Parroquia', 0, 231),
(1056, 'Quiriquire', 'Parroquia', 0, 231),
(1057, 'Santa Bárbara', 'Parroquia', 0, 232),
(1058, 'Barrancas', 'Parroquia', 0, 233),
(1059, 'Los Barrancos de Fajardo', 'Parroquia', 0, 233),
(1060, 'Uracoa', 'Parroquia', 0, 234);
INSERT INTO Lugar (idLugar, nombre, tipo, codigoPostal, Lugar_idLugar) VALUES
(1061, 'Antolín del Campo', 'Parroquia', 0, 235),
(1062, 'Arismendi', 'Parroquia', 0, 236),
(1063, 'San Juan Bautista', 'Parroquia', 0, 237),
(1064, 'Zabala', 'Parroquia', 0, 237),
(1065, 'García', 'Parroquia', 0, 238),
(1066, 'Francisco Fajardo', 'Parroquia', 0, 238),
(1067, 'Bolívar', 'Parroquia', 0, 239),
(1068, 'Guevara', 'Parroquia', 0, 239),
(1069, 'Cerro de Matasiete', 'Parroquia', 0, 239),
(1070, 'Santa Ana', 'Parroquia', 0, 239),
(1071, 'Sucre', 'Parroquia', 0, 239),
(1072, 'Aguirre', 'Parroquia', 0, 240),
(1073, 'Maneiro', 'Parroquia', 0, 240),
(1074, 'Adrián', 'Parroquia', 0, 241),
(1075, 'Juan Griego', 'Parroquia', 0, 241),
(1076, 'Yaguaraparo', 'Parroquia', 0, 241),
(1077, 'Porlamar', 'Parroquia', 0, 242),
(1078, 'San Francisco de Macanao', 'Parroquia', 0, 243),
(1079, 'Boca de Río', 'Parroquia', 0, 243),
(1080, 'Tubores', 'Parroquia', 0, 244),
(1081, 'Los Barales', 'Parroquia', 0, 244),
(1082, 'Vicente Fuentes', 'Parroquia', 0, 245),
(1083, 'Villalba', 'Parroquia', 0, 245),
(1084, 'Agua Blanca', 'Parroquia', 0, 246),
(1085, 'Araure', 'Parroquia', 0, 247),
(1086, 'Río Acarigua', 'Parroquia', 0, 247),
(1087, 'Píritu', 'Parroquia', 0, 248),
(1088, 'Uveral', 'Parroquia', 0, 248),
(1089, 'Cordova', 'Parroquia', 0, 249),
(1090, 'Guanare', 'Parroquia', 0, 249),
(1091, 'San José de la Montaña', 'Parroquia', 0, 249),
(1092, 'San Juan de Guanaguanare', 'Parroquia', 0, 249),
(1093, 'Virgen de Coromoto', 'Parroquia', 0, 249),
(1094, 'Guanarito', 'Parroquia', 0, 250),
(1095, 'Trinidad de la Capilla', 'Parroquia', 0, 250),
(1096, 'Divina Pastora', 'Parroquia', 0, 250),
(1097, 'Peña Blanca', 'Parroquia', 0, 251),
(1098, 'Aparición', 'Parroquia', 0, 252),
(1099, 'La Estación', 'Parroquia', 0, 252),
(1100, 'Ospino', 'Parroquia', 0, 252),
(1101, 'Acarigua', 'Parroquia', 0, 253),
(1102, 'Payara', 'Parroquia', 0, 253),
(1103, 'Pimpinela', 'Parroquia', 0, 253),
(1104, 'Ramón Peraza', 'Parroquia', 0, 253),
(1105, 'Caño Delgadito', 'Parroquia', 0, 254),
(1106, 'Papelón', 'Parroquia', 0, 254),
(1107, 'Antolín Tovar Anquino', 'Parroquia', 0, 255),
(1108, 'Boconoíto', 'Parroquia', 0, 255),
(1109, 'Santa Fé', 'Parroquia', 0, 256),
(1110, 'San Rafael de Onoto', 'Parroquia', 0, 256);
INSERT INTO Lugar (idLugar, nombre, tipo, codigoPostal, Lugar_idLugar) VALUES
(1111, 'Thermo Morales', 'Parroquia', 0, 256),
(1112, 'Florida', 'Parroquia', 0, 257),
(1113, 'El Playón', 'Parroquia', 0, 257),
(1114, 'Biscucuy', 'Parroquia', 0, 258),
(1115, 'Concepción', 'Parroquia', 0, 258),
(1116, 'San José de Saguaz', 'Parroquia', 0, 258),
(1117, 'San Rafael de Palo Alzado', 'Parroquia', 0, 258),
(1118, 'Uvencio Antonio Velásquez', 'Parroquia', 0, 258),
(1119, 'Villa Rosa', 'Parroquia', 0, 258),
(1120, 'Canelones', 'Parroquia', 0, 259),
(1121, 'Santa Cruz', 'Parroquia', 0, 259),
(1122, 'San Isidro Labrador', 'Parroquia', 0, 259),
(1123, 'Mariño', 'Parroquia', 0, 260),
(1124, 'Rómulo Gallegos', 'Parroquia', 0, 260),
(1125, 'San José de Aerocuar', 'Parroquia', 0, 261),
(1126, 'Tavera Acosta', 'Parroquia', 0, 261),
(1127, 'Río Caribe', 'Parroquia', 0, 262),
(1128, 'Antonio José de Sucre', 'Parroquia', 0, 262),
(1129, 'El Morro de Puerto Santo', 'Parroquia', 0, 262),
(1130, 'Puerto Santo', 'Parroquia', 0, 262),
(1131, 'San Juan de las Galdonas', 'Parroquia', 0, 262),
(1132, 'El Pilar', 'Parroquia', 0, 263),
(1133, 'El Rincón', 'Parroquia', 0, 263),
(1134, 'General Francisco Antonio Váquez', 'Parroquia', 0, 263),
(1135, 'Guaraúnos', 'Parroquia', 0, 263),
(1136, 'Tunapuicito', 'Parroquia', 0, 263),
(1137, 'Unión', 'Parroquia', 0, 263),
(1138, 'Santa Catalina', 'Parroquia', 0, 264),
(1139, 'Santa Rosa', 'Parroquia', 0, 264),
(1140, 'Santa Teresa', 'Parroquia', 0, 264),
(1141, 'Bolívar', 'Parroquia', 0, 264),
(1142, 'Maracapana', 'Parroquia', 0, 264),
(1143, 'Libertad', 'Parroquia', 0, 266),
(1144, 'El Paujil', 'Parroquia', 0, 266),
(1145, 'Yaguaraparo', 'Parroquia', 0, 266),
(1146, 'Cruz Salmerón Acosta', 'Parroquia', 0, 267),
(1147, 'Chacopata', 'Parroquia', 0, 267),
(1148, 'Manicuare', 'Parroquia', 0, 267),
(1149, 'Tunapuy', 'Parroquia', 0, 268),
(1150, 'Campo Elías', 'Parroquia', 0, 268),
(1151, 'Irapa', 'Parroquia', 0, 269),
(1152, 'Campo Claro', 'Parroquia', 0, 269),
(1153, 'Maraval', 'Parroquia', 0, 269),
(1154, 'San Antonio de Irapa', 'Parroquia', 0, 269),
(1155, 'Soro', 'Parroquia', 0, 269),
(1156, 'Mejía', 'Parroquia', 0, 270),
(1157, 'Cumanacoa', 'Parroquia', 0, 271),
(1158, 'Arenas', 'Parroquia', 0, 271),
(1159, 'Aricagua', 'Parroquia', 0, 271),
(1160, 'Cocollar', 'Parroquia', 0, 271);
INSERT INTO Lugar (idLugar, nombre, tipo, codigoPostal, Lugar_idLugar) VALUES
(1161, 'San Fernando', 'Parroquia', 0, 271),
(1162, 'San Lorenzo', 'Parroquia', 0, 271),
(1163, 'Villa Frontado (Muelle de Cariaco)', 'Parroquia', 0, 272),
(1164, 'Catuaro', 'Parroquia', 0, 272),
(1165, 'Rendón', 'Parroquia', 0, 272),
(1166, 'San Cruz', 'Parroquia', 0, 272),
(1167, 'Santa María', 'Parroquia', 0, 272),
(1168, 'Altagracia Cumaná', 'Parroquia', 0, 273),
(1169, 'Santa Inés Cumaná', 'Parroquia', 0, 273),
(1170, 'Valentín Valiente Cumaná', 'Parroquia', 0, 273),
(1171, 'Ayacucho Cumaná', 'Parroquia', 0, 273),
(1172, 'San Juan', 'Parroquia', 0, 273),
(1173, 'Raúl Leoni', 'Parroquia', 0, 273),
(1174, 'Gran Mariscal', 'Parroquia', 0, 273),
(1175, 'Cristóbal Colón', 'Parroquia', 0, 274),
(1176, 'Bideau', 'Parroquia', 0, 274),
(1177, 'Punta de Piedras', 'Parroquia', 0, 274),
(1178, 'Güiria', 'Parroquia', 0, 274),
(1179, 'Andrés Bello', 'Parroquia', 0, 275),
(1180, 'Antonio Rómulo Costa', 'Parroquia', 0, 276),
(1181, 'Ayacucho', 'Parroquia', 0, 277),
(1182, 'Rivas Berti', 'Parroquia', 0, 277),
(1183, 'San Pedro del Río', 'Parroquia', 0, 277),
(1184, 'Bolívar', 'Parroquia', 0, 278),
(1185, 'Palotal', 'Parroquia', 0, 278),
(1186, 'General Juan Vicente Gómez', 'Parroquia', 0, 278),
(1187, 'Isaías Medina Angarita', 'Parroquia', 0, 278),
(1188, 'Cárdenas', 'Parroquia', 0, 279),
(1189, 'Amenodoro Rangel Lamus', 'Parroquia', 0, 279),
(1190, 'La Florida', 'Parroquia', 0, 279),
(1191, 'Córdoba', 'Parroquia', 0, 280),
(1192, 'Fernández Feo', 'Parroquia', 0, 281),
(1193, 'Alberto Adriani', 'Parroquia', 0, 281),
(1194, 'Santo Domingo', 'Parroquia', 0, 281),
(1195, 'Francisco de Miranda', 'Parroquia', 0, 282),
(1196, 'García de Hevia', 'Parroquia', 0, 283),
(1197, 'Boca de Grita', 'Parroquia', 0, 283),
(1198, 'José Antonio Páez', 'Parroquia', 0, 283),
(1199, 'Guásimos', 'Parroquia', 0, 284),
(1200, 'Independencia', 'Parroquia', 0, 285),
(1201, 'Juan Germán Roscio', 'Parroquia', 0, 285),
(1202, 'Román Cárdenas', 'Parroquia', 0, 285),
(1203, 'Jáuregui', 'Parroquia', 0, 286),
(1204, 'Emilio Constantino Guerrero', 'Parroquia', 0, 286),
(1205, 'Monseñor Miguel Antonio Salas', 'Parroquia', 0, 286),
(1206, 'José María Vargas', 'Parroquia', 0, 287),
(1207, 'Junín', 'Parroquia', 0, 288),
(1208, 'La Petrólea', 'Parroquia', 0, 288),
(1209, 'Quinimarí', 'Parroquia', 0, 288),
(1210, 'Bramón', 'Parroquia', 0, 288);
INSERT INTO Lugar (idLugar, nombre, tipo, codigoPostal, Lugar_idLugar) VALUES
(1211, 'Libertad', 'Parroquia', 0, 289),
(1212, 'Cipriano Castro', 'Parroquia', 0, 289),
(1213, 'Manuel Felipe Rugeles', 'Parroquia', 0, 289),
(1214, 'Capital Libertador', 'Parroquia', 0, 290),
(1215, 'Doradas', 'Parroquia', 0, 290),
(1216, 'Emeterio Ochoa', 'Parroquia', 0, 290),
(1217, 'San Joaquín de Navay', 'Parroquia', 0, 290),
(1218, 'Lobatera', 'Parroquia', 0, 291),
(1219, 'Constitución', 'Parroquia', 0, 291),
(1220, 'Michelena', 'Parroquia', 0, 292),
(1221, 'Panamericano', 'Parroquia', 0, 293),
(1222, 'La Palmita', 'Parroquia', 0, 293),
(1223, 'Pedro María Ureña', 'Parroquia', 0, 294),
(1224, 'Nueva Arcadia', 'Parroquia', 0, 294),
(1225, 'Delicias', 'Parroquia', 0, 295),
(1226, 'Pecaya', 'Parroquia', 0, 295),
(1227, 'Samuel Darío Maldonado', 'Parroquia', 0, 296),
(1228, 'Boconó', 'Parroquia', 0, 296),
(1229, 'Hernández', 'Parroquia', 0, 296),
(1230, 'La Concordia', 'Parroquia', 0, 297),
(1231, 'San Juan Bautista', 'Parroquia', 0, 297),
(1232, 'Pedro María Morantes', 'Parroquia', 0, 297),
(1233, 'San Sebastián', 'Parroquia', 0, 297),
(1234, 'Dr. Francisco Romero Lobo', 'Parroquia', 0, 297),
(1235, 'Seboruco', 'Parroquia', 0, 298),
(1236, 'Simón Rodríguez', 'Parroquia', 0, 299),
(1237, 'Sucre', 'Parroquia', 0, 300),
(1238, 'Eleazar López Contreras', 'Parroquia', 0, 300),
(1239, 'San Pablo', 'Parroquia', 0, 300),
(1240, 'San José Obrero', 'Parroquia', 0, 301),
(1241, 'San Juan Eudes', 'Parroquia', 0, 301),
(1242, 'Uribante', 'Parroquia', 0, 302),
(1243, 'Cárdenas', 'Parroquia', 0, 302),
(1244, 'Juan Pablo Peñalosa', 'Parroquia', 0, 302),
(1245, 'Potosí', 'Parroquia', 0, 302),
(1246, 'San Judas Tadeo', 'Parroquia', 0, 303),
(1247, 'Araguaney', 'Parroquia', 0, 304),
(1248, 'El Jaguito', 'Parroquia', 0, 304),
(1249, 'La Esperanza', 'Parroquia', 0, 304),
(1250, 'Santa Isabel', 'Parroquia', 0, 304),
(1251, 'Boconó', 'Parroquia', 0, 305),
(1252, 'El Carmen', 'Parroquia', 0, 305),
(1253, 'Mosquey', 'Parroquia', 0, 305),
(1254, 'Ayacucho', 'Parroquia', 0, 305),
(1255, 'Burbusay', 'Parroquia', 0, 305),
(1256, 'General Ribas', 'Parroquia', 0, 305),
(1257, 'Guaramacal', 'Parroquia', 0, 305),
(1258, 'Vega de Guaramacal', 'Parroquia', 0, 305),
(1259, 'Monseñor Jáuregui', 'Parroquia', 0, 305),
(1260, 'Rafael Rangel', 'Parroquia', 0, 305);
INSERT INTO Lugar (idLugar, nombre, tipo, codigoPostal, Lugar_idLugar) VALUES
(1261, 'San Miguel', 'Parroquia', 0, 305),
(1262, 'San José', 'Parroquia', 0, 305),
(1263, 'Sabana Grande', 'Parroquia', 0, 306),
(1264, 'Cheregüé', 'Parroquia', 0, 306),
(1265, 'Granados', 'Parroquia', 0, 306),
(1266, 'Arnoldo Gabaldón', 'Parroquia', 0, 307),
(1267, 'Bolivia', 'Parroquia', 0, 307),
(1268, 'Carrillo', 'Parroquia', 0, 307),
(1269, 'Cegarra', 'Parroquia', 0, 307),
(1270, 'Chejendé', 'Parroquia', 0, 307),
(1271, 'Manuel Salvador Ulloa', 'Parroquia', 0, 307),
(1272, 'San José', 'Parroquia', 0, 307),
(1273, 'Carache', 'Parroquia', 0, 308),
(1274, 'La Concepción', 'Parroquia', 0, 308),
(1275, 'Cuicas', 'Parroquia', 0, 308),
(1276, 'Panamericana', 'Parroquia', 0, 308),
(1277, 'Santa Cruz', 'Parroquia', 0, 308),
(1278, 'Escuque', 'Parroquia', 0, 309),
(1279, 'La Unión (El Alto Escuque)', 'Parroquia', 0, 309),
(1280, 'Santa Rita', 'Parroquia', 0, 309),
(1281, 'Sabana Libre', 'Parroquia', 0, 309),
(1282, 'El Socorro', 'Parroquia', 0, 310),
(1283, 'Los Caprichos', 'Parroquia', 0, 310),
(1284, 'Antonio José de Sucre', 'Parroquia', 0, 310),
(1285, 'Campo Elías', 'Parroquia', 0, 311),
(1286, 'Arnoldo Gabaldón', 'Parroquia', 0, 311),
(1287, 'Santa Apolonia', 'Parroquia', 0, 312),
(1288, 'El Progreso', 'Parroquia', 0, 312),
(1289, 'La Ceiba', 'Parroquia', 0, 312),
(1290, 'Tres de Febrero', 'Parroquia', 0, 312),
(1291, 'El Dividive', 'Parroquia', 0, 313),
(1292, 'Agua Santa', 'Parroquia', 0, 313),
(1293, 'Agua Caliente', 'Parroquia', 0, 313),
(1294, 'El Cenizo', 'Parroquia', 0, 313),
(1295, 'Valerita', 'Parroquia', 0, 313),
(1296, 'Monte Carmelo', 'Parroquia', 0, 314),
(1297, 'Buena Vista', 'Parroquia', 0, 314),
(1298, 'Santa María del Horcón', 'Parroquia', 0, 314),
(1299, 'Motatán', 'Parroquia', 0, 315),
(1300, 'El Baño', 'Parroquia', 0, 315),
(1301, 'Jalisco', 'Parroquia', 0, 315),
(1302, 'Pampán', 'Parroquia', 0, 316),
(1303, 'Flor de Patria', 'Parroquia', 0, 316),
(1304, 'La Paz', 'Parroquia', 0, 316),
(1305, 'Santa Ana', 'Parroquia', 0, 316),
(1306, 'Pampanito', 'Parroquia', 0, 317),
(1307, 'La Concepción', 'Parroquia', 0, 317),
(1308, 'Pampanito II', 'Parroquia', 0, 317),
(1309, 'Betijoque', 'Parroquia', 0, 318),
(1310, 'José Gregorio Hernández', 'Parroquia', 0, 318);
INSERT INTO Lugar (idLugar, nombre, tipo, codigoPostal, Lugar_idLugar) VALUES
(1311, 'La Pueblita', 'Parroquia', 0, 318),
(1312, 'Los Cedros', 'Parroquia', 0, 318),
(1313, 'Carvajal', 'Parroquia', 0, 319),
(1314, 'Campo Alegre', 'Parroquia', 0, 319),
(1315, 'Antonio Nicolás Briceño', 'Parroquia', 0, 319),
(1316, 'José Leonardo Suárez', 'Parroquia', 0, 319),
(1317, 'Sabana de Mendoza', 'Parroquia', 0, 320),
(1318, 'Junín', 'Parroquia', 0, 320),
(1319, 'Valmore Rodríguez', 'Parroquia', 0, 320),
(1320, 'El Paraíso', 'Parroquia', 0, 320),
(1321, 'Andrés Linares', 'Parroquia', 0, 321),
(1322, 'Chiquinquirá', 'Parroquia', 0, 321),
(1323, 'Cristóbal Mendoza', 'Parroquia', 0, 321),
(1324, 'Cruz Carrillo', 'Parroquia', 0, 321),
(1325, 'Matriz', 'Parroquia', 0, 321),
(1326, 'Monseñor Carrillo', 'Parroquia', 0, 321),
(1327, 'Tres Esquinas', 'Parroquia', 0, 321),
(1328, 'Cabimbú', 'Parroquia', 0, 322),
(1329, 'Jajó', 'Parroquia', 0, 322),
(1330, 'La Mesa de Esnujaque', 'Parroquia', 0, 322),
(1331, 'Santiago', 'Parroquia', 0, 322),
(1332, 'Tuñame', 'Parroquia', 0, 322),
(1333, 'La Quebrada', 'Parroquia', 0, 322),
(1334, 'Juan Ignacio Montilla', 'Parroquia', 0, 323),
(1335, 'La Beatriz', 'Parroquia', 0, 323),
(1336, 'La Puerta', 'Parroquia', 0, 323),
(1337, 'Mendoza del Valle de Momboy', 'Parroquia', 0, 323),
(1338, 'Mercedes Díaz', 'Parroquia', 0, 323),
(1339, 'San Luis', 'Parroquia', 0, 323),
(1340, 'Caraballeda', 'Parroquia', 0, 324),
(1341, 'Carayaca', 'Parroquia', 0, 324),
(1342, 'Carlos Soublette', 'Parroquia', 0, 324),
(1343, 'Caruao Chuspa', 'Parroquia', 0, 324),
(1344, 'Catia La Mar', 'Parroquia', 0, 324),
(1345, 'El Junko', 'Parroquia', 0, 324),
(1346, 'La Guaira', 'Parroquia', 0, 324),
(1347, 'Macuto', 'Parroquia', 0, 324),
(1348, 'Maiquetía', 'Parroquia', 0, 324),
(1349, 'Naiguatá', 'Parroquia', 0, 324),
(1350, 'Urimare', 'Parroquia', 0, 324),
(1351, 'Arístides Bastidas', 'Parroquia', 0, 325),
(1352, 'Bolívar', 'Parroquia', 0, 326),
(1353, 'Chivacoa', 'Parroquia', 0, 327),
(1354, 'Campo Elías', 'Parroquia', 0, 327),
(1355, 'Cocorote', 'Parroquia', 0, 328),
(1356, 'Independencia', 'Parroquia', 0, 329),
(1357, 'José Antonio Páez', 'Parroquia', 0, 330),
(1358, 'La Trinidad', 'Parroquia', 0, 331),
(1359, 'Manuel Monge', 'Parroquia', 0, 332),
(1360, 'Salóm', 'Parroquia', 0, 333);
INSERT INTO Lugar (idLugar, nombre, tipo, codigoPostal, Lugar_idLugar) VALUES
(1361, 'Temerla', 'Parroquia', 0, 333),
(1362, 'Nirgua', 'Parroquia', 0, 333),
(1363, 'San Andrés', 'Parroquia', 0, 334),
(1364, 'Yaritagua', 'Parroquia', 0, 334),
(1365, 'San Javier', 'Parroquia', 0, 335),
(1366, 'Albarico', 'Parroquia', 0, 335),
(1367, 'San Felipe', 'Parroquia', 0, 335),
(1368, 'Sucre', 'Parroquia', 0, 336),
(1369, 'Urachiche', 'Parroquia', 0, 337),
(1370, 'El Guayabo', 'Parroquia', 0, 338),
(1371, 'Farriar', 'Parroquia', 0, 338),
(1372, 'Isla de Toas', 'Parroquia', 0, 339),
(1373, 'Monagas', 'Parroquia', 0, 339),
(1374, 'General Urdaneta', 'Parroquia', 0, 340),
(1375, 'Libertador', 'Parroquia', 0, 340),
(1376, 'Marcelino Briceño', 'Parroquia', 0, 340),
(1377, 'Pueblo Nuevo', 'Parroquia', 0, 340),
(1378, 'Manuel Guanipa Matos', 'Parroquia', 0, 340),
(1379, 'Ambrosio', 'Parroquia', 0, 341),
(1380, 'Carmen Herrera', 'Parroquia', 0, 341),
(1381, 'La Rosa', 'Parroquia', 0, 341),
(1382, 'Germán Ríos Linares', 'Parroquia', 0, 341),
(1383, 'San Benito', 'Parroquia', 0, 341),
(1384, 'Rómulo Betancourt', 'Parroquia', 0, 341),
(1385, 'Jorge Hernández', 'Parroquia', 0, 341),
(1386, 'Punta Gorda', 'Parroquia', 0, 341),
(1387, 'Arístides Calvani', 'Parroquia', 0, 341),
(1388, 'Encontrados', 'Parroquia', 0, 342),
(1389, 'Udón Pérez', 'Parroquia', 0, 342),
(1390, 'Moralito', 'Parroquia', 0, 343),
(1391, 'San Carlos del Zulia', 'Parroquia', 0, 343),
(1392, 'Santa Cruz del Zulia', 'Parroquia', 0, 343),
(1393, 'Santa Bárbara', 'Parroquia', 0, 343),
(1394, 'Urribarrí', 'Parroquia', 0, 343),
(1395, 'Carlos Quevedo', 'Parroquia', 0, 344),
(1396, 'Francisco Javier Pulgar', 'Parroquia', 0, 344),
(1397, 'Simón Rodríguez', 'Parroquia', 0, 344),
(1398, 'Guamo-Gavilanes', 'Parroquia', 0, 344),
(1399, 'Sinamaica', 'Parroquia', 0, 345),
(1400, 'Alta Guajira', 'Parroquia', 0, 345),
(1401, 'Elías Sánchez Rubio', 'Parroquia', 0, 345),
(1402, 'Guajira', 'Parroquia', 0, 345),
(1403, 'La Concepción', 'Parroquia', 0, 346),
(1404, 'San José', 'Parroquia', 0, 346),
(1405, 'Mariano Parra León', 'Parroquia', 0, 346),
(1406, 'José Ramón Yépez', 'Parroquia', 0, 346),
(1407, 'Jesús María Semprún', 'Parroquia', 0, 347),
(1408, 'Barí', 'Parroquia', 0, 347),
(1409, 'Concepción', 'Parroquia', 0, 348),
(1410, 'Andrés Bello', 'Parroquia', 0, 348);
INSERT INTO Lugar (idLugar, nombre, tipo, codigoPostal, Lugar_idLugar) VALUES
(1411, 'Chiquinquirá', 'Parroquia', 0, 348),
(1412, 'El Carmelo', 'Parroquia', 0, 348),
(1413, 'Potreritos', 'Parroquia', 0, 348),
(1414, 'Libertad', 'Parroquia', 0, 349),
(1415, 'Alonso de Ojeda', 'Parroquia', 0, 349),
(1416, 'Venezuela', 'Parroquia', 0, 349),
(1417, 'Eleazar López Contreras', 'Parroquia', 0, 349),
(1418, 'Campo Lara', 'Parroquia', 0, 349),
(1419, 'Bartolomé de las Casas', 'Parroquia', 0, 350),
(1420, 'Libertad', 'Parroquia', 0, 350),
(1421, 'Río Negro', 'Parroquia', 0, 350),
(1422, 'San José de Perijá', 'Parroquia', 0, 350),
(1423, 'San Rafael', 'Parroquia', 0, 351),
(1424, 'La Sierrita', 'Parroquia', 0, 351),
(1425, 'Las Parcelas', 'Parroquia', 0, 351),
(1426, 'Luis de Vicente', 'Parroquia', 0, 351),
(1427, 'Monseñor Marcos Sergio Godoy', 'Parroquia', 0, 351),
(1428, 'Ricaurte', 'Parroquia', 0, 351),
(1429, 'Tamare', 'Parroquia', 0, 351),
(1430, 'Antonio Borjas Romero', 'Parroquia', 0, 352),
(1431, 'Bolívar', 'Parroquia', 0, 352),
(1432, 'Cacique Mara', 'Parroquia', 0, 352),
(1433, 'Carracciolo Parra Pérez', 'Parroquia', 0, 352),
(1434, 'Cecilio Acosta', 'Parroquia', 0, 352),
(1435, 'Cristo de Aranza', 'Parroquia', 0, 352),
(1436, 'Coquivacoa', 'Parroquia', 0, 352),
(1437, 'Chiquinquirá', 'Parroquia', 0, 352),
(1438, 'Francisco Eugenio Bustamante', 'Parroquia', 0, 352),
(1439, 'Idelfonzo Vásquez', 'Parroquia', 0, 352),
(1440, 'Juana de Ávila', 'Parroquia', 0, 352),
(1441, 'Luis Hurtado Higuera', 'Parroquia', 0, 352),
(1442, 'Manuel Dagnino', 'Parroquia', 0, 352),
(1443, 'Olegario Villalobos.', 'Parroquia', 0, 352),
(1444, 'Raúl Leoni', 'Parroquia', 0, 352),
(1445, 'Santa Lucía', 'Parroquia', 0, 352),
(1446, 'Venancio Pulgar', 'Parroquia', 0, 352),
(1447, 'San Isidro', 'Parroquia', 0, 352),
(1448, 'Altagracia', 'Parroquia', 0, 353),
(1449, 'Faría', 'Parroquia', 0, 353),
(1450, 'Ana María Campos', 'Parroquia', 0, 353),
(1451, 'San Antonio', 'Parroquia', 0, 353),
(1452, 'San José', 'Parroquia', 0, 353),
(1453, 'Donaldo García', 'Parroquia', 0, 354),
(1454, 'El Rosario', 'Parroquia', 0, 354),
(1455, 'Sixto Zambrano', 'Parroquia', 0, 354),
(1456, 'San Francisco', 'Parroquia', 0, 355),
(1457, 'El Bajo', 'Parroquia', 0, 355),
(1458, 'Domitila Flores', 'Parroquia', 0, 355),
(1459, 'Francisco Ochoa', 'Parroquia', 0, 355),
(1460, 'Los Cortijos', 'Parroquia', 0, 355);
INSERT INTO Lugar (idLugar, nombre, tipo, codigoPostal, Lugar_idLugar) VALUES
(1461, 'Marcial Hernández', 'Parroquia', 0, 355),
(1462, 'Santa Rita', 'Parroquia', 0, 356),
(1463, 'El Mene', 'Parroquia', 0, 356),
(1464, 'Pedro Lucas Urribarrí', 'Parroquia', 0, 356),
(1465, 'José Cenobio Urribarrí', 'Parroquia', 0, 356),
(1466, 'Rafael Maria Baralt', 'Parroquia', 0, 357),
(1467, 'Manuel Manrique', 'Parroquia', 0, 357),
(1468, 'Rafael Urdaneta', 'Parroquia', 0, 357),
(1469, 'Bobures', 'Parroquia', 0, 358),
(1470, 'Gibraltar', 'Parroquia', 0, 358),
(1471, 'Heras', 'Parroquia', 0, 358),
(1472, 'Monseñor Arturo Álvarez', 'Parroquia', 0, 358),
(1473, 'Rómulo Gallegos', 'Parroquia', 0, 358),
(1474, 'El Batey', 'Parroquia', 0, 358),
(1475, 'Rafael Urdaneta', 'Parroquia', 0, 359),
(1476, 'La Victoria', 'Parroquia', 0, 359),
(1477, 'Raúl Cuenca', 'Parroquia', 0, 359),
(1478, '23 de enero', 'Parroquia', 0, 360),
(1479, 'Altagracia', 'Parroquia', 0, 360),
(1480, 'Antímano', 'Parroquia', 0, 360),
(1481, 'Caricuao', 'Parroquia', 0, 360),
(1482, 'Catedral', 'Parroquia', 0, 360),
(1483, 'Coche', 'Parroquia', 0, 360),
(1484, 'El Junquito', 'Parroquia', 0, 360),
(1485, 'El Paraíso', 'Parroquia', 0, 360),
(1486, 'El Recreo', 'Parroquia', 0, 360),
(1487, 'El Valle', 'Parroquia', 0, 360),
(1488, 'Candelaria', 'Parroquia', 0, 360),
(1489, 'La Pastora', 'Parroquia', 0, 360),
(1490, 'La Vega', 'Parroquia', 0, 360),
(1491, 'Macarao', 'Parroquia', 0, 360),
(1492, 'San Agustín', 'Parroquia', 0, 360),
(1493, 'San Bernardino', 'Parroquia', 0, 360),
(1494, 'San José', 'Parroquia', 0, 360),
(1495, 'San Juan', 'Parroquia', 0, 360),
(1496, 'San Pedro', 'Parroquia', 0, 360),
(1497, 'Santa Rosalía', 'Parroquia', 0, 360),
(1498, 'Santa Teresa', 'Parroquia', 0, 360),
(1499, 'Sucre (Catia)', 'Parroquia', 0, 360);
SELECT setval('Lugar_SEQ', 1499);

-- TOTAL: 1 país + 24 estados + 335 municipios + 1139 parroquias = 1499 registros

/*
1. Seguridad y Catálogos Base
Estas tablas deben generarse primero, ya que no dependen de otras.
*/

-- 2. INSERCIÓN DE CATÁLOGOS BASE (IDs Explícitos para control total)
-- Permisos
INSERT INTO Permiso (idPermiso, nombre) VALUES
(1, 'CONSULTAR'),
(2, 'MODIFICAR'),
(3, 'CREAR'),
(4, 'BORRAR');

-- Roles
INSERT INTO Rol (idRol, nombre, descripcion) VALUES
(1, 'Administrador', 'Acceso total al sistema Dream Legacy'),
(2, 'Ingeniero I+D', 'Gestión de diseños y moldes'),
(3, 'Analista Mercado', 'Solo lectura de reportes y subastas'),
(4, 'Supervisor Planta', 'Supervisión de producción y calidad'),
(5, 'Operario Planta', 'Operación de maquinaria y ensamblaje'),
(6, 'Logística', 'Gestión de inventario y envíos'),
(7, 'Ventas B2B', 'Gestión de pedidos corporativos'),
(8, 'Soporte Técnico', 'Soporte de sistemas y equipos'),
(9, 'Recursos Humanos', 'Gestión de personal y nómina'),
(10, 'Contabilidad', 'Gestión financiera y contable');

-- 3. MATRIZ DE INTERSECCIÓN (RolPermiso)
-- Administrador: Tiene los 4 permisos
INSERT INTO RolPermiso (idRolPermiso, Rol_idRol, Permisos_idPermiso) VALUES
(1, 1, 1),
(2, 1, 2),
(3, 1, 3),
(4, 1, 4);

-- Ingeniero I+D: Consultar (1), Modificar (2), Crear (3)
INSERT INTO RolPermiso (idRolPermiso, Rol_idRol, Permisos_idPermiso) VALUES
(5, 2, 1),
(6, 2, 2),
(7, 2, 3);

-- Analista Mercado: Solo Consultar (1)
INSERT INTO RolPermiso (idRolPermiso, Rol_idRol, Permisos_idPermiso) VALUES
(8, 3, 1);

-- Supervisor Planta: Aprobar (5), Consultar (1)
INSERT INTO RolPermiso (idRolPermiso, Rol_idRol, Permisos_idPermiso) VALUES
(9, 4, 2),
(10, 4, 1);

-- 4. SINCRONIZACIÓN DE SECUENCIAS
SELECT setval('Permiso_SEQ', 4);
SELECT setval('Rol_SEQ', 10);
SELECT setval('RolPermiso_SEQ', 10);
SELECT setval('Empleado_SEQ', 20);
SELECT setval('Usuario_SEQ', 20);
SELECT setval('ComisionVenta_SEQ', 10);
SELECT setval('BackOrder_SEQ', 1200);
SELECT setval('OrdenCompra_SEQ', 400);
SELECT setval('DetalleCompraNatural_SEQ', 800);

-- 5. EMPLEADOS
INSERT INTO Empleado (idEmpleado, cedula, pNombre, sNombre, pApellido, sApellido, fechaNacimiento, direccion, Lugar_idLugar) values (1, 30503267, 'Sydel', null, 'Monro', 'Bucksey', '4/7/1962', '94 Kennedy Place', 433);
INSERT INTO Empleado (idEmpleado, cedula, pNombre, sNombre, pApellido, sApellido, fechaNacimiento, direccion, Lugar_idLugar) values (2, 21073402, 'Patti', null, 'Schieferstein', 'MacQueen', '12/21/1985', '7 Merchant Alley', 1275);
INSERT INTO Empleado (idEmpleado, cedula, pNombre, sNombre, pApellido, sApellido, fechaNacimiento, direccion, Lugar_idLugar) values (3, 32752246, 'Valli', 'Alvie', 'Witchard', null, '2/15/1962', '15979 Schurz Parkway', 893);
INSERT INTO Empleado (idEmpleado, cedula, pNombre, sNombre, pApellido, sApellido, fechaNacimiento, direccion, Lugar_idLugar) values (4, 32308723, 'Virgina', 'Roobbie', 'Skells', null, '12/27/1968', '17667 Melrose Junction', 1338);
INSERT INTO Empleado (idEmpleado, cedula, pNombre, sNombre, pApellido, sApellido, fechaNacimiento, direccion, Lugar_idLugar) values (5, 12821962, 'Jocelyn', null, 'Huddle', 'Pleat', '8/4/1992', '7 Mandrake Drive', 835);
INSERT INTO Empleado (idEmpleado, cedula, pNombre, sNombre, pApellido, sApellido, fechaNacimiento, direccion, Lugar_idLugar) values (6, 21848060, 'Guglielmo', 'Ericha', 'Grindrod', 'Quartley', '1/27/1988', '3905 Quincy Plaza', 835);
INSERT INTO Empleado (idEmpleado, cedula, pNombre, sNombre, pApellido, sApellido, fechaNacimiento, direccion, Lugar_idLugar) values (7, 19118271, 'Rhea', null, 'Wilde', 'Searl', '9/15/2001', '62 Springview Circle', 1409);
INSERT INTO Empleado (idEmpleado, cedula, pNombre, sNombre, pApellido, sApellido, fechaNacimiento, direccion, Lugar_idLugar) values (8, 19027899, 'Druci', null, 'Chicchelli', 'Pember', '3/5/1963', '4 Westerfield Center', 1448);
INSERT INTO Empleado (idEmpleado, cedula, pNombre, sNombre, pApellido, sApellido, fechaNacimiento, direccion, Lugar_idLugar) values (9, 25259990, 'Lynda', 'Luce', 'Avieson', 'Franzetti', '3/6/1969', '54 Waxwing Plaza', 1357);
INSERT INTO Empleado (idEmpleado, cedula, pNombre, sNombre, pApellido, sApellido, fechaNacimiento, direccion, Lugar_idLugar) values (10, 22460927, 'Kelsy', 'Simonne', 'Attenborrow', 'Trussman', '11/15/2005', '332 Annamark Parkway', 885);
INSERT INTO Empleado (idEmpleado, cedula, pNombre, sNombre, pApellido, sApellido, fechaNacimiento, direccion, Lugar_idLugar) values (11, 13996069, 'Lisa', 'Adair', 'Scoone', null, '3/31/1999', '01928 Mesta Way', 397);
INSERT INTO Empleado (idEmpleado, cedula, pNombre, sNombre, pApellido, sApellido, fechaNacimiento, direccion, Lugar_idLugar) values (12, 11825907, 'Ruby', null, 'Norker', 'Nibloe', '6/28/2006', '2 Lighthouse Bay Court', 1131);
INSERT INTO Empleado (idEmpleado, cedula, pNombre, sNombre, pApellido, sApellido, fechaNacimiento, direccion, Lugar_idLugar) values (13, 12895665, 'Denice', 'Deck', 'Hillyatt', null, '5/10/2005', '70 Cottonwood Junction', 1375);
INSERT INTO Empleado (idEmpleado, cedula, pNombre, sNombre, pApellido, sApellido, fechaNacimiento, direccion, Lugar_idLugar) values (14, 12965631, 'Cari', 'Lana', 'Knappe', null, '11/20/1969', '08 South Point', 1100);
INSERT INTO Empleado (idEmpleado, cedula, pNombre, sNombre, pApellido, sApellido, fechaNacimiento, direccion, Lugar_idLugar) values (15, 12331581, 'Ashely', null, 'Gunby', 'Zoane', '12/13/1968', '87658 Hanson Street', 916);
INSERT INTO Empleado (idEmpleado, cedula, pNombre, sNombre, pApellido, sApellido, fechaNacimiento, direccion, Lugar_idLugar) values (16, 18574002, 'Tobe', null, 'Maundrell', null, '3/13/1963', '8764 Donald Way', 1323);
INSERT INTO Empleado (idEmpleado, cedula, pNombre, sNombre, pApellido, sApellido, fechaNacimiento, direccion, Lugar_idLugar) values (17, 28603402, 'Christoph', 'Veronique', 'Armin', 'Romeuf', '4/9/1976', '59 Orin Parkway', 824);
INSERT INTO Empleado (idEmpleado, cedula, pNombre, sNombre, pApellido, sApellido, fechaNacimiento, direccion, Lugar_idLugar) values (18, 21366129, 'Hershel', 'Aindrea', 'Trimmill', null, '9/20/2000', '945 Sheridan Crossing', 695);
INSERT INTO Empleado (idEmpleado, cedula, pNombre, sNombre, pApellido, sApellido, fechaNacimiento, direccion, Lugar_idLugar) values (19, 12754870, 'Marnie', 'Maiga', 'Scritch', 'Gilvary', '12/1/1962', '947 Eagan Way', 1380);
INSERT INTO Empleado (idEmpleado, cedula, pNombre, sNombre, pApellido, sApellido, fechaNacimiento, direccion, Lugar_idLugar) values (20, 17705892, 'Julita', 'Roze', 'Jereatt', null, '2/28/1993', '42 Westridge Hill', 1159);

-- 6. USUARIOS DE EMPLEADOS
INSERT INTO Usuario (idUsuario, nombreUsuario, correoElectronico, contraseña, estado, fechaRegistro, Rol_idRol, ClienteNatural_idClienteNatural, Empleado_idEmpleado) values (1, 'jhatherleigh0', 'ctorbett0@yellowbook.com', 'jT7\ljkL', 'ACTIVO', '5/11/2026', 3, null, 1);
INSERT INTO Usuario (idUsuario, nombreUsuario, correoElectronico, contraseña, estado, fechaRegistro, Rol_idRol, ClienteNatural_idClienteNatural, Empleado_idEmpleado) values (2, 'dosgood1', 'hwhitcombe1@microsoft.com', 'xW2@rBQfB`V<', 'ACTIVO', '12/20/2020', 3, null, 2);
INSERT INTO Usuario (idUsuario, nombreUsuario, correoElectronico, contraseña, estado, fechaRegistro, Rol_idRol, ClienteNatural_idClienteNatural, Empleado_idEmpleado) values (3, 'dketchell2', 'gwhitworth2@loc.gov', 'bA9(7<2n`+i', 'INACTIVO', '2/14/2020', 1, null, 3);
INSERT INTO Usuario (idUsuario, nombreUsuario, correoElectronico, contraseña, estado, fechaRegistro, Rol_idRol, ClienteNatural_idClienteNatural, Empleado_idEmpleado) values (4, 'trummins3', 'clegrice3@homestead.com', 'fD7&zwUw!', 'ACTIVO', '4/25/2019', 2, null, 4);
INSERT INTO Usuario (idUsuario, nombreUsuario, correoElectronico, contraseña, estado, fechaRegistro, Rol_idRol, ClienteNatural_idClienteNatural, Empleado_idEmpleado) values (5, 'dpeschke4', 'llaurie4@imageshack.us', 'eM2!/#M5<#be.@', 'INACTIVO', '3/17/2021', 1, null, 5);
INSERT INTO Usuario (idUsuario, nombreUsuario, correoElectronico, contraseña, estado, fechaRegistro, Rol_idRol, ClienteNatural_idClienteNatural, Empleado_idEmpleado) values (6, 'dgiacubbo5', 'tbarwick5@amazon.de', 'qM8&,O"9', 'INACTIVO', '1/10/2018', 1, null, 6);
INSERT INTO Usuario (idUsuario, nombreUsuario, correoElectronico, contraseña, estado, fechaRegistro, Rol_idRol, ClienteNatural_idClienteNatural, Empleado_idEmpleado) values (7, 'kantonchik6', 'piddison6@springer.com', 'vE3&<C0=L+jZ', 'ACTIVO', '5/23/2022', 1, null, 7);
INSERT INTO Usuario (idUsuario, nombreUsuario, correoElectronico, contraseña, estado, fechaRegistro, Rol_idRol, ClienteNatural_idClienteNatural, Empleado_idEmpleado) values (8, 'mphayre7', 'mdrivers7@nydailynews.com', 'iA9&`wVe+H7', 'ACTIVO', '7/20/2024', 1, null, 8);
INSERT INTO Usuario (idUsuario, nombreUsuario, correoElectronico, contraseña, estado, fechaRegistro, Rol_idRol, ClienteNatural_idClienteNatural, Empleado_idEmpleado) values (9, 'gmynard8', 'jeagan8@rakuten.co.jp', 'nI2/$isK|', 'ACTIVO', '5/5/2019', 3, null, 9);
INSERT INTO Usuario (idUsuario, nombreUsuario, correoElectronico, contraseña, estado, fechaRegistro, Rol_idRol, ClienteNatural_idClienteNatural, Empleado_idEmpleado) values (10, 'bgenery9', 'mpeplow9@un.org', 'tE9){xzZri$2xu', 'INACTIVO', '5/15/2024', 2, null, 10);
INSERT INTO Usuario (idUsuario, nombreUsuario, correoElectronico, contraseña, estado, fechaRegistro, Rol_idRol, ClienteNatural_idClienteNatural, Empleado_idEmpleado) values (11, 'cdaybella', 'tmillotta@loc.gov', 'nL8!FFT1.@', 'INACTIVO', '6/14/2025', 3, null, 11);
INSERT INTO Usuario (idUsuario, nombreUsuario, correoElectronico, contraseña, estado, fechaRegistro, Rol_idRol, ClienteNatural_idClienteNatural, Empleado_idEmpleado) values (12, 'dlippattb', 'jodellb@dyndns.org', 'bW7>`b(@lG', 'INACTIVO', '11/11/2018', 1, null, 12);
INSERT INTO Usuario (idUsuario, nombreUsuario, correoElectronico, contraseña, estado, fechaRegistro, Rol_idRol, ClienteNatural_idClienteNatural, Empleado_idEmpleado) values (13, 'bsymcockc', 'msconcec@addtoany.com', 'xS4=ET!''', 'INACTIVO', '1/27/2023', 1, null, 13);
INSERT INTO Usuario (idUsuario, nombreUsuario, correoElectronico, contraseña, estado, fechaRegistro, Rol_idRol, ClienteNatural_idClienteNatural, Empleado_idEmpleado) values (14, 'blantiffd', 'ralend@discovery.com', 'oJ4(zcBK_S?K+j''H', 'ACTIVO', '7/1/2016', 3, null, 14);
INSERT INTO Usuario (idUsuario, nombreUsuario, correoElectronico, contraseña, estado, fechaRegistro, Rol_idRol, ClienteNatural_idClienteNatural, Empleado_idEmpleado) values (15, 'astormse', 'mmossone@dot.gov', 'kP0+mripg', 'INACTIVO', '7/20/2017', 3, null, 15);
INSERT INTO Usuario (idUsuario, nombreUsuario, correoElectronico, contraseña, estado, fechaRegistro, Rol_idRol, ClienteNatural_idClienteNatural, Empleado_idEmpleado) values (16, 'mondrusekf', 'cguirauf@woothemes.com', 'cA7>UW5Y', 'INACTIVO', '4/2/2020', 1, null, 16);
INSERT INTO Usuario (idUsuario, nombreUsuario, correoElectronico, contraseña, estado, fechaRegistro, Rol_idRol, ClienteNatural_idClienteNatural, Empleado_idEmpleado) values (17, 'fclenchg', 'bkyndg@myspace.com', 'hB1?Q$UID"#mi', 'INACTIVO', '11/27/2024', 1, null, 17);
INSERT INTO Usuario (idUsuario, nombreUsuario, correoElectronico, contraseña, estado, fechaRegistro, Rol_idRol, ClienteNatural_idClienteNatural, Empleado_idEmpleado) values (18, 'hbispoh', 'ahaslochh@quantcast.com', 'qF0''ZDQ,h$', 'ACTIVO', '10/13/2018', 2, null, 18);
INSERT INTO Usuario (idUsuario, nombreUsuario, correoElectronico, contraseña, estado, fechaRegistro, Rol_idRol, ClienteNatural_idClienteNatural, Empleado_idEmpleado) values (19, 'kgiottoii', 'ftomaszkiewiczi@over-blog.com', 'gK4=b)"xoq<}{\3', 'ACTIVO', '11/26/2022', 2, null, 19);
INSERT INTO Usuario (idUsuario, nombreUsuario, correoElectronico, contraseña, estado, fechaRegistro, Rol_idRol, ClienteNatural_idClienteNatural, Empleado_idEmpleado) values (20, 'nmcdermidj', 'nmassonj@taobao.com', 'lL2''mW5Q3Q5', 'INACTIVO', '12/7/2023', 2, null, 20);

--------------------------------------------------------------------------------------------------
-- 2. Talento Humano (15 Tablas)
--------------------------------------------------------------------------------------------------

--------------------------------------------------------------------------------------------------
-- CLASIFICACION HISTORICA

INSERT INTO ClasificacionHistorica (idClasificacionHistorica, nombre, descripcion) values (1, 'Vintage Era', 'Pellentesque at nulla. Suspendisse potenti. Cras in purus eu magna vulputate luctus. Cum sociis natoque penatibus et magnis dis parturient montes, nascetur ridiculus mus. Vivamus vestibulum sagittis sapien. Cum sociis natoque penatibus et magnis dis parturient montes, nascetur ridiculus mus. Etiam vel augue. Vestibulum rutrum rutrum neque. Aenean auctor gravida sem.');
INSERT INTO ClasificacionHistorica (idClasificacionHistorica, nombre, descripcion) values (2, 'Mod Era', 'Vestibulum ante ipsum primis in faucibus orci luctus et ultrices posuere cubilia Curae; Donec pharetra, magna vestibulum aliquet ultrices, erat tortor sollicitudin mi, sit amet lobortis sapien sapien non mi. Integer ac neque. Duis bibendum. Morbi non quam nec dui luctus rutrum. Nulla tellus. In sagittis dui vel nisl. Duis ac nibh. Fusce lacus purus, aliquet at, feugiat non, pretium quis, lectus. Suspendisse potenti. In eleifend quam a odio.');
INSERT INTO ClasificacionHistorica (idClasificacionHistorica, nombre, descripcion) values (3, 'Malibu Era', 'Fusce lacus purus, aliquet at, feugiat non, pretium quis, lectus. Suspendisse potenti. In eleifend quam a odio. In hac habitasse platea dictumst. Maecenas ut massa quis augue luctus tincidunt.');
INSERT INTO ClasificacionHistorica (idClasificacionHistorica, nombre, descripcion) values (4, 'Superstar Era', 'Aliquam erat volutpat. In congue. Etiam justo. Etiam pretium iaculis justo. In hac habitasse platea dictumst. Etiam faucibus cursus urna.');
INSERT INTO ClasificacionHistorica (idClasificacionHistorica, nombre, descripcion) values (5, 'Collectible Era', 'Proin interdum mauris non ligula pellentesque ultrices. Phasellus id sapien in sapien iaculis congue.');
INSERT INTO ClasificacionHistorica (idClasificacionHistorica, nombre, descripcion) values (6, 'Modern Era', 'Morbi odio odio, elementum eu, interdum eu, tincidunt in, leo. Maecenas pulvinar lobortis est. Phasellus sit amet erat. Nulla tempus.');
INSERT INTO ClasificacionHistorica (idClasificacionHistorica, nombre, descripcion) values (7, 'Fashionistas Era', 'Nunc rhoncus dui vel sem. Sed sagittis. Nam congue, risus semper porta volutpat, quam pede lobortis ligula, sit amet eleifend pede libero quis orci.');
INSERT INTO ClasificacionHistorica (idClasificacionHistorica, nombre, descripcion) values (8, 'Y2K Revival', 'Nulla tempus. Vivamus in felis eu sapien cursus vestibulum. Proin eu mi. Nulla ac enim. In tempor, turpis nec euismod scelerisque, quam turpis adipiscing lorem, vitae mattis nibh ligula nec sem. Duis aliquam convallis nunc.');
INSERT INTO ClasificacionHistorica (idClasificacionHistorica, nombre, descripcion) values (9, 'Silkstone Era', 'Donec dapibus. Duis at velit eu est congue elementum. In hac habitasse platea dictumst. Morbi vestibulum, velit id pretium iaculis, diam erat fermentum justo, nec condimentum neque sapien placerat ante. Nulla justo. Aliquam quis turpis eget elit sodales scelerisque. Mauris sit amet eros. Suspendisse accumsan tortor quis turpis.');
INSERT INTO ClasificacionHistorica (idClasificacionHistorica, nombre, descripcion) values (10, 'Reproduction Era', 'Aliquam erat volutpat. In congue. Etiam justo. Etiam pretium iaculis justo. In hac habitasse platea dictumst. Etiam faucibus cursus urna. Ut tellus. Nulla ut erat id mauris vulputate elementum.');
INSERT INTO ClasificacionHistorica (idClasificacionHistorica, nombre, descripcion) values (11, 'BMR1959', 'Phasellus id sapien in sapien iaculis congue. Vivamus metus arcu, adipiscing molestie, hendrerit at, vulputate vitae, nisl. Aenean lectus. Pellentesque eget nunc. Donec quis orci eget orci vehicula condimentum. Curabitur in libero ut massa volutpat convallis.');
INSERT INTO ClasificacionHistorica (idClasificacionHistorica, nombre, descripcion) values (12, 'Pre-Mattel Origin', 'Integer non velit.');
INSERT INTO ClasificacionHistorica (idClasificacionHistorica, nombre, descripcion) values (13, 'Anniversary Editions', 'Phasellus in felis. Donec semper sapien a libero. Nam dui. Proin leo odio, porttitor id, consequat in, consequat ut, nulla.');
INSERT INTO ClasificacionHistorica (idClasificacionHistorica, nombre, descripcion) values (14, 'Holiday Editions', 'Morbi vel lectus in quam fringilla rhoncus. Mauris enim leo, rhoncus sed, vestibulum sit amet, cursus id, turpis. Integer aliquet, massa id lobortis convallis, tortor risus dapibus augue, vel accumsan tellus nisi eu orci. Mauris lacinia sapien quis libero. Nullam sit amet turpis elementum ligula vehicula consequat. Morbi a ipsum. Integer a nibh. In quis justo. Maecenas rhoncus aliquam lacus. Morbi quis tortor id nulla ultrices aliquet.');
INSERT INTO ClasificacionHistorica (idClasificacionHistorica, nombre, descripcion) values (15, 'Pop Culture Era', 'Nunc purus.');

--------------------------------------------------------------------------------------------------
-- CLASIFICACION DE EXCLUSIVIDAD

INSERT INTO ClasificacionExclusividad (idClasificacionExclusividad, nombre, descripcion) values (1, 'Playline', 'In hac habitasse platea dictumst.');
INSERT INTO ClasificacionExclusividad (idClasificacionExclusividad, nombre, descripcion) values (2, 'Pink Label', 'Suspendisse accumsan tortor quis turpis. Sed ante. Vivamus tortor. Duis mattis egestas metus. Aenean fermentum. Donec ut mauris eget massa tempor convallis.');
INSERT INTO ClasificacionExclusividad (idClasificacionExclusividad, nombre, descripcion) values (3, 'Black Label', 'Mauris enim leo, rhoncus sed, vestibulum sit amet, cursus id, turpis.');
INSERT INTO ClasificacionExclusividad (idClasificacionExclusividad, nombre, descripcion) values (4, 'Silver Label', 'Lorem ipsum dolor sit amet, consectetuer adipiscing elit. Proin risus. Praesent lectus. Vestibulum quam sapien, varius ut, blandit non, interdum in, ante.');
INSERT INTO ClasificacionExclusividad (idClasificacionExclusividad, nombre, descripcion) values (5, 'Gold Label', 'Morbi porttitor lorem id ligula. Suspendisse ornare consequat lectus. In est risus, auctor sed, tristique in, tempus sit amet, sem. Fusce consequat.');
INSERT INTO ClasificacionExclusividad (idClasificacionExclusividad, nombre, descripcion) values (6, 'Platinum Label', 'Phasellus id sapien in sapien iaculis congue. Vivamus metus arcu, adipiscing molestie, hendrerit at, vulputate vitae, nisl. Aenean lectus. Pellentesque eget nunc. Donec quis orci eget orci vehicula condimentum.');
INSERT INTO ClasificacionExclusividad (idClasificacionExclusividad, nombre, descripcion) values (7, 'Direct Exclusive (Mattel Creations)', 'Donec diam neque, vestibulum eget, vulputate ut, ultrices vel, augue. Vestibulum ante ipsum primis in faucibus orci luctus et ultrices posuere cubilia Curae; Donec pharetra, magna vestibulum aliquet ultrices, erat tortor sollicitudin mi, sit amet lobortis sapien sapien non mi. Integer ac neque. Duis bibendum. Morbi non quam nec dui luctus rutrum. Nulla tellus. In sagittis dui vel nisl. Duis ac nibh. Fusce lacus purus, aliquet at, feugiat non, pretium quis, lectus. Suspendisse potenti.');
INSERT INTO ClasificacionExclusividad (idClasificacionExclusividad, nombre, descripcion) values (8, 'Fan Club Exclusive (BFC)', 'Morbi non quam nec dui luctus rutrum. Nulla tellus. In sagittis dui vel nisl. Duis ac nibh.');
INSERT INTO ClasificacionExclusividad (idClasificacionExclusividad, nombre, descripcion) values (9, 'Convention Exclusive', 'Aliquam non mauris. Morbi non lectus. Aliquam sit amet diam in magna bibendum imperdiet. Nullam orci pede, venenatis non, sodales sed, tincidunt eu, felis. Fusce posuere felis sed lacus. Morbi sem mauris, laoreet ut, rhoncus aliquet, pulvinar sed, nisl. Nunc rhoncus dui vel sem.');
INSERT INTO ClasificacionExclusividad (idClasificacionExclusividad, nombre, descripcion) values (10, 'Store Exclusive (Target/Walmart)', 'Maecenas leo odio, condimentum id, luctus nec, molestie sed, justo. Pellentesque viverra pede ac diam. Cras pellentesque volutpat dui. Maecenas tristique, est et tempus semper, est quam pharetra magna, ac consequat metus sapien ut nunc. Vestibulum ante ipsum primis in faucibus orci luctus et ultrices posuere cubilia Curae; Mauris viverra diam vitae quam.');
INSERT INTO ClasificacionExclusividad (idClasificacionExclusividad, nombre, descripcion) values (11, 'Regional Exclusive (Europe/Asia)', 'In tempor, turpis nec euismod scelerisque, quam turpis adipiscing lorem, vitae mattis nibh ligula nec sem. Duis aliquam convallis nunc. Proin at turpis a pede posuere nonummy. Integer non velit. Donec diam neque, vestibulum eget, vulputate ut, ultrices vel, augue. Vestibulum ante ipsum primis in faucibus orci luctus et ultrices posuere cubilia Curae; Donec pharetra, magna vestibulum aliquet ultrices, erat tortor sollicitudin mi, sit amet lobortis sapien sapien non mi. Integer ac neque. Duis bibendum.');
INSERT INTO ClasificacionExclusividad (idClasificacionExclusividad, nombre, descripcion) values (12, 'Limited Run', 'Morbi sem mauris, laoreet ut, rhoncus aliquet, pulvinar sed, nisl. Nunc rhoncus dui vel sem. Sed sagittis. Nam congue, risus semper porta volutpat, quam pede lobortis ligula, sit amet eleifend pede libero quis orci. Nullam molestie nibh in lectus. Pellentesque at nulla. Suspendisse potenti. Cras in purus eu magna vulputate luctus. Cum sociis natoque penatibus et magnis dis parturient montes, nascetur ridiculus mus.');
INSERT INTO ClasificacionExclusividad (idClasificacionExclusividad, nombre, descripcion) values (13, 'OOAK (One of a Kind)', 'Nunc purus. Phasellus in felis. Donec semper sapien a libero. Nam dui. Proin leo odio, porttitor id, consequat in, consequat ut, nulla. Sed accumsan felis. Ut at dolor quis odio consequat varius. Integer ac leo. Pellentesque ultrices mattis odio. Donec vitae nisi.');
INSERT INTO ClasificacionExclusividad (idClasificacionExclusividad, nombre, descripcion) values (14, 'Signature Collection', 'Aenean lectus. Pellentesque eget nunc. Donec quis orci eget orci vehicula condimentum. Curabitur in libero ut massa volutpat convallis. Morbi odio odio, elementum eu, interdum eu, tincidunt in, leo. Maecenas pulvinar lobortis est. Phasellus sit amet erat.');
INSERT INTO ClasificacionExclusividad (idClasificacionExclusividad, nombre, descripcion) values (15, 'Employee Exclusive', 'Proin interdum mauris non ligula pellentesque ultrices. Phasellus id sapien in sapien iaculis congue. Vivamus metus arcu, adipiscing molestie, hendrerit at, vulputate vitae, nisl. Aenean lectus. Pellentesque eget nunc. Donec quis orci eget orci vehicula condimentum.');

--------------------------------------------------------------------------------------------------
-- MOLDE DE ROSTRO

INSERT INTO MoldeRostro (idMoldeRostro, nombre, descripcion, añoPatente) values (1, 'Millie', 'Integer ac leo. Pellentesque ultrices mattis odio. Donec vitae nisi. Nam ultrices, libero non mattis pulvinar, nulla pede ullamcorper augue, a suscipit nulla elit ac nulla. Sed vel enim sit amet nunc viverra dapibus. Nulla suscipit ligula in lacus. Curabitur at ipsum ac tellus semper interdum. Mauris ullamcorper purus sit amet nulla. Quisque arcu libero, rutrum ac, lobortis vel, dapibus at, diam. Nam tristique tortor eu pede.', '1977-06-30');
INSERT INTO MoldeRostro (idMoldeRostro, nombre, descripcion, añoPatente) values (2, 'CEO / Generation Girl', 'In hac habitasse platea dictumst. Aliquam augue quam, sollicitudin vitae, consectetuer eget, rutrum at, lorem. Integer tincidunt ante vel ipsum. Praesent blandit lacinia erat. Vestibulum sed magna at nunc commodo placerat.', '2008-12-10');
INSERT INTO MoldeRostro (idMoldeRostro, nombre, descripcion, añoPatente) values (3, 'Superstar', 'Nulla justo. Aliquam quis turpis eget elit sodales scelerisque. Mauris sit amet eros. Suspendisse accumsan tortor quis turpis. Sed ante. Vivamus tortor. Duis mattis egestas metus. Aenean fermentum. Donec ut mauris eget massa tempor convallis. Nulla neque libero, convallis eget, eleifend luctus, ultricies eu, nibh.', '1985-10-26');
INSERT INTO MoldeRostro (idMoldeRostro, nombre, descripcion, añoPatente) values (4, 'Mackie', 'Donec dapibus. Duis at velit eu est congue elementum. In hac habitasse platea dictumst. Morbi vestibulum, velit id pretium iaculis, diam erat fermentum justo, nec condimentum neque sapien placerat ante. Nulla justo. Aliquam quis turpis eget elit sodales scelerisque. Mauris sit amet eros. Suspendisse accumsan tortor quis turpis. Sed ante. Vivamus tortor.', '2016-10-23');
INSERT INTO MoldeRostro (idMoldeRostro, nombre, descripcion, añoPatente) values (5, 'Neysa', 'Morbi sem mauris, laoreet ut, rhoncus aliquet, pulvinar sed, nisl. Nunc rhoncus dui vel sem. Sed sagittis. Nam congue, risus semper porta volutpat, quam pede lobortis ligula, sit amet eleifend pede libero quis orci.', '2021-01-03');
INSERT INTO MoldeRostro (idMoldeRostro, nombre, descripcion, añoPatente) values (6, 'Ken (Original)', 'Aliquam quis turpis eget elit sodales scelerisque. Mauris sit amet eros. Suspendisse accumsan tortor quis turpis. Sed ante.', '2015-10-04');
INSERT INTO MoldeRostro (idMoldeRostro, nombre, descripcion, añoPatente) values (7, 'Ryan', 'Morbi porttitor lorem id ligula. Suspendisse ornare consequat lectus. In est risus, auctor sed, tristique in, tempus sit amet, sem. Fusce consequat. Nulla nisl. Nunc nisl. Duis bibendum, felis sed interdum venenatis, turpis enim blandit mi, in porttitor pede justo eu massa.', '1960-11-01');
INSERT INTO MoldeRostro (idMoldeRostro, nombre, descripcion, añoPatente) values (8, 'Steffie', 'Etiam pretium iaculis justo.', '2006-11-07');
INSERT INTO MoldeRostro (idMoldeRostro, nombre, descripcion, añoPatente) values (9, 'Teresa', 'Cras in purus eu magna vulputate luctus. Cum sociis natoque penatibus et magnis dis parturient montes, nascetur ridiculus mus. Vivamus vestibulum sagittis sapien.', '2009-08-28');
INSERT INTO MoldeRostro (idMoldeRostro, nombre, descripcion, añoPatente) values (10, 'Lea / Kayla', 'Morbi porttitor lorem id ligula. Suspendisse ornare consequat lectus. In est risus, auctor sed, tristique in, tempus sit amet, sem. Fusce consequat. Nulla nisl. Nunc nisl. Duis bibendum, felis sed interdum venenatis, turpis enim blandit mi, in porttitor pede justo eu massa. Donec dapibus.', '1967-07-30');
INSERT INTO MoldeRostro (idMoldeRostro, nombre, descripcion, añoPatente) values (11, 'Asha', 'Nullam varius. Nulla facilisi. Cras non velit nec nisi vulputate nonummy. Maecenas tincidunt lacus at velit. Vivamus vel nulla eget eros elementum pellentesque.', '1985-11-05');
INSERT INTO MoldeRostro (idMoldeRostro, nombre, descripcion, añoPatente) values (12, 'Goddess / Angel', 'Nulla mollis molestie lorem.', '1990-06-16');
INSERT INTO MoldeRostro (idMoldeRostro, nombre, descripcion, añoPatente) values (13, 'Mbili', 'Maecenas ut massa quis augue luctus tincidunt. Nulla mollis molestie lorem. Quisque ut erat. Curabitur gravida nisi at nibh. In hac habitasse platea dictumst. Aliquam augue quam, sollicitudin vitae, consectetuer eget, rutrum at, lorem.', '1960-03-29');
INSERT INTO MoldeRostro (idMoldeRostro, nombre, descripcion, añoPatente) values (14, 'Lara', 'Aenean fermentum. Donec ut mauris eget massa tempor convallis. Nulla neque libero, convallis eget, eleifend luctus, ultricies eu, nibh. Quisque id justo sit amet sapien dignissim vestibulum. Vestibulum ante ipsum primis in faucibus orci luctus et ultrices posuere cubilia Curae; Nulla dapibus dolor vel est. Donec odio justo, sollicitudin ut, suscipit a, feugiat et, eros.', '1977-06-19');
INSERT INTO MoldeRostro (idMoldeRostro, nombre, descripcion, añoPatente) values (15, 'Karl', 'Praesent blandit lacinia erat. Vestibulum sed magna at nunc commodo placerat. Praesent blandit. Nam nulla. Integer pede justo, lacinia eget, tincidunt eget, tempus vel, pede. Morbi porttitor lorem id ligula. Suspendisse ornare consequat lectus. In est risus, auctor sed, tristique in, tempus sit amet, sem.', '2017-06-28');

--------------------------------------------------------------------------------------------------
-- TONO PIEL

INSERT INTO TonoPiel (idTonoPiel, nombre, escalaFitzpatrick, valorClaridad, luminosidad) values (1, 'Nostalgic (Pale)', '2025-07-07', 'Claro', 15);
INSERT INTO TonoPiel (idTonoPiel, nombre, escalaFitzpatrick, valorClaridad, luminosidad) values (2, 'Neutra', '2025-09-11', 'Claro', 16);
INSERT INTO TonoPiel (idTonoPiel, nombre, escalaFitzpatrick, valorClaridad, luminosidad) values (3, 'LA Tan', '2025-12-29', 'Medio', 53);
INSERT INTO TonoPiel (idTonoPiel, nombre, escalaFitzpatrick, valorClaridad, luminosidad) values (4, 'Aphrodite', '2025-06-27', 'Oscuro', 13);
INSERT INTO TonoPiel (idTonoPiel, nombre, escalaFitzpatrick, valorClaridad, luminosidad) values (5, 'Brooklyn', '2026-05-13', 'Oscuro', 22);
INSERT INTO TonoPiel (idTonoPiel, nombre, escalaFitzpatrick, valorClaridad, luminosidad) values (6, 'Asha (Deep Brown)', '2026-03-11', 'Oscuro', 7);
INSERT INTO TonoPiel (idTonoPiel, nombre, escalaFitzpatrick, valorClaridad, luminosidad) values (7, 'Mbili (Medium Brown)', '2025-11-12', 'Claro', 32);
INSERT INTO TonoPiel (idTonoPiel, nombre, escalaFitzpatrick, valorClaridad, luminosidad) values (8, 'Pazette (Dark Brown)', '2026-06-06', 'Oscuro', 34);
INSERT INTO TonoPiel (idTonoPiel, nombre, escalaFitzpatrick, valorClaridad, luminosidad) values (9, 'Mari (Olive)', '2026-05-29', 'Oscuro', 64);
INSERT INTO TonoPiel (idTonoPiel, nombre, escalaFitzpatrick, valorClaridad, luminosidad) values (10, 'Lea (Light Tan)', '2026-01-14', 'Claro', 71);
INSERT INTO TonoPiel (idTonoPiel, nombre, escalaFitzpatrick, valorClaridad, luminosidad) values (11, 'Kayla (Light Olive)', '2025-10-30', 'Medio', 14);
INSERT INTO TonoPiel (idTonoPiel, nombre, escalaFitzpatrick, valorClaridad, luminosidad) values (12, 'Kira (Warm Tan)', '2026-02-26', 'Claro', 7);
INSERT INTO TonoPiel (idTonoPiel, nombre, escalaFitzpatrick, valorClaridad, luminosidad) values (13, 'Teresa (Medium Tan)', '2025-10-31', 'Oscuro', 83);
INSERT INTO TonoPiel (idTonoPiel, nombre, escalaFitzpatrick, valorClaridad, luminosidad) values (14, 'Porcelain', '2025-11-29', 'Claro', 68);
INSERT INTO TonoPiel (idTonoPiel, nombre, escalaFitzpatrick, valorClaridad, luminosidad) values (15, 'Fantasy (Blue/Green/Pink)', '2025-09-24', 'Claro', 54);

--------------------------------------------------------------------------------------------------
-- TIPO DE DISEÑO

INSERT INTO TipoDiseño (idTipoDiseño, nombre) values (1, 'Muñeca Articulada');
INSERT INTO TipoDiseño (idTipoDiseño, nombre) values (2, 'Muñeca Estática');
INSERT INTO TipoDiseño (idTipoDiseño, nombre) values (3, 'Playset (Escenario)');
INSERT INTO TipoDiseño (idTipoDiseño, nombre) values (4, 'Vehículo Terrestre');
INSERT INTO TipoDiseño (idTipoDiseño, nombre) values (5, 'Vehículo Acuático');
INSERT INTO TipoDiseño (idTipoDiseño, nombre) values (6, 'Vehículo Aéreo');
INSERT INTO TipoDiseño (idTipoDiseño, nombre) values (7, 'Prenda de Vestir (Ropa)');
INSERT INTO TipoDiseño (idTipoDiseño, nombre) values (8, 'Accesorio Pequeño');
INSERT INTO TipoDiseño (idTipoDiseño, nombre) values (9, 'Mascota / Animal');
INSERT INTO TipoDiseño (idTipoDiseño, nombre) values (10, 'Casa de Muñecas');
INSERT INTO TipoDiseño (idTipoDiseño, nombre) values (11, 'Dispositivo Electrónico (Toy)');
INSERT INTO TipoDiseño (idTipoDiseño, nombre) values (12, 'Figura de Acción (Masculina)');
INSERT INTO TipoDiseño (idTipoDiseño, nombre) values (13, 'Muebles a Escala');
INSERT INTO TipoDiseño (idTipoDiseño, nombre) values (14, 'Juego de Construcción');
INSERT INTO TipoDiseño (idTipoDiseño, nombre) values (15, 'Coleccionable Diorama');

--------------------------------------------------------------------------------------------------
-- DISEÑO

TRUNCATE TABLE diseño CASCADE;

INSERT INTO Diseño (idDiseño, nombre, descripcion, ClasificacionHistorica_idClasificacionHistorica, ClasificacionExclusividad_idClasificacionExclusividad, TonoPiel_idTonoPiel, MoldeRostro_idMoldeRostro, TipoDiseño_idTipoDiseño, Diseño_idDiseño) values (1, 'Barbie Original 1959 (Bathing Suit)', 'Primera edición histórica. Muñeca con traje de baño a rayas blancas y negras, gafas de sol y zapatos abiertos.', 14, 7, 9, 6, 7, null);
INSERT INTO Diseño (idDiseño, nombre, descripcion, ClasificacionHistorica_idClasificacionHistorica, ClasificacionExclusividad_idClasificacionExclusividad, TonoPiel_idTonoPiel, MoldeRostro_idMoldeRostro, TipoDiseño_idTipoDiseño, Diseño_idDiseño) values (2, 'Barbie Malibu 1971', 'La icónica muñeca de playa con piel bronceada, cabello rubio liso y traje de baño azul celeste.', 1, 8, 11, 6, 6, null);
INSERT INTO Diseño (idDiseño, nombre, descripcion, ClasificacionHistorica_idClasificacionHistorica, ClasificacionExclusividad_idClasificacionExclusividad, TonoPiel_idTonoPiel, MoldeRostro_idMoldeRostro, TipoDiseño_idTipoDiseño, Diseño_idDiseño) values (3, 'Barbie Totally Hair 1992', 'La muñeca más vendida de la historia, caracterizada por su cabello hasta los tobillos y minivestido psicodélico.', 8, 6, 2, 11, 3, null);
INSERT INTO Diseño (idDiseño, nombre, descripcion, ClasificacionHistorica_idClasificacionHistorica, ClasificacionExclusividad_idClasificacionExclusividad, TonoPiel_idTonoPiel, MoldeRostro_idMoldeRostro, TipoDiseño_idTipoDiseño, Diseño_idDiseño) values (4, 'Barbie Peaches ''n Cream 1984', 'Edición clásica de los 80s con un elegante vestido de gala color durazno y accesorios a juego.', 4, 1, 1, 2, 12, null);
INSERT INTO Diseño (idDiseño, nombre, descripcion, ClasificacionHistorica_idClasificacionHistorica, ClasificacionExclusividad_idClasificacionExclusividad, TonoPiel_idTonoPiel, MoldeRostro_idMoldeRostro, TipoDiseño_idTipoDiseño, Diseño_idDiseño) values (5, 'Ken Original 1961', 'Primer modelo del novio de Barbie, con traje de baño rojo, toalla amarilla y sandalias.', 8, 2, 6, 5, 2, null);
INSERT INTO Diseño (idDiseño, nombre, descripcion, ClasificacionHistorica_idClasificacionHistorica, ClasificacionExclusividad_idClasificacionExclusividad, TonoPiel_idTonoPiel, MoldeRostro_idMoldeRostro, TipoDiseño_idTipoDiseño, Diseño_idDiseño) values (6, 'Barbie Dreamhouse Playset (3 Pisos)', 'Estructura modular de casa de muñecas con ascensor funcional, piscina y accesorios de mobiliario.', 10, 15, 9, 12, 14, null);
INSERT INTO Diseño (idDiseño, nombre, descripcion, ClasificacionHistorica_idClasificacionHistorica, ClasificacionExclusividad_idClasificacionExclusividad, TonoPiel_idTonoPiel, MoldeRostro_idMoldeRostro, TipoDiseño_idTipoDiseño, Diseño_idDiseño) values (7, 'Barbie Holiday 2021 (Gold Dress)', 'Edición especial de Navidad con un espectacular vestido metálico dorado y detalles de pedrería.', 3, 11, 6, 1, 13, null);
INSERT INTO Diseño (idDiseño, nombre, descripcion, ClasificacionHistorica_idClasificacionHistorica, ClasificacionExclusividad_idClasificacionExclusividad, TonoPiel_idTonoPiel, MoldeRostro_idMoldeRostro, TipoDiseño_idTipoDiseño, Diseño_idDiseño) values (8, 'Barbie Inspiring Women: Frida Kahlo', 'Figura coleccionable que rinde homenaje a la icónica pintora mexicana con vestuario tradicional.', 15, 11, 1, 1, 3, null);
INSERT INTO Diseño (idDiseño, nombre, descripcion, ClasificacionHistorica_idClasificacionHistorica, ClasificacionExclusividad_idClasificacionExclusividad, TonoPiel_idTonoPiel, MoldeRostro_idMoldeRostro, TipoDiseño_idTipoDiseño, Diseño_idDiseño) values (9, 'Barbie Fashionistas #144 (Vitíligo)', 'Muñeca de la línea inclusiva Fashionistas que presenta vitíligo, fomentando la diversidad corporal.', 5, 10, 5, 9, 11, null);
INSERT INTO Diseño (idDiseño, nombre, descripcion, ClasificacionHistorica_idClasificacionHistorica, ClasificacionExclusividad_idClasificacionExclusividad, TonoPiel_idTonoPiel, MoldeRostro_idMoldeRostro, TipoDiseño_idTipoDiseño, Diseño_idDiseño) values (10, 'Barbie Color Reveal (Serie Sirena)', 'Innovador concepto de empaque ciego donde la muñeca revela su diseño al sumergirse en agua tibia.', 6, 7, 1, 4, 13, null);
INSERT INTO Diseño (idDiseño, nombre, descripcion, ClasificacionHistorica_idClasificacionHistorica, ClasificacionExclusividad_idClasificacionExclusividad, TonoPiel_idTonoPiel, MoldeRostro_idMoldeRostro, TipoDiseño_idTipoDiseño, Diseño_idDiseño) values (11, 'Barbie Camper RV 3-en-1', 'Vehículo recreativo transformable que se abre para revelar múltiples áreas de juego y una barca.', 12, 9, 15, 9, 11, null);
INSERT INTO Diseño (idDiseño, nombre, descripcion, ClasificacionHistorica_idClasificacionHistorica, ClasificacionExclusividad_idClasificacionExclusividad, TonoPiel_idTonoPiel, MoldeRostro_idMoldeRostro, TipoDiseño_idTipoDiseño, Diseño_idDiseño) values (12, 'Barbie Extra #1 (Abrigo Arcoíris)', 'Línea de moda urbana exagerada, incluye mascota cerdito y múltiples accesorios brillantes.', 3, 7, 8, 8, 9, null);
INSERT INTO Diseño (idDiseño, nombre, descripcion, ClasificacionHistorica_idClasificacionHistorica, ClasificacionExclusividad_idClasificacionExclusividad, TonoPiel_idTonoPiel, MoldeRostro_idMoldeRostro, TipoDiseño_idTipoDiseño, Diseño_idDiseño) values (13, 'Skipper Babysitters Inc. Playset', 'Set de juego que incluye a la hermana menor Skipper, un bebé y accesorios para el cuidado infantil.', 15, 1, 6, 5, 13, null);
INSERT INTO Diseño (idDiseño, nombre, descripcion, ClasificacionHistorica_idClasificacionHistorica, ClasificacionExclusividad_idClasificacionExclusividad, TonoPiel_idTonoPiel, MoldeRostro_idMoldeRostro, TipoDiseño_idTipoDiseño, Diseño_idDiseño) values (14, 'Barbie Dia de Muertos 2022', 'Edición de coleccionista con maquillaje de calavera tradicional y vestido bordado floral premium.', 14, 8, 11, 7, 2, null);
INSERT INTO Diseño (idDiseño, nombre, descripcion, ClasificacionHistorica_idClasificacionHistorica, ClasificacionExclusividad_idClasificacionExclusividad, TonoPiel_idTonoPiel, MoldeRostro_idMoldeRostro, TipoDiseño_idTipoDiseño, Diseño_idDiseño) values (15, 'Ken Fashionistas #152 (Silla de Ruedas)', 'Muñeco Ken de la línea inclusiva, equipado con una silla de ruedas funcional y rampa.', 6, 7, 2, 14, 7, null);
INSERT INTO Diseño (idDiseño, nombre, descripcion, ClasificacionHistorica_idClasificacionHistorica, ClasificacionExclusividad_idClasificacionExclusividad, TonoPiel_idTonoPiel, MoldeRostro_idMoldeRostro, TipoDiseño_idTipoDiseño, Diseño_idDiseño) values (16, 'Barbie Astronauta 1965', 'Histórico diseño lanzado cuatro años antes de que el hombre llegara a la luna. Traje espacial plateado.', 14, 4, 10, 11, 8, null);
INSERT INTO Diseño (idDiseño, nombre, descripcion, ClasificacionHistorica_idClasificacionHistorica, ClasificacionExclusividad_idClasificacionExclusividad, TonoPiel_idTonoPiel, MoldeRostro_idMoldeRostro, TipoDiseño_idTipoDiseño, Diseño_idDiseño) values (17, 'Barbie Made to Move (Curvy)', 'Cuerpo con 22 puntos de articulación diseñado para posabilidad extrema, en silueta Curvy.', 14, 14, 3, 8, 12, null);
INSERT INTO Diseño (idDiseño, nombre, descripcion, ClasificacionHistorica_idClasificacionHistorica, ClasificacionExclusividad_idClasificacionExclusividad, TonoPiel_idTonoPiel, MoldeRostro_idMoldeRostro, TipoDiseño_idTipoDiseño, Diseño_idDiseño) values (18, 'Barbie Corvette Convertible', 'Vehículo deportivo a escala 1/6 con detalles cromados y asientos para dos muñecas.', 7, 15, 4, 9, 6, null);
INSERT INTO Diseño (idDiseño, nombre, descripcion, ClasificacionHistorica_idClasificacionHistorica, ClasificacionExclusividad_idClasificacionExclusividad, TonoPiel_idTonoPiel, MoldeRostro_idMoldeRostro, TipoDiseño_idTipoDiseño, Diseño_idDiseño) values (19, 'Barbie Signature: Bob Mackie Gold', 'Edición ultra exclusiva diseñada por Bob Mackie, con lentejuelas bordadas a mano y plumas.', 15, 9, 1, 2, 8, null);
INSERT INTO Diseño (idDiseño, nombre, descripcion, ClasificacionHistorica_idClasificacionHistorica, ClasificacionExclusividad_idClasificacionExclusividad, TonoPiel_idTonoPiel, MoldeRostro_idMoldeRostro, TipoDiseño_idTipoDiseño, Diseño_idDiseño) values (20, 'Teresa Rollerblade 1992', 'Amiga de Barbie con patines en línea funcionales que emiten chispas al rodar gracias a fricción interna.', 3, 7, 5, 6, 6, null);
INSERT INTO Diseño (idDiseño, nombre, descripcion, ClasificacionHistorica_idClasificacionHistorica, ClasificacionExclusividad_idClasificacionExclusividad, TonoPiel_idTonoPiel, MoldeRostro_idMoldeRostro, TipoDiseño_idTipoDiseño, Diseño_idDiseño) values (21, 'Barbie Veterinaria de la Selva', 'Set de profesiones que incluye crías de animales salvajes, mesa de examinación y estetoscopio.', 8, 10, 4, 3, 7, null);
INSERT INTO Diseño (idDiseño, nombre, descripcion, ClasificacionHistorica_idClasificacionHistorica, ClasificacionExclusividad_idClasificacionExclusividad, TonoPiel_idTonoPiel, MoldeRostro_idMoldeRostro, TipoDiseño_idTipoDiseño, Diseño_idDiseño) values (22, 'Barbie BMR1959 (Neon Jumpsuit)', 'Colección streetwear que celebra los 60 años de la marca con moda urbana de los años 90.', 12, 4, 3, 2, 8, null);
INSERT INTO Diseño (idDiseño, nombre, descripcion, ClasificacionHistorica_idClasificacionHistorica, ClasificacionExclusividad_idClasificacionExclusividad, TonoPiel_idTonoPiel, MoldeRostro_idMoldeRostro, TipoDiseño_idTipoDiseño, Diseño_idDiseño) values (23, 'Chelsea Club Treehouse Playset', 'Casa del árbol a escala de la hermana pequeña Chelsea, con tobogán y perrito de mascota.', 2, 5, 5, 6, 10, null);
INSERT INTO Diseño (idDiseño, nombre, descripcion, ClasificacionHistorica_idClasificacionHistorica, ClasificacionExclusividad_idClasificacionExclusividad, TonoPiel_idTonoPiel, MoldeRostro_idMoldeRostro, TipoDiseño_idTipoDiseño, Diseño_idDiseño) values (24, 'Barbie Silkstone Lingerie Model', 'Modelo coleccionista hecho de resina Silkstone pesada, simulando porcelana. Ropa interior vintage.', 12, 3, 4, 12, 11, null);
INSERT INTO Diseño (idDiseño, nombre, descripcion, ClasificacionHistorica_idClasificacionHistorica, ClasificacionExclusividad_idClasificacionExclusividad, TonoPiel_idTonoPiel, MoldeRostro_idMoldeRostro, TipoDiseño_idTipoDiseño, Diseño_idDiseño) values (25, 'Barbie Doctora de Bebés', 'Línea "Puedes ser lo que quieras". Incluye estación médica, incubadoras y dos muñecos bebés.', 7, 2, 10, 9, 10, null);
INSERT INTO Diseño (idDiseño, nombre, descripcion, ClasificacionHistorica_idClasificacionHistorica, ClasificacionExclusividad_idClasificacionExclusividad, TonoPiel_idTonoPiel, MoldeRostro_idMoldeRostro, TipoDiseño_idTipoDiseño, Diseño_idDiseño) values (26, 'Barbie Dream Boat (Avión/Crucero)', 'Vehículo de gran formato que se expande para formar un jet privado con compartimentos de lujo.', 2, 2, 6, 9, 11, null);
INSERT INTO Diseño (idDiseño, nombre, descripcion, ClasificacionHistorica_idClasificacionHistorica, ClasificacionExclusividad_idClasificacionExclusividad, TonoPiel_idTonoPiel, MoldeRostro_idMoldeRostro, TipoDiseño_idTipoDiseño, Diseño_idDiseño) values (27, 'Midge Pregnant (Happy Family 2002)', 'Polémica edición de la amiga Midge con pancita de embarazo magnética desprendible.', 12, 13, 2, 12, 11, null);
INSERT INTO Diseño (idDiseño, nombre, descripcion, ClasificacionHistorica_idClasificacionHistorica, ClasificacionExclusividad_idClasificacionExclusividad, TonoPiel_idTonoPiel, MoldeRostro_idMoldeRostro, TipoDiseño_idTipoDiseño, Diseño_idDiseño) values (28, 'Barbie Inspiring Women: Rosa Parks', 'Edición histórica celebrando los derechos civiles, con abrigo clásico y sombrero.', 13, 11, 11, 15, 7, null);
INSERT INTO Diseño (idDiseño, nombre, descripcion, ClasificacionHistorica_idClasificacionHistorica, ClasificacionExclusividad_idClasificacionExclusividad, TonoPiel_idTonoPiel, MoldeRostro_idMoldeRostro, TipoDiseño_idTipoDiseño, Diseño_idDiseño) values (29, 'Barbie Glam Convertible (Rosa)', 'Clásico auto convertible de dos plazas en rosa brillante, ruedas giratorias y cinturones de seguridad.', 6, 14, 9, 15, 2, null);
INSERT INTO Diseño (idDiseño, nombre, descripcion, ClasificacionHistorica_idClasificacionHistorica, ClasificacionExclusividad_idClasificacionExclusividad, TonoPiel_idTonoPiel, MoldeRostro_idMoldeRostro, TipoDiseño_idTipoDiseño, Diseño_idDiseño) values (30, 'Ken Earring Magic 1993', 'El modelo Ken más vendido de los 90s, con chaleco morado, cabello rubio y pendiente circular.', 8, 5, 9, 5, 5, null);
INSERT INTO Diseño (idDiseño, nombre, descripcion, ClasificacionHistorica_idClasificacionHistorica, ClasificacionExclusividad_idClasificacionExclusividad, TonoPiel_idTonoPiel, MoldeRostro_idMoldeRostro, TipoDiseño_idTipoDiseño, Diseño_idDiseño) values (31, 'Barbie Princesa Dreamtopia', 'Línea de fantasía. Vestido con luces LED interactivas en la falda y corona de arcoíris.', 11, 8, 2, 8, 1, null);
INSERT INTO Diseño (idDiseño, nombre, descripcion, ClasificacionHistorica_idClasificacionHistorica, ClasificacionExclusividad_idClasificacionExclusividad, TonoPiel_idTonoPiel, MoldeRostro_idMoldeRostro, TipoDiseño_idTipoDiseño, Diseño_idDiseño) values (32, 'Barbie Crystal Fantasy Collection (Amethyst)', 'Colección de diseñador inspirada en cristales naturales, maquillaje etéreo e incrustaciones.', 6, 9, 4, 3, 3, null);
INSERT INTO Diseño (idDiseño, nombre, descripcion, ClasificacionHistorica_idClasificacionHistorica, ClasificacionExclusividad_idClasificacionExclusividad, TonoPiel_idTonoPiel, MoldeRostro_idMoldeRostro, TipoDiseño_idTipoDiseño, Diseño_idDiseño) values (33, 'Barbie Fashionistas #167 (Prótesis)', 'Inclusión y diversidad. Muñeca con pierna protésica extraíble y estilo casual moderno.', 9, 7, 3, 10, 7, null);
INSERT INTO Diseño (idDiseño, nombre, descripcion, ClasificacionHistorica_idClasificacionHistorica, ClasificacionExclusividad_idClasificacionExclusividad, TonoPiel_idTonoPiel, MoldeRostro_idMoldeRostro, TipoDiseño_idTipoDiseño, Diseño_idDiseño) values (34, 'Barbie Pop Star 1986', 'Muñeca estrella de rock con micrófono de utilería, calentadores neón y guitarra eléctrica.', 7, 8, 13, 1, 7, null);
INSERT INTO Diseño (idDiseño, nombre, descripcion, ClasificacionHistorica_idClasificacionHistorica, ClasificacionExclusividad_idClasificacionExclusividad, TonoPiel_idTonoPiel, MoldeRostro_idMoldeRostro, TipoDiseño_idTipoDiseño, Diseño_idDiseño) values (35, 'Barbie Sirena Luces Brillantes', 'Aleta de plástico translúcido que se ilumina al presionar el collar, sellada contra agua.', 15, 9, 1, 10, 6, null);
INSERT INTO Diseño (idDiseño, nombre, descripcion, ClasificacionHistorica_idClasificacionHistorica, ClasificacionExclusividad_idClasificacionExclusividad, TonoPiel_idTonoPiel, MoldeRostro_idMoldeRostro, TipoDiseño_idTipoDiseño, Diseño_idDiseño) values (36, 'Barbie Signature: Tina Turner', 'Serie de mujeres inspiradoras. Incluye chaqueta de denim y look característico de los escenarios.', 8, 13, 12, 9, 12, null);
INSERT INTO Diseño (idDiseño, nombre, descripcion, ClasificacionHistorica_idClasificacionHistorica, ClasificacionExclusividad_idClasificacionExclusividad, TonoPiel_idTonoPiel, MoldeRostro_idMoldeRostro, TipoDiseño_idTipoDiseño, Diseño_idDiseño) values (37, 'Stacie Team Stacie Gymnastics', 'Set deportivo de la hermana Stacie, con barra de equilibrio funcional y medalla.', 10, 6, 15, 10, 4, null);
INSERT INTO Diseño (idDiseño, nombre, descripcion, ClasificacionHistorica_idClasificacionHistorica, ClasificacionExclusividad_idClasificacionExclusividad, TonoPiel_idTonoPiel, MoldeRostro_idMoldeRostro, TipoDiseño_idTipoDiseño, Diseño_idDiseño) values (38, 'Barbie Día de Spa y Mascarillas', 'Playset con masilla moldeable para crear mascarillas faciales, bata y estación de tocador.', 9, 2, 14, 6, 14, null);
INSERT INTO Diseño (idDiseño, nombre, descripcion, ClasificacionHistorica_idClasificacionHistorica, ClasificacionExclusividad_idClasificacionExclusividad, TonoPiel_idTonoPiel, MoldeRostro_idMoldeRostro, TipoDiseño_idTipoDiseño, Diseño_idDiseño) values (39, 'Barbie Repro: 1977 Superstar', 'Reproducción fiel para coleccionistas del icónico molde Superstar y vestido de satén fucsia.', 12, 1, 11, 13, 10, null);
INSERT INTO Diseño (idDiseño, nombre, descripcion, ClasificacionHistorica_idClasificacionHistorica, ClasificacionExclusividad_idClasificacionExclusividad, TonoPiel_idTonoPiel, MoldeRostro_idMoldeRostro, TipoDiseño_idTipoDiseño, Diseño_idDiseño) values (40, 'Barbie Ambulancia Clínica Móvil', 'Furgoneta transformable de más de 60 cm con sirenas funcionales, sala de espera y rayos X.', 12, 10, 4, 7, 15, null);
INSERT INTO Diseño (idDiseño, nombre, descripcion, ClasificacionHistorica_idClasificacionHistorica, ClasificacionExclusividad_idClasificacionExclusividad, TonoPiel_idTonoPiel, MoldeRostro_idMoldeRostro, TipoDiseño_idTipoDiseño, Diseño_idDiseño) values (41, 'Ken Fashionistas #164 (Cabello Largo)', 'Molde moderno con cabello enraizado largo rubio, camisa floral y cuerpo Broad.', 10, 11, 11, 8, 2, null);
INSERT INTO Diseño (idDiseño, nombre, descripcion, ClasificacionHistorica_idClasificacionHistorica, ClasificacionExclusividad_idClasificacionExclusividad, TonoPiel_idTonoPiel, MoldeRostro_idMoldeRostro, TipoDiseño_idTipoDiseño, Diseño_idDiseño) values (42, 'Barbie Extra Minis Playset', 'Boutique plegable con perchero rodante, espejos y accesorios miniatura para la línea Extra.', 6, 5, 3, 4, 12, null);
INSERT INTO Diseño (idDiseño, nombre, descripcion, ClasificacionHistorica_idClasificacionHistorica, ClasificacionExclusividad_idClasificacionExclusividad, TonoPiel_idTonoPiel, MoldeRostro_idMoldeRostro, TipoDiseño_idTipoDiseño, Diseño_idDiseño) values (43, 'Barbie Jueza 1993', 'Pieza vintage de empoderamiento femenino. Toga negra oficial y mazo de tribunal.', 11, 15, 7, 13, 2, null);
INSERT INTO Diseño (idDiseño, nombre, descripcion, ClasificacionHistorica_idClasificacionHistorica, ClasificacionExclusividad_idClasificacionExclusividad, TonoPiel_idTonoPiel, MoldeRostro_idMoldeRostro, TipoDiseño_idTipoDiseño, Diseño_idDiseño) values (44, 'Barbie Signature: David Bowie', 'Edición tributo al estilo de los años 90 de Bowie. Cabello rojo enraizado, traje a medida.', 5, 15, 11, 8, 1, null);
INSERT INTO Diseño (idDiseño, nombre, descripcion, ClasificacionHistorica_idClasificacionHistorica, ClasificacionExclusividad_idClasificacionExclusividad, TonoPiel_idTonoPiel, MoldeRostro_idMoldeRostro, TipoDiseño_idTipoDiseño, Diseño_idDiseño) values (45, 'Barbie Gimnasta Rítmica', 'Cuerpo Made to Move, incluye aros, cintas y batón. Diseño orientado a Juegos Olímpicos.', 4, 13, 6, 8, 8, null);
INSERT INTO Diseño (idDiseño, nombre, descripcion, ClasificacionHistorica_idClasificacionHistorica, ClasificacionExclusividad_idClasificacionExclusividad, TonoPiel_idTonoPiel, MoldeRostro_idMoldeRostro, TipoDiseño_idTipoDiseño, Diseño_idDiseño) values (46, 'Barbie Color Reveal (Serie Neón)', 'Tubo sorpresa donde la pintura hidrosoluble revela estampados reactivos a luz UV.', 12, 11, 4, 8, 3, null);
INSERT INTO Diseño (idDiseño, nombre, descripcion, ClasificacionHistorica_idClasificacionHistorica, ClasificacionExclusividad_idClasificacionExclusividad, TonoPiel_idTonoPiel, MoldeRostro_idMoldeRostro, TipoDiseño_idTipoDiseño, Diseño_idDiseño) values (47, 'Barbie Cafetería Pastelería', 'Playset interactivo. Funciones mecánicas para "hornear" plastilina con moldes de tartas.', 14, 5, 8, 8, 13, null);
INSERT INTO Diseño (idDiseño, nombre, descripcion, ClasificacionHistorica_idClasificacionHistorica, ClasificacionExclusividad_idClasificacionExclusividad, TonoPiel_idTonoPiel, MoldeRostro_idMoldeRostro, TipoDiseño_idTipoDiseño, Diseño_idDiseño) values (48, 'Ken Sireno (Merman)', 'Pieza de la línea Dreamtopia. Molde masculino con aleta colorida moldeada y corona.', 5, 2, 7, 1, 9, null);
INSERT INTO Diseño (idDiseño, nombre, descripcion, ClasificacionHistorica_idClasificacionHistorica, ClasificacionExclusividad_idClasificacionExclusividad, TonoPiel_idTonoPiel, MoldeRostro_idMoldeRostro, TipoDiseño_idTipoDiseño, Diseño_idDiseño) values (49, 'Barbie Repro: 1986 Rockers', 'Regreso a la era glam. Incluye cassette miniatura de colección y teclado keytar.', 2, 10, 8, 3, 10, null);
INSERT INTO Diseño (idDiseño, nombre, descripcion, ClasificacionHistorica_idClasificacionHistorica, ClasificacionExclusividad_idClasificacionExclusividad, TonoPiel_idTonoPiel, MoldeRostro_idMoldeRostro, TipoDiseño_idTipoDiseño, Diseño_idDiseño) values (50, 'Barbie Caballo Andador Interactivo', 'Accesorio motorizado. Caballo blanco con articulaciones autónomas y crin peinable.', 2, 6, 13, 12, 7, null);
INSERT INTO Diseño (idDiseño, nombre, descripcion, ClasificacionHistorica_idClasificacionHistorica, ClasificacionExclusividad_idClasificacionExclusividad, TonoPiel_idTonoPiel, MoldeRostro_idMoldeRostro, TipoDiseño_idTipoDiseño, Diseño_idDiseño) values (51, 'Barbie Piloto Comercial', 'Promoción de carreras STEM. Uniforme azul, sombrero de capitán y maleta rodante.', 4, 7, 3, 10, 2, null);
INSERT INTO Diseño (idDiseño, nombre, descripcion, ClasificacionHistorica_idClasificacionHistorica, ClasificacionExclusividad_idClasificacionExclusividad, TonoPiel_idTonoPiel, MoldeRostro_idMoldeRostro, TipoDiseño_idTipoDiseño, Diseño_idDiseño) values (52, 'Barbie Signature: Eleanor Roosevelt', 'Recreación histórica. Incluye vestido de época y empaque tipo libro biográfico.', 1, 12, 2, 11, 7, null);
INSERT INTO Diseño (idDiseño, nombre, descripcion, ClasificacionHistorica_idClasificacionHistorica, ClasificacionExclusividad_idClasificacionExclusividad, TonoPiel_idTonoPiel, MoldeRostro_idMoldeRostro, TipoDiseño_idTipoDiseño, Diseño_idDiseño) values (53, 'Barbie Creadora de Emojis', 'Prendas con tecnología de transferencia térmica para estampar gráficos mediante fricción.', 8, 14, 1, 9, 2, null);
INSERT INTO Diseño (idDiseño, nombre, descripcion, ClasificacionHistorica_idClasificacionHistorica, ClasificacionExclusividad_idClasificacionExclusividad, TonoPiel_idTonoPiel, MoldeRostro_idMoldeRostro, TipoDiseño_idTipoDiseño, Diseño_idDiseño) values (54, 'Barbie Gran Princesa (43 cm)', 'Muñeca de tamaño ampliado. Cepillo de gran formato para estilizar cabello extra largo.', 10, 15, 14, 6, 7, null);
INSERT INTO Diseño (idDiseño, nombre, descripcion, ClasificacionHistorica_idClasificacionHistorica, ClasificacionExclusividad_idClasificacionExclusividad, TonoPiel_idTonoPiel, MoldeRostro_idMoldeRostro, TipoDiseño_idTipoDiseño, Diseño_idDiseño) values (55, 'Ken Surfista (Malibu)', 'Figura playera. Tabla de surf de plástico sólido con anclajes para los pies del muñeco.', 14, 8, 15, 15, 3, null);
INSERT INTO Diseño (idDiseño, nombre, descripcion, ClasificacionHistorica_idClasificacionHistorica, ClasificacionExclusividad_idClasificacionExclusividad, TonoPiel_idTonoPiel, MoldeRostro_idMoldeRostro, TipoDiseño_idTipoDiseño, Diseño_idDiseño) values (56, 'Barbie Fashionistas #119 (Petite)', 'Nuevo cuerpo Petite introducido en 2016. Cabello azul corto y vestido a cuadros.', 3, 6, 13, 14, 8, null);
INSERT INTO Diseño (idDiseño, nombre, descripcion, ClasificacionHistorica_idClasificacionHistorica, ClasificacionExclusividad_idClasificacionExclusividad, TonoPiel_idTonoPiel, MoldeRostro_idMoldeRostro, TipoDiseño_idTipoDiseño, Diseño_idDiseño) values (57, 'Barbie Exploradora de Marte', 'Lanzamiento especial con casco presurizado de plástico ABS y mochila de soporte vital.', 15, 8, 12, 15, 7, null);
INSERT INTO Diseño (idDiseño, nombre, descripcion, ClasificacionHistorica_idClasificacionHistorica, ClasificacionExclusividad_idClasificacionExclusividad, TonoPiel_idTonoPiel, MoldeRostro_idMoldeRostro, TipoDiseño_idTipoDiseño, Diseño_idDiseño) values (58, 'Barbie Scooter Ciclomotor', 'Vehículo de dos ruedas motorizado en rosa pastel, con casco y cesta trasera para mascota.', 11, 15, 3, 8, 4, null);
INSERT INTO Diseño (idDiseño, nombre, descripcion, ClasificacionHistorica_idClasificacionHistorica, ClasificacionExclusividad_idClasificacionExclusividad, TonoPiel_idTonoPiel, MoldeRostro_idMoldeRostro, TipoDiseño_idTipoDiseño, Diseño_idDiseño) values (59, 'Barbie Signature: Elvis Presley', 'Traje ajustado "American Eagle" lleno de cristales, botas blancas y peinado icónico.', 13, 8, 15, 15, 2, null);
INSERT INTO Diseño (idDiseño, nombre, descripcion, ClasificacionHistorica_idClasificacionHistorica, ClasificacionExclusividad_idClasificacionExclusividad, TonoPiel_idTonoPiel, MoldeRostro_idMoldeRostro, TipoDiseño_idTipoDiseño, Diseño_idDiseño) values (60, 'Christie Original 1968', 'Primera amiga afroamericana de Barbie. Traje de baño de una pieza y corte de cabello Mod.', 4, 14, 14, 7, 4, null);
INSERT INTO Diseño (idDiseño, nombre, descripcion, ClasificacionHistorica_idClasificacionHistorica, ClasificacionExclusividad_idClasificacionExclusividad, TonoPiel_idTonoPiel, MoldeRostro_idMoldeRostro, TipoDiseño_idTipoDiseño, Diseño_idDiseño) values (61, 'Barbie Helicóptero de Lujo', 'Estructura rígida de gran volumen. Espacio para pilotos y pasajeros, carrito de snacks incluido.', 1, 7, 5, 3, 10, null);
INSERT INTO Diseño (idDiseño, nombre, descripcion, ClasificacionHistorica_idClasificacionHistorica, ClasificacionExclusividad_idClasificacionExclusividad, TonoPiel_idTonoPiel, MoldeRostro_idMoldeRostro, TipoDiseño_idTipoDiseño, Diseño_idDiseño) values (62, 'Barbie Extra #5 (Chaqueta Flecos)', 'Línea de tendencias audaces. Trenzas arcoíris extra largas, vehículo de mascota incorporado.', 2, 3, 1, 2, 8, null);
INSERT INTO Diseño (idDiseño, nombre, descripcion, ClasificacionHistorica_idClasificacionHistorica, ClasificacionExclusividad_idClasificacionExclusividad, TonoPiel_idTonoPiel, MoldeRostro_idMoldeRostro, TipoDiseño_idTipoDiseño, Diseño_idDiseño) values (63, 'Barbie Cuidadora de Pandas', 'Estación de rescate en la selva, hamacas columpio de bambú, báscula y pandas de PVC.', 14, 9, 6, 12, 15, null);
INSERT INTO Diseño (idDiseño, nombre, descripcion, ClasificacionHistorica_idClasificacionHistorica, ClasificacionExclusividad_idClasificacionExclusividad, TonoPiel_idTonoPiel, MoldeRostro_idMoldeRostro, TipoDiseño_idTipoDiseño, Diseño_idDiseño) values (64, 'Barbie Repro: Day-to-Night 1985', 'Innovación en moda transformable. Vestido de oficina que se revierte en traje de noche fucsia.', 10, 15, 1, 10, 2, null);
INSERT INTO Diseño (idDiseño, nombre, descripcion, ClasificacionHistorica_idClasificacionHistorica, ClasificacionExclusividad_idClasificacionExclusividad, TonoPiel_idTonoPiel, MoldeRostro_idMoldeRostro, TipoDiseño_idTipoDiseño, Diseño_idDiseño) values (65, 'Ken BMR1959 (Topknot)', 'Streetwear moderno de colección. Molde facial detallado, moño superior enraizado y chaqueta verde.', 10, 6, 1, 15, 1, null);
INSERT INTO Diseño (idDiseño, nombre, descripcion, ClasificacionHistorica_idClasificacionHistorica, ClasificacionExclusividad_idClasificacionExclusividad, TonoPiel_idTonoPiel, MoldeRostro_idMoldeRostro, TipoDiseño_idTipoDiseño, Diseño_idDiseño) values (66, 'Barbie Food Truck', 'Playset de granito plástico. Máquina de batidos, plancha de hamburguesas y accesorios miniatura.', 10, 3, 10, 14, 3, null);
INSERT INTO Diseño (idDiseño, nombre, descripcion, ClasificacionHistorica_idClasificacionHistorica, ClasificacionExclusividad_idClasificacionExclusividad, TonoPiel_idTonoPiel, MoldeRostro_idMoldeRostro, TipoDiseño_idTipoDiseño, Diseño_idDiseño) values (67, 'Barbie Fashionistas #135 (Alopecia)', 'Avance en representación. Muñeca sin cabello con maxiaretes dorados y vestido floral.', 8, 2, 12, 10, 3, null);
INSERT INTO Diseño (idDiseño, nombre, descripcion, ClasificacionHistorica_idClasificacionHistorica, ClasificacionExclusividad_idClasificacionExclusividad, TonoPiel_idTonoPiel, MoldeRostro_idMoldeRostro, TipoDiseño_idTipoDiseño, Diseño_idDiseño) values (68, 'Barbie Armario de Ensueño (Closet)', 'Mobiliario modular transportable con estantes, cajones, espejos y ganchos de ropa.', 9, 8, 8, 11, 3, null);
INSERT INTO Diseño (idDiseño, nombre, descripcion, ClasificacionHistorica_idClasificacionHistorica, ClasificacionExclusividad_idClasificacionExclusividad, TonoPiel_idTonoPiel, MoldeRostro_idMoldeRostro, TipoDiseño_idTipoDiseño, Diseño_idDiseño) values (69, 'Barbie Ingeniería Robótica', 'Iniciativa educativa. Incluye robot articulado, laptop y gafas protectoras para ensamblaje.', 10, 5, 9, 7, 7, null);
INSERT INTO Diseño (idDiseño, nombre, descripcion, ClasificacionHistorica_idClasificacionHistorica, ClasificacionExclusividad_idClasificacionExclusividad, TonoPiel_idTonoPiel, MoldeRostro_idMoldeRostro, TipoDiseño_idTipoDiseño, Diseño_idDiseño) values (70, 'Barbie Signature: Iris Apfel', 'Colección Mujeres Inspiradoras. Traje sastre texturizado y broche de perlas fiel a la época.', 13, 8, 2, 10, 4, null);
INSERT INTO Diseño (idDiseño, nombre, descripcion, ClasificacionHistorica_idClasificacionHistorica, ClasificacionExclusividad_idClasificacionExclusividad, TonoPiel_idTonoPiel, MoldeRostro_idMoldeRostro, TipoDiseño_idTipoDiseño, Diseño_idDiseño) values (71, 'Barbie Club de Chelsea: Cama', 'Módulo de habitación infantil. Cama nido doble, osito de felpa y estrella brillante de noche.', 11, 14, 1, 5, 10, null);
INSERT INTO Diseño (idDiseño, nombre, descripcion, ClasificacionHistorica_idClasificacionHistorica, ClasificacionExclusividad_idClasificacionExclusividad, TonoPiel_idTonoPiel, MoldeRostro_idMoldeRostro, TipoDiseño_idTipoDiseño, Diseño_idDiseño) values (72, 'Barbie Boutique de Mascotas', 'Estación de lavado canino con mecanismo de espuma usando agua real y jabón.', 13, 12, 11, 1, 11, null);
INSERT INTO Diseño (idDiseño, nombre, descripcion, ClasificacionHistorica_idClasificacionHistorica, ClasificacionExclusividad_idClasificacionExclusividad, TonoPiel_idTonoPiel, MoldeRostro_idMoldeRostro, TipoDiseño_idTipoDiseño, Diseño_idDiseño) values (73, 'Barbie Extra Muñeca + Auto', 'Bundle de lujo. Deportivo plateado brillante con puertas en ala de gaviota y piscina canina.', 10, 2, 1, 3, 8, null);
INSERT INTO Diseño (idDiseño, nombre, descripcion, ClasificacionHistorica_idClasificacionHistorica, ClasificacionExclusividad_idClasificacionExclusividad, TonoPiel_idTonoPiel, MoldeRostro_idMoldeRostro, TipoDiseño_idTipoDiseño, Diseño_idDiseño) values (74, 'Ken Fashionistas #174 (Cuerpo Broad)', 'Cuerpo modificado más ancho. Sudadera gráfica de cuadros y estilo urbano contemporáneo.', 4, 1, 15, 5, 4, null);
INSERT INTO Diseño (idDiseño, nombre, descripcion, ClasificacionHistorica_idClasificacionHistorica, ClasificacionExclusividad_idClasificacionExclusividad, TonoPiel_idTonoPiel, MoldeRostro_idMoldeRostro, TipoDiseño_idTipoDiseño, Diseño_idDiseño) values (75, 'Barbie Repro: Black Francie 1967', 'Tributo a la historia. Francie con atuendo geométrico vibrante y pestañas enraizadas reales.', 3, 13, 10, 4, 3, null);
INSERT INTO Diseño (idDiseño, nombre, descripcion, ClasificacionHistorica_idClasificacionHistorica, ClasificacionExclusividad_idClasificacionExclusividad, TonoPiel_idTonoPiel, MoldeRostro_idMoldeRostro, TipoDiseño_idTipoDiseño, Diseño_idDiseño) values (76, 'Barbie Supermercado Móvil', 'Estructura desplegable de mercado, escáner registradora, cinta transportadora y estanterías.', 5, 6, 15, 11, 13, null);
INSERT INTO Diseño (idDiseño, nombre, descripcion, ClasificacionHistorica_idClasificacionHistorica, ClasificacionExclusividad_idClasificacionExclusividad, TonoPiel_idTonoPiel, MoldeRostro_idMoldeRostro, TipoDiseño_idTipoDiseño, Diseño_idDiseño) values (77, 'Barbie Color Reveal (Serie Fiesta)', 'Acabados perlados y esponja reactiva a temperatura para revelar maquillaje festivo en el rostro.', 13, 15, 13, 7, 4, null);
INSERT INTO Diseño (idDiseño, nombre, descripcion, ClasificacionHistorica_idClasificacionHistorica, ClasificacionExclusividad_idClasificacionExclusividad, TonoPiel_idTonoPiel, MoldeRostro_idMoldeRostro, TipoDiseño_idTipoDiseño, Diseño_idDiseño) values (78, 'Barbie Bióloga Marina', 'Estación de laboratorio acuático. Telescopio, tubos de ensayo y flora marina de colores vivos.', 8, 2, 15, 7, 13, null);
INSERT INTO Diseño (idDiseño, nombre, descripcion, ClasificacionHistorica_idClasificacionHistorica, ClasificacionExclusividad_idClasificacionExclusividad, TonoPiel_idTonoPiel, MoldeRostro_idMoldeRostro, TipoDiseño_idTipoDiseño, Diseño_idDiseño) values (79, 'Barbie Signature: Celia Cruz', 'Muñeca tributo a la Reina de la Salsa. Micrófono vintage, vestido de rumbera y pedrería.', 8, 11, 13, 3, 13, null);
INSERT INTO Diseño (idDiseño, nombre, descripcion, ClasificacionHistorica_idClasificacionHistorica, ClasificacionExclusividad_idClasificacionExclusividad, TonoPiel_idTonoPiel, MoldeRostro_idMoldeRostro, TipoDiseño_idTipoDiseño, Diseño_idDiseño) values (80, 'Barbie Estudio de Diseño 3D', 'Playset creativo enfocado a moda DIY. Impresora 3D figurativa y textiles estampables.', 11, 2, 3, 6, 1, null);
INSERT INTO Diseño (idDiseño, nombre, descripcion, ClasificacionHistorica_idClasificacionHistorica, ClasificacionExclusividad_idClasificacionExclusividad, TonoPiel_idTonoPiel, MoldeRostro_idMoldeRostro, TipoDiseño_idTipoDiseño, Diseño_idDiseño) values (81, 'Stacie Scooters de Verano', 'Vehículo patinete plegable a escala 1/6 con clips de agarre de silicona para sostener a la muñeca.', 1, 7, 6, 15, 1, null);
INSERT INTO Diseño (idDiseño, nombre, descripcion, ClasificacionHistorica_idClasificacionHistorica, ClasificacionExclusividad_idClasificacionExclusividad, TonoPiel_idTonoPiel, MoldeRostro_idMoldeRostro, TipoDiseño_idTipoDiseño, Diseño_idDiseño) values (82, 'Barbie Repro: Dream Date 1984', 'Remake ochentero de la línea Date. Cabello voluminoso con laca y atuendo de lentejuelas.', 12, 6, 14, 7, 12, null);
INSERT INTO Diseño (idDiseño, nombre, descripcion, ClasificacionHistorica_idClasificacionHistorica, ClasificacionExclusividad_idClasificacionExclusividad, TonoPiel_idTonoPiel, MoldeRostro_idMoldeRostro, TipoDiseño_idTipoDiseño, Diseño_idDiseño) values (83, 'Barbie Floristería Mágica', 'Mecanismo de empaque que extruye flores de plastilina reutilizable. Estantes y jarrones.', 12, 11, 5, 7, 14, null);
INSERT INTO Diseño (idDiseño, nombre, descripcion, ClasificacionHistorica_idClasificacionHistorica, ClasificacionExclusividad_idClasificacionExclusividad, TonoPiel_idTonoPiel, MoldeRostro_idMoldeRostro, TipoDiseño_idTipoDiseño, Diseño_idDiseño) values (84, 'Ken Cuidado de Perritos', 'Centro de baño canino, esponjas y bañera que retiene el agua para simular el aseo.', 15, 6, 5, 11, 7, null);
INSERT INTO Diseño (idDiseño, nombre, descripcion, ClasificacionHistorica_idClasificacionHistorica, ClasificacionExclusividad_idClasificacionExclusividad, TonoPiel_idTonoPiel, MoldeRostro_idMoldeRostro, TipoDiseño_idTipoDiseño, Diseño_idDiseño) values (85, 'Barbie Extra #12 (Abrigo Floral)', 'Acento en modas exageradas, incluye bolso de DJ portátil de la mascota con detalles neón.', 2, 5, 13, 5, 4, null);
INSERT INTO Diseño (idDiseño, nombre, descripcion, ClasificacionHistorica_idClasificacionHistorica, ClasificacionExclusividad_idClasificacionExclusividad, TonoPiel_idTonoPiel, MoldeRostro_idMoldeRostro, TipoDiseño_idTipoDiseño, Diseño_idDiseño) values (86, 'Barbie Signature: Mark Ryden', 'Colaboración de diseñador, vestuario surrealista, pelaje sintético premium y bolsa peculiar.', 9, 5, 15, 2, 3, null);
INSERT INTO Diseño (idDiseño, nombre, descripcion, ClasificacionHistorica_idClasificacionHistorica, ClasificacionExclusividad_idClasificacionExclusividad, TonoPiel_idTonoPiel, MoldeRostro_idMoldeRostro, TipoDiseño_idTipoDiseño, Diseño_idDiseño) values (87, 'Barbie Piscina Glamour', 'Molde de piscina azul traslúcido, trampolín, tumbonas de plástico ABS y toldo extraíble.', 9, 13, 13, 11, 9, null);
INSERT INTO Diseño (idDiseño, nombre, descripcion, ClasificacionHistorica_idClasificacionHistorica, ClasificacionExclusividad_idClasificacionExclusividad, TonoPiel_idTonoPiel, MoldeRostro_idMoldeRostro, TipoDiseño_idTipoDiseño, Diseño_idDiseño) values (88, 'Chelsea Feria de Diversiones', 'Playset mecánico. Noria y coches de choque operables manualmente mediante una manivela.', 6, 11, 12, 5, 2, null);
INSERT INTO Diseño (idDiseño, nombre, descripcion, ClasificacionHistorica_idClasificacionHistorica, ClasificacionExclusividad_idClasificacionExclusividad, TonoPiel_idTonoPiel, MoldeRostro_idMoldeRostro, TipoDiseño_idTipoDiseño, Diseño_idDiseño) values (89, 'Barbie Cuidado de Elefantes', 'Centro de rescate asiático. Báscula pesada, hojas de bambú y elefantes de resina plástica.', 8, 4, 4, 5, 6, null);
INSERT INTO Diseño (idDiseño, nombre, descripcion, ClasificacionHistorica_idClasificacionHistorica, ClasificacionExclusividad_idClasificacionExclusividad, TonoPiel_idTonoPiel, MoldeRostro_idMoldeRostro, TipoDiseño_idTipoDiseño, Diseño_idDiseño) values (90, 'Barbie Astronauta Exploración', 'Conjunto exploratorio lunar. Herramientas de extracción, rocas lunares y bandera de la paz.', 9, 9, 15, 14, 13, null);
INSERT INTO Diseño (idDiseño, nombre, descripcion, ClasificacionHistorica_idClasificacionHistorica, ClasificacionExclusividad_idClasificacionExclusividad, TonoPiel_idTonoPiel, MoldeRostro_idMoldeRostro, TipoDiseño_idTipoDiseño, Diseño_idDiseño) values (91, 'Barbie Repro: 1962 Bubblecut', 'Edición clásica homenajeando el icónico peinado Bubblecut, vestido de punto dorado retro.', 5, 5, 13, 11, 6, null);
INSERT INTO Diseño (idDiseño, nombre, descripcion, ClasificacionHistorica_idClasificacionHistorica, ClasificacionExclusividad_idClasificacionExclusividad, TonoPiel_idTonoPiel, MoldeRostro_idMoldeRostro, TipoDiseño_idTipoDiseño, Diseño_idDiseño) values (92, 'Barbie Signature: Laverne Cox', 'Pieza histórica de activismo. Traje de gala en capas, peinado volumétrico y gran caja vitrina.', 4, 13, 1, 5, 14, null);
INSERT INTO Diseño (idDiseño, nombre, descripcion, ClasificacionHistorica_idClasificacionHistorica, ClasificacionExclusividad_idClasificacionExclusividad, TonoPiel_idTonoPiel, MoldeRostro_idMoldeRostro, TipoDiseño_idTipoDiseño, Diseño_idDiseño) values (93, 'Barbie Pizzería Móvil', 'Estación rodante de cocina de masa. Horno con efecto luz simulada de fuego e ingredientes miniatura.', 15, 13, 7, 10, 9, null);
INSERT INTO Diseño (idDiseño, nombre, descripcion, ClasificacionHistorica_idClasificacionHistorica, ClasificacionExclusividad_idClasificacionExclusividad, TonoPiel_idTonoPiel, MoldeRostro_idMoldeRostro, TipoDiseño_idTipoDiseño, Diseño_idDiseño) values (94, 'Ken Médico de Campo', 'Profesiones STEM. Ken equipado con maletín de primeros auxilios y férulas removibles de PVC.', 12, 11, 1, 14, 11, null);
INSERT INTO Diseño (idDiseño, nombre, descripcion, ClasificacionHistorica_idClasificacionHistorica, ClasificacionExclusividad_idClasificacionExclusividad, TonoPiel_idTonoPiel, MoldeRostro_idMoldeRostro, TipoDiseño_idTipoDiseño, Diseño_idDiseño) values (95, 'Barbie Color Reveal (Sorpresa Lluvia)', 'Capa especial que se deshace bajo la lluvia. Paraguas funcional con apertura de botón.', 8, 8, 9, 13, 2, null);
INSERT INTO Diseño (idDiseño, nombre, descripcion, ClasificacionHistorica_idClasificacionHistorica, ClasificacionExclusividad_idClasificacionExclusividad, TonoPiel_idTonoPiel, MoldeRostro_idMoldeRostro, TipoDiseño_idTipoDiseño, Diseño_idDiseño) values (96, 'Barbie BMR1959 (Puffer Jacket)', 'Moda de archivo coleccionable, chaquetón plateado sobredimensionado y gafas geométricas.', 5, 4, 10, 2, 12, null);
INSERT INTO Diseño (idDiseño, nombre, descripcion, ClasificacionHistorica_idClasificacionHistorica, ClasificacionExclusividad_idClasificacionExclusividad, TonoPiel_idTonoPiel, MoldeRostro_idMoldeRostro, TipoDiseño_idTipoDiseño, Diseño_idDiseño) values (97, 'Barbie Dreamtopia Castillo de Dulces', 'Playset vertical de 3 pisos ambientado en repostería fantástica, escalera de caracol azucarada.', 9, 3, 8, 10, 2, null);
INSERT INTO Diseño (idDiseño, nombre, descripcion, ClasificacionHistorica_idClasificacionHistorica, ClasificacionExclusividad_idClasificacionExclusividad, TonoPiel_idTonoPiel, MoldeRostro_idMoldeRostro, TipoDiseño_idTipoDiseño, Diseño_idDiseño) values (98, 'Barbie Paseo Perruno', 'Mecanismo de acción para enseñar adiestramiento. Cuerda articulada y perro paseador dinámico.', 12, 13, 2, 1, 3, null);
INSERT INTO Diseño (idDiseño, nombre, descripcion, ClasificacionHistorica_idClasificacionHistorica, ClasificacionExclusividad_idClasificacionExclusividad, TonoPiel_idTonoPiel, MoldeRostro_idMoldeRostro, TipoDiseño_idTipoDiseño, Diseño_idDiseño) values (99, 'Barbie Signature: Maya Angelou', 'Homenaje a la poetisa norteamericana. Diadema tradicional, libro en miniatura y vestido sastre.', 11, 4, 6, 10, 1, null);
INSERT INTO Diseño (idDiseño, nombre, descripcion, ClasificacionHistorica_idClasificacionHistorica, ClasificacionExclusividad_idClasificacionExclusividad, TonoPiel_idTonoPiel, MoldeRostro_idMoldeRostro, TipoDiseño_idTipoDiseño, Diseño_idDiseño) values (100, 'Barbie Fashionistas #175 (Tall)', 'Cuerpo modificado más alto y alargado, zapatos de piso modernos y camisa teñida tipo tie-dye.', 8, 6, 4, 13, 10, null);


--------------------------------------------------------------------------------------------------
-- TIPO DE RELACION

TRUNCATE TABLE TipoRelacion CASCADE;

INSERT INTO TipoRelacion (idTipoRelacion, nombreRelacion, Diseño_idDiseño, Diseño_idDiseño2) VALUES (1, 'Novios', 1, 5);
INSERT INTO TipoRelacion (idTipoRelacion, nombreRelacion, Diseño_idDiseño, Diseño_idDiseño2) VALUES (2, 'Hermanas (Mayor/Menor)', 1, 13);
INSERT INTO TipoRelacion (idTipoRelacion, nombreRelacion, Diseño_idDiseño, Diseño_idDiseño2) VALUES (3, 'Hermanas (Mayor/Toddler)', 1, 23);
INSERT INTO TipoRelacion (idTipoRelacion, nombreRelacion, Diseño_idDiseño, Diseño_idDiseño2) VALUES (4, 'Hermanas (Mayor/Tween)', 1, 37);
INSERT INTO TipoRelacion (idTipoRelacion, nombreRelacion, Diseño_idDiseño, Diseño_idDiseño2) VALUES (5, 'Mejores Amigas', 1, 27);
INSERT INTO TipoRelacion (idTipoRelacion, nombreRelacion, Diseño_idDiseño, Diseño_idDiseño2) VALUES (6, 'Amigas Históricas', 1, 60);
INSERT INTO TipoRelacion (idTipoRelacion, nombreRelacion, Diseño_idDiseño, Diseño_idDiseño2) VALUES (7, 'Amigas Íntimas', 1, 20);
INSERT INTO TipoRelacion (idTipoRelacion, nombreRelacion, Diseño_idDiseño, Diseño_idDiseño2) VALUES (8, 'Dueña / Mascota', 12, 12);
INSERT INTO TipoRelacion (idTipoRelacion, nombreRelacion, Diseño_idDiseño, Diseño_idDiseño2) VALUES (9, 'Hermanas (Medianas)', 13, 37);
INSERT INTO TipoRelacion (idTipoRelacion, nombreRelacion, Diseño_idDiseño, Diseño_idDiseño2) VALUES (10, 'Evolución de Personaje', 5, 30);
INSERT INTO TipoRelacion (idTipoRelacion, nombreRelacion, Diseño_idDiseño, Diseño_idDiseño2) VALUES (11, 'Evolución de Personaje', 1, 2);
INSERT INTO TipoRelacion (idTipoRelacion, nombreRelacion, Diseño_idDiseño, Diseño_idDiseño2) VALUES (12, 'Variante de Era', 39, 64);
INSERT INTO TipoRelacion (idTipoRelacion, nombreRelacion, Diseño_idDiseño, Diseño_idDiseño2) VALUES (13, 'Amigos / Compañeros', 15, 74);
INSERT INTO TipoRelacion (idTipoRelacion, nombreRelacion, Diseño_idDiseño, Diseño_idDiseño2) VALUES (14, 'Compañeros de Playa', 2, 55);
INSERT INTO TipoRelacion (idTipoRelacion, nombreRelacion, Diseño_idDiseño, Diseño_idDiseño2) VALUES (15, 'Colección Compartida', 22, 65);

--------------------------------------------------------------------------------------------------
-- COLOR

INSERT INTO Color (idColor, codigoHexadecimal, nombre) values (1, '#E0218A', 'Barbie Pink');
INSERT INTO Color (idColor, codigoHexadecimal, nombre) values (2, '#FF1493', 'Hot Pink');
INSERT INTO Color (idColor, codigoHexadecimal, nombre) values (3, '#FFB6C1', 'Pastel Pink');
INSERT INTO Color (idColor, codigoHexadecimal, nombre) values (4, '#00FFFF', 'Cyan');
INSERT INTO Color (idColor, codigoHexadecimal, nombre) values (5, '#FF00FF', 'Magenta');
INSERT INTO Color (idColor, codigoHexadecimal, nombre) values (6, '#32CD32', 'Lime Green');
INSERT INTO Color (idColor, codigoHexadecimal, nombre) values (7, '#E6E6FA', 'Lavender');
INSERT INTO Color (idColor, codigoHexadecimal, nombre) values (8, '#EE82EE', 'Violet');
INSERT INTO Color (idColor, codigoHexadecimal, nombre) values (9, '#98FF98', 'Mint');
INSERT INTO Color (idColor, codigoHexadecimal, nombre) values (10, '#FFD700', 'Gold');
INSERT INTO Color (idColor, codigoHexadecimal, nombre) values (11, '#C0C0C0', 'Silver');
INSERT INTO Color (idColor, codigoHexadecimal, nombre) values (12, '#B76E79', 'Rose Gold');
INSERT INTO Color (idColor, codigoHexadecimal, nombre) values (13, '#F3E5AB', 'Pearlescent White');
INSERT INTO Color (idColor, codigoHexadecimal, nombre) values (14, '#0F0F0F', 'Onyx Black');
INSERT INTO Color (idColor, codigoHexadecimal, nombre) values (15, '#FFFFFF', 'Clear Translucent');

--------------------------------------------------------------------------------------------------
-- MATERIAL

INSERT INTO Material (idMaterial, nombre, descripcion) values (1, 'Tela Algodón', 'Vivamus tortor. Duis mattis egestas metus. Aenean fermentum. Donec ut mauris eget massa tempor convallis. Nulla neque libero, convallis eget, eleifend luctus, ultricies eu, nibh. Quisque id justo sit amet sapien dignissim vestibulum. Vestibulum ante ipsum primis in faucibus orci luctus et ultrices posuere cubilia Curae; Nulla dapibus dolor vel est. Donec odio justo, sollicitudin ut, suscipit a, feugiat et, eros.');
INSERT INTO Material (idMaterial, nombre, descripcion) values (2, 'Metal Die-Cast', 'In hac habitasse platea dictumst. Aliquam augue quam, sollicitudin vitae, consectetuer eget, rutrum at, lorem. Integer tincidunt ante vel ipsum. Praesent blandit lacinia erat. Vestibulum sed magna at nunc commodo placerat.');
INSERT INTO Material (idMaterial, nombre, descripcion) values (3, 'PVC Blando', 'Integer non velit. Donec diam neque, vestibulum eget, vulputate ut, ultrices vel, augue. Vestibulum ante ipsum primis in faucibus orci luctus et ultrices posuere cubilia Curae; Donec pharetra, magna vestibulum aliquet ultrices, erat tortor sollicitudin mi, sit amet lobortis sapien sapien non mi. Integer ac neque. Duis bibendum. Morbi non quam nec dui luctus rutrum. Nulla tellus. In sagittis dui vel nisl. Duis ac nibh.');
INSERT INTO Material (idMaterial, nombre, descripcion) values (4, 'Poliéster', 'Vestibulum rutrum rutrum neque. Aenean auctor gravida sem. Praesent id massa id nisl venenatis lacinia. Aenean sit amet justo. Morbi ut odio. Cras mi pede, malesuada in, imperdiet et, commodo vulputate, justo.');
INSERT INTO Material (idMaterial, nombre, descripcion) values (5, 'PVC Blando', 'Phasellus in felis. Donec semper sapien a libero.');
INSERT INTO Material (idMaterial, nombre, descripcion) values (6, 'Kanekalon (Cabello)', 'Proin interdum mauris non ligula pellentesque ultrices. Phasellus id sapien in sapien iaculis congue. Vivamus metus arcu, adipiscing molestie, hendrerit at, vulputate vitae, nisl. Aenean lectus. Pellentesque eget nunc. Donec quis orci eget orci vehicula condimentum.');
INSERT INTO Material (idMaterial, nombre, descripcion) values (7, 'Cartón Reciclado', 'Proin leo odio, porttitor id, consequat in, consequat ut, nulla. Sed accumsan felis. Ut at dolor quis odio consequat varius. Integer ac leo. Pellentesque ultrices mattis odio. Donec vitae nisi. Nam ultrices, libero non mattis pulvinar, nulla pede ullamcorper augue, a suscipit nulla elit ac nulla. Sed vel enim sit amet nunc viverra dapibus.');
INSERT INTO Material (idMaterial, nombre, descripcion) values (8, 'PVC Blando', 'Maecenas leo odio, condimentum id, luctus nec, molestie sed, justo. Pellentesque viverra pede ac diam. Cras pellentesque volutpat dui. Maecenas tristique, est et tempus semper, est quam pharetra magna, ac consequat metus sapien ut nunc. Vestibulum ante ipsum primis in faucibus orci luctus et ultrices posuere cubilia Curae; Mauris viverra diam vitae quam. Suspendisse potenti. Nullam porttitor lacus at turpis. Donec posuere metus vitae ipsum. Aliquam non mauris.');
INSERT INTO Material (idMaterial, nombre, descripcion) values (9, 'Resina Epóxica', 'Sed ante.');
INSERT INTO Material (idMaterial, nombre, descripcion) values (10, 'Poliuretano', 'Integer ac neque. Duis bibendum. Morbi non quam nec dui luctus rutrum. Nulla tellus. In sagittis dui vel nisl. Duis ac nibh.');
INSERT INTO Material (idMaterial, nombre, descripcion) values (11, 'Poliuretano', 'Donec ut mauris eget massa tempor convallis. Nulla neque libero, convallis eget, eleifend luctus, ultricies eu, nibh. Quisque id justo sit amet sapien dignissim vestibulum. Vestibulum ante ipsum primis in faucibus orci luctus et ultrices posuere cubilia Curae; Nulla dapibus dolor vel est. Donec odio justo, sollicitudin ut, suscipit a, feugiat et, eros. Vestibulum ac est lacinia nisi venenatis tristique.');
INSERT INTO Material (idMaterial, nombre, descripcion) values (12, 'Poliéster', 'Donec diam neque, vestibulum eget, vulputate ut, ultrices vel, augue. Vestibulum ante ipsum primis in faucibus orci luctus et ultrices posuere cubilia Curae; Donec pharetra, magna vestibulum aliquet ultrices, erat tortor sollicitudin mi, sit amet lobortis sapien sapien non mi. Integer ac neque. Duis bibendum. Morbi non quam nec dui luctus rutrum. Nulla tellus. In sagittis dui vel nisl. Duis ac nibh. Fusce lacus purus, aliquet at, feugiat non, pretium quis, lectus. Suspendisse potenti.');
INSERT INTO Material (idMaterial, nombre, descripcion) values (13, 'Nylon (Cabello)', 'Etiam vel augue. Vestibulum rutrum rutrum neque. Aenean auctor gravida sem. Praesent id massa id nisl venenatis lacinia. Aenean sit amet justo. Morbi ut odio. Cras mi pede, malesuada in, imperdiet et, commodo vulputate, justo. In blandit ultrices enim.');
INSERT INTO Material (idMaterial, nombre, descripcion) values (14, 'Tela Sintética', 'Cum sociis natoque penatibus et magnis dis parturient montes, nascetur ridiculus mus. Vivamus vestibulum sagittis sapien. Cum sociis natoque penatibus et magnis dis parturient montes, nascetur ridiculus mus. Etiam vel augue. Vestibulum rutrum rutrum neque. Aenean auctor gravida sem. Praesent id massa id nisl venenatis lacinia.');
INSERT INTO Material (idMaterial, nombre, descripcion) values (15, 'Poliuretano', 'Vivamus tortor. Duis mattis egestas metus. Aenean fermentum.');

--------------------------------------------------------------------------------------------------
-- RESTRICCION

INSERT INTO Restriccion (idRestriccion, nombre, descripcion) values (1, 'Edad +3', 'Donec ut dolor. Morbi vel lectus in quam fringilla rhoncus. Mauris enim leo, rhoncus sed, vestibulum sit amet, cursus id, turpis. Integer aliquet, massa id lobortis convallis, tortor risus dapibus augue, vel accumsan tellus nisi eu orci. Mauris lacinia sapien quis libero. Nullam sit amet turpis elementum ligula vehicula consequat. Morbi a ipsum.');
INSERT INTO Restriccion (idRestriccion, nombre, descripcion) values (2, 'Edad +6', 'Donec posuere metus vitae ipsum. Aliquam non mauris. Morbi non lectus. Aliquam sit amet diam in magna bibendum imperdiet. Nullam orci pede, venenatis non, sodales sed, tincidunt eu, felis. Fusce posuere felis sed lacus. Morbi sem mauris, laoreet ut, rhoncus aliquet, pulvinar sed, nisl. Nunc rhoncus dui vel sem. Sed sagittis.');
INSERT INTO Restriccion (idRestriccion, nombre, descripcion) values (3, 'Piezas Pequeñas (Asfixia)', 'Mauris enim leo, rhoncus sed, vestibulum sit amet, cursus id, turpis. Integer aliquet, massa id lobortis convallis, tortor risus dapibus augue, vel accumsan tellus nisi eu orci. Mauris lacinia sapien quis libero. Nullam sit amet turpis elementum ligula vehicula consequat. Morbi a ipsum. Integer a nibh. In quis justo. Maecenas rhoncus aliquam lacus.');
INSERT INTO Restriccion (idRestriccion, nombre, descripcion) values (4, 'Uso Baterías', 'Duis consequat dui nec nisi volutpat eleifend. Donec ut dolor. Morbi vel lectus in quam fringilla rhoncus. Mauris enim leo, rhoncus sed, vestibulum sit amet, cursus id, turpis. Integer aliquet, massa id lobortis convallis, tortor risus dapibus augue, vel accumsan tellus nisi eu orci.');
INSERT INTO Restriccion (idRestriccion, nombre, descripcion) values (5, 'Peligro Enredo', 'Suspendisse potenti. Cras in purus eu magna vulputate luctus. Cum sociis natoque penatibus et magnis dis parturient montes, nascetur ridiculus mus. Vivamus vestibulum sagittis sapien. Cum sociis natoque penatibus et magnis dis parturient montes, nascetur ridiculus mus. Etiam vel augue.');
INSERT INTO Restriccion (idRestriccion, nombre, descripcion) values (6, 'Requiere Ensamblaje', 'Nulla tellus. In sagittis dui vel nisl. Duis ac nibh. Fusce lacus purus, aliquet at, feugiat non, pretium quis, lectus. Suspendisse potenti. In eleifend quam a odio. In hac habitasse platea dictumst.');
INSERT INTO Restriccion (idRestriccion, nombre, descripcion) values (7, 'Pintura No Tóxica', 'Cras mi pede, malesuada in, imperdiet et, commodo vulputate, justo. In blandit ultrices enim. Lorem ipsum dolor sit amet, consectetuer adipiscing elit. Proin interdum mauris non ligula pellentesque ultrices. Phasellus id sapien in sapien iaculis congue. Vivamus metus arcu, adipiscing molestie, hendrerit at, vulputate vitae, nisl. Aenean lectus. Pellentesque eget nunc. Donec quis orci eget orci vehicula condimentum. Curabitur in libero ut massa volutpat convallis.');
INSERT INTO Restriccion (idRestriccion, nombre, descripcion) values (8, 'Lejos del Fuego', 'Nulla facilisi. Cras non velit nec nisi vulputate nonummy. Maecenas tincidunt lacus at velit. Vivamus vel nulla eget eros elementum pellentesque. Quisque porta volutpat erat. Quisque erat eros, viverra eget, congue eget, semper rutrum, nulla.');
INSERT INTO Restriccion (idRestriccion, nombre, descripcion) values (9, 'No Sumergir', 'Quisque porta volutpat erat. Quisque erat eros, viverra eget, congue eget, semper rutrum, nulla. Nunc purus.');
INSERT INTO Restriccion (idRestriccion, nombre, descripcion) values (10, 'Lavar a Mano', 'Proin leo odio, porttitor id, consequat in, consequat ut, nulla.');
INSERT INTO Restriccion (idRestriccion, nombre, descripcion) values (11, 'No Planchar', 'Nullam orci pede, venenatis non, sodales sed, tincidunt eu, felis. Fusce posuere felis sed lacus. Morbi sem mauris, laoreet ut, rhoncus aliquet, pulvinar sed, nisl. Nunc rhoncus dui vel sem. Sed sagittis. Nam congue, risus semper porta volutpat, quam pede lobortis ligula, sit amet eleifend pede libero quis orci. Nullam molestie nibh in lectus. Pellentesque at nulla.');
INSERT INTO Restriccion (idRestriccion, nombre, descripcion) values (12, 'Fragil (Coleccionista)', 'Integer ac leo. Pellentesque ultrices mattis odio. Donec vitae nisi. Nam ultrices, libero non mattis pulvinar, nulla pede ullamcorper augue, a suscipit nulla elit ac nulla. Sed vel enim sit amet nunc viverra dapibus. Nulla suscipit ligula in lacus. Curabitur at ipsum ac tellus semper interdum. Mauris ullamcorper purus sit amet nulla. Quisque arcu libero, rutrum ac, lobortis vel, dapibus at, diam.');
INSERT INTO Restriccion (idRestriccion, nombre, descripcion) values (13, 'Certificación CE', 'Morbi porttitor lorem id ligula. Suspendisse ornare consequat lectus. In est risus, auctor sed, tristique in, tempus sit amet, sem. Fusce consequat. Nulla nisl. Nunc nisl. Duis bibendum, felis sed interdum venenatis, turpis enim blandit mi, in porttitor pede justo eu massa. Donec dapibus. Duis at velit eu est congue elementum.');
INSERT INTO Restriccion (idRestriccion, nombre, descripcion) values (14, 'Certificación ASTM', 'Duis bibendum. Morbi non quam nec dui luctus rutrum. Nulla tellus. In sagittis dui vel nisl. Duis ac nibh. Fusce lacus purus, aliquet at, feugiat non, pretium quis, lectus.');
INSERT INTO Restriccion (idRestriccion, nombre, descripcion) values (15, 'Edición Limitada', 'Aliquam sit amet diam in magna bibendum imperdiet. Nullam orci pede, venenatis non, sodales sed, tincidunt eu, felis. Fusce posuere felis sed lacus. Morbi sem mauris, laoreet ut, rhoncus aliquet, pulvinar sed, nisl. Nunc rhoncus dui vel sem. Sed sagittis. Nam congue, risus semper porta volutpat, quam pede lobortis ligula, sit amet eleifend pede libero quis orci.');

--------------------------------------------------------------------------------------------------
-- TIPO DE CUERPO

INSERT INTO TipoCuerpo (idTipoCuerpo, nombre, descripcion) values (1, 'Original', 'Duis ac nibh. Fusce lacus purus, aliquet at, feugiat non, pretium quis, lectus.');
INSERT INTO TipoCuerpo (idTipoCuerpo, nombre, descripcion) values (2, 'Broad (Ken)', 'In hac habitasse platea dictumst. Etiam faucibus cursus urna. Ut tellus. Nulla ut erat id mauris vulputate elementum. Nullam varius. Nulla facilisi. Cras non velit nec nisi vulputate nonummy. Maecenas tincidunt lacus at velit. Vivamus vel nulla eget eros elementum pellentesque. Quisque porta volutpat erat.');
INSERT INTO TipoCuerpo (idTipoCuerpo, nombre, descripcion) values (3, 'Model Muse', 'Nullam varius. Nulla facilisi. Cras non velit nec nisi vulputate nonummy. Maecenas tincidunt lacus at velit. Vivamus vel nulla eget eros elementum pellentesque. Quisque porta volutpat erat.');
INSERT INTO TipoCuerpo (idTipoCuerpo, nombre, descripcion) values (4, 'Made to Move', 'Proin at turpis a pede posuere nonummy. Integer non velit. Donec diam neque, vestibulum eget, vulputate ut, ultrices vel, augue. Vestibulum ante ipsum primis in faucibus orci luctus et ultrices posuere cubilia Curae; Donec pharetra, magna vestibulum aliquet ultrices, erat tortor sollicitudin mi, sit amet lobortis sapien sapien non mi. Integer ac neque.');
INSERT INTO TipoCuerpo (idTipoCuerpo, nombre, descripcion) values (5, 'Ever Flex', 'Cum sociis natoque penatibus et magnis dis parturient montes, nascetur ridiculus mus. Vivamus vestibulum sagittis sapien. Cum sociis natoque penatibus et magnis dis parturient montes, nascetur ridiculus mus. Etiam vel augue. Vestibulum rutrum rutrum neque. Aenean auctor gravida sem. Praesent id massa id nisl venenatis lacinia. Aenean sit amet justo. Morbi ut odio. Cras mi pede, malesuada in, imperdiet et, commodo vulputate, justo.');
INSERT INTO TipoCuerpo (idTipoCuerpo, nombre, descripcion) values (6, 'Skipper', 'In hac habitasse platea dictumst. Aliquam augue quam, sollicitudin vitae, consectetuer eget, rutrum at, lorem. Integer tincidunt ante vel ipsum. Praesent blandit lacinia erat.');
INSERT INTO TipoCuerpo (idTipoCuerpo, nombre, descripcion) values (7, 'Made to Move', 'Phasellus sit amet erat. Nulla tempus. Vivamus in felis eu sapien cursus vestibulum. Proin eu mi. Nulla ac enim. In tempor, turpis nec euismod scelerisque, quam turpis adipiscing lorem, vitae mattis nibh ligula nec sem. Duis aliquam convallis nunc. Proin at turpis a pede posuere nonummy. Integer non velit. Donec diam neque, vestibulum eget, vulputate ut, ultrices vel, augue.');
INSERT INTO TipoCuerpo (idTipoCuerpo, nombre, descripcion) values (8, 'Pivotal', 'Aenean auctor gravida sem. Praesent id massa id nisl venenatis lacinia. Aenean sit amet justo. Morbi ut odio. Cras mi pede, malesuada in, imperdiet et, commodo vulputate, justo. In blandit ultrices enim. Lorem ipsum dolor sit amet, consectetuer adipiscing elit.');
INSERT INTO TipoCuerpo (idTipoCuerpo, nombre, descripcion) values (9, 'Petite', 'Quisque id justo sit amet sapien dignissim vestibulum. Vestibulum ante ipsum primis in faucibus orci luctus et ultrices posuere cubilia Curae; Nulla dapibus dolor vel est. Donec odio justo, sollicitudin ut, suscipit a, feugiat et, eros.');
INSERT INTO TipoCuerpo (idTipoCuerpo, nombre, descripcion) values (10, 'Stacie', 'Maecenas pulvinar lobortis est. Phasellus sit amet erat. Nulla tempus.');
INSERT INTO TipoCuerpo (idTipoCuerpo, nombre, descripcion) values (11, 'Model Muse', 'Curabitur convallis. Duis consequat dui nec nisi volutpat eleifend. Donec ut dolor. Morbi vel lectus in quam fringilla rhoncus. Mauris enim leo, rhoncus sed, vestibulum sit amet, cursus id, turpis. Integer aliquet, massa id lobortis convallis, tortor risus dapibus augue, vel accumsan tellus nisi eu orci. Mauris lacinia sapien quis libero. Nullam sit amet turpis elementum ligula vehicula consequat.');
INSERT INTO TipoCuerpo (idTipoCuerpo, nombre, descripcion) values (12, 'Petite', 'Nam dui. Proin leo odio, porttitor id, consequat in, consequat ut, nulla. Sed accumsan felis. Ut at dolor quis odio consequat varius.');
INSERT INTO TipoCuerpo (idTipoCuerpo, nombre, descripcion) values (13, 'Stacie', 'Vestibulum ante ipsum primis in faucibus orci luctus et ultrices posuere cubilia Curae; Duis faucibus accumsan odio. Curabitur convallis.');
INSERT INTO TipoCuerpo (idTipoCuerpo, nombre, descripcion) values (14, 'Made to Move', 'In sagittis dui vel nisl. Duis ac nibh. Fusce lacus purus, aliquet at, feugiat non, pretium quis, lectus. Suspendisse potenti. In eleifend quam a odio. In hac habitasse platea dictumst. Maecenas ut massa quis augue luctus tincidunt. Nulla mollis molestie lorem. Quisque ut erat.');
INSERT INTO TipoCuerpo (idTipoCuerpo, nombre, descripcion) values (15, 'Pivotal', 'Nulla mollis molestie lorem. Quisque ut erat. Curabitur gravida nisi at nibh. In hac habitasse platea dictumst. Aliquam augue quam, sollicitudin vitae, consectetuer eget, rutrum at, lorem. Integer tincidunt ante vel ipsum. Praesent blandit lacinia erat.');

--------------------------------------------------------------------------------------------------
-- TIPO DE PIEZA

INSERT INTO TipoPieza (idTipoPieza, nombre) values (1, 'Cabeza');
INSERT INTO TipoPieza (idTipoPieza, nombre) values (2, 'Torso Superior');
INSERT INTO TipoPieza (idTipoPieza, nombre) values (3, 'Torso Inferior');
INSERT INTO TipoPieza (idTipoPieza, nombre) values (4, 'Brazo Izquierdo');
INSERT INTO TipoPieza (idTipoPieza, nombre) values (5, 'Brazo Derecho');
INSERT INTO TipoPieza (idTipoPieza, nombre) values (6, 'Pierna Izquierda');
INSERT INTO TipoPieza (idTipoPieza, nombre) values (7, 'Pierna Derecha');
INSERT INTO TipoPieza (idTipoPieza, nombre) values (8, 'Articulación Hombro');
INSERT INTO TipoPieza (idTipoPieza, nombre) values (9, 'Articulación Rodilla');
INSERT INTO TipoPieza (idTipoPieza, nombre) values (10, 'Cabello');
INSERT INTO TipoPieza (idTipoPieza, nombre) values (11, 'Ojos (Insert)');
INSERT INTO TipoPieza (idTipoPieza, nombre) values (12, 'Mano Izquierda');
INSERT INTO TipoPieza (idTipoPieza, nombre) values (13, 'Mano Derecha');
INSERT INTO TipoPieza (idTipoPieza, nombre) values (14, 'Pie Izquierdo');
INSERT INTO TipoPieza (idTipoPieza, nombre) values (15, 'Pie Derecho');

--------------------------------------------------------------------------------------------------
-- AMBIENTE

INSERT INTO Ambiente (idAmbiente, nombre, descripcion) VALUES
(1, 'Dreamhouse', 'Casa de ensueño icónica de 3 pisos con ascensor.'),
(2, 'Malibu Beach', 'Costa soleada con arena, olas y palmeras de plástico.'),
(3, 'Glam Pool', 'Piscina de verano con tobogán y tumbonas.'),
(4, 'Camper Van', 'Entorno de camping y carretera para vehículos recreativos.'),
(5, 'Dream Plane', 'Interior de jet privado de lujo y cabina de piloto.'),
(6, 'Vet Clinic', 'Clínica veterinaria con estación de cuidado y rayos X.'),
(7, 'Bakery Shop', 'Pastelería con hornos interactivos y estantes de dulces.'),
(8, 'Space Station', 'Entorno de gravedad cero para la línea de astronautas.'),
(9, 'Mermaid Cove', 'Reino submarino de Dreamtopia para sirenas.'),
(10, 'Fairy Kingdom', 'Bosque encantado con flora mágica y alas brillantes.'),
(11, 'Equestrian Center', 'Establo y pista de obstáculos para caballos interactivos.'),
(12, 'School Classroom', 'Aula con pizarra, pupitres y accesorios educativos STEM.'),
(13, 'Concert Stage', 'Escenario de rock con luces LED y micrófonos.'),
(14, 'Fashion Runway', 'Pasarela de moda con iluminación frontal y backstage.'),
(15, 'Boutique', 'Tienda de ropa con espejos, probadores y percheros.');

--------------------------------------------------------------------------------------------------
-- PIEZA

INSERT INTO Pieza (idPieza, nombre, descripcion, Color_idColor, TipoPieza_idTipoPieza) VALUES
(1, 'Cabeza Base Pearlescent', 'Cabeza moldeada lista para enraizado de cabello y pintura facial.', 13, 1),
(2, 'Torso Superior Original', 'Torso de plástico duro con anclajes para cuello y hombros.', 1, 2),
(3, 'Torso Inferior Articulado', 'Pelvis con sistema de rotación para piernas.', 1, 3),
(4, 'Brazo Izquierdo Recto', 'Brazo estándar sin articulación de codo.', 13, 4),
(5, 'Brazo Derecho Flexionado', 'Brazo moldeado en ángulo de 90 grados.', 13, 5),
(6, 'Pierna Izquierda Click-Clack', 'Pierna de vinilo con mecanismo interno de doble flexión.', 13, 6),
(7, 'Pierna Derecha Click-Clack', 'Pierna de vinilo con mecanismo interno de doble flexión.', 13, 7),
(8, 'Articulación Hombro Esférica', 'Bola de tensión para rotación de 360 grados.', 13, 8),
(9, 'Articulación Rodilla Doble', 'Mecanismo expuesto para la línea Made to Move.', 13, 9),
(10, 'Cabello Kanekalon Rubio', 'Lote de hebras sintéticas color Gold para enraizado.', 10, 10),
(11, 'Ojo Cyan (Inserto Acrílico)', 'Pieza ocular para modelos con mirada incrustada.', 4, 11),
(12, 'Mano Izquierda Abierta', 'Mano con dedos separados para sostener accesorios.', 13, 12),
(13, 'Mano Derecha con Anclaje', 'Mano con orificio para sujetar cepillos o carteras.', 13, 13),
(14, 'Pie Izquierdo Tacón', 'Pie arqueado moldeado para calzado de tacón alto.', 13, 14),
(15, 'Pie Derecho Tacón', 'Pie arqueado moldeado para calzado de tacón alto.', 13, 15);

--------------------------------------------------------------------------------------------------
-- SUB-ENSAMBLAJE

INSERT INTO SubEnsamblaje (idSubEnsamblaje, cantidad, Pieza_idPieza, Pieza_idPieza2) VALUES
(1, 1, 1, 2),   -- Cabeza (1) anclada a Torso Superior (2)
(2, 1, 2, 3),   -- Torso Superior (2) anclado a Torso Inferior (3)
(3, 1, 2, 4),   -- Torso Superior (2) anclado a Brazo Izquierdo (4)
(4, 1, 2, 5),   -- Torso Superior (2) anclado a Brazo Derecho (5)
(5, 1, 3, 6),   -- Torso Inferior (3) anclado a Pierna Izquierda (6)
(6, 1, 3, 7),   -- Torso Inferior (3) anclado a Pierna Derecha (7)
(7, 1, 4, 8),   -- Brazo Izquierdo (4) a Articulación Hombro (8)
(8, 1, 5, 8),   -- Brazo Derecho (5) a Articulación Hombro (8)
(9, 1, 6, 9),   -- Pierna Izquierda (6) a Articulación Rodilla (9)
(10, 1, 7, 9),  -- Pierna Derecha (7) a Articulación Rodilla (9)
(11, 150, 10, 1),-- 150 hebras de Cabello (10) enraizadas a Cabeza (1)
(12, 2, 11, 1), -- 2 Ojos Acrílicos (11) insertados en Cabeza (1)
(13, 1, 4, 12), -- Brazo Izquierdo (4) a Mano Izquierda (12)
(14, 1, 5, 13), -- Brazo Derecho (5) a Mano Derecha (13)
(15, 1, 6, 14); -- Pierna Izquierda (6) a Pie Izquierdo (14)

--------------------------------------------------------------------------------------------------
-- MATERIAL DISEÑO

INSERT INTO MaterialDiseño (idMaterialDiseño, cantidad, Diseño_idDiseño, Pieza_idPieza, Material_idMaterial) VALUES
(1, 50, 1, 1, 3),   -- Barbie 1959: Cabeza (1) usa 50g de PVC Blando (3)
(2, 120, 1, 2, 1),  -- Barbie 1959: Torso (2) usa 120g de Tela/Algodón (1)
(3, 30, 3, 10, 6),  -- Totally Hair: Cabello (10) usa 30g de Kanekalon (6)
(4, 60, 5, 1, 3),   -- Ken Original: Cabeza usa PVC Blando
(5, 150, 5, 2, 2),  -- Ken Original: Torso usa Metal/Plástico Duro (2)
(6, 20, 12, 1, 5),  -- Barbie Extra: Cabeza usa variante de PVC (5)
(7, 10, 17, 8, 10), -- Made to Move: Hombro usa Poliuretano duro (10)
(8, 10, 17, 9, 10), -- Made to Move: Rodilla usa Poliuretano duro (10)
(9, 45, 60, 1, 3),  -- Christie Original: Cabeza PVC Blando
(10, 35, 60, 10, 6),-- Christie Original: Cabello Kanekalon
(11, 25, 30, 4, 11),-- Ken Earring Magic: Brazo Poliuretano (11)
(12, 25, 30, 5, 11),-- Ken Earring Magic: Brazo Poliuretano (11)
(13, 15, 14, 10, 13),-- Dia de Muertos: Cabello Nylon (13)
(14, 90, 74, 2, 15),-- Ken Broad: Torso Poliuretano especial (15)
(15, 80, 100, 6, 8);-- Fashionista Tall: Piernas de PVC (8)

--------------------------------------------------------------------------------------------------
-- RESTRICCION-DISEÑO

INSERT INTO RestriccionDiseño (idRestriccionDiseño, nombre, descripcion, Diseño_idDiseño, Restriccion_idRestriccion, TipoCuerpo_idTipoCuerpo) VALUES
(1, 'Norma +3 Barbie Clásica', 'Evaluación de seguridad por piezas medianas desprendibles.', 1, 1, 1),
(2, 'Alerta Piezas Ken Original', 'Precaución por calzado miniatura que representa riesgo de asfixia.', 5, 3, 2),
(3, 'Norma Baterías Corvette', 'El circuito del motor del vehículo requiere supervisión de un adulto.', 18, 4, 1),
(4, 'Coleccionista Silkstone Premium', 'Material pesado imitación porcelana, prohibido para menores de 14 años.', 24, 12, 3),
(5, 'Ensamblaje Dreamhouse 3 Pisos', 'Requiere herramientas y armado estructural por parte de un adulto.', 6, 6, 1),
(6, 'Norma +3 Edición Skipper', 'Restricción preventiva por incluir accesorios de guardería pequeños.', 13, 1, 6),
(7, 'Certificación CE Barbie Extra', 'Sello de conformidad obligatoria para distribución en la Unión Europea.', 12, 13, 1),
(8, 'Exclusividad Limitada Bob Mackie', 'Lote numerado con restricción de venta masiva en tiendas playline.', 19, 15, 11),
(9, 'Pintura No Tóxica Fashionistas', 'Certificación química libre de plomo para los pigmentos del rostro.', 9, 7, 1),
(10, 'No Sumergir Princesa LED', 'La falda contiene fibra óptica y cables; prohibido el contacto con agua.', 31, 9, 1),
(11, 'Norma ASTM MadeToMove', 'Test de estrés mecánico superado en los 22 puntos de articulación.', 17, 14, 4),
(12, 'No Planchar Traje Día de Muertos', 'El vestido textil sintético cuenta con bordados propensos a derretirse.', 14, 11, 1),
(13, 'Lavar a Mano Abrigo Extra', 'Pelaje artificial delicado que pierde consistencia en lavadora automática.', 12, 10, 1),
(14, 'Alerta Enredo Totally Hair', 'Cabello de 30cm; peligro de atasco en piezas móviles o ruedas de juego.', 3, 5, 1),
(15, 'Norma +6 Ambulancia Clínica', 'Complejidad operativa alta por la cantidad de instrumental médico de PVC.', 40, 2, 1);

--------------------------------------------------------------------------------------------------
-- DISEÑO-AMBIENTE

INSERT INTO DiseñoAmbiente (idDiseñoAmbiente, interactivo, Diseño_idDiseño, Ambiente_idAmbiente) VALUES
(1, 'N', 2, 2),   -- Barbie Malibu (2) en Malibu Beach (2)
(2, 'N', 55, 2),  -- Ken Surfista (55) en Malibu Beach (2)
(3, 'Y', 6, 1),   -- Dreamhouse Playset (6) en Dreamhouse (1)
(4, 'Y', 11, 4),  -- Camper Van (11) en Camper Van (4)
(5, 'Y', 26, 5),  -- Dream Plane (26) en Dream Plane (5)
(6, 'Y', 21, 6),  -- Veterinaria Selva (21) en Vet Clinic (6)
(7, 'Y', 47, 7),  -- Cafetería (47) en Bakery Shop (7)
(8, 'N', 16, 8),  -- Astronauta 1965 (16) en Space Station (8)
(9, 'N', 57, 8),  -- Exploradora Marte (57) en Space Station (8)
(10, 'Y', 10, 9), -- Color Reveal Sirena (10) en Mermaid Cove (9)
(11, 'N', 48, 9), -- Ken Sireno (48) en Mermaid Cove (9)
(12, 'Y', 31, 10),-- Princesa Dreamtopia (31) en Fairy Kingdom (10)
(13, 'Y', 50, 11),-- Caballo Andador (50) en Equestrian Center (11)
(14, 'N', 34, 13),-- Pop Star 1986 (34) en Concert Stage (13)
(15, 'N', 12, 15);-- Barbie Extra (12) en Boutique (15)

--------------------------------------------------------------------------------------------------
-- DEPARTAMENTO

INSERT INTO Departamento (idDepartamento, nombre, direccion) VALUES
(1, 'Investigación y Desarrollo (I+D)', 'Torre Creativa, Piso 10'),
(2, 'Escultura y Modelado 3D', 'Torre Creativa, Piso 9'),
(3, 'Ingeniería de Materiales', 'Laboratorio Central, Ala Norte'),
(4, 'Matricería y Moldes', 'Planta de Manufactura, Sector A'),
(5, 'Inyección de Plásticos', 'Planta de Manufactura, Sector B'),
(6, 'Ensamblaje y Articulación', 'Planta de Manufactura, Sector C'),
(7, 'Enraizado y Estilismo de Cabello', 'Planta de Manufactura, Sector D'),
(8, 'Pintura Facial y Acabados', 'Planta de Manufactura, Sector E'),
(9, 'Confección Textil y Vestuario', 'Taller de Costura Principal'),
(10, 'Control de Calidad (QA)', 'Laboratorio Central, Ala Sur'),
(11, 'Empaquetado y Blíster', 'Centro de Distribución, Zona 1'),
(12, 'Logística y Despachos B2B', 'Centro de Distribución, Zona 2'),
(13, 'Marketing y Mercado B2C', 'Torre Corporativa, Piso 15'),
(14, 'Gestión de Subastas y Coleccionistas', 'Torre Corporativa, Piso 16'),
(15, 'Talento Humano y Nómina', 'Torre Corporativa, Piso 2');

--------------------------------------------------------------------------------------------------
-- PUESTO DE TRABAJO

INSERT INTO PuestoTrabajo (id, nombre, descripcion) VALUES
(1, 'Director de Diseño PLM', 'Lidera la conceptualización de nuevas líneas de Barbie.'),
(2, 'Escultor Digital Senior', 'Crea modelos 3D y aprueba mallas para mecanizado.'),
(3, 'Ingeniero Químico de Polímeros', 'Formula las mezclas de PVC, ABS y colorantes.'),
(4, 'Técnico Tornero CNC', 'Fabrica los moldes de acero inoxidable para inyección.'),
(5, 'Operador de Inyectora', 'Maneja la maquinaria pesada de inyección de plástico.'),
(6, 'Técnico de Enraizado', 'Opera las máquinas de costura capilar en las cabezas.'),
(7, 'Artista de Tampografía', 'Aplica la pintura de ojos, labios y cejas con precisión.'),
(8, 'Ensamblador de Línea', 'Une torsos, extremidades y articulaciones de presión.'),
(9, 'Costurera a Escala', 'Cose la indumentaria miniatura (1/6) de las muñecas.'),
(10, 'Inspector de Estrés ASTM', 'Aplica pruebas de fuerza y toxicidad a los prototipos.'),
(11, 'Empacador de Línea Final', 'Coloca el producto en su blíster e inserta manuales.'),
(12, 'Coordinador de Flota Logística', 'Supervisa despachos a retailers (Target, Walmart).'),
(13, 'Analista de Mercado Secundario', 'Fija precios base para el módulo de subastas BFC.'),
(14, 'Especialista en Reclutamiento', 'Contrata personal de planta e ingenieros.'),
(15, 'Analista de Sistemas (IT)', 'Mantiene activo el sistema Dream Legacy y la BD.');

--------------------------------------------------------------------------------------------------
-- PROFESION

INSERT INTO Profesion (idProfesion, nombre, descripcion) VALUES
(1, 'Diseñador Industrial', 'Especialista en ergonomía y diseño de productos de consumo.'),
(2, 'Ingeniero Industrial', 'Experto en optimización de líneas de producción y tiempos.'),
(3, 'Ingeniero de Materiales', 'Conocimientos avanzados en termoplásticos y resinas.'),
(4, 'Artista Plástico / Escultor', 'Habilidad manual y digital para anatomía a escala.'),
(5, 'Técnico Mecánico', 'Mantenimiento preventivo y correctivo de maquinaria pesada.'),
(6, 'Técnico Superior en Logística', 'Manejo de inventarios, Kardex y rutas de distribución.'),
(7, 'Diseñador de Modas', 'Creación de patrones y selección de textiles.'),
(8, 'Ingeniero Químico', 'Formulación de pinturas no tóxicas y tintes capilares.'),
(9, 'Licenciado en Mercadeo', 'Estrategias de penetración y comportamiento del consumidor.'),
(10, 'Licenciado en Administración', 'Manejo de presupuestos operativos y costos de producción.'),
(11, 'Psicólogo Industrial', 'Evaluación de clima laboral y pruebas psicotécnicas.'),
(12, 'Médico Ocupacional', 'Salud en planta y prevención de riesgos laborales.'),
(13, 'Ingeniero en Computación', 'Desarrollador Full Stack (Angular/C#) e infraestructura.'),
(14, 'Abogado Corporativo', 'Gestión de patentes de moldes y derechos de autor.'),
(15, 'Operario Integral Certificado', 'Personal capacitado en múltiples estaciones de ensamblaje.');

--------------------------------------------------------------------------------------------------
-- TURNO

INSERT INTO Turno (idTurno, porcentajeRecargo, nombre) VALUES
(1, 0, 'Diurno - Administrativo'), (2, 0, 'Diurno - Planta Línea 1'), (3, 0, 'Diurno - Planta Línea 2'),
(4, 15, 'Mixto - Planta Línea 1'), (5, 15, 'Mixto - Planta Línea 2'), (6, 15, 'Mixto - Logística B2B'),
(7, 30, 'Nocturno - Inyección Continua'), (8, 30, 'Nocturno - Mantenimiento'), (9, 30, 'Nocturno - Seguridad'),
(10, 50, 'Fin de Semana - Sábado Mañana'), (11, 50, 'Fin de Semana - Sábado Tarde'), (12, 75, 'Fin de Semana - Domingo'),
(13, 100, 'Feriado - Operación Mínima'), (14, 0, 'Rotativo A (I+D)'), (15, 0, 'Rotativo B (I+D)');

--------------------------------------------------------------------------------------------------
-- HORARIO

INSERT INTO Horario (idHorario, dia, horaInicio, horaFin) VALUES
(1, 'Lunes', '08:00:00', '17:00:00'), (2, 'Martes', '08:00:00', '17:00:00'), (3, 'Miercoles', '08:00:00', '17:00:00'),
(4, 'Jueves', '08:00:00', '17:00:00'), (5, 'Viernes', '08:00:00', '17:00:00'), (6, 'Lunes', '14:00:00', '22:00:00'),
(7, 'Martes', '14:00:00', '22:00:00'), (8, 'Miercoles', '14:00:00', '22:00:00'), (9, 'Jueves', '14:00:00', '22:00:00'),
(10, 'Viernes', '14:00:00', '22:00:00');

--------------------------------------------------------------------------------------------------
-- TURNO HORARIO

INSERT INTO TurnoHorario (idTurnoHorario, Horario_idHorario, Turno_idTurno) VALUES
(1, 1, 1), (2, 2, 1), (3, 3, 1), (4, 4, 1), (5, 5, 1),
(6, 6, 4), (7, 7, 4), (8, 8, 4), (9, 9, 4), (10, 10, 4);

--------------------------------------------------------------------------------------------------
-- FASE

INSERT INTO Fase (idFase, nombreFase, descripcionFase, Diseño_idDiseño) VALUES
(1, 'Conceptualización', 'Creación del moodboard y referencias históricas.', 1),
(2, 'Esculpido Facial', 'Modelado en arcilla o 3D del molde del rostro.', 2),
(3, 'Aprobación de Patrón', 'Selección de telas y colores corporativos.', 3),
(4, 'Prototipo Resina', 'Impresión 3D inicial para validar articulaciones.', 4),
(5, 'Mecanizado de Moldes', 'Corte CNC del acero para la inyectora.', 5),
(6, 'Prueba de Inyección', 'Inyección del primer lote (First Shot) para ajuste.', 6),
(7, 'Enraizado Piloto', 'Prueba de densidad capilar en la cabeza base.', 7),
(8, 'Tampografía Facial', 'Ajuste de los tampones de silicona para los ojos.', 8),
(9, 'Producción Masiva', 'Inicio de la cadena de inyección ininterrumpida.', 9),
(10, 'Ensamblaje Mecánico', 'Unión a presión de extremidades y torsos.', 10),
(11, 'Vestido y Peinado', 'Acabado manual de la muñeca en línea.', 11),
(12, 'Control de Calidad Final', 'Inspección visual antes de sellar el blíster.', 12),
(13, 'Empaquetado', 'Sellado térmico del juguete en caja de cartón/PET.', 13),
(14, 'Paletización', 'Embalaje en cajas maestras para B2B.', 14),
(15, 'Lanzamiento Comercial', 'Liberación del producto al mercado secundario.', 15);

--------------------------------------------------------------------------------------------------
-- PRUEBA

INSERT INTO Prueba (idPrueba, nombrePrueba, descripcionPrueba, resultado, tipoPrueba, Diseño_idDiseño) VALUES
(1, 'Tensión de Cuello (Norma ASTM)', 'Verifica que la cabeza no se desprenda con 10kg de fuerza.', 'Aprobado', 'Tecnica', 1),
(2, 'Toxicidad de Pintura', 'Prueba química de plomo en labios y ojos.', 'Aprobado', 'Tecnica', 2),
(3, 'Caída Libre (Drop Test)', 'Caída desde 1.5m para asegurar que el ABS no se astilla.', 'Reprobado', 'Tecnica', 3),
(4, 'Combustión de Cabello', 'Prueba térmica sobre el Kanekalon.', 'Aprobado', 'Tecnica', 4),
(5, 'Examen Visual de Operario', 'Prueba oftalmológica para pintores de tampografía.', 'Aprobado', 'Medica', 5),
(6, 'Evaluación de Estrés Térmico', 'Comportamiento del plástico en contenedores a 50°C.', 'Aprobado', 'Tecnica', 6),
(7, 'Prueba Psicométrica de Ensamblaje', 'Test de destreza y concentración bajo presión.', 'Aprobado', 'Psicologica', 7),
(8, 'Audiometría Anual', 'Examen obligatorio para operadores de inyectoras.', 'Aprobado', 'Medica', 8),
(9, 'Resistencia de Articulaciones', '10,000 ciclos de doblez en la línea Made to Move.', 'Aprobado', 'Tecnica', 17),
(10, 'Prueba de Flotabilidad', 'Verificación de sellado en vehículos acuáticos.', 'Reprobado', 'Tecnica', 26),
(11, 'Prueba de Liderazgo', 'Test para aspirantes a Gerentes de Línea.', 'Aprobado', 'Psicologica', 11),
(12, 'Examen Toxicológico', 'Prueba antidoping obligatoria en Planta.', 'Aprobado', 'Medica', 12),
(13, 'Lavado de Textiles', 'Ciclos de lavado para probar decoloración del vestido.', 'Aprobado', 'Tecnica', 13),
(14, 'Manejo de Montacargas', 'Examen práctico de conducción en almacén.', 'Aprobado', 'Tecnica', 14),
(15, 'Prueba de Funcionamiento LED', 'Verificación de circuitos en juguetes electrónicos.', 'Aprobado', 'Tecnica', 31);

--------------------------------------------------------------------------------------------------
-- CURRICULUM VITAE

INSERT INTO CurriculumVitae (idCurriculumVitae, añoDeAsignacion, Profesion_idProfesion, Diseño_idDiseño) VALUES
(1, 2020, 1, 1), (2, 2021, 2, 2), (3, 2022, 3, 3), (4, 2019, 4, 4), (5, 2023, 5, 5),
(6, 2018, 6, 6), (7, 2024, 7, 7), (8, 2020, 8, 8), (9, 2021, 9, 9), (10, 2022, 10, 10),
(11, 2017, 11, 11), (12, 2023, 12, 12), (13, 2024, 13, 13), (14, 2019, 14, 14), (15, 2020, 15, 15);

--------------------------------------------------------------------------------------------------
-- TURNO EMPLEADO

INSERT INTO TurnoEmpleado (idTurnoEmpleado, fecha, feriado, Empleado_idEmpleado, Turno_idTurno) VALUES
(1, '2023-10-02', 'N', 1, 1), (2, '2023-10-03', 'N', 2, 2), (3, '2023-10-04', 'N', 3, 3),
(4, '2023-10-05', 'N', 4, 4), (5, '2023-10-06', 'N', 5, 5), (6, '2023-10-09', 'N', 6, 6),
(7, '2023-10-10', 'N', 7, 7), (8, '2023-10-11', 'N', 8, 8), (9, '2023-10-12', 'N', 9, 9),
(10, '2023-10-14', 'Y', 10, 10), (11, '2023-10-15', 'Y', 11, 11), (12, '2023-10-21', 'Y', 12, 12),
(13, '2023-10-22', 'Y', 13, 13), (14, '2023-10-23', 'N', 14, 14), (15, '2023-10-24', 'N', 15, 15);

--------------------------------------------------------------------------------------------------
-- ASISTENCIA

INSERT INTO Asistencia (idAsistencia, fecha, horaEntrada, horaSalida, Empleado_idEmpleado) VALUES
(1, '2023-10-02', '08:00:00', '17:05:00', 1), (2, '2023-10-03', '07:55:00', '17:00:00', 2),
(3, '2023-10-04', '08:10:00', '17:15:00', 3), (4, '2023-10-05', '13:50:00', '22:00:00', 4),
(5, '2023-10-06', '14:00:00', '22:10:00', 5), (6, '2023-10-09', '14:05:00', '22:00:00', 6),
(7, '2023-10-10', '21:55:00', '06:00:00', 7), (8, '2023-10-11', '22:00:00', '06:05:00', 8),
(9, '2023-10-12', '22:00:00', '06:00:00', 9), (10, '2023-10-14', '08:00:00', '14:00:00', 10),
(11, '2023-10-15', '08:00:00', '14:00:00', 11), (12, '2023-10-21', '08:00:00', '14:00:00', 12),
(13, '2023-10-22', '08:00:00', '12:00:00', 13), (14, '2023-10-23', '08:00:00', '17:00:00', 14),
(15, '2023-10-24', '08:00:00', '17:00:00', 15);

--------------------------------------------------------------------------------------------------
-- FASE EMPLEADO

INSERT INTO FaseEmpleado (idFaseEmpleado, fechaInicio, fechaFin, Empleado_idEmpleado, Fase_idFase) VALUES
(1, '2023-01-10', '2023-02-15', 1, 1), (2, '2023-02-16', '2023-04-20', 2, 2),
(3, '2023-04-21', '2023-05-10', 3, 3), (4, '2023-05-11', '2023-06-30', 4, 4),
(5, '2023-07-01', '2023-08-15', 5, 5), (6, '2023-08-16', '2023-09-01', 6, 6),
(7, '2023-09-02', '2023-09-15', 7, 7), (8, '2023-09-16', '2023-10-05', 8, 8),
(9, '2023-10-06', NULL, 9, 9), (10, '2023-10-10', NULL, 10, 10),
(11, '2023-10-15', NULL, 11, 11), (12, '2023-10-20', NULL, 12, 12),
(13, '2023-10-25', NULL, 13, 13), (14, '2023-11-01', NULL, 14, 14),
(15, '2023-11-05', NULL, 15, 15);

--------------------------------------------------------------------------------------------------
-- PRUEBA EMPLEADO

INSERT INTO PruebaEmpleado (idPruebaEmpleado, fechaInicio, fechaFin, Prueba_idPrueba, Empleado_idEmpleado) VALUES
(1, '2023-03-01', '2023-03-02', 5, 1), (2, '2023-03-15', '2023-03-16', 8, 2),
(3, '2023-04-05', '2023-04-06', 12, 3), (4, '2023-05-20', '2023-05-21', 11, 4),
(5, '2023-06-10', '2023-06-11', 7, 5), (6, '2023-07-12', '2023-07-13', 5, 6),
(7, '2023-08-05', '2023-08-06', 8, 7), (8, '2023-09-01', '2023-09-02', 12, 8),
(9, '2023-09-20', '2023-09-21', 11, 9), (10, '2023-10-01', '2023-10-02', 7, 10),
(11, '2023-10-10', '2023-10-11', 5, 11), (12, '2023-10-18', '2023-10-19', 8, 12),
(13, '2023-11-02', '2023-11-03', 12, 13), (14, '2023-11-15', '2023-11-16', 11, 14),
(15, '2023-11-20', '2023-11-21', 7, 15);

--------------------------------------------------------------------------------------------------
-- LOTE MATERIA PRIMA

INSERT INTO LoteMateriaPrima (idLoteMateriaPrima, costoAdquisicion, nombre, descripcion, Material_idMaterial) VALUES
(1, 15000, 'Lote Algodón Premium', 'Rollos de tela cruda para vestuario escala 1/6.', 1),
(2, 22500, 'Lote Metal Die-Cast', 'Aleación para chasis de vehículos de juguete.', 2),
(3, 18000, 'Lote PVC Blando Alpha', 'Polímero base para inyección de cabezas y rostros.', 3),
(4, 9500,  'Lote Poliéster Color', 'Fardos de poliéster para estampados.', 4),
(5, 17200, 'Lote PVC Blando Beta', 'Variante de polímero con mayor flexibilidad.', 5),
(6, 31000, 'Lote Kanekalon Rubio', 'Hebras sintéticas de alta calidad para enraizado.', 6),
(7, 4500,  'Lote Cartón Corrugado', 'Material reciclado para cajas master B2B.', 7),
(8, 18000, 'Lote PVC Blando Gamma', 'Polímero para extremidades flex (Click-Clack).', 8),
(9, 28000, 'Lote Resina Epóxica', 'Resina pesada para edición coleccionista Silkstone.', 9),
(10, 14000, 'Lote Poliuretano A', 'Espuma rígida para accesorios de playsets.', 10),
(11, 14500, 'Lote Poliuretano B', 'Variante de espuma para mobiliario Dreamhouse.', 11),
(12, 9800,  'Lote Poliéster Extra', 'Tela con acabado brillante para línea Fashionistas.', 12),
(13, 34000, 'Lote Nylon Capilar', 'Hebras de nylon para resistencia al calor.', 13),
(14, 8700,  'Lote Tela Sintética', 'Tejido base para interiores de camper y carpas.', 14),
(15, 16000, 'Lote Poliuretano C', 'Compuesto inyectable para mascotas miniatura.', 15);

--------------------------------------------------------------------------------------------------
-- LOTE DE PRODUCCION

INSERT INTO LoteProduccion (idLote, fechaInicio, fechaFin) VALUES
(1, '2023-01-05', '2023-01-20'),
(2, '2023-02-01', '2023-02-15'),
(3, '2023-03-10', '2023-03-25'),
(4, '2023-04-05', '2023-04-20'),
(5, '2023-05-15', '2023-05-30'),
(6, '2023-06-01', '2023-06-10'),
(7, '2023-07-10', '2023-07-25'),
(8, '2023-08-05', '2023-08-15'),
(9, '2023-09-01', '2023-09-10'),
(10, '2023-09-15', '2023-09-30'),
(11, '2023-10-01', '2023-10-15'),
(12, '2023-10-20', '2023-10-31'),
(13, '2023-11-05', '2023-11-20'),
(14, '2023-11-25', '2023-12-05'),
(15, '2023-12-10', '2023-12-22');

--------------------------------------------------------------------------------------------------
-- INSUMO DE PRODUCCION

INSERT INTO InsumoProduccion (idInsumoProduccion, cantidad, LoteMateriaPrima_idLoteMateriaPrima, LoteProduccion_idLote) VALUES
(1, 500, 3, 1),  -- El Lote 1 usó 500kg del Lote de PVC Blando
(2, 100, 6, 1),  -- El Lote 1 usó 100kg de Kanekalon
(3, 450, 1, 2),  -- El Lote 2 usó Tela Algodón
(4, 800, 2, 3),  -- El Lote 3 usó Metal Die-Cast
(5, 300, 9, 4),  -- El Lote 4 usó Resina Epóxica
(6, 600, 10, 5), -- El Lote 5 usó Poliuretano
(7, 200, 4, 6),  -- El Lote 6 usó Poliéster
(8, 150, 13, 7), -- El Lote 7 usó Nylon
(9, 700, 5, 8),  -- El Lote 8 usó PVC Beta
(10, 550, 8, 9), -- El Lote 9 usó PVC Gamma
(11, 400, 11, 10),
(12, 350, 12, 11),
(13, 900, 7, 12), -- Uso de cartón corrugado
(14, 250, 14, 13),
(15, 650, 15, 14);

--------------------------------------------------------------------------------------------------
-- UNIDAD PRODUCIDA (1596 registros)

INSERT INTO UnidadProducida (idUnidadProducidad, fechaSalida, nombre, LoteProduccion_idLote) VALUES
(1, '2026-06-04', 'Unidad-0001-P1', 1),
(2, '2026-06-04', 'Unidad-0002-P2', 1),
(3, '2026-06-04', 'Unidad-0003-P3', 1),
(4, '2026-06-04', 'Unidad-0004-P4', 1),
(5, '2026-06-04', 'Unidad-0005-P5', 1),
(6, '2026-06-04', 'Unidad-0006-P6', 1),
(7, '2026-06-04', 'Unidad-0007-P7', 1),
(8, '2026-06-04', 'Unidad-0008-P8', 1),
(9, '2026-06-04', 'Unidad-0009-P9', 1),
(10, '2026-06-04', 'Unidad-0010-P10', 1),
(11, '2026-06-04', 'Unidad-0011-P1', 1),
(12, '2026-06-04', 'Unidad-0012-P2', 1),
(13, '2026-06-04', 'Unidad-0013-P3', 1),
(14, '2026-06-04', 'Unidad-0014-P4', 1),
(15, '2026-06-04', 'Unidad-0015-P5', 1),
(16, '2026-06-04', 'Unidad-0016-P6', 1),
(17, '2026-06-04', 'Unidad-0017-P7', 1),
(18, '2026-06-04', 'Unidad-0018-P8', 1),
(19, '2026-06-04', 'Unidad-0019-P9', 1),
(20, '2026-06-04', 'Unidad-0020-P10', 1),
(21, '2026-06-04', 'Unidad-0021-P1', 1),
(22, '2026-06-04', 'Unidad-0022-P2', 1),
(23, '2026-06-04', 'Unidad-0023-P3', 1),
(24, '2026-06-04', 'Unidad-0024-P4', 1),
(25, '2026-06-04', 'Unidad-0025-P5', 1),
(26, '2026-06-04', 'Unidad-0026-P6', 1),
(27, '2026-06-04', 'Unidad-0027-P7', 1),
(28, '2026-06-04', 'Unidad-0028-P8', 1),
(29, '2026-06-04', 'Unidad-0029-P9', 1),
(30, '2026-06-04', 'Unidad-0030-P10', 1),
(31, '2026-06-04', 'Unidad-0031-P1', 1),
(32, '2026-06-04', 'Unidad-0032-P2', 1),
(33, '2026-06-04', 'Unidad-0033-P3', 1),
(34, '2026-06-04', 'Unidad-0034-P4', 1),
(35, '2026-06-04', 'Unidad-0035-P5', 1),
(36, '2026-06-04', 'Unidad-0036-P6', 1),
(37, '2026-06-04', 'Unidad-0037-P7', 1),
(38, '2026-06-04', 'Unidad-0038-P8', 1),
(39, '2026-06-04', 'Unidad-0039-P9', 1),
(40, '2026-06-04', 'Unidad-0040-P10', 1),
(41, '2026-06-04', 'Unidad-0041-P1', 1),
(42, '2026-06-04', 'Unidad-0042-P2', 1),
(43, '2026-06-04', 'Unidad-0043-P3', 1),
(44, '2026-06-04', 'Unidad-0044-P4', 1),
(45, '2026-06-04', 'Unidad-0045-P5', 1),
(46, '2026-06-04', 'Unidad-0046-P6', 1),
(47, '2026-06-04', 'Unidad-0047-P7', 1),
(48, '2026-06-04', 'Unidad-0048-P8', 1),
(49, '2026-06-04', 'Unidad-0049-P9', 1),
(50, '2026-06-04', 'Unidad-0050-P10', 1),
(51, '2026-06-04', 'Unidad-0051-P1', 1),
(52, '2026-06-04', 'Unidad-0052-P2', 1),
(53, '2026-06-04', 'Unidad-0053-P3', 1),
(54, '2026-06-04', 'Unidad-0054-P4', 1),
(55, '2026-06-04', 'Unidad-0055-P5', 1),
(56, '2026-06-04', 'Unidad-0056-P6', 1),
(57, '2026-06-04', 'Unidad-0057-P7', 1),
(58, '2026-06-04', 'Unidad-0058-P8', 1),
(59, '2026-06-04', 'Unidad-0059-P9', 1),
(60, '2026-06-04', 'Unidad-0060-P10', 1),
(61, '2026-06-04', 'Unidad-0061-P1', 1),
(62, '2026-06-04', 'Unidad-0062-P2', 1),
(63, '2026-06-04', 'Unidad-0063-P3', 1),
(64, '2026-06-04', 'Unidad-0064-P4', 1),
(65, '2026-06-04', 'Unidad-0065-P5', 1),
(66, '2026-06-04', 'Unidad-0066-P6', 1),
(67, '2026-06-04', 'Unidad-0067-P7', 1),
(68, '2026-06-04', 'Unidad-0068-P8', 1),
(69, '2026-06-04', 'Unidad-0069-P9', 1),
(70, '2026-06-04', 'Unidad-0070-P10', 1),
(71, '2026-06-04', 'Unidad-0071-P1', 1),
(72, '2026-06-04', 'Unidad-0072-P2', 1),
(73, '2026-06-04', 'Unidad-0073-P3', 1),
(74, '2026-06-04', 'Unidad-0074-P4', 1),
(75, '2026-06-04', 'Unidad-0075-P5', 1),
(76, '2026-06-04', 'Unidad-0076-P6', 1),
(77, '2026-06-04', 'Unidad-0077-P7', 1),
(78, '2026-06-04', 'Unidad-0078-P8', 1),
(79, '2026-06-04', 'Unidad-0079-P9', 1),
(80, '2026-06-04', 'Unidad-0080-P10', 1),
(81, '2026-06-04', 'Unidad-0081-P1', 1),
(82, '2026-06-04', 'Unidad-0082-P2', 1),
(83, '2026-06-04', 'Unidad-0083-P3', 1),
(84, '2026-06-04', 'Unidad-0084-P4', 1),
(85, '2026-06-04', 'Unidad-0085-P5', 1),
(86, '2026-06-04', 'Unidad-0086-P6', 1),
(87, '2026-06-04', 'Unidad-0087-P7', 1),
(88, '2026-06-04', 'Unidad-0088-P8', 1),
(89, '2026-06-04', 'Unidad-0089-P9', 1),
(90, '2026-06-04', 'Unidad-0090-P10', 1),
(91, '2026-06-04', 'Unidad-0091-P1', 1),
(92, '2026-06-04', 'Unidad-0092-P2', 1),
(93, '2026-06-04', 'Unidad-0093-P3', 1),
(94, '2026-06-04', 'Unidad-0094-P4', 1),
(95, '2026-06-04', 'Unidad-0095-P5', 1),
(96, '2026-06-04', 'Unidad-0096-P6', 1),
(97, '2026-06-04', 'Unidad-0097-P7', 1),
(98, '2026-06-04', 'Unidad-0098-P8', 1),
(99, '2026-06-04', 'Unidad-0099-P9', 1),
(100, '2026-06-04', 'Unidad-0100-P10', 1),
(101, '2026-06-04', 'Unidad-0101-P1', 1),
(102, '2026-06-04', 'Unidad-0102-P2', 1),
(103, '2026-06-04', 'Unidad-0103-P3', 1),
(104, '2026-06-04', 'Unidad-0104-P4', 1),
(105, '2026-06-04', 'Unidad-0105-P5', 1),
(106, '2026-06-04', 'Unidad-0106-P6', 1),
(107, '2026-06-04', 'Unidad-0107-P7', 1),
(108, '2026-06-04', 'Unidad-0108-P8', 1),
(109, '2026-06-04', 'Unidad-0109-P9', 1),
(110, '2026-06-04', 'Unidad-0110-P10', 1),
(111, '2026-06-04', 'Unidad-0111-P1', 1),
(112, '2026-06-04', 'Unidad-0112-P2', 1),
(113, '2026-06-04', 'Unidad-0113-P3', 1),
(114, '2026-06-04', 'Unidad-0114-P4', 1),
(115, '2026-06-04', 'Unidad-0115-P5', 1),
(116, '2026-06-04', 'Unidad-0116-P6', 1),
(117, '2026-06-04', 'Unidad-0117-P7', 1),
(118, '2026-06-04', 'Unidad-0118-P8', 1),
(119, '2026-06-04', 'Unidad-0119-P9', 1),
(120, '2026-06-04', 'Unidad-0120-P10', 1),
(121, '2026-06-04', 'Unidad-0121-P1', 1),
(122, '2026-06-04', 'Unidad-0122-P2', 1),
(123, '2026-06-04', 'Unidad-0123-P3', 1),
(124, '2026-06-04', 'Unidad-0124-P4', 1),
(125, '2026-06-04', 'Unidad-0125-P5', 1),
(126, '2026-06-04', 'Unidad-0126-P6', 1),
(127, '2026-06-04', 'Unidad-0127-P7', 1),
(128, '2026-06-04', 'Unidad-0128-P8', 1),
(129, '2026-06-04', 'Unidad-0129-P9', 1),
(130, '2026-06-04', 'Unidad-0130-P10', 1),
(131, '2026-06-04', 'Unidad-0131-P1', 1),
(132, '2026-06-04', 'Unidad-0132-P2', 1),
(133, '2026-06-04', 'Unidad-0133-P3', 1),
(134, '2026-06-04', 'Unidad-0134-P4', 1),
(135, '2026-06-04', 'Unidad-0135-P5', 1),
(136, '2026-06-04', 'Unidad-0136-P6', 1),
(137, '2026-06-04', 'Unidad-0137-P7', 1),
(138, '2026-06-04', 'Unidad-0138-P8', 1),
(139, '2026-06-04', 'Unidad-0139-P9', 1),
(140, '2026-06-04', 'Unidad-0140-P10', 1),
(141, '2026-06-04', 'Unidad-0141-P1', 1),
(142, '2026-06-04', 'Unidad-0142-P2', 1),
(143, '2026-06-04', 'Unidad-0143-P3', 1),
(144, '2026-06-04', 'Unidad-0144-P4', 1),
(145, '2026-06-04', 'Unidad-0145-P5', 1),
(146, '2026-06-04', 'Unidad-0146-P6', 1),
(147, '2026-06-04', 'Unidad-0147-P7', 1),
(148, '2026-06-04', 'Unidad-0148-P8', 1),
(149, '2026-06-04', 'Unidad-0149-P9', 1),
(150, '2026-06-04', 'Unidad-0150-P10', 1),
(151, '2026-06-04', 'Unidad-0151-P1', 1),
(152, '2026-06-04', 'Unidad-0152-P2', 1),
(153, '2026-06-04', 'Unidad-0153-P3', 1),
(154, '2026-06-04', 'Unidad-0154-P4', 1),
(155, '2026-06-04', 'Unidad-0155-P5', 1),
(156, '2026-06-04', 'Unidad-0156-P6', 1),
(157, '2026-06-04', 'Unidad-0157-P7', 1),
(158, '2026-06-04', 'Unidad-0158-P8', 1),
(159, '2026-06-04', 'Unidad-0159-P9', 1),
(160, '2026-06-04', 'Unidad-0160-P10', 1),
(161, '2026-06-04', 'Unidad-0161-P1', 1),
(162, '2026-06-04', 'Unidad-0162-P2', 1),
(163, '2026-06-04', 'Unidad-0163-P3', 1),
(164, '2026-06-04', 'Unidad-0164-P4', 1),
(165, '2026-06-04', 'Unidad-0165-P5', 1),
(166, '2026-06-04', 'Unidad-0166-P6', 1),
(167, '2026-06-04', 'Unidad-0167-P7', 1),
(168, '2026-06-04', 'Unidad-0168-P8', 1),
(169, '2026-06-04', 'Unidad-0169-P9', 1),
(170, '2026-06-04', 'Unidad-0170-P10', 1),
(171, '2026-06-04', 'Unidad-0171-P1', 1),
(172, '2026-06-04', 'Unidad-0172-P2', 1),
(173, '2026-06-04', 'Unidad-0173-P3', 1),
(174, '2026-06-04', 'Unidad-0174-P4', 1),
(175, '2026-06-04', 'Unidad-0175-P5', 1),
(176, '2026-06-04', 'Unidad-0176-P6', 1),
(177, '2026-06-04', 'Unidad-0177-P7', 1),
(178, '2026-06-04', 'Unidad-0178-P8', 1),
(179, '2026-06-04', 'Unidad-0179-P9', 1),
(180, '2026-06-04', 'Unidad-0180-P10', 1),
(181, '2026-06-04', 'Unidad-0181-P1', 1),
(182, '2026-06-04', 'Unidad-0182-P2', 1),
(183, '2026-06-04', 'Unidad-0183-P3', 1),
(184, '2026-06-04', 'Unidad-0184-P4', 1),
(185, '2026-06-04', 'Unidad-0185-P5', 1),
(186, '2026-06-04', 'Unidad-0186-P6', 1),
(187, '2026-06-04', 'Unidad-0187-P7', 1),
(188, '2026-06-04', 'Unidad-0188-P8', 1),
(189, '2026-06-04', 'Unidad-0189-P9', 1),
(190, '2026-06-04', 'Unidad-0190-P10', 1),
(191, '2026-06-04', 'Unidad-0191-P1', 1),
(192, '2026-06-04', 'Unidad-0192-P2', 1),
(193, '2026-06-04', 'Unidad-0193-P3', 1),
(194, '2026-06-04', 'Unidad-0194-P4', 1),
(195, '2026-06-04', 'Unidad-0195-P5', 1),
(196, '2026-06-04', 'Unidad-0196-P6', 1),
(197, '2026-06-04', 'Unidad-0197-P7', 1),
(198, '2026-06-04', 'Unidad-0198-P8', 1),
(199, '2026-06-04', 'Unidad-0199-P9', 1),
(200, '2026-06-04', 'Unidad-0200-P10', 1),
(201, '2026-06-04', 'Unidad-0201-P1', 1),
(202, '2026-06-04', 'Unidad-0202-P2', 1),
(203, '2026-06-04', 'Unidad-0203-P3', 1),
(204, '2026-06-04', 'Unidad-0204-P4', 1),
(205, '2026-06-04', 'Unidad-0205-P5', 1),
(206, '2026-06-04', 'Unidad-0206-P6', 1),
(207, '2026-06-04', 'Unidad-0207-P7', 1),
(208, '2026-06-04', 'Unidad-0208-P8', 1),
(209, '2026-06-04', 'Unidad-0209-P9', 1),
(210, '2026-06-04', 'Unidad-0210-P10', 1),
(211, '2026-06-04', 'Unidad-0211-P1', 1),
(212, '2026-06-04', 'Unidad-0212-P2', 1),
(213, '2026-06-04', 'Unidad-0213-P3', 1),
(214, '2026-06-04', 'Unidad-0214-P4', 1),
(215, '2026-06-04', 'Unidad-0215-P5', 1),
(216, '2026-06-04', 'Unidad-0216-P6', 1),
(217, '2026-06-04', 'Unidad-0217-P7', 1),
(218, '2026-06-04', 'Unidad-0218-P8', 1),
(219, '2026-06-04', 'Unidad-0219-P9', 1),
(220, '2026-06-04', 'Unidad-0220-P10', 1),
(221, '2026-06-04', 'Unidad-0221-P1', 1),
(222, '2026-06-04', 'Unidad-0222-P2', 1),
(223, '2026-06-04', 'Unidad-0223-P3', 1),
(224, '2026-06-04', 'Unidad-0224-P4', 1),
(225, '2026-06-04', 'Unidad-0225-P5', 1),
(226, '2026-06-04', 'Unidad-0226-P6', 1),
(227, '2026-06-04', 'Unidad-0227-P7', 1),
(228, '2026-06-04', 'Unidad-0228-P8', 1),
(229, '2026-06-04', 'Unidad-0229-P9', 1),
(230, '2026-06-04', 'Unidad-0230-P10', 1),
(231, '2026-06-04', 'Unidad-0231-P1', 1),
(232, '2026-06-04', 'Unidad-0232-P2', 1),
(233, '2026-06-04', 'Unidad-0233-P3', 1),
(234, '2026-06-04', 'Unidad-0234-P4', 1),
(235, '2026-06-04', 'Unidad-0235-P5', 1),
(236, '2026-06-04', 'Unidad-0236-P6', 1),
(237, '2026-06-04', 'Unidad-0237-P7', 1),
(238, '2026-06-04', 'Unidad-0238-P8', 1),
(239, '2026-06-04', 'Unidad-0239-P9', 1),
(240, '2026-06-04', 'Unidad-0240-P10', 1),
(241, '2026-06-04', 'Unidad-0241-P1', 1),
(242, '2026-06-04', 'Unidad-0242-P2', 1),
(243, '2026-06-04', 'Unidad-0243-P3', 1),
(244, '2026-06-04', 'Unidad-0244-P4', 1),
(245, '2026-06-04', 'Unidad-0245-P5', 1),
(246, '2026-06-04', 'Unidad-0246-P6', 1),
(247, '2026-06-04', 'Unidad-0247-P7', 1),
(248, '2026-06-04', 'Unidad-0248-P8', 1),
(249, '2026-06-04', 'Unidad-0249-P9', 1),
(250, '2026-06-04', 'Unidad-0250-P10', 1),
(251, '2026-06-04', 'Unidad-0251-P1', 1),
(252, '2026-06-04', 'Unidad-0252-P2', 1),
(253, '2026-06-04', 'Unidad-0253-P3', 1),
(254, '2026-06-04', 'Unidad-0254-P4', 1),
(255, '2026-06-04', 'Unidad-0255-P5', 1),
(256, '2026-06-04', 'Unidad-0256-P6', 1),
(257, '2026-06-04', 'Unidad-0257-P7', 1),
(258, '2026-06-04', 'Unidad-0258-P8', 1),
(259, '2026-06-04', 'Unidad-0259-P9', 1),
(260, '2026-06-04', 'Unidad-0260-P10', 1),
(261, '2026-06-04', 'Unidad-0261-P1', 1),
(262, '2026-06-04', 'Unidad-0262-P2', 1),
(263, '2026-06-04', 'Unidad-0263-P3', 1),
(264, '2026-06-04', 'Unidad-0264-P4', 1),
(265, '2026-06-04', 'Unidad-0265-P5', 1),
(266, '2026-06-04', 'Unidad-0266-P6', 1),
(267, '2026-06-04', 'Unidad-0267-P7', 1),
(268, '2026-06-04', 'Unidad-0268-P8', 1),
(269, '2026-06-04', 'Unidad-0269-P9', 1),
(270, '2026-06-04', 'Unidad-0270-P10', 1),
(271, '2026-06-04', 'Unidad-0271-P1', 1),
(272, '2026-06-04', 'Unidad-0272-P2', 1),
(273, '2026-06-04', 'Unidad-0273-P3', 1),
(274, '2026-06-04', 'Unidad-0274-P4', 1),
(275, '2026-06-04', 'Unidad-0275-P5', 1),
(276, '2026-06-04', 'Unidad-0276-P6', 1),
(277, '2026-06-04', 'Unidad-0277-P7', 1),
(278, '2026-06-04', 'Unidad-0278-P8', 1),
(279, '2026-06-04', 'Unidad-0279-P9', 1),
(280, '2026-06-04', 'Unidad-0280-P10', 1),
(281, '2026-06-04', 'Unidad-0281-P1', 1),
(282, '2026-06-04', 'Unidad-0282-P2', 1),
(283, '2026-06-04', 'Unidad-0283-P3', 1),
(284, '2026-06-04', 'Unidad-0284-P4', 1),
(285, '2026-06-04', 'Unidad-0285-P5', 1),
(286, '2026-06-04', 'Unidad-0286-P6', 1),
(287, '2026-06-04', 'Unidad-0287-P7', 1),
(288, '2026-06-04', 'Unidad-0288-P8', 1),
(289, '2026-06-04', 'Unidad-0289-P9', 1),
(290, '2026-06-04', 'Unidad-0290-P10', 1),
(291, '2026-06-04', 'Unidad-0291-P1', 1),
(292, '2026-06-04', 'Unidad-0292-P2', 1),
(293, '2026-06-04', 'Unidad-0293-P3', 1),
(294, '2026-06-04', 'Unidad-0294-P4', 1),
(295, '2026-06-04', 'Unidad-0295-P5', 1),
(296, '2026-06-04', 'Unidad-0296-P6', 1),
(297, '2026-06-04', 'Unidad-0297-P7', 1),
(298, '2026-06-04', 'Unidad-0298-P8', 1),
(299, '2026-06-04', 'Unidad-0299-P9', 1),
(300, '2026-06-04', 'Unidad-0300-P10', 1),
(301, '2026-06-04', 'Unidad-0301-P1', 1),
(302, '2026-06-04', 'Unidad-0302-P2', 1),
(303, '2026-06-04', 'Unidad-0303-P3', 1),
(304, '2026-06-04', 'Unidad-0304-P4', 1),
(305, '2026-06-04', 'Unidad-0305-P5', 1),
(306, '2026-06-04', 'Unidad-0306-P6', 1),
(307, '2026-06-04', 'Unidad-0307-P7', 1),
(308, '2026-06-04', 'Unidad-0308-P8', 1),
(309, '2026-06-04', 'Unidad-0309-P9', 1),
(310, '2026-06-04', 'Unidad-0310-P10', 1),
(311, '2026-06-04', 'Unidad-0311-P1', 1),
(312, '2026-06-04', 'Unidad-0312-P2', 1),
(313, '2026-06-04', 'Unidad-0313-P3', 1),
(314, '2026-06-04', 'Unidad-0314-P4', 1),
(315, '2026-06-04', 'Unidad-0315-P5', 1),
(316, '2026-06-04', 'Unidad-0316-P6', 1),
(317, '2026-06-04', 'Unidad-0317-P7', 1),
(318, '2026-06-04', 'Unidad-0318-P8', 1),
(319, '2026-06-04', 'Unidad-0319-P9', 1),
(320, '2026-06-04', 'Unidad-0320-P10', 1),
(321, '2026-06-04', 'Unidad-0321-P1', 1),
(322, '2026-06-04', 'Unidad-0322-P2', 1),
(323, '2026-06-04', 'Unidad-0323-P3', 1),
(324, '2026-06-04', 'Unidad-0324-P4', 1),
(325, '2026-06-04', 'Unidad-0325-P5', 1),
(326, '2026-06-04', 'Unidad-0326-P6', 1),
(327, '2026-06-04', 'Unidad-0327-P7', 1),
(328, '2026-06-04', 'Unidad-0328-P8', 1),
(329, '2026-06-04', 'Unidad-0329-P9', 1),
(330, '2026-06-04', 'Unidad-0330-P10', 1),
(331, '2026-06-04', 'Unidad-0331-P1', 1),
(332, '2026-06-04', 'Unidad-0332-P2', 1),
(333, '2026-06-04', 'Unidad-0333-P3', 1),
(334, '2026-06-04', 'Unidad-0334-P4', 1),
(335, '2026-06-04', 'Unidad-0335-P5', 1),
(336, '2026-06-04', 'Unidad-0336-P6', 1),
(337, '2026-06-04', 'Unidad-0337-P7', 1),
(338, '2026-06-04', 'Unidad-0338-P8', 1),
(339, '2026-06-04', 'Unidad-0339-P9', 1),
(340, '2026-06-04', 'Unidad-0340-P10', 1),
(341, '2026-06-04', 'Unidad-0341-P1', 1),
(342, '2026-06-04', 'Unidad-0342-P2', 1),
(343, '2026-06-04', 'Unidad-0343-P3', 1),
(344, '2026-06-04', 'Unidad-0344-P4', 1),
(345, '2026-06-04', 'Unidad-0345-P5', 1),
(346, '2026-06-04', 'Unidad-0346-P6', 1),
(347, '2026-06-04', 'Unidad-0347-P7', 1),
(348, '2026-06-04', 'Unidad-0348-P8', 1),
(349, '2026-06-04', 'Unidad-0349-P9', 1),
(350, '2026-06-04', 'Unidad-0350-P10', 1),
(351, '2026-06-04', 'Unidad-0351-P1', 1),
(352, '2026-06-04', 'Unidad-0352-P2', 1),
(353, '2026-06-04', 'Unidad-0353-P3', 1),
(354, '2026-06-04', 'Unidad-0354-P4', 1),
(355, '2026-06-04', 'Unidad-0355-P5', 1),
(356, '2026-06-04', 'Unidad-0356-P6', 1),
(357, '2026-06-04', 'Unidad-0357-P7', 1),
(358, '2026-06-04', 'Unidad-0358-P8', 1),
(359, '2026-06-04', 'Unidad-0359-P9', 1),
(360, '2026-06-04', 'Unidad-0360-P10', 1),
(361, '2026-06-04', 'Unidad-0361-P1', 1),
(362, '2026-06-04', 'Unidad-0362-P2', 1),
(363, '2026-06-04', 'Unidad-0363-P3', 1),
(364, '2026-06-04', 'Unidad-0364-P4', 1),
(365, '2026-06-04', 'Unidad-0365-P5', 1),
(366, '2026-06-04', 'Unidad-0366-P6', 1),
(367, '2026-06-04', 'Unidad-0367-P7', 1),
(368, '2026-06-04', 'Unidad-0368-P8', 1),
(369, '2026-06-04', 'Unidad-0369-P9', 1),
(370, '2026-06-04', 'Unidad-0370-P10', 1),
(371, '2026-06-04', 'Unidad-0371-P1', 1),
(372, '2026-06-04', 'Unidad-0372-P2', 1),
(373, '2026-06-04', 'Unidad-0373-P3', 1),
(374, '2026-06-04', 'Unidad-0374-P4', 1),
(375, '2026-06-04', 'Unidad-0375-P5', 1),
(376, '2026-06-04', 'Unidad-0376-P6', 1),
(377, '2026-06-04', 'Unidad-0377-P7', 1),
(378, '2026-06-04', 'Unidad-0378-P8', 1),
(379, '2026-06-04', 'Unidad-0379-P9', 1),
(380, '2026-06-04', 'Unidad-0380-P10', 1),
(381, '2026-06-04', 'Unidad-0381-P1', 1),
(382, '2026-06-04', 'Unidad-0382-P2', 1),
(383, '2026-06-04', 'Unidad-0383-P3', 1),
(384, '2026-06-04', 'Unidad-0384-P4', 1),
(385, '2026-06-04', 'Unidad-0385-P5', 1),
(386, '2026-06-04', 'Unidad-0386-P6', 1),
(387, '2026-06-04', 'Unidad-0387-P7', 1),
(388, '2026-06-04', 'Unidad-0388-P8', 1),
(389, '2026-06-04', 'Unidad-0389-P9', 1),
(390, '2026-06-04', 'Unidad-0390-P10', 1),
(391, '2026-06-04', 'Unidad-0391-P1', 1),
(392, '2026-06-04', 'Unidad-0392-P2', 1),
(393, '2026-06-04', 'Unidad-0393-P3', 1),
(394, '2026-06-04', 'Unidad-0394-P4', 1),
(395, '2026-06-04', 'Unidad-0395-P5', 1),
(396, '2026-06-04', 'Unidad-0396-P6', 1),
(397, '2026-06-04', 'Unidad-0397-P7', 1),
(398, '2026-06-04', 'Unidad-0398-P8', 1),
(399, '2026-06-04', 'Unidad-0399-P9', 1),
(400, '2026-06-04', 'Unidad-0400-P10', 1),
(401, '2026-06-04', 'Unidad-0401-P1', 1),
(402, '2026-06-04', 'Unidad-0402-P2', 1),
(403, '2026-06-04', 'Unidad-0403-P3', 1),
(404, '2026-06-04', 'Unidad-0404-P4', 1),
(405, '2026-06-04', 'Unidad-0405-P5', 1),
(406, '2026-06-04', 'Unidad-0406-P6', 1),
(407, '2026-06-04', 'Unidad-0407-P7', 1),
(408, '2026-06-04', 'Unidad-0408-P8', 1),
(409, '2026-06-04', 'Unidad-0409-P9', 1),
(410, '2026-06-04', 'Unidad-0410-P10', 1),
(411, '2026-06-04', 'Unidad-0411-P1', 1),
(412, '2026-06-04', 'Unidad-0412-P2', 1),
(413, '2026-06-04', 'Unidad-0413-P3', 1),
(414, '2026-06-04', 'Unidad-0414-P4', 1),
(415, '2026-06-04', 'Unidad-0415-P5', 1),
(416, '2026-06-04', 'Unidad-0416-P6', 1),
(417, '2026-06-04', 'Unidad-0417-P7', 1),
(418, '2026-06-04', 'Unidad-0418-P8', 1),
(419, '2026-06-04', 'Unidad-0419-P9', 1),
(420, '2026-06-04', 'Unidad-0420-P10', 1),
(421, '2026-06-04', 'Unidad-0421-P1', 1),
(422, '2026-06-04', 'Unidad-0422-P2', 1),
(423, '2026-06-04', 'Unidad-0423-P3', 1),
(424, '2026-06-04', 'Unidad-0424-P4', 1),
(425, '2026-06-04', 'Unidad-0425-P5', 1),
(426, '2026-06-04', 'Unidad-0426-P6', 1),
(427, '2026-06-04', 'Unidad-0427-P7', 1),
(428, '2026-06-04', 'Unidad-0428-P8', 1),
(429, '2026-06-04', 'Unidad-0429-P9', 1),
(430, '2026-06-04', 'Unidad-0430-P10', 1),
(431, '2026-06-04', 'Unidad-0431-P1', 1),
(432, '2026-06-04', 'Unidad-0432-P2', 1),
(433, '2026-06-04', 'Unidad-0433-P3', 1),
(434, '2026-06-04', 'Unidad-0434-P4', 1),
(435, '2026-06-04', 'Unidad-0435-P5', 1),
(436, '2026-06-04', 'Unidad-0436-P6', 1),
(437, '2026-06-04', 'Unidad-0437-P7', 1),
(438, '2026-06-04', 'Unidad-0438-P8', 1),
(439, '2026-06-04', 'Unidad-0439-P9', 1),
(440, '2026-06-04', 'Unidad-0440-P10', 1),
(441, '2026-06-04', 'Unidad-0441-P1', 1),
(442, '2026-06-04', 'Unidad-0442-P2', 1),
(443, '2026-06-04', 'Unidad-0443-P3', 1),
(444, '2026-06-04', 'Unidad-0444-P4', 1),
(445, '2026-06-04', 'Unidad-0445-P5', 1),
(446, '2026-06-04', 'Unidad-0446-P6', 1),
(447, '2026-06-04', 'Unidad-0447-P7', 1),
(448, '2026-06-04', 'Unidad-0448-P8', 1),
(449, '2026-06-04', 'Unidad-0449-P9', 1),
(450, '2026-06-04', 'Unidad-0450-P10', 1),
(451, '2026-06-04', 'Unidad-0451-P1', 1),
(452, '2026-06-04', 'Unidad-0452-P2', 1),
(453, '2026-06-04', 'Unidad-0453-P3', 1),
(454, '2026-06-04', 'Unidad-0454-P4', 1),
(455, '2026-06-04', 'Unidad-0455-P5', 1),
(456, '2026-06-04', 'Unidad-0456-P6', 1),
(457, '2026-06-04', 'Unidad-0457-P7', 1),
(458, '2026-06-04', 'Unidad-0458-P8', 1),
(459, '2026-06-04', 'Unidad-0459-P9', 1),
(460, '2026-06-04', 'Unidad-0460-P10', 1),
(461, '2026-06-04', 'Unidad-0461-P1', 1),
(462, '2026-06-04', 'Unidad-0462-P2', 1),
(463, '2026-06-04', 'Unidad-0463-P3', 1),
(464, '2026-06-04', 'Unidad-0464-P4', 1),
(465, '2026-06-04', 'Unidad-0465-P5', 1),
(466, '2026-06-04', 'Unidad-0466-P6', 1),
(467, '2026-06-04', 'Unidad-0467-P7', 1),
(468, '2026-06-04', 'Unidad-0468-P8', 1),
(469, '2026-06-04', 'Unidad-0469-P9', 1),
(470, '2026-06-04', 'Unidad-0470-P10', 1),
(471, '2026-06-04', 'Unidad-0471-P1', 1),
(472, '2026-06-04', 'Unidad-0472-P2', 1),
(473, '2026-06-04', 'Unidad-0473-P3', 1),
(474, '2026-06-04', 'Unidad-0474-P4', 1),
(475, '2026-06-04', 'Unidad-0475-P5', 1),
(476, '2026-06-04', 'Unidad-0476-P6', 1),
(477, '2026-06-04', 'Unidad-0477-P7', 1),
(478, '2026-06-04', 'Unidad-0478-P8', 1),
(479, '2026-06-04', 'Unidad-0479-P9', 1),
(480, '2026-06-04', 'Unidad-0480-P10', 1),
(481, '2026-06-04', 'Unidad-0481-P1', 1),
(482, '2026-06-04', 'Unidad-0482-P2', 1),
(483, '2026-06-04', 'Unidad-0483-P3', 1),
(484, '2026-06-04', 'Unidad-0484-P4', 1),
(485, '2026-06-04', 'Unidad-0485-P5', 1),
(486, '2026-06-04', 'Unidad-0486-P6', 1),
(487, '2026-06-04', 'Unidad-0487-P7', 1),
(488, '2026-06-04', 'Unidad-0488-P8', 1),
(489, '2026-06-04', 'Unidad-0489-P9', 1),
(490, '2026-06-04', 'Unidad-0490-P10', 1),
(491, '2026-06-04', 'Unidad-0491-P1', 1),
(492, '2026-06-04', 'Unidad-0492-P2', 1),
(493, '2026-06-04', 'Unidad-0493-P3', 1),
(494, '2026-06-04', 'Unidad-0494-P4', 1),
(495, '2026-06-04', 'Unidad-0495-P5', 1),
(496, '2026-06-04', 'Unidad-0496-P6', 1),
(497, '2026-06-04', 'Unidad-0497-P7', 1),
(498, '2026-06-04', 'Unidad-0498-P8', 1),
(499, '2026-06-04', 'Unidad-0499-P9', 1),
(500, '2026-06-04', 'Unidad-0500-P10', 1),
(501, '2026-06-04', 'Unidad-0501-P1', 1),
(502, '2026-06-04', 'Unidad-0502-P2', 1),
(503, '2026-06-04', 'Unidad-0503-P3', 1),
(504, '2026-06-04', 'Unidad-0504-P4', 1),
(505, '2026-06-04', 'Unidad-0505-P5', 1),
(506, '2026-06-04', 'Unidad-0506-P6', 1),
(507, '2026-06-04', 'Unidad-0507-P7', 1),
(508, '2026-06-04', 'Unidad-0508-P8', 1),
(509, '2026-06-04', 'Unidad-0509-P9', 1),
(510, '2026-06-04', 'Unidad-0510-P10', 1),
(511, '2026-06-04', 'Unidad-0511-P1', 1),
(512, '2026-06-04', 'Unidad-0512-P2', 1),
(513, '2026-06-04', 'Unidad-0513-P3', 1),
(514, '2026-06-04', 'Unidad-0514-P4', 1),
(515, '2026-06-04', 'Unidad-0515-P5', 1),
(516, '2026-06-04', 'Unidad-0516-P6', 1),
(517, '2026-06-04', 'Unidad-0517-P7', 1),
(518, '2026-06-04', 'Unidad-0518-P8', 1),
(519, '2026-06-04', 'Unidad-0519-P9', 1),
(520, '2026-06-04', 'Unidad-0520-P10', 1),
(521, '2026-06-04', 'Unidad-0521-P1', 1),
(522, '2026-06-04', 'Unidad-0522-P2', 1),
(523, '2026-06-04', 'Unidad-0523-P3', 1),
(524, '2026-06-04', 'Unidad-0524-P4', 1),
(525, '2026-06-04', 'Unidad-0525-P5', 1),
(526, '2026-06-04', 'Unidad-0526-P6', 1),
(527, '2026-06-04', 'Unidad-0527-P7', 1),
(528, '2026-06-04', 'Unidad-0528-P8', 1),
(529, '2026-06-04', 'Unidad-0529-P9', 1),
(530, '2026-06-04', 'Unidad-0530-P10', 1),
(531, '2026-06-04', 'Unidad-0531-P1', 1),
(532, '2026-06-04', 'Unidad-0532-P2', 1),
(533, '2026-06-04', 'Unidad-0533-P3', 1),
(534, '2026-06-04', 'Unidad-0534-P4', 1),
(535, '2026-06-04', 'Unidad-0535-P5', 1),
(536, '2026-06-04', 'Unidad-0536-P6', 1),
(537, '2026-06-04', 'Unidad-0537-P7', 1),
(538, '2026-06-04', 'Unidad-0538-P8', 1),
(539, '2026-06-04', 'Unidad-0539-P9', 1),
(540, '2026-06-04', 'Unidad-0540-P10', 1),
(541, '2026-06-04', 'Unidad-0541-P1', 1),
(542, '2026-06-04', 'Unidad-0542-P2', 1),
(543, '2026-06-04', 'Unidad-0543-P3', 1),
(544, '2026-06-04', 'Unidad-0544-P4', 1),
(545, '2026-06-04', 'Unidad-0545-P5', 1),
(546, '2026-06-04', 'Unidad-0546-P6', 1),
(547, '2026-06-04', 'Unidad-0547-P7', 1),
(548, '2026-06-04', 'Unidad-0548-P8', 1),
(549, '2026-06-04', 'Unidad-0549-P9', 1),
(550, '2026-06-04', 'Unidad-0550-P10', 1),
(551, '2026-06-04', 'Unidad-0551-P1', 1),
(552, '2026-06-04', 'Unidad-0552-P2', 1),
(553, '2026-06-04', 'Unidad-0553-P3', 1),
(554, '2026-06-04', 'Unidad-0554-P4', 1),
(555, '2026-06-04', 'Unidad-0555-P5', 1),
(556, '2026-06-04', 'Unidad-0556-P6', 1),
(557, '2026-06-04', 'Unidad-0557-P7', 1),
(558, '2026-06-04', 'Unidad-0558-P8', 1),
(559, '2026-06-04', 'Unidad-0559-P9', 1),
(560, '2026-06-04', 'Unidad-0560-P10', 1),
(561, '2026-06-04', 'Unidad-0561-P1', 1),
(562, '2026-06-04', 'Unidad-0562-P2', 1),
(563, '2026-06-04', 'Unidad-0563-P3', 1),
(564, '2026-06-04', 'Unidad-0564-P4', 1),
(565, '2026-06-04', 'Unidad-0565-P5', 1),
(566, '2026-06-04', 'Unidad-0566-P6', 1),
(567, '2026-06-04', 'Unidad-0567-P7', 1),
(568, '2026-06-04', 'Unidad-0568-P8', 1),
(569, '2026-06-04', 'Unidad-0569-P9', 1),
(570, '2026-06-04', 'Unidad-0570-P10', 1),
(571, '2026-06-04', 'Unidad-0571-P1', 1),
(572, '2026-06-04', 'Unidad-0572-P2', 1),
(573, '2026-06-04', 'Unidad-0573-P3', 1),
(574, '2026-06-04', 'Unidad-0574-P4', 1),
(575, '2026-06-04', 'Unidad-0575-P5', 1),
(576, '2026-06-04', 'Unidad-0576-P6', 1),
(577, '2026-06-04', 'Unidad-0577-P7', 1),
(578, '2026-06-04', 'Unidad-0578-P8', 1),
(579, '2026-06-04', 'Unidad-0579-P9', 1),
(580, '2026-06-04', 'Unidad-0580-P10', 1),
(581, '2026-06-04', 'Unidad-0581-P1', 1),
(582, '2026-06-04', 'Unidad-0582-P2', 1),
(583, '2026-06-04', 'Unidad-0583-P3', 1),
(584, '2026-06-04', 'Unidad-0584-P4', 1),
(585, '2026-06-04', 'Unidad-0585-P5', 1),
(586, '2026-06-04', 'Unidad-0586-P6', 1),
(587, '2026-06-04', 'Unidad-0587-P7', 1),
(588, '2026-06-04', 'Unidad-0588-P8', 1),
(589, '2026-06-04', 'Unidad-0589-P9', 1),
(590, '2026-06-04', 'Unidad-0590-P10', 1),
(591, '2026-06-04', 'Unidad-0591-P1', 1),
(592, '2026-06-04', 'Unidad-0592-P2', 1),
(593, '2026-06-04', 'Unidad-0593-P3', 1),
(594, '2026-06-04', 'Unidad-0594-P4', 1),
(595, '2026-06-04', 'Unidad-0595-P5', 1),
(596, '2026-06-04', 'Unidad-0596-P6', 1),
(597, '2026-06-04', 'Unidad-0597-P7', 1),
(598, '2026-06-04', 'Unidad-0598-P8', 1),
(599, '2026-06-04', 'Unidad-0599-P9', 1),
(600, '2026-06-04', 'Unidad-0600-P10', 1),
(601, '2026-06-04', 'Unidad-0601-P1', 1),
(602, '2026-06-04', 'Unidad-0602-P2', 1),
(603, '2026-06-04', 'Unidad-0603-P3', 1),
(604, '2026-06-04', 'Unidad-0604-P4', 1),
(605, '2026-06-04', 'Unidad-0605-P5', 1),
(606, '2026-06-04', 'Unidad-0606-P6', 1),
(607, '2026-06-04', 'Unidad-0607-P7', 1),
(608, '2026-06-04', 'Unidad-0608-P8', 1),
(609, '2026-06-04', 'Unidad-0609-P9', 1),
(610, '2026-06-04', 'Unidad-0610-P10', 1),
(611, '2026-06-04', 'Unidad-0611-P1', 1),
(612, '2026-06-04', 'Unidad-0612-P2', 1),
(613, '2026-06-04', 'Unidad-0613-P3', 1),
(614, '2026-06-04', 'Unidad-0614-P4', 1),
(615, '2026-06-04', 'Unidad-0615-P5', 1),
(616, '2026-06-04', 'Unidad-0616-P6', 1),
(617, '2026-06-04', 'Unidad-0617-P7', 1),
(618, '2026-06-04', 'Unidad-0618-P8', 1),
(619, '2026-06-04', 'Unidad-0619-P9', 1),
(620, '2026-06-04', 'Unidad-0620-P10', 1),
(621, '2026-06-04', 'Unidad-0621-P1', 1),
(622, '2026-06-04', 'Unidad-0622-P2', 1),
(623, '2026-06-04', 'Unidad-0623-P3', 1),
(624, '2026-06-04', 'Unidad-0624-P4', 1),
(625, '2026-06-04', 'Unidad-0625-P5', 1),
(626, '2026-06-04', 'Unidad-0626-P6', 1),
(627, '2026-06-04', 'Unidad-0627-P7', 1),
(628, '2026-06-04', 'Unidad-0628-P8', 1),
(629, '2026-06-04', 'Unidad-0629-P9', 1),
(630, '2026-06-04', 'Unidad-0630-P10', 1),
(631, '2026-06-04', 'Unidad-0631-P1', 1),
(632, '2026-06-04', 'Unidad-0632-P2', 1),
(633, '2026-06-04', 'Unidad-0633-P3', 1),
(634, '2026-06-04', 'Unidad-0634-P4', 1),
(635, '2026-06-04', 'Unidad-0635-P5', 1),
(636, '2026-06-04', 'Unidad-0636-P6', 1),
(637, '2026-06-04', 'Unidad-0637-P7', 1),
(638, '2026-06-04', 'Unidad-0638-P8', 1),
(639, '2026-06-04', 'Unidad-0639-P9', 1),
(640, '2026-06-04', 'Unidad-0640-P10', 1),
(641, '2026-06-04', 'Unidad-0641-P1', 1),
(642, '2026-06-04', 'Unidad-0642-P2', 1),
(643, '2026-06-04', 'Unidad-0643-P3', 1),
(644, '2026-06-04', 'Unidad-0644-P4', 1),
(645, '2026-06-04', 'Unidad-0645-P5', 1),
(646, '2026-06-04', 'Unidad-0646-P6', 1),
(647, '2026-06-04', 'Unidad-0647-P7', 1),
(648, '2026-06-04', 'Unidad-0648-P8', 1),
(649, '2026-06-04', 'Unidad-0649-P9', 1),
(650, '2026-06-04', 'Unidad-0650-P10', 1),
(651, '2026-06-04', 'Unidad-0651-P1', 1),
(652, '2026-06-04', 'Unidad-0652-P2', 1),
(653, '2026-06-04', 'Unidad-0653-P3', 1),
(654, '2026-06-04', 'Unidad-0654-P4', 1),
(655, '2026-06-04', 'Unidad-0655-P5', 1),
(656, '2026-06-04', 'Unidad-0656-P6', 1),
(657, '2026-06-04', 'Unidad-0657-P7', 1),
(658, '2026-06-04', 'Unidad-0658-P8', 1),
(659, '2026-06-04', 'Unidad-0659-P9', 1),
(660, '2026-06-04', 'Unidad-0660-P10', 1),
(661, '2026-06-04', 'Unidad-0661-P1', 1),
(662, '2026-06-04', 'Unidad-0662-P2', 1),
(663, '2026-06-04', 'Unidad-0663-P3', 1),
(664, '2026-06-04', 'Unidad-0664-P4', 1),
(665, '2026-06-04', 'Unidad-0665-P5', 1),
(666, '2026-06-04', 'Unidad-0666-P6', 1),
(667, '2026-06-04', 'Unidad-0667-P7', 1),
(668, '2026-06-04', 'Unidad-0668-P8', 1),
(669, '2026-06-04', 'Unidad-0669-P9', 1),
(670, '2026-06-04', 'Unidad-0670-P10', 1),
(671, '2026-06-04', 'Unidad-0671-P1', 1),
(672, '2026-06-04', 'Unidad-0672-P2', 1),
(673, '2026-06-04', 'Unidad-0673-P3', 1),
(674, '2026-06-04', 'Unidad-0674-P4', 1),
(675, '2026-06-04', 'Unidad-0675-P5', 1),
(676, '2026-06-04', 'Unidad-0676-P6', 1),
(677, '2026-06-04', 'Unidad-0677-P7', 1),
(678, '2026-06-04', 'Unidad-0678-P8', 1),
(679, '2026-06-04', 'Unidad-0679-P9', 1),
(680, '2026-06-04', 'Unidad-0680-P10', 1),
(681, '2026-06-04', 'Unidad-0681-P1', 1),
(682, '2026-06-04', 'Unidad-0682-P2', 1),
(683, '2026-06-04', 'Unidad-0683-P3', 1),
(684, '2026-06-04', 'Unidad-0684-P4', 1),
(685, '2026-06-04', 'Unidad-0685-P5', 1),
(686, '2026-06-04', 'Unidad-0686-P6', 1),
(687, '2026-06-04', 'Unidad-0687-P7', 1),
(688, '2026-06-04', 'Unidad-0688-P8', 1),
(689, '2026-06-04', 'Unidad-0689-P9', 1),
(690, '2026-06-04', 'Unidad-0690-P10', 1),
(691, '2026-06-04', 'Unidad-0691-P1', 1),
(692, '2026-06-04', 'Unidad-0692-P2', 1),
(693, '2026-06-04', 'Unidad-0693-P3', 1),
(694, '2026-06-04', 'Unidad-0694-P4', 1),
(695, '2026-06-04', 'Unidad-0695-P5', 1),
(696, '2026-06-04', 'Unidad-0696-P6', 1),
(697, '2026-06-04', 'Unidad-0697-P7', 1),
(698, '2026-06-04', 'Unidad-0698-P8', 1),
(699, '2026-06-04', 'Unidad-0699-P9', 1),
(700, '2026-06-04', 'Unidad-0700-P10', 1),
(701, '2026-06-04', 'Unidad-0701-P1', 1),
(702, '2026-06-04', 'Unidad-0702-P2', 1),
(703, '2026-06-04', 'Unidad-0703-P3', 1),
(704, '2026-06-04', 'Unidad-0704-P4', 1),
(705, '2026-06-04', 'Unidad-0705-P5', 1),
(706, '2026-06-04', 'Unidad-0706-P6', 1),
(707, '2026-06-04', 'Unidad-0707-P7', 1),
(708, '2026-06-04', 'Unidad-0708-P8', 1),
(709, '2026-06-04', 'Unidad-0709-P9', 1),
(710, '2026-06-04', 'Unidad-0710-P10', 1),
(711, '2026-06-04', 'Unidad-0711-P1', 1),
(712, '2026-06-04', 'Unidad-0712-P2', 1),
(713, '2026-06-04', 'Unidad-0713-P3', 1),
(714, '2026-06-04', 'Unidad-0714-P4', 1),
(715, '2026-06-04', 'Unidad-0715-P5', 1),
(716, '2026-06-04', 'Unidad-0716-P6', 1),
(717, '2026-06-04', 'Unidad-0717-P7', 1),
(718, '2026-06-04', 'Unidad-0718-P8', 1),
(719, '2026-06-04', 'Unidad-0719-P9', 1),
(720, '2026-06-04', 'Unidad-0720-P10', 1),
(721, '2026-06-04', 'Unidad-0721-P1', 1),
(722, '2026-06-04', 'Unidad-0722-P2', 1),
(723, '2026-06-04', 'Unidad-0723-P3', 1),
(724, '2026-06-04', 'Unidad-0724-P4', 1),
(725, '2026-06-04', 'Unidad-0725-P5', 1),
(726, '2026-06-04', 'Unidad-0726-P6', 1),
(727, '2026-06-04', 'Unidad-0727-P7', 1),
(728, '2026-06-04', 'Unidad-0728-P8', 1),
(729, '2026-06-04', 'Unidad-0729-P9', 1),
(730, '2026-06-04', 'Unidad-0730-P10', 1),
(731, '2026-06-04', 'Unidad-0731-P1', 1),
(732, '2026-06-04', 'Unidad-0732-P2', 1),
(733, '2026-06-04', 'Unidad-0733-P3', 1),
(734, '2026-06-04', 'Unidad-0734-P4', 1),
(735, '2026-06-04', 'Unidad-0735-P5', 1),
(736, '2026-06-04', 'Unidad-0736-P6', 1),
(737, '2026-06-04', 'Unidad-0737-P7', 1),
(738, '2026-06-04', 'Unidad-0738-P8', 1),
(739, '2026-06-04', 'Unidad-0739-P9', 1),
(740, '2026-06-04', 'Unidad-0740-P10', 1),
(741, '2026-06-04', 'Unidad-0741-P1', 1),
(742, '2026-06-04', 'Unidad-0742-P2', 1),
(743, '2026-06-04', 'Unidad-0743-P3', 1),
(744, '2026-06-04', 'Unidad-0744-P4', 1),
(745, '2026-06-04', 'Unidad-0745-P5', 1),
(746, '2026-06-04', 'Unidad-0746-P6', 1),
(747, '2026-06-04', 'Unidad-0747-P7', 1),
(748, '2026-06-04', 'Unidad-0748-P8', 1),
(749, '2026-06-04', 'Unidad-0749-P9', 1),
(750, '2026-06-04', 'Unidad-0750-P10', 1),
(751, '2026-06-04', 'Unidad-0751-P1', 1),
(752, '2026-06-04', 'Unidad-0752-P2', 1),
(753, '2026-06-04', 'Unidad-0753-P3', 1),
(754, '2026-06-04', 'Unidad-0754-P4', 1),
(755, '2026-06-04', 'Unidad-0755-P5', 1),
(756, '2026-06-04', 'Unidad-0756-P6', 1),
(757, '2026-06-04', 'Unidad-0757-P7', 1),
(758, '2026-06-04', 'Unidad-0758-P8', 1),
(759, '2026-06-04', 'Unidad-0759-P9', 1),
(760, '2026-06-04', 'Unidad-0760-P10', 1),
(761, '2026-06-04', 'Unidad-0761-P1', 1),
(762, '2026-06-04', 'Unidad-0762-P2', 1),
(763, '2026-06-04', 'Unidad-0763-P3', 1),
(764, '2026-06-04', 'Unidad-0764-P4', 1),
(765, '2026-06-04', 'Unidad-0765-P5', 1),
(766, '2026-06-04', 'Unidad-0766-P6', 1),
(767, '2026-06-04', 'Unidad-0767-P7', 1),
(768, '2026-06-04', 'Unidad-0768-P8', 1),
(769, '2026-06-04', 'Unidad-0769-P9', 1),
(770, '2026-06-04', 'Unidad-0770-P10', 1),
(771, '2026-06-04', 'Unidad-0771-P1', 1),
(772, '2026-06-04', 'Unidad-0772-P2', 1),
(773, '2026-06-04', 'Unidad-0773-P3', 1),
(774, '2026-06-04', 'Unidad-0774-P4', 1),
(775, '2026-06-04', 'Unidad-0775-P5', 1),
(776, '2026-06-04', 'Unidad-0776-P6', 1),
(777, '2026-06-04', 'Unidad-0777-P7', 1),
(778, '2026-06-04', 'Unidad-0778-P8', 1),
(779, '2026-06-04', 'Unidad-0779-P9', 1),
(780, '2026-06-04', 'Unidad-0780-P10', 1),
(781, '2026-06-04', 'Unidad-0781-P1', 1),
(782, '2026-06-04', 'Unidad-0782-P2', 1),
(783, '2026-06-04', 'Unidad-0783-P3', 1),
(784, '2026-06-04', 'Unidad-0784-P4', 1),
(785, '2026-06-04', 'Unidad-0785-P5', 1),
(786, '2026-06-04', 'Unidad-0786-P6', 1),
(787, '2026-06-04', 'Unidad-0787-P7', 1),
(788, '2026-06-04', 'Unidad-0788-P8', 1),
(789, '2026-06-04', 'Unidad-0789-P9', 1),
(790, '2026-06-04', 'Unidad-0790-P10', 1),
(791, '2026-06-04', 'Unidad-0791-P1', 1),
(792, '2026-06-04', 'Unidad-0792-P2', 1),
(793, '2026-06-04', 'Unidad-0793-P3', 1),
(794, '2026-06-04', 'Unidad-0794-P4', 1),
(795, '2026-06-04', 'Unidad-0795-P5', 1),
(796, '2026-06-04', 'Unidad-0796-P6', 1),
(797, '2026-06-04', 'Unidad-0797-P7', 1),
(798, '2026-06-04', 'Unidad-0798-P8', 1),
(799, '2026-06-04', 'Unidad-0799-P9', 1),
(800, '2026-06-04', 'Unidad-0800-P10', 1),
(801, '2026-06-04', 'Unidad-0801-P1', 1),
(802, '2026-06-04', 'Unidad-0802-P2', 1),
(803, '2026-06-04', 'Unidad-0803-P3', 1),
(804, '2026-06-04', 'Unidad-0804-P4', 1),
(805, '2026-06-04', 'Unidad-0805-P5', 1),
(806, '2026-06-04', 'Unidad-0806-P6', 1),
(807, '2026-06-04', 'Unidad-0807-P7', 1),
(808, '2026-06-04', 'Unidad-0808-P8', 1),
(809, '2026-06-04', 'Unidad-0809-P9', 1),
(810, '2026-06-04', 'Unidad-0810-P10', 1),
(811, '2026-06-04', 'Unidad-0811-P1', 1),
(812, '2026-06-04', 'Unidad-0812-P2', 1),
(813, '2026-06-04', 'Unidad-0813-P3', 1),
(814, '2026-06-04', 'Unidad-0814-P4', 1),
(815, '2026-06-04', 'Unidad-0815-P5', 1),
(816, '2026-06-04', 'Unidad-0816-P6', 1),
(817, '2026-06-04', 'Unidad-0817-P7', 1),
(818, '2026-06-04', 'Unidad-0818-P8', 1),
(819, '2026-06-04', 'Unidad-0819-P9', 1),
(820, '2026-06-04', 'Unidad-0820-P10', 1),
(821, '2026-06-04', 'Unidad-0821-P1', 1),
(822, '2026-06-04', 'Unidad-0822-P2', 1),
(823, '2026-06-04', 'Unidad-0823-P3', 1),
(824, '2026-06-04', 'Unidad-0824-P4', 1),
(825, '2026-06-04', 'Unidad-0825-P5', 1),
(826, '2026-06-04', 'Unidad-0826-P6', 1),
(827, '2026-06-04', 'Unidad-0827-P7', 1),
(828, '2026-06-04', 'Unidad-0828-P8', 1),
(829, '2026-06-04', 'Unidad-0829-P9', 1),
(830, '2026-06-04', 'Unidad-0830-P10', 1),
(831, '2026-06-04', 'Unidad-0831-P1', 1),
(832, '2026-06-04', 'Unidad-0832-P2', 1),
(833, '2026-06-04', 'Unidad-0833-P3', 1),
(834, '2026-06-04', 'Unidad-0834-P4', 1),
(835, '2026-06-04', 'Unidad-0835-P5', 1),
(836, '2026-06-04', 'Unidad-0836-P6', 1),
(837, '2026-06-04', 'Unidad-0837-P7', 1),
(838, '2026-06-04', 'Unidad-0838-P8', 1),
(839, '2026-06-04', 'Unidad-0839-P9', 1),
(840, '2026-06-04', 'Unidad-0840-P10', 1),
(841, '2026-06-04', 'Unidad-0841-P1', 1),
(842, '2026-06-04', 'Unidad-0842-P2', 1),
(843, '2026-06-04', 'Unidad-0843-P3', 1),
(844, '2026-06-04', 'Unidad-0844-P4', 1),
(845, '2026-06-04', 'Unidad-0845-P5', 1),
(846, '2026-06-04', 'Unidad-0846-P6', 1),
(847, '2026-06-04', 'Unidad-0847-P7', 1),
(848, '2026-06-04', 'Unidad-0848-P8', 1),
(849, '2026-06-04', 'Unidad-0849-P9', 1),
(850, '2026-06-04', 'Unidad-0850-P10', 1),
(851, '2026-06-04', 'Unidad-0851-P1', 1),
(852, '2026-06-04', 'Unidad-0852-P2', 1),
(853, '2026-06-04', 'Unidad-0853-P3', 1),
(854, '2026-06-04', 'Unidad-0854-P4', 1),
(855, '2026-06-04', 'Unidad-0855-P5', 1),
(856, '2026-06-04', 'Unidad-0856-P6', 1),
(857, '2026-06-04', 'Unidad-0857-P7', 1),
(858, '2026-06-04', 'Unidad-0858-P8', 1),
(859, '2026-06-04', 'Unidad-0859-P9', 1),
(860, '2026-06-04', 'Unidad-0860-P10', 1),
(861, '2026-06-04', 'Unidad-0861-P1', 1),
(862, '2026-06-04', 'Unidad-0862-P2', 1),
(863, '2026-06-04', 'Unidad-0863-P3', 1),
(864, '2026-06-04', 'Unidad-0864-P4', 1),
(865, '2026-06-04', 'Unidad-0865-P5', 1),
(866, '2026-06-04', 'Unidad-0866-P6', 1),
(867, '2026-06-04', 'Unidad-0867-P7', 1),
(868, '2026-06-04', 'Unidad-0868-P8', 1),
(869, '2026-06-04', 'Unidad-0869-P9', 1),
(870, '2026-06-04', 'Unidad-0870-P10', 1),
(871, '2026-06-04', 'Unidad-0871-P1', 1),
(872, '2026-06-04', 'Unidad-0872-P2', 1),
(873, '2026-06-04', 'Unidad-0873-P3', 1),
(874, '2026-06-04', 'Unidad-0874-P4', 1),
(875, '2026-06-04', 'Unidad-0875-P5', 1),
(876, '2026-06-04', 'Unidad-0876-P6', 1),
(877, '2026-06-04', 'Unidad-0877-P7', 1),
(878, '2026-06-04', 'Unidad-0878-P8', 1),
(879, '2026-06-04', 'Unidad-0879-P9', 1),
(880, '2026-06-04', 'Unidad-0880-P10', 1),
(881, '2026-06-04', 'Unidad-0881-P1', 1),
(882, '2026-06-04', 'Unidad-0882-P2', 1),
(883, '2026-06-04', 'Unidad-0883-P3', 1),
(884, '2026-06-04', 'Unidad-0884-P4', 1),
(885, '2026-06-04', 'Unidad-0885-P5', 1),
(886, '2026-06-04', 'Unidad-0886-P6', 1),
(887, '2026-06-04', 'Unidad-0887-P7', 1),
(888, '2026-06-04', 'Unidad-0888-P8', 1),
(889, '2026-06-04', 'Unidad-0889-P9', 1),
(890, '2026-06-04', 'Unidad-0890-P10', 1),
(891, '2026-06-04', 'Unidad-0891-P1', 1),
(892, '2026-06-04', 'Unidad-0892-P2', 1),
(893, '2026-06-04', 'Unidad-0893-P3', 1),
(894, '2026-06-04', 'Unidad-0894-P4', 1),
(895, '2026-06-04', 'Unidad-0895-P5', 1),
(896, '2026-06-04', 'Unidad-0896-P6', 1),
(897, '2026-06-04', 'Unidad-0897-P7', 1),
(898, '2026-06-04', 'Unidad-0898-P8', 1),
(899, '2026-06-04', 'Unidad-0899-P9', 1),
(900, '2026-06-04', 'Unidad-0900-P10', 1),
(901, '2026-06-04', 'Unidad-0901-P1', 1),
(902, '2026-06-04', 'Unidad-0902-P2', 1),
(903, '2026-06-04', 'Unidad-0903-P3', 1),
(904, '2026-06-04', 'Unidad-0904-P4', 1),
(905, '2026-06-04', 'Unidad-0905-P5', 1),
(906, '2026-06-04', 'Unidad-0906-P6', 1),
(907, '2026-06-04', 'Unidad-0907-P7', 1),
(908, '2026-06-04', 'Unidad-0908-P8', 1),
(909, '2026-06-04', 'Unidad-0909-P9', 1),
(910, '2026-06-04', 'Unidad-0910-P10', 1),
(911, '2026-06-04', 'Unidad-0911-P1', 1),
(912, '2026-06-04', 'Unidad-0912-P2', 1),
(913, '2026-06-04', 'Unidad-0913-P3', 1),
(914, '2026-06-04', 'Unidad-0914-P4', 1),
(915, '2026-06-04', 'Unidad-0915-P5', 1),
(916, '2026-06-04', 'Unidad-0916-P6', 1),
(917, '2026-06-04', 'Unidad-0917-P7', 1),
(918, '2026-06-04', 'Unidad-0918-P8', 1),
(919, '2026-06-04', 'Unidad-0919-P9', 1),
(920, '2026-06-04', 'Unidad-0920-P10', 1),
(921, '2026-06-04', 'Unidad-0921-P1', 1),
(922, '2026-06-04', 'Unidad-0922-P2', 1),
(923, '2026-06-04', 'Unidad-0923-P3', 1),
(924, '2026-06-04', 'Unidad-0924-P4', 1),
(925, '2026-06-04', 'Unidad-0925-P5', 1),
(926, '2026-06-04', 'Unidad-0926-P6', 1),
(927, '2026-06-04', 'Unidad-0927-P7', 1),
(928, '2026-06-04', 'Unidad-0928-P8', 1),
(929, '2026-06-04', 'Unidad-0929-P9', 1),
(930, '2026-06-04', 'Unidad-0930-P10', 1),
(931, '2026-06-04', 'Unidad-0931-P1', 1),
(932, '2026-06-04', 'Unidad-0932-P2', 1),
(933, '2026-06-04', 'Unidad-0933-P3', 1),
(934, '2026-06-04', 'Unidad-0934-P4', 1),
(935, '2026-06-04', 'Unidad-0935-P5', 1),
(936, '2026-06-04', 'Unidad-0936-P6', 1),
(937, '2026-06-04', 'Unidad-0937-P7', 1),
(938, '2026-06-04', 'Unidad-0938-P8', 1),
(939, '2026-06-04', 'Unidad-0939-P9', 1),
(940, '2026-06-04', 'Unidad-0940-P10', 1),
(941, '2026-06-04', 'Unidad-0941-P1', 1),
(942, '2026-06-04', 'Unidad-0942-P2', 1),
(943, '2026-06-04', 'Unidad-0943-P3', 1),
(944, '2026-06-04', 'Unidad-0944-P4', 1),
(945, '2026-06-04', 'Unidad-0945-P5', 1),
(946, '2026-06-04', 'Unidad-0946-P6', 1),
(947, '2026-06-04', 'Unidad-0947-P7', 1),
(948, '2026-06-04', 'Unidad-0948-P8', 1),
(949, '2026-06-04', 'Unidad-0949-P9', 1),
(950, '2026-06-04', 'Unidad-0950-P10', 1),
(951, '2026-06-04', 'Unidad-0951-P1', 1),
(952, '2026-06-04', 'Unidad-0952-P2', 1),
(953, '2026-06-04', 'Unidad-0953-P3', 1),
(954, '2026-06-04', 'Unidad-0954-P4', 1),
(955, '2026-06-04', 'Unidad-0955-P5', 1),
(956, '2026-06-04', 'Unidad-0956-P6', 1),
(957, '2026-06-04', 'Unidad-0957-P7', 1),
(958, '2026-06-04', 'Unidad-0958-P8', 1),
(959, '2026-06-04', 'Unidad-0959-P9', 1),
(960, '2026-06-04', 'Unidad-0960-P10', 1),
(961, '2026-06-04', 'Unidad-0961-P1', 1),
(962, '2026-06-04', 'Unidad-0962-P2', 1),
(963, '2026-06-04', 'Unidad-0963-P3', 1),
(964, '2026-06-04', 'Unidad-0964-P4', 1),
(965, '2026-06-04', 'Unidad-0965-P5', 1),
(966, '2026-06-04', 'Unidad-0966-P6', 1),
(967, '2026-06-04', 'Unidad-0967-P7', 1),
(968, '2026-06-04', 'Unidad-0968-P8', 1),
(969, '2026-06-04', 'Unidad-0969-P9', 1),
(970, '2026-06-04', 'Unidad-0970-P10', 1),
(971, '2026-06-04', 'Unidad-0971-P1', 1),
(972, '2026-06-04', 'Unidad-0972-P2', 1),
(973, '2026-06-04', 'Unidad-0973-P3', 1),
(974, '2026-06-04', 'Unidad-0974-P4', 1),
(975, '2026-06-04', 'Unidad-0975-P5', 1),
(976, '2026-06-04', 'Unidad-0976-P6', 1),
(977, '2026-06-04', 'Unidad-0977-P7', 1),
(978, '2026-06-04', 'Unidad-0978-P8', 1),
(979, '2026-06-04', 'Unidad-0979-P9', 1),
(980, '2026-06-04', 'Unidad-0980-P10', 1),
(981, '2026-06-04', 'Unidad-0981-P1', 1),
(982, '2026-06-04', 'Unidad-0982-P2', 1),
(983, '2026-06-04', 'Unidad-0983-P3', 1),
(984, '2026-06-04', 'Unidad-0984-P4', 1),
(985, '2026-06-04', 'Unidad-0985-P5', 1),
(986, '2026-06-04', 'Unidad-0986-P6', 1),
(987, '2026-06-04', 'Unidad-0987-P7', 1),
(988, '2026-06-04', 'Unidad-0988-P8', 1),
(989, '2026-06-04', 'Unidad-0989-P9', 1),
(990, '2026-06-04', 'Unidad-0990-P10', 1),
(991, '2026-06-04', 'Unidad-0991-P1', 1),
(992, '2026-06-04', 'Unidad-0992-P2', 1),
(993, '2026-06-04', 'Unidad-0993-P3', 1),
(994, '2026-06-04', 'Unidad-0994-P4', 1),
(995, '2026-06-04', 'Unidad-0995-P5', 1),
(996, '2026-06-04', 'Unidad-0996-P6', 1),
(997, '2026-06-04', 'Unidad-0997-P7', 1),
(998, '2026-06-04', 'Unidad-0998-P8', 1),
(999, '2026-06-04', 'Unidad-0999-P9', 1),
(1000, '2026-06-04', 'Unidad-1000-P10', 1),
(1001, '2026-06-04', 'Unidad-1001-P1', 1),
(1002, '2026-06-04', 'Unidad-1002-P2', 1),
(1003, '2026-06-04', 'Unidad-1003-P3', 1),
(1004, '2026-06-04', 'Unidad-1004-P4', 1),
(1005, '2026-06-04', 'Unidad-1005-P5', 1),
(1006, '2026-06-04', 'Unidad-1006-P6', 1),
(1007, '2026-06-04', 'Unidad-1007-P7', 1),
(1008, '2026-06-04', 'Unidad-1008-P8', 1),
(1009, '2026-06-04', 'Unidad-1009-P9', 1),
(1010, '2026-06-04', 'Unidad-1010-P10', 1),
(1011, '2026-06-04', 'Unidad-1011-P1', 1),
(1012, '2026-06-04', 'Unidad-1012-P2', 1),
(1013, '2026-06-04', 'Unidad-1013-P3', 1),
(1014, '2026-06-04', 'Unidad-1014-P4', 1),
(1015, '2026-06-04', 'Unidad-1015-P5', 1),
(1016, '2026-06-04', 'Unidad-1016-P6', 1),
(1017, '2026-06-04', 'Unidad-1017-P7', 1),
(1018, '2026-06-04', 'Unidad-1018-P8', 1),
(1019, '2026-06-04', 'Unidad-1019-P9', 1),
(1020, '2026-06-04', 'Unidad-1020-P10', 1),
(1021, '2026-06-04', 'Unidad-1021-P1', 1),
(1022, '2026-06-04', 'Unidad-1022-P2', 1),
(1023, '2026-06-04', 'Unidad-1023-P3', 1),
(1024, '2026-06-04', 'Unidad-1024-P4', 1),
(1025, '2026-06-04', 'Unidad-1025-P5', 1),
(1026, '2026-06-04', 'Unidad-1026-P6', 1),
(1027, '2026-06-04', 'Unidad-1027-P7', 1),
(1028, '2026-06-04', 'Unidad-1028-P8', 1),
(1029, '2026-06-04', 'Unidad-1029-P9', 1),
(1030, '2026-06-04', 'Unidad-1030-P10', 1),
(1031, '2026-06-04', 'Unidad-1031-P1', 1),
(1032, '2026-06-04', 'Unidad-1032-P2', 1),
(1033, '2026-06-04', 'Unidad-1033-P3', 1),
(1034, '2026-06-04', 'Unidad-1034-P4', 1),
(1035, '2026-06-04', 'Unidad-1035-P5', 1),
(1036, '2026-06-04', 'Unidad-1036-P6', 1),
(1037, '2026-06-04', 'Unidad-1037-P7', 1),
(1038, '2026-06-04', 'Unidad-1038-P8', 1),
(1039, '2026-06-04', 'Unidad-1039-P9', 1),
(1040, '2026-06-04', 'Unidad-1040-P10', 1),
(1041, '2026-06-04', 'Unidad-1041-P1', 1),
(1042, '2026-06-04', 'Unidad-1042-P2', 1),
(1043, '2026-06-04', 'Unidad-1043-P3', 1),
(1044, '2026-06-04', 'Unidad-1044-P4', 1),
(1045, '2026-06-04', 'Unidad-1045-P5', 1),
(1046, '2026-06-04', 'Unidad-1046-P6', 1),
(1047, '2026-06-04', 'Unidad-1047-P7', 1),
(1048, '2026-06-04', 'Unidad-1048-P8', 1),
(1049, '2026-06-04', 'Unidad-1049-P9', 1),
(1050, '2026-06-04', 'Unidad-1050-P10', 1),
(1051, '2026-06-04', 'Unidad-1051-P1', 1),
(1052, '2026-06-04', 'Unidad-1052-P2', 1),
(1053, '2026-06-04', 'Unidad-1053-P3', 1),
(1054, '2026-06-04', 'Unidad-1054-P4', 1),
(1055, '2026-06-04', 'Unidad-1055-P5', 1),
(1056, '2026-06-04', 'Unidad-1056-P6', 1),
(1057, '2026-06-04', 'Unidad-1057-P7', 1),
(1058, '2026-06-04', 'Unidad-1058-P8', 1),
(1059, '2026-06-04', 'Unidad-1059-P9', 1),
(1060, '2026-06-04', 'Unidad-1060-P10', 1),
(1061, '2026-06-04', 'Unidad-1061-P1', 1),
(1062, '2026-06-04', 'Unidad-1062-P2', 1),
(1063, '2026-06-04', 'Unidad-1063-P3', 1),
(1064, '2026-06-04', 'Unidad-1064-P4', 1),
(1065, '2026-06-04', 'Unidad-1065-P5', 1),
(1066, '2026-06-04', 'Unidad-1066-P6', 1),
(1067, '2026-06-04', 'Unidad-1067-P7', 1),
(1068, '2026-06-04', 'Unidad-1068-P8', 1),
(1069, '2026-06-04', 'Unidad-1069-P9', 1),
(1070, '2026-06-04', 'Unidad-1070-P10', 1),
(1071, '2026-06-04', 'Unidad-1071-P1', 1),
(1072, '2026-06-04', 'Unidad-1072-P2', 1),
(1073, '2026-06-04', 'Unidad-1073-P3', 1),
(1074, '2026-06-04', 'Unidad-1074-P4', 1),
(1075, '2026-06-04', 'Unidad-1075-P5', 1),
(1076, '2026-06-04', 'Unidad-1076-P6', 1),
(1077, '2026-06-04', 'Unidad-1077-P7', 1),
(1078, '2026-06-04', 'Unidad-1078-P8', 1),
(1079, '2026-06-04', 'Unidad-1079-P9', 1),
(1080, '2026-06-04', 'Unidad-1080-P10', 1),
(1081, '2026-06-04', 'Unidad-1081-P1', 1),
(1082, '2026-06-04', 'Unidad-1082-P2', 1),
(1083, '2026-06-04', 'Unidad-1083-P3', 1),
(1084, '2026-06-04', 'Unidad-1084-P4', 1),
(1085, '2026-06-04', 'Unidad-1085-P5', 1),
(1086, '2026-06-04', 'Unidad-1086-P6', 1),
(1087, '2026-06-04', 'Unidad-1087-P7', 1),
(1088, '2026-06-04', 'Unidad-1088-P8', 1),
(1089, '2026-06-04', 'Unidad-1089-P9', 1),
(1090, '2026-06-04', 'Unidad-1090-P10', 1),
(1091, '2026-06-04', 'Unidad-1091-P1', 1),
(1092, '2026-06-04', 'Unidad-1092-P2', 1),
(1093, '2026-06-04', 'Unidad-1093-P3', 1),
(1094, '2026-06-04', 'Unidad-1094-P4', 1),
(1095, '2026-06-04', 'Unidad-1095-P5', 1),
(1096, '2026-06-04', 'Unidad-1096-P6', 1),
(1097, '2026-06-04', 'Unidad-1097-P7', 1),
(1098, '2026-06-04', 'Unidad-1098-P8', 1),
(1099, '2026-06-04', 'Unidad-1099-P9', 1),
(1100, '2026-06-04', 'Unidad-1100-P10', 1),
(1101, '2026-06-04', 'Unidad-1101-P1', 1),
(1102, '2026-06-04', 'Unidad-1102-P2', 1),
(1103, '2026-06-04', 'Unidad-1103-P3', 1),
(1104, '2026-06-04', 'Unidad-1104-P4', 1),
(1105, '2026-06-04', 'Unidad-1105-P5', 1),
(1106, '2026-06-04', 'Unidad-1106-P6', 1),
(1107, '2026-06-04', 'Unidad-1107-P7', 1),
(1108, '2026-06-04', 'Unidad-1108-P8', 1),
(1109, '2026-06-04', 'Unidad-1109-P9', 1),
(1110, '2026-06-04', 'Unidad-1110-P10', 1),
(1111, '2026-06-04', 'Unidad-1111-P1', 1),
(1112, '2026-06-04', 'Unidad-1112-P2', 1),
(1113, '2026-06-04', 'Unidad-1113-P3', 1),
(1114, '2026-06-04', 'Unidad-1114-P4', 1),
(1115, '2026-06-04', 'Unidad-1115-P5', 1),
(1116, '2026-06-04', 'Unidad-1116-P6', 1),
(1117, '2026-06-04', 'Unidad-1117-P7', 1),
(1118, '2026-06-04', 'Unidad-1118-P8', 1),
(1119, '2026-06-04', 'Unidad-1119-P9', 1),
(1120, '2026-06-04', 'Unidad-1120-P10', 1),
(1121, '2026-06-04', 'Unidad-1121-P1', 1),
(1122, '2026-06-04', 'Unidad-1122-P2', 1),
(1123, '2026-06-04', 'Unidad-1123-P3', 1),
(1124, '2026-06-04', 'Unidad-1124-P4', 1),
(1125, '2026-06-04', 'Unidad-1125-P5', 1),
(1126, '2026-06-04', 'Unidad-1126-P6', 1),
(1127, '2026-06-04', 'Unidad-1127-P7', 1),
(1128, '2026-06-04', 'Unidad-1128-P8', 1),
(1129, '2026-06-04', 'Unidad-1129-P9', 1),
(1130, '2026-06-04', 'Unidad-1130-P10', 1),
(1131, '2026-06-04', 'Unidad-1131-P1', 1),
(1132, '2026-06-04', 'Unidad-1132-P2', 1),
(1133, '2026-06-04', 'Unidad-1133-P3', 1),
(1134, '2026-06-04', 'Unidad-1134-P4', 1),
(1135, '2026-06-04', 'Unidad-1135-P5', 1),
(1136, '2026-06-04', 'Unidad-1136-P6', 1),
(1137, '2026-06-04', 'Unidad-1137-P7', 1),
(1138, '2026-06-04', 'Unidad-1138-P8', 1),
(1139, '2026-06-04', 'Unidad-1139-P9', 1),
(1140, '2026-06-04', 'Unidad-1140-P10', 1),
(1141, '2026-06-04', 'Unidad-1141-P1', 1),
(1142, '2026-06-04', 'Unidad-1142-P2', 1),
(1143, '2026-06-04', 'Unidad-1143-P3', 1),
(1144, '2026-06-04', 'Unidad-1144-P4', 1),
(1145, '2026-06-04', 'Unidad-1145-P5', 1),
(1146, '2026-06-04', 'Unidad-1146-P6', 1),
(1147, '2026-06-04', 'Unidad-1147-P7', 1),
(1148, '2026-06-04', 'Unidad-1148-P8', 1),
(1149, '2026-06-04', 'Unidad-1149-P9', 1),
(1150, '2026-06-04', 'Unidad-1150-P10', 1),
(1151, '2026-06-04', 'Unidad-1151-P1', 1),
(1152, '2026-06-04', 'Unidad-1152-P2', 1),
(1153, '2026-06-04', 'Unidad-1153-P3', 1),
(1154, '2026-06-04', 'Unidad-1154-P4', 1),
(1155, '2026-06-04', 'Unidad-1155-P5', 1),
(1156, '2026-06-04', 'Unidad-1156-P6', 1),
(1157, '2026-06-04', 'Unidad-1157-P7', 1),
(1158, '2026-06-04', 'Unidad-1158-P8', 1),
(1159, '2026-06-04', 'Unidad-1159-P9', 1),
(1160, '2026-06-04', 'Unidad-1160-P10', 1),
(1161, '2026-06-04', 'Unidad-1161-P1', 1),
(1162, '2026-06-04', 'Unidad-1162-P2', 1),
(1163, '2026-06-04', 'Unidad-1163-P3', 1),
(1164, '2026-06-04', 'Unidad-1164-P4', 1),
(1165, '2026-06-04', 'Unidad-1165-P5', 1),
(1166, '2026-06-04', 'Unidad-1166-P6', 1),
(1167, '2026-06-04', 'Unidad-1167-P7', 1),
(1168, '2026-06-04', 'Unidad-1168-P8', 1),
(1169, '2026-06-04', 'Unidad-1169-P9', 1),
(1170, '2026-06-04', 'Unidad-1170-P10', 1),
(1171, '2026-06-04', 'Unidad-1171-P1', 1),
(1172, '2026-06-04', 'Unidad-1172-P2', 1),
(1173, '2026-06-04', 'Unidad-1173-P3', 1),
(1174, '2026-06-04', 'Unidad-1174-P4', 1),
(1175, '2026-06-04', 'Unidad-1175-P5', 1),
(1176, '2026-06-04', 'Unidad-1176-P6', 1),
(1177, '2026-06-04', 'Unidad-1177-P7', 1),
(1178, '2026-06-04', 'Unidad-1178-P8', 1),
(1179, '2026-06-04', 'Unidad-1179-P9', 1),
(1180, '2026-06-04', 'Unidad-1180-P10', 1),
(1181, '2026-06-04', 'Unidad-1181-P1', 1),
(1182, '2026-06-04', 'Unidad-1182-P2', 1),
(1183, '2026-06-04', 'Unidad-1183-P3', 1),
(1184, '2026-06-04', 'Unidad-1184-P4', 1),
(1185, '2026-06-04', 'Unidad-1185-P5', 1),
(1186, '2026-06-04', 'Unidad-1186-P6', 1),
(1187, '2026-06-04', 'Unidad-1187-P7', 1),
(1188, '2026-06-04', 'Unidad-1188-P8', 1),
(1189, '2026-06-04', 'Unidad-1189-P9', 1),
(1190, '2026-06-04', 'Unidad-1190-P10', 1),
(1191, '2026-06-04', 'Unidad-1191-P1', 1),
(1192, '2026-06-04', 'Unidad-1192-P2', 1),
(1193, '2026-06-04', 'Unidad-1193-P3', 1),
(1194, '2026-06-04', 'Unidad-1194-P4', 1),
(1195, '2026-06-04', 'Unidad-1195-P5', 1),
(1196, '2026-06-04', 'Unidad-1196-P6', 1),
(1197, '2026-06-04', 'Unidad-1197-P7', 1),
(1198, '2026-06-04', 'Unidad-1198-P8', 1),
(1199, '2026-06-04', 'Unidad-1199-P9', 1),
(1200, '2026-06-04', 'Unidad-1200-P10', 1),
(1201, '2026-06-04', 'Unidad-1201-P1', 1),
(1202, '2026-06-04', 'Unidad-1202-P2', 1),
(1203, '2026-06-04', 'Unidad-1203-P3', 1),
(1204, '2026-06-04', 'Unidad-1204-P4', 1),
(1205, '2026-06-04', 'Unidad-1205-P5', 1),
(1206, '2026-06-04', 'Unidad-1206-P6', 1),
(1207, '2026-06-04', 'Unidad-1207-P7', 1),
(1208, '2026-06-04', 'Unidad-1208-P8', 1),
(1209, '2026-06-04', 'Unidad-1209-P9', 1),
(1210, '2026-06-04', 'Unidad-1210-P10', 1),
(1211, '2026-06-04', 'Unidad-1211-P1', 1),
(1212, '2026-06-04', 'Unidad-1212-P2', 1),
(1213, '2026-06-04', 'Unidad-1213-P3', 1),
(1214, '2026-06-04', 'Unidad-1214-P4', 1),
(1215, '2026-06-04', 'Unidad-1215-P5', 1),
(1216, '2026-06-04', 'Unidad-1216-P6', 1),
(1217, '2026-06-04', 'Unidad-1217-P7', 1),
(1218, '2026-06-04', 'Unidad-1218-P8', 1),
(1219, '2026-06-04', 'Unidad-1219-P9', 1),
(1220, '2026-06-04', 'Unidad-1220-P10', 1),
(1221, '2026-06-04', 'Unidad-1221-P1', 1),
(1222, '2026-06-04', 'Unidad-1222-P2', 1),
(1223, '2026-06-04', 'Unidad-1223-P3', 1),
(1224, '2026-06-04', 'Unidad-1224-P4', 1),
(1225, '2026-06-04', 'Unidad-1225-P5', 1),
(1226, '2026-06-04', 'Unidad-1226-P6', 1),
(1227, '2026-06-04', 'Unidad-1227-P7', 1),
(1228, '2026-06-04', 'Unidad-1228-P8', 1),
(1229, '2026-06-04', 'Unidad-1229-P9', 1),
(1230, '2026-06-04', 'Unidad-1230-P10', 1),
(1231, '2026-06-04', 'Unidad-1231-P1', 1),
(1232, '2026-06-04', 'Unidad-1232-P2', 1),
(1233, '2026-06-04', 'Unidad-1233-P3', 1),
(1234, '2026-06-04', 'Unidad-1234-P4', 1),
(1235, '2026-06-04', 'Unidad-1235-P5', 1),
(1236, '2026-06-04', 'Unidad-1236-P6', 1),
(1237, '2026-06-04', 'Unidad-1237-P7', 1),
(1238, '2026-06-04', 'Unidad-1238-P8', 1),
(1239, '2026-06-04', 'Unidad-1239-P9', 1),
(1240, '2026-06-04', 'Unidad-1240-P10', 1),
(1241, '2026-06-04', 'Unidad-1241-P1', 1),
(1242, '2026-06-04', 'Unidad-1242-P2', 1),
(1243, '2026-06-04', 'Unidad-1243-P3', 1),
(1244, '2026-06-04', 'Unidad-1244-P4', 1),
(1245, '2026-06-04', 'Unidad-1245-P5', 1),
(1246, '2026-06-04', 'Unidad-1246-P6', 1),
(1247, '2026-06-04', 'Unidad-1247-P7', 1),
(1248, '2026-06-04', 'Unidad-1248-P8', 1),
(1249, '2026-06-04', 'Unidad-1249-P9', 1),
(1250, '2026-06-04', 'Unidad-1250-P10', 1),
(1251, '2026-06-04', 'Unidad-1251-P1', 1),
(1252, '2026-06-04', 'Unidad-1252-P2', 1),
(1253, '2026-06-04', 'Unidad-1253-P3', 1),
(1254, '2026-06-04', 'Unidad-1254-P4', 1),
(1255, '2026-06-04', 'Unidad-1255-P5', 1),
(1256, '2026-06-04', 'Unidad-1256-P6', 1),
(1257, '2026-06-04', 'Unidad-1257-P7', 1),
(1258, '2026-06-04', 'Unidad-1258-P8', 1),
(1259, '2026-06-04', 'Unidad-1259-P9', 1),
(1260, '2026-06-04', 'Unidad-1260-P10', 1),
(1261, '2026-06-04', 'Unidad-1261-P1', 1),
(1262, '2026-06-04', 'Unidad-1262-P2', 1),
(1263, '2026-06-04', 'Unidad-1263-P3', 1),
(1264, '2026-06-04', 'Unidad-1264-P4', 1),
(1265, '2026-06-04', 'Unidad-1265-P5', 1),
(1266, '2026-06-04', 'Unidad-1266-P6', 1),
(1267, '2026-06-04', 'Unidad-1267-P7', 1),
(1268, '2026-06-04', 'Unidad-1268-P8', 1),
(1269, '2026-06-04', 'Unidad-1269-P9', 1),
(1270, '2026-06-04', 'Unidad-1270-P10', 1),
(1271, '2026-06-04', 'Unidad-1271-P1', 1),
(1272, '2026-06-04', 'Unidad-1272-P2', 1),
(1273, '2026-06-04', 'Unidad-1273-P3', 1),
(1274, '2026-06-04', 'Unidad-1274-P4', 1),
(1275, '2026-06-04', 'Unidad-1275-P5', 1),
(1276, '2026-06-04', 'Unidad-1276-P6', 1),
(1277, '2026-06-04', 'Unidad-1277-P7', 1),
(1278, '2026-06-04', 'Unidad-1278-P8', 1),
(1279, '2026-06-04', 'Unidad-1279-P9', 1),
(1280, '2026-06-04', 'Unidad-1280-P10', 1),
(1281, '2026-06-04', 'Unidad-1281-P1', 1),
(1282, '2026-06-04', 'Unidad-1282-P2', 1),
(1283, '2026-06-04', 'Unidad-1283-P3', 1),
(1284, '2026-06-04', 'Unidad-1284-P4', 1),
(1285, '2026-06-04', 'Unidad-1285-P5', 1),
(1286, '2026-06-04', 'Unidad-1286-P6', 1),
(1287, '2026-06-04', 'Unidad-1287-P7', 1),
(1288, '2026-06-04', 'Unidad-1288-P8', 1),
(1289, '2026-06-04', 'Unidad-1289-P9', 1),
(1290, '2026-06-04', 'Unidad-1290-P10', 1),
(1291, '2026-06-04', 'Unidad-1291-P1', 1),
(1292, '2026-06-04', 'Unidad-1292-P2', 1),
(1293, '2026-06-04', 'Unidad-1293-P3', 1),
(1294, '2026-06-04', 'Unidad-1294-P4', 1),
(1295, '2026-06-04', 'Unidad-1295-P5', 1),
(1296, '2026-06-04', 'Unidad-1296-P6', 1),
(1297, '2026-06-04', 'Unidad-1297-P7', 1),
(1298, '2026-06-04', 'Unidad-1298-P8', 1),
(1299, '2026-06-04', 'Unidad-1299-P9', 1),
(1300, '2026-06-04', 'Unidad-1300-P10', 1),
(1301, '2026-06-04', 'Unidad-1301-P1', 1),
(1302, '2026-06-04', 'Unidad-1302-P2', 1),
(1303, '2026-06-04', 'Unidad-1303-P3', 1),
(1304, '2026-06-04', 'Unidad-1304-P4', 1),
(1305, '2026-06-04', 'Unidad-1305-P5', 1),
(1306, '2026-06-04', 'Unidad-1306-P6', 1),
(1307, '2026-06-04', 'Unidad-1307-P7', 1),
(1308, '2026-06-04', 'Unidad-1308-P8', 1),
(1309, '2026-06-04', 'Unidad-1309-P9', 1),
(1310, '2026-06-04', 'Unidad-1310-P10', 1),
(1311, '2026-06-04', 'Unidad-1311-P1', 1),
(1312, '2026-06-04', 'Unidad-1312-P2', 1),
(1313, '2026-06-04', 'Unidad-1313-P3', 1),
(1314, '2026-06-04', 'Unidad-1314-P4', 1),
(1315, '2026-06-04', 'Unidad-1315-P5', 1),
(1316, '2026-06-04', 'Unidad-1316-P6', 1),
(1317, '2026-06-04', 'Unidad-1317-P7', 1),
(1318, '2026-06-04', 'Unidad-1318-P8', 1),
(1319, '2026-06-04', 'Unidad-1319-P9', 1),
(1320, '2026-06-04', 'Unidad-1320-P10', 1),
(1321, '2026-06-04', 'Unidad-1321-P1', 1),
(1322, '2026-06-04', 'Unidad-1322-P2', 1),
(1323, '2026-06-04', 'Unidad-1323-P3', 1),
(1324, '2026-06-04', 'Unidad-1324-P4', 1),
(1325, '2026-06-04', 'Unidad-1325-P5', 1),
(1326, '2026-06-04', 'Unidad-1326-P6', 1),
(1327, '2026-06-04', 'Unidad-1327-P7', 1),
(1328, '2026-06-04', 'Unidad-1328-P8', 1),
(1329, '2026-06-04', 'Unidad-1329-P9', 1),
(1330, '2026-06-04', 'Unidad-1330-P10', 1),
(1331, '2026-06-04', 'Unidad-1331-P1', 1),
(1332, '2026-06-04', 'Unidad-1332-P2', 1),
(1333, '2026-06-04', 'Unidad-1333-P3', 1),
(1334, '2026-06-04', 'Unidad-1334-P4', 1),
(1335, '2026-06-04', 'Unidad-1335-P5', 1),
(1336, '2026-06-04', 'Unidad-1336-P6', 1),
(1337, '2026-06-04', 'Unidad-1337-P7', 1),
(1338, '2026-06-04', 'Unidad-1338-P8', 1),
(1339, '2026-06-04', 'Unidad-1339-P9', 1),
(1340, '2026-06-04', 'Unidad-1340-P10', 1),
(1341, '2026-06-04', 'Unidad-1341-P1', 1),
(1342, '2026-06-04', 'Unidad-1342-P2', 1),
(1343, '2026-06-04', 'Unidad-1343-P3', 1),
(1344, '2026-06-04', 'Unidad-1344-P4', 1),
(1345, '2026-06-04', 'Unidad-1345-P5', 1),
(1346, '2026-06-04', 'Unidad-1346-P6', 1),
(1347, '2026-06-04', 'Unidad-1347-P7', 1),
(1348, '2026-06-04', 'Unidad-1348-P8', 1),
(1349, '2026-06-04', 'Unidad-1349-P9', 1),
(1350, '2026-06-04', 'Unidad-1350-P10', 1),
(1351, '2026-06-04', 'Unidad-1351-P1', 1),
(1352, '2026-06-04', 'Unidad-1352-P2', 1),
(1353, '2026-06-04', 'Unidad-1353-P3', 1),
(1354, '2026-06-04', 'Unidad-1354-P4', 1),
(1355, '2026-06-04', 'Unidad-1355-P5', 1),
(1356, '2026-06-04', 'Unidad-1356-P6', 1),
(1357, '2026-06-04', 'Unidad-1357-P7', 1),
(1358, '2026-06-04', 'Unidad-1358-P8', 1),
(1359, '2026-06-04', 'Unidad-1359-P9', 1),
(1360, '2026-06-04', 'Unidad-1360-P10', 1),
(1361, '2026-06-04', 'Unidad-1361-P1', 1),
(1362, '2026-06-04', 'Unidad-1362-P2', 1),
(1363, '2026-06-04', 'Unidad-1363-P3', 1),
(1364, '2026-06-04', 'Unidad-1364-P4', 1),
(1365, '2026-06-04', 'Unidad-1365-P5', 1),
(1366, '2026-06-04', 'Unidad-1366-P6', 1),
(1367, '2026-06-04', 'Unidad-1367-P7', 1),
(1368, '2026-06-04', 'Unidad-1368-P8', 1),
(1369, '2026-06-04', 'Unidad-1369-P9', 1),
(1370, '2026-06-04', 'Unidad-1370-P10', 1),
(1371, '2026-06-04', 'Unidad-1371-P1', 1),
(1372, '2026-06-04', 'Unidad-1372-P2', 1),
(1373, '2026-06-04', 'Unidad-1373-P3', 1),
(1374, '2026-06-04', 'Unidad-1374-P4', 1),
(1375, '2026-06-04', 'Unidad-1375-P5', 1),
(1376, '2026-06-04', 'Unidad-1376-P6', 1),
(1377, '2026-06-04', 'Unidad-1377-P7', 1),
(1378, '2026-06-04', 'Unidad-1378-P8', 1),
(1379, '2026-06-04', 'Unidad-1379-P9', 1),
(1380, '2026-06-04', 'Unidad-1380-P10', 1),
(1381, '2026-06-04', 'Unidad-1381-P1', 1),
(1382, '2026-06-04', 'Unidad-1382-P2', 1),
(1383, '2026-06-04', 'Unidad-1383-P3', 1),
(1384, '2026-06-04', 'Unidad-1384-P4', 1),
(1385, '2026-06-04', 'Unidad-1385-P5', 1),
(1386, '2026-06-04', 'Unidad-1386-P6', 1),
(1387, '2026-06-04', 'Unidad-1387-P7', 1),
(1388, '2026-06-04', 'Unidad-1388-P8', 1),
(1389, '2026-06-04', 'Unidad-1389-P9', 1),
(1390, '2026-06-04', 'Unidad-1390-P10', 1),
(1391, '2026-06-04', 'Unidad-1391-P1', 1),
(1392, '2026-06-04', 'Unidad-1392-P2', 1),
(1393, '2026-06-04', 'Unidad-1393-P3', 1),
(1394, '2026-06-04', 'Unidad-1394-P4', 1),
(1395, '2026-06-04', 'Unidad-1395-P5', 1),
(1396, '2026-06-04', 'Unidad-1396-P6', 1),
(1397, '2026-06-04', 'Unidad-1397-P7', 1),
(1398, '2026-06-04', 'Unidad-1398-P8', 1),
(1399, '2026-06-04', 'Unidad-1399-P9', 1),
(1400, '2026-06-04', 'Unidad-1400-P10', 1),
(1401, '2026-06-04', 'Unidad-1401-P1', 1),
(1402, '2026-06-04', 'Unidad-1402-P2', 1),
(1403, '2026-06-04', 'Unidad-1403-P3', 1),
(1404, '2026-06-04', 'Unidad-1404-P4', 1),
(1405, '2026-06-04', 'Unidad-1405-P5', 1),
(1406, '2026-06-04', 'Unidad-1406-P6', 1),
(1407, '2026-06-04', 'Unidad-1407-P7', 1),
(1408, '2026-06-04', 'Unidad-1408-P8', 1),
(1409, '2026-06-04', 'Unidad-1409-P9', 1),
(1410, '2026-06-04', 'Unidad-1410-P10', 1),
(1411, '2026-06-04', 'Unidad-1411-P1', 1),
(1412, '2026-06-04', 'Unidad-1412-P2', 1),
(1413, '2026-06-04', 'Unidad-1413-P3', 1),
(1414, '2026-06-04', 'Unidad-1414-P4', 1),
(1415, '2026-06-04', 'Unidad-1415-P5', 1),
(1416, '2026-06-04', 'Unidad-1416-P6', 1),
(1417, '2026-06-04', 'Unidad-1417-P7', 1),
(1418, '2026-06-04', 'Unidad-1418-P8', 1),
(1419, '2026-06-04', 'Unidad-1419-P9', 1),
(1420, '2026-06-04', 'Unidad-1420-P10', 1),
(1421, '2026-06-04', 'Unidad-1421-P1', 1),
(1422, '2026-06-04', 'Unidad-1422-P2', 1),
(1423, '2026-06-04', 'Unidad-1423-P3', 1),
(1424, '2026-06-04', 'Unidad-1424-P4', 1),
(1425, '2026-06-04', 'Unidad-1425-P5', 1),
(1426, '2026-06-04', 'Unidad-1426-P6', 1),
(1427, '2026-06-04', 'Unidad-1427-P7', 1),
(1428, '2026-06-04', 'Unidad-1428-P8', 1),
(1429, '2026-06-04', 'Unidad-1429-P9', 1),
(1430, '2026-06-04', 'Unidad-1430-P10', 1),
(1431, '2026-06-04', 'Unidad-1431-P1', 1),
(1432, '2026-06-04', 'Unidad-1432-P2', 1),
(1433, '2026-06-04', 'Unidad-1433-P3', 1),
(1434, '2026-06-04', 'Unidad-1434-P4', 1),
(1435, '2026-06-04', 'Unidad-1435-P5', 1),
(1436, '2026-06-04', 'Unidad-1436-P6', 1),
(1437, '2026-06-04', 'Unidad-1437-P7', 1),
(1438, '2026-06-04', 'Unidad-1438-P8', 1),
(1439, '2026-06-04', 'Unidad-1439-P9', 1),
(1440, '2026-06-04', 'Unidad-1440-P10', 1),
(1441, '2026-06-04', 'Unidad-1441-P1', 1),
(1442, '2026-06-04', 'Unidad-1442-P2', 1),
(1443, '2026-06-04', 'Unidad-1443-P3', 1),
(1444, '2026-06-04', 'Unidad-1444-P4', 1),
(1445, '2026-06-04', 'Unidad-1445-P5', 1),
(1446, '2026-06-04', 'Unidad-1446-P6', 1),
(1447, '2026-06-04', 'Unidad-1447-P7', 1),
(1448, '2026-06-04', 'Unidad-1448-P8', 1),
(1449, '2026-06-04', 'Unidad-1449-P9', 1),
(1450, '2026-06-04', 'Unidad-1450-P10', 1),
(1451, '2026-06-04', 'Unidad-1451-P1', 1),
(1452, '2026-06-04', 'Unidad-1452-P2', 1),
(1453, '2026-06-04', 'Unidad-1453-P3', 1),
(1454, '2026-06-04', 'Unidad-1454-P4', 1),
(1455, '2026-06-04', 'Unidad-1455-P5', 1),
(1456, '2026-06-04', 'Unidad-1456-P6', 1),
(1457, '2026-06-04', 'Unidad-1457-P7', 1),
(1458, '2026-06-04', 'Unidad-1458-P8', 1),
(1459, '2026-06-04', 'Unidad-1459-P9', 1),
(1460, '2026-06-04', 'Unidad-1460-P10', 1),
(1461, '2026-06-04', 'Unidad-1461-P1', 1),
(1462, '2026-06-04', 'Unidad-1462-P2', 1),
(1463, '2026-06-04', 'Unidad-1463-P3', 1),
(1464, '2026-06-04', 'Unidad-1464-P4', 1),
(1465, '2026-06-04', 'Unidad-1465-P5', 1),
(1466, '2026-06-04', 'Unidad-1466-P6', 1),
(1467, '2026-06-04', 'Unidad-1467-P7', 1),
(1468, '2026-06-04', 'Unidad-1468-P8', 1),
(1469, '2026-06-04', 'Unidad-1469-P9', 1),
(1470, '2026-06-04', 'Unidad-1470-P10', 1),
(1471, '2026-06-04', 'Unidad-1471-P1', 1),
(1472, '2026-06-04', 'Unidad-1472-P2', 1),
(1473, '2026-06-04', 'Unidad-1473-P3', 1),
(1474, '2026-06-04', 'Unidad-1474-P4', 1),
(1475, '2026-06-04', 'Unidad-1475-P5', 1),
(1476, '2026-06-04', 'Unidad-1476-P6', 1),
(1477, '2026-06-04', 'Unidad-1477-P7', 1),
(1478, '2026-06-04', 'Unidad-1478-P8', 1),
(1479, '2026-06-04', 'Unidad-1479-P9', 1),
(1480, '2026-06-04', 'Unidad-1480-P10', 1),
(1481, '2026-06-04', 'Unidad-1481-P1', 1),
(1482, '2026-06-04', 'Unidad-1482-P2', 1),
(1483, '2026-06-04', 'Unidad-1483-P3', 1),
(1484, '2026-06-04', 'Unidad-1484-P4', 1),
(1485, '2026-06-04', 'Unidad-1485-P5', 1),
(1486, '2026-06-04', 'Unidad-1486-P6', 1),
(1487, '2026-06-04', 'Unidad-1487-P7', 1),
(1488, '2026-06-04', 'Unidad-1488-P8', 1),
(1489, '2026-06-04', 'Unidad-1489-P9', 1),
(1490, '2026-06-04', 'Unidad-1490-P10', 1),
(1491, '2026-06-04', 'Unidad-1491-P1', 1),
(1492, '2026-06-04', 'Unidad-1492-P2', 1),
(1493, '2026-06-04', 'Unidad-1493-P3', 1),
(1494, '2026-06-04', 'Unidad-1494-P4', 1),
(1495, '2026-06-04', 'Unidad-1495-P5', 1),
(1496, '2026-06-04', 'Unidad-1496-P6', 1),
(1497, '2026-06-04', 'Unidad-1497-P7', 1),
(1498, '2026-06-04', 'Unidad-1498-P8', 1),
(1499, '2026-06-04', 'Unidad-1499-P9', 1),
(1500, '2026-06-04', 'Unidad-1500-P10', 1),
(1501, '2026-06-04', 'Unidad-1501-P1', 1),
(1502, '2026-06-04', 'Unidad-1502-P2', 1),
(1503, '2026-06-04', 'Unidad-1503-P3', 1),
(1504, '2026-06-04', 'Unidad-1504-P4', 1),
(1505, '2026-06-04', 'Unidad-1505-P5', 1),
(1506, '2026-06-04', 'Unidad-1506-P6', 1),
(1507, '2026-06-04', 'Unidad-1507-P7', 1),
(1508, '2026-06-04', 'Unidad-1508-P8', 1),
(1509, '2026-06-04', 'Unidad-1509-P9', 1),
(1510, '2026-06-04', 'Unidad-1510-P10', 1),
(1511, '2026-06-04', 'Unidad-1511-P1', 1),
(1512, '2026-06-04', 'Unidad-1512-P2', 1),
(1513, '2026-06-04', 'Unidad-1513-P3', 1),
(1514, '2026-06-04', 'Unidad-1514-P4', 1),
(1515, '2026-06-04', 'Unidad-1515-P5', 1),
(1516, '2026-06-04', 'Unidad-1516-P6', 1),
(1517, '2026-06-04', 'Unidad-1517-P7', 1),
(1518, '2026-06-04', 'Unidad-1518-P8', 1),
(1519, '2026-06-04', 'Unidad-1519-P9', 1),
(1520, '2026-06-04', 'Unidad-1520-P10', 1),
(1521, '2026-06-04', 'Unidad-1521-P1', 1),
(1522, '2026-06-04', 'Unidad-1522-P2', 1),
(1523, '2026-06-04', 'Unidad-1523-P3', 1),
(1524, '2026-06-04', 'Unidad-1524-P4', 1),
(1525, '2026-06-04', 'Unidad-1525-P5', 1),
(1526, '2026-06-04', 'Unidad-1526-P6', 1),
(1527, '2026-06-04', 'Unidad-1527-P7', 1),
(1528, '2026-06-04', 'Unidad-1528-P8', 1),
(1529, '2026-06-04', 'Unidad-1529-P9', 1),
(1530, '2026-06-04', 'Unidad-1530-P10', 1),
(1531, '2026-06-04', 'Unidad-1531-P1', 1),
(1532, '2026-06-04', 'Unidad-1532-P2', 1),
(1533, '2026-06-04', 'Unidad-1533-P3', 1),
(1534, '2026-06-04', 'Unidad-1534-P4', 1),
(1535, '2026-06-04', 'Unidad-1535-P5', 1),
(1536, '2026-06-04', 'Unidad-1536-P6', 1),
(1537, '2026-06-04', 'Unidad-1537-P7', 1),
(1538, '2026-06-04', 'Unidad-1538-P8', 1),
(1539, '2026-06-04', 'Unidad-1539-P9', 1),
(1540, '2026-06-04', 'Unidad-1540-P10', 1),
(1541, '2026-06-04', 'Unidad-1541-P1', 1),
(1542, '2026-06-04', 'Unidad-1542-P2', 1),
(1543, '2026-06-04', 'Unidad-1543-P3', 1),
(1544, '2026-06-04', 'Unidad-1544-P4', 1),
(1545, '2026-06-04', 'Unidad-1545-P5', 1),
(1546, '2026-06-04', 'Unidad-1546-P6', 1),
(1547, '2026-06-04', 'Unidad-1547-P7', 1),
(1548, '2026-06-04', 'Unidad-1548-P8', 1),
(1549, '2026-06-04', 'Unidad-1549-P9', 1),
(1550, '2026-06-04', 'Unidad-1550-P10', 1),
(1551, '2026-06-04', 'Unidad-1551-P1', 1),
(1552, '2026-06-04', 'Unidad-1552-P2', 1),
(1553, '2026-06-04', 'Unidad-1553-P3', 1),
(1554, '2026-06-04', 'Unidad-1554-P4', 1),
(1555, '2026-06-04', 'Unidad-1555-P5', 1),
(1556, '2026-06-04', 'Unidad-1556-P6', 1),
(1557, '2026-06-04', 'Unidad-1557-P7', 1),
(1558, '2026-06-04', 'Unidad-1558-P8', 1),
(1559, '2026-06-04', 'Unidad-1559-P9', 1),
(1560, '2026-06-04', 'Unidad-1560-P10', 1),
(1561, '2026-06-04', 'Unidad-1561-P1', 1),
(1562, '2026-06-04', 'Unidad-1562-P2', 1),
(1563, '2026-06-04', 'Unidad-1563-P3', 1),
(1564, '2026-06-04', 'Unidad-1564-P4', 1),
(1565, '2026-06-04', 'Unidad-1565-P5', 1),
(1566, '2026-06-04', 'Unidad-1566-P6', 1),
(1567, '2026-06-04', 'Unidad-1567-P7', 1),
(1568, '2026-06-04', 'Unidad-1568-P8', 1),
(1569, '2026-06-04', 'Unidad-1569-P9', 1),
(1570, '2026-06-04', 'Unidad-1570-P10', 1),
(1571, '2026-06-04', 'Unidad-1571-P1', 1),
(1572, '2026-06-04', 'Unidad-1572-P2', 1),
(1573, '2026-06-04', 'Unidad-1573-P3', 1),
(1574, '2026-06-04', 'Unidad-1574-P4', 1),
(1575, '2026-06-04', 'Unidad-1575-P5', 1),
(1576, '2026-06-04', 'Unidad-1576-P6', 1),
(1577, '2026-06-04', 'Unidad-1577-P7', 1),
(1578, '2026-06-04', 'Unidad-1578-P8', 1),
(1579, '2026-06-04', 'Unidad-1579-P9', 1),
(1580, '2026-06-04', 'Unidad-1580-P10', 1),
(1581, '2026-06-04', 'Unidad-1581-P1', 1),
(1582, '2026-06-04', 'Unidad-1582-P2', 1),
(1583, '2026-06-04', 'Unidad-1583-P3', 1),
(1584, '2026-06-04', 'Unidad-1584-P4', 1),
(1585, '2026-06-04', 'Unidad-1585-P5', 1),
(1586, '2026-06-04', 'Unidad-1586-P6', 1),
(1587, '2026-06-04', 'Unidad-1587-P7', 1),
(1588, '2026-06-04', 'Unidad-1588-P8', 1),
(1589, '2026-06-04', 'Unidad-1589-P9', 1),
(1590, '2026-06-04', 'Unidad-1590-P10', 1),
(1591, '2026-06-04', 'Unidad-1591-P1', 1),
(1592, '2026-06-04', 'Unidad-1592-P2', 1),
(1593, '2026-06-04', 'Unidad-1593-P3', 1),
(1594, '2026-06-04', 'Unidad-1594-P4', 1),
(1595, '2026-06-04', 'Unidad-1595-P5', 1),
(1596, '2026-06-04', 'Unidad-1596-P6', 1);

--------------------------------------------------------------------------------------------------
-- TIPO UBICACIÓN STOCK

INSERT INTO TipoUbicacionStock (idTipoUbicacionStock, nombre, direccion, Lugar_idLugar, UnidadProducida_idUnidadProducidad) VALUES
(1, 'Fabrica de Origen', 'Planta Central, Galpón 4', 8, 1),
(2, 'Fabrica de Origen', 'Planta Central, Galpón 5', 8, 2),
(3, 'Hub Regional', 'Zona Franca, Almacén B2B', 15, 3),
(4, 'Transito', 'Ruta Logística Nacional', 8, 4),
(5, 'Fabrica de Origen', 'Bodega de Materiales A', 8, 5),
(6, 'Hub Regional', 'Centro de Distribución Mayorista', 15, 6),
(7, 'Transito', 'Contenedor Aduanero', 15, 7),
(8, 'Fabrica de Origen', 'Sótano Archivo Prototipos', 8, 8),
(9, 'Hub Regional', 'Almacén E-Commerce Local', 15, 9),
(10, 'Fabrica de Origen', 'Taller Textil Auxiliar', 8, 10),
(11, 'Transito', 'Despacho a Retailer', 15, 11),
(12, 'Fabrica de Origen', 'Zona de Cuarentena QA', 8, 12),
(13, 'Hub Regional', 'Bóveda de Coleccionistas', 15, 13),
(14, 'Fabrica de Origen', 'Planta Empaquetado Final', 8, 14),
(15, 'Transito', 'Ruta Internacional Exportación', 8, 15);

--------------------------------------------------------------------------------------------------
-- HISTÓRICO EMPLEADO

INSERT INTO HistoricoEmpleado (idHistoricoEmpleado, fechaInicio, fechaFin, salarioBase, Empleado_idEmpleado, Departamento_idDepartamento, PuestoTrabajo_id, TipoUbicacionStock_idTipoUbicacionStock) VALUES
(1, '2020-01-15', NULL, 4500.00, 1, 1, 1, 8),   -- Director de Diseño en Archivo Prototipos
(2, '2021-03-01', NULL, 3200.00, 2, 2, 2, 8),   -- Escultor en Archivo Prototipos
(3, '2022-05-10', NULL, 3800.00, 3, 3, 3, 5),   -- Ing Químico en Bodega de Materiales
(4, '2019-02-20', NULL, 2800.00, 4, 4, 4, 1),   -- Tornero CNC en Planta Central
(5, '2023-01-05', NULL, 2200.00, 5, 5, 5, 1),   -- Operador Inyectora en Planta Central
(6, '2018-11-12', NULL, 2500.00, 6, 7, 6, 2),   -- Técnico Enraizado en Planta Ensamblaje
(7, '2024-02-01', NULL, 2400.00, 7, 8, 7, 2),   -- Artista Tampografía en Planta Ensamblaje
(8, '2020-08-15', '2023-12-31', 1900.00, 8, 6, 8, 2), -- Ensamblador (Ex-empleado)
(9, '2021-09-10', NULL, 2100.00, 9, 9, 9, 10),  -- Costurera en Taller Textil
(10, '2022-04-01', NULL, 3500.00, 10, 10, 10, 12),-- Inspector Estrés en Zona Cuarentena
(11, '2017-06-20', NULL, 1800.00, 11, 11, 11, 14),-- Empacador en Planta Empaquetado
(12, '2023-10-15', NULL, 4100.00, 12, 12, 12, 3), -- Coord Logística en Almacén B2B
(13, '2024-01-10', NULL, 3900.00, 13, 14, 13, 13),-- Analista Mercado en Bóveda Coleccionistas
(14, '2019-05-05', NULL, 3100.00, 14, 15, 14, 3), -- Esp Reclutamiento (Asignado Hub)
(15, '2020-11-01', NULL, 4800.00, 15, 1, 15, 8);  -- Analista IT en Torre Creativa

--------------------------------------------------------------------------------------------------
-- PRODUCTO

INSERT INTO Producto (idProducto, nombre, descripcion, fechaSalida, Diseño_idDiseño, LoteProduccion_idLote, precioLanzamiento, limiteCompraPorUsuario, BackOrder_idBackOrder) VALUES
(1, 'Barbie Original 1959', 'Reedición de aniversario en blíster de colección.', '2023-01-25', 1, 1, 39.99, 2, NULL),
(2, 'Barbie Malibu 1971', 'Edición de verano con accesorios de playa.', '2023-02-20', 2, 2, 24.99, 5, NULL),
(3, 'Barbie Totally Hair', 'Muñeca de pelo largo con gel fijador incluido.', '2023-10-15', 3, 5, 29.99, 3, NULL),
(4, 'Ken Original 1961', 'Figura de acción articulada con ropa de tela.', '2023-09-25', 5, 3, 29.99, 5, NULL),
(5, 'Dreamhouse 3 Pisos', 'Casa interactiva con luces y sonidos.', '2023-10-05', 6, 4, 199.99, 1, NULL),
(6, 'Barbie Peaches n Cream', 'Edición vintage de los años 80.', '2023-10-20', 4, 6, 34.99, 2, NULL),
(7, 'Barbie Holiday 2021', 'Vestido de gala dorado, edición limitada anual.', '2023-10-25', 7, 7, 49.99, 2, NULL),
(8, 'Inspiring Women: Frida', 'Colección de mujeres inspiradoras. Caja con libro.', '2023-10-30', 8, 8, 39.99, 1, NULL),
(9, 'Fashionista Vitíligo', 'Línea inclusiva con empaque reutilizable.', '2023-11-05', 9, 9, 14.99, 10, NULL),
(10, 'Color Reveal Sirena', 'Tubo sorpresa que se revela con agua tibia.', '2023-11-15', 10, 10, 19.99, 5, NULL),
(11, 'Barbie Camper RV 3-en-1', 'Vehículo de lujo que se transforma en bote.', '2023-11-20', 11, 11, 89.99, 2, NULL),
(12, 'Barbie Extra #1', 'Look atrevido con mascota y accesorios oversize.', '2023-11-25', 12, 12, 29.99, 4, NULL),
(13, 'Skipper Babysitters', 'Muñeca y bebé con cuna y teteros.', '2023-11-30', 13, 13, 22.99, 5, NULL),
(14, 'Barbie Dia de Muertos', 'Edición de lujo con detalles bordados a mano.', '2023-12-10', 14, 14, 79.99, 1, NULL),
(15, 'Ken en Silla de Ruedas', 'Línea de diversidad. Incluye rampa compatible.', '2023-12-25', 15, 15, 19.99, 5, NULL);


--------------------------------------------------------------------------------------------------
-- PIEZA PRODUCTO

INSERT INTO PiezaProducto (idPiezaProducto, Pieza_idPieza, Producto_idProducto) VALUES
(1, 1, 1),   -- Cabeza Base en Barbie Original (Producto 1)
(2, 2, 1),   -- Torso Superior en Barbie Original (Producto 1)
(3, 11, 1),  -- Ojo Cyan en Barbie Original (Producto 1)
(4, 10, 3),  -- Cabello Kanekalon en Barbie Totally Hair (Producto 3)
(5, 1, 4),   -- Cabeza Base en Ken Original (Producto 4)
(6, 2, 4),   -- Torso Superior en Ken Original (Producto 4)
(7, 4, 4),   -- Brazo Izquierdo en Ken Original (Producto 4)
(8, 5, 4),   -- Brazo Derecho en Ken Original (Producto 4)
(9, 6, 2),   -- Pierna Izquierda en Barbie Malibu (Producto 2)
(10, 7, 2),  -- Pierna Derecha en Barbie Malibu (Producto 2)
(11, 10, 12),-- Cabello Kanekalon en Barbie Extra (Producto 12)
(12, 1, 14), -- Cabeza Base en Dia de Muertos (Producto 14)
(13, 10, 14),-- Cabello Kanekalon en Dia de Muertos (Producto 14)
(14, 8, 15), -- Articulación Hombro en Ken Silla de Ruedas (Producto 15)
(15, 9, 15); -- Articulación Rodilla en Ken Silla de Ruedas (Producto 15)

--------------------------------------------------------------------------------------------------
-- OBJETIVO GLOBAL PRODUCTO

TRUNCATE TABLE ObjetivoGlobalProducto CASCADE;
INSERT INTO ObjetivoGlobalProducto (idObjetivoGlobalProducto, objetivoSuperado, Producto_idProducto, ObjetivoGlobal_idObjetivoGlobal) VALUES
(1, 'Y', 1, 1),
(2, 'N', 2, 2),
(3, 'Y', 3, 3),
(4, 'Y', 4, 4),
(5, 'N', 5, 5),
(6, 'Y', 6, 6),
(7, 'Y', 7, 7),
(8, 'Y', 8, 8),
(9, 'N', 9, 9),
(10, 'Y', 10, 10),
(11, 'N', 11, 11),
(12, 'Y', 12, 12),
(13, 'N', 13, 13),
(14, 'Y', 14, 14),
(15, 'Y', 15, 15);

--------------------------------------------------------------------------------------------------
-- PACK (Agrupaciones de productos)

INSERT INTO Pack (idPack, Producto_idProducto, Producto_idProducto2) VALUES
(1, 1, 4),   -- Pack Barbie + Ken
(2, 5, 2),   -- Pack Dreamhouse + Barbie Malibu
(3, 11, 13), -- Pack Camper RV + Skipper Babysitters
(4, 3, 12),  -- Pack "Hair & Fashion" (Totally Hair + Extra)
(5, 7, 14),  -- Pack "Coleccionistas" (Holiday + Dia de Muertos)
(6, 4, 15),  -- Pack Inclusión Ken (Original + Silla de ruedas)
(7, 2, 10),  -- Pack Sirena & Playa (Malibu + Sirena)
(8, 6, 8),   -- Pack Retro & Historia (Peaches + Frida)
(9, 9, 15),  -- Pack Inclusión Total (Fashionista Vitiligo + Ken Silla)
(10, 1, 3),  -- Pack "Iconos de Mattel" (Original + Totally Hair)
(11, 4, 2),  -- Pack Pareja Verano (Ken + Malibu)
(12, 5, 11), -- Pack "Mi Casa, Mi Auto" (Dreamhouse + RV)
(13, 12, 9), -- Pack Modas Locas (Extra + Fashionista)
(14, 7, 6),  -- Pack Gala (Holiday + Peaches)
(15, 14, 8); -- Pack "Tributo a México" (Dia de Muertos + Frida)


----------------------------------------------------------------------------------------------------------------------------------------------------------------------
-- DEPENDE DE LA PARTE DE ANDREA (CLIENTES)...
----------------------------------------------------------------------------------------------------------------------------------------------------------------------

--------------------------------------------------------------------------------------------------
-- TELEFONO

INSERT INTO Telefono (idTelefono, codigoPais, codigoOperadora, numeroAbonado, ClienteJuridico_idClienteJuridico, ClienteNatural_idClienteNatural) VALUES
(1, 1, 555, 1001001, 1, NULL),
(2, 49, 170, 2002002, 2, NULL),
(3, 1, 305, 3003003, 3, NULL),
(4, 81, 90, 4004004, 4, NULL),
(5, 1, 212, 5005005, 5, NULL),
(6, 81, 80, 6006006, 6, NULL),
(7, 52, 55, 7007007, 7, NULL),
(8, 1, 415, 8008008, 8, NULL),
(9, 1, 650, 9009009, 9, NULL),
(10, 31, 20, 1010101, 10, NULL),
(11, 44, 207, 1111111, 11, NULL),
(12, 1, 786, 1212121, 12, NULL),
(13, 1, 213, 1313131, 13, NULL),
(14, 1, 917, 1414141, 14, NULL),
(15, 1, 310, 1515151, 15, NULL);

-- BackOrder (IDs 1-10)
INSERT INTO BackOrder (idBackOrder, cantidadPendiente, precioOriginalPactado, fechaGeneracion, estatus) VALUES
(1, 500, 150, '2024-01-15', 1),
(2, 300, 200, '2024-02-10', 1),
(3, 700, 175.5, '2024-03-05', 2),
(4, 200, 250, '2024-04-20', 1),
(5, 1000, 120, '2024-05-12', 2),
(6, 450, 190, '2024-06-01', 1),
(7, 600, 210, '2024-07-18', 1),
(8, 350, 180, '2024-08-22', 2),
(9, 800, 160, '2024-09-14', 1),
(10, 250, 230, '2024-10-05', 1);

-- Descuento
INSERT INTO Descuento (idDescuento, nombre, descripcion, porcentaje) VALUES
(1, 'Descuento por Volumen Mayorista', 'Aplica para compras B2B con cantidad superior a 1000 unidades', 15.00),
(2, 'Descuento por Pronto Pago', 'Aplica para pagos realizados dentro de los primeros 5 dias habiles', 5.00),
(3, 'Descuento por Temporada', 'Ofertas especiales para liquidacion de inventario por cambio de temporada', 25.00),
(4, 'Descuento por Fidelidad', 'Aplica a clientes con mas de 2 anhos de antiguedad y compras regulares', 10.00),
(5, 'Descuento por Lanzamiento', 'Descuento promocional para productos nuevos en su primer mes', 20.00),
(6, 'Descuento por Referido', 'Aplica cuando un cliente existente refiere a un nuevo cliente corporativo', 8.00),
(7, 'Descuento por Alianza Estrategica', 'Descuento especial para socios comerciales con contrato anual', 12.00),
(8, 'Descuento por Compra Recurrente', 'Aplica a pedidos automaticos recurrentes mensuales', 7.00),
(9, 'Descuento por Mayorista Premium', 'Para distribuidores autorizados con volumen superior a 5000 unidades', 18.00),
(10, 'Descuento por Exclusividad', 'Para clientes con acuerdo de exclusividad territorial o de canal', 22.00);

-- CondicionFisica
INSERT INTO CondicionFisica (idCondicionFisica, nombre, descripcion) VALUES
(1, 'Nuevo', 'Producto en su empaque original, sin uso, en perfecto estado'),
(2, 'Como Nuevo', 'Producto abierto pero sin uso aparente, completo con todos sus accesorios'),
(3, 'Usado - Buen Estado', 'Producto con signos de uso ligero, funciona correctamente'),
(4, 'Usado - Regular', 'Producto con uso evidente, funcional pero con detalles esteticos'),
(5, 'Usado - Mal Estado', 'Producto con danhos significativos, puede tener fallas funcionales'),
(6, 'Para Piezas/Reparacion', 'Producto no funcional, util solo para extraer piezas o reparar'),
(7, 'Nuevo Sellado', 'Producto completamente sellado en su empaque original de fabrica'),
(8, 'Nuevo sin Empaque', 'Producto nuevo pero sin empaque original, con accesorios'),
(9, 'Exhibicion', 'Producto utilizado solo para exhibicion en tienda, como nuevo'),
(10, 'Edicion Limitada', 'Producto de coleccion, edicion especial, estado impecable');

-- EstadoOrden
INSERT INTO EstadoOrden (idEstadoOrden, nombre, descripcion) VALUES
(1, 'Procesado', 'Compra procesada exitosamente'),
(2, 'En Preparacion', 'Compra siendo preparada para envio'),
(3, 'Enviado', 'Compra enviada al cliente'),
(4, 'Entregado', 'Compra entregada al cliente'),
(5, 'Cancelado', 'Compra cancelada'),
(6, 'Reembolsado', 'Compra reembolsada'),
(7, 'Pendiente', 'Compra pendiente de procesar'),
(8, 'En Revision', 'Compra en revision por el equipo'),
(9, 'Devuelto', 'Producto devuelto por el cliente'),
(10, 'Completado', 'Compra completada');

-- Estatus
INSERT INTO Estatus (idEstatus, nombre, tipoEstatus) VALUES
(1, 'Activa', 'Subasta'),
(2, 'Pendiente', 'Subasta'),
(3, 'Cancelada', 'Subasta'),
(4, 'Finalizada', 'Subasta'),
(5, 'En Proceso', 'Subasta'),
(6, 'Pendiente', 'OrdenVenta'),
(7, 'Completada', 'OrdenVenta'),
(8, 'Expirada', 'Subasta'),
(9, 'Pagada', 'OrdenVenta'),
(10, 'En Disputa', 'Subasta');

-- Transporte
INSERT INTO Transporte (idTransporte, matricula, nombreConductor, apellidoConductor) VALUES
(1, 'ABC-1234', 'Carlos', 'Mendoza'),
(2, 'DEF-5678', 'Maria', 'Gonzalez'),
(3, 'GHI-9012', 'Jose', 'Perez'),
(4, 'JKL-3456', 'Ana', 'Torres'),
(5, 'MNO-7890', 'Pedro', 'Ramirez'),
(6, 'PQR-1234', 'Laura', 'Diaz'),
(7, 'STU-5678', 'Miguel', 'Morales'),
(8, 'VWX-9012', 'Sofia', 'Castillo'),
(9, 'YZA-3456', 'Diego', 'Rojas'),
(10, 'BCD-7890', 'Valentina', 'Moreno');

-- Regalia
INSERT INTO Regalia (idRegalia, monto, fechaHora) VALUES
(1, 5000.00, '2024-01-15 10:00:00'),
(2, 7500.00, '2024-02-20 11:30:00'),
(3, 3200.00, '2024-03-10 09:15:00'),
(4, 8800.00, '2024-04-05 14:45:00'),
(5, 2100.00, '2024-05-18 08:00:00'),
(6, 9500.00, '2024-06-22 16:30:00'),
(7, 4100.00, '2024-07-30 12:00:00'),
(8, 6700.00, '2024-08-14 10:45:00'),
(9, 5300.00, '2024-09-25 15:20:00'),
(10, 7900.00, '2024-10-10 13:00:00');

-- MetaMensual
INSERT INTO MetaMensual (idMetaMensual, fechaInicio, fechaFin, porcentajeComision) VALUES
(1, '2024-01-01', '2024-01-31', 5.00),
(2, '2024-02-01', '2024-02-29', 5.00),
(3, '2024-03-01', '2024-03-31', 5.50),
(4, '2024-04-01', '2024-04-30', 5.50),
(5, '2024-05-01', '2024-05-31', 6.00),
(6, '2024-06-01', '2024-06-30', 6.00),
(7, '2024-07-01', '2024-07-31', 6.50),
(8, '2024-08-01', '2024-08-31', 6.50),
(9, '2024-09-01', '2024-09-30', 7.00),
(10, '2024-10-01', '2024-10-31', 7.00);

-- ValoracionMercado
INSERT INTO ValoracionMercado (idValoracionMercado, fechaValoracion, precioDelMercado, UnidadProducida_idUnidadProducidad) VALUES
(1, '2024-01-15', 250.00, 1),
(2, '2024-02-10', 260.00, 2),
(3, '2024-03-05', 245.00, 3),
(4, '2024-04-20', 270.00, 4),
(5, '2024-05-12', 255.00, 5),
(6, '2024-06-01', 265.00, 6),
(7, '2024-07-18', 240.00, 7),
(8, '2024-08-22', 275.00, 8),
(9, '2024-09-14', 258.00, 9),
(10, '2024-10-05', 262.00, 10);

-- OBJETIVO GLOBAL (15 registros)
INSERT INTO ObjetivoGlobal (idObjetivoGlobal, volumenVentas, porcentajeRegalia) VALUES
(1, 8391952, 21.69),
(2, 134565, 14.21),
(3, 1364254, 17.06),
(4, 1452266, 16.63),
(5, 9166328, 18.07),
(6, 8651875, 5.24),
(7, 5485454, 1.26),
(8, 5269363, 9.52),
(9, 6758049, 10.85),
(10, 7487936, 11.84),
(11, 4374376, 25.86),
(12, 6822107, 21.42),
(13, 5492483, 19.11),
(14, 7580920, 19.8),
(15, 2880627, 29.03);

-- CLIENTE JURIDICO (2 registros B2B)
INSERT INTO ClienteJuridico (idClienteJuridico, rif, razonSocial, nombre, direccionJuridica, limiteCredito, Lugar_idLugar) VALUES
(1, 401025500, 'Farmatodo C.A.', 'Farmatodo', 'Av. Francisco Fajardo, Caracas', 500000, 1),
(2, 304785210, 'Locatel C.A.', 'Locatel', 'Av. Principal, Valencia', 450000, 2);
-- CLIENTE NATURAL (398 registros B2C)
INSERT INTO ClienteNatural (idClienteNatural, cedula, pNombre, sNombre, pApellido, sApellido, direccion, Lugar_idLugar) VALUES
(1, 10000001, 'Genesis', 'Maria', 'Pena', 'Reyes', 'Av. Libertador, Casa 140, Urb. Sebucan', 1),
(2, 10000002, 'Gloria', 'Ana', 'Miranda', 'Castillo', 'Av. Francisco de Miranda, Casa 97, Urb. Campo Alegre', 2),
(3, 10000003, 'Manuel', 'Sofia', 'Carrillo', 'Torres', 'Calle 10, Casa 49, Urb. El Paraiso', 3),
(4, 10000004, 'Marta', 'Jose', 'Sanchez', 'Torres', 'Carrera 8, Casa 158, Urb. Campo Alegre', 4),
(5, 10000005, 'Marta', NULL, 'Moreno', 'Rivas', 'Carrera 3, Casa 45, Urb. Los Naranjos', 5),
(6, 10000006, 'Andres', 'Maria', 'Medina', 'Contreras', 'Carrera 12, Casa 28, Urb. Los Naranjos', 6),
(7, 10000007, 'Sara', 'Carlos', 'Lopez', 'Contreras', 'Av. Los Ilustres, Casa 133, Urb. La Florida', 7),
(8, 10000008, 'Elena', 'Miguel', 'Contreras', 'Castillo', 'Calle 4, Casa 10, Urb. Los Cortijos', 8),
(9, 10000009, 'Ricardo', NULL, 'Rivera', 'Rivas', 'Av. Lara, Casa 188, Urb. Los Samanes', 9),
(10, 10000010, 'Valentina', NULL, 'Cruz', 'Cabrera', 'Av. Libertador, Casa 119, Urb. Sebucan', 10),
(11, 10000011, 'Olga', 'Luis', 'Rojas', 'Morales', 'Calle 20, Casa 177, Urb. Las Mercedes', 11),
(12, 10000012, 'Pedro', 'Sofia', 'Mendoza', 'Medina', 'Av. Rio de Janeiro, Casa 181, Urb. San Bernardino', 12),
(13, 10000013, 'Monica', 'Sofia', 'Hernandez', 'Silva', 'Av. Francisco de Miranda, Casa 38, Urb. El Paraiso', 1),
(14, 10000014, 'Elena', NULL, 'Alvarez', 'Castillo', 'Calle 7, Casa 106, Urb. El Recreo', 2),
(15, 10000015, 'Pedro', 'Luis', 'Miranda', 'Mendoza', 'Carrera 5, Casa 72, Urb. Las Mercedes', 3),
(16, 10000016, 'Martha', NULL, 'Rodriguez', 'Torres', 'Av. Bolivar, Casa 190, Urb. San Bernardino', 4),
(17, 10000017, 'Diana', 'Pedro', 'Leon', 'Gutierrez', 'Calle 9, Casa 178, Urb. Santa Monica', 5),
(18, 10000018, 'Carlos', 'Sofia', 'Ortiz', 'Castillo', 'Calle 15, Casa 121, Urb. El Paraiso', 6),
(19, 10000019, 'Rocio', NULL, 'Zambrano', NULL, 'Carrera 6, Casa 167, Urb. Los Palos Grandes', 7),
(20, 10000020, 'Maria', NULL, 'Delgado', 'Morales', 'Av. Rio de Janeiro, Casa 152, Urb. Baruta', 8),
(21, 10000021, 'Walter', 'Rosa', 'Gutierrez', 'Rodriguez', 'Av. Francisco de Miranda, Casa 110, Urb. Las Mercedes', 9),
(22, 10000022, 'Camila', NULL, 'Sanchez', 'Pena', 'Av. Rio de Janeiro, Casa 159, Urb. Los Naranjos', 10),
(23, 10000023, 'Teresa', 'Sofia', 'Cruz', 'Sanchez', 'Calle 9, Casa 21, Urb. Los Cortijos', 11),
(24, 10000024, 'Eduardo', 'Miguel', 'Rivas', 'Navarro', 'Calle 7, Casa 160, Urb. Las Mercedes', 12),
(25, 10000025, 'Maria', 'Miguel', 'Duran', 'Garcia', 'Av. Lara, Casa 167, Urb. El Hatillo', 1),
(26, 10000026, 'Linda', 'Maria', 'Perez', 'Ortiz', 'Carrera 5, Casa 110, Urb. Mariperez', 2),
(27, 10000027, 'Daniel', 'Sofia', 'Rojas', 'Pena', 'Av. Rio de Janeiro, Casa 81, Urb. San Bernardino', 3),
(28, 10000028, 'Martha', 'Rosa', 'Reyes', 'Rojas', 'Av. Lara, Casa 50, Urb. El Recreo', 4),
(29, 10000029, 'Priscila', 'Pedro', 'Miranda', 'Hernandez', 'Av. Rio de Janeiro, Casa 4, Urb. Los Samanes', 5),
(30, 10000030, 'Ramon', 'Rosa', 'Delgado', 'Morales', 'Carrera 3, Casa 84, Urb. Las Acacias', 6),
(31, 10000031, 'Isabella', 'Rosa', 'Castro', 'Soto', 'Av. Libertador, Casa 99, Urb. Campo Alegre', 7),
(32, 10000032, 'Alejandra', NULL, 'Carrillo', 'Rivas', 'Carrera 8, Casa 16, Urb. Las Acacias', 8),
(33, 10000033, 'Gabriel', 'Maria', 'Rojas', 'Perez', 'Av. Lara, Casa 49, Urb. Sebucan', 9),
(34, 10000034, 'Claudia', 'Jose', 'Garcia', 'Aguilar', 'Carrera 12, Casa 24, Urb. Los Palos Grandes', 10),
(35, 10000035, 'Valentina', NULL, 'Lopez', 'Zambrano', 'Av. Los Ilustres, Casa 32, Urb. Los Cortijos', 11),
(36, 10000036, 'Vladimir', 'Ana', 'Herrera', 'Zambrano', 'Av. Libertador, Casa 105, Urb. El Hatillo', 12),
(37, 10000037, 'Alejandra', 'Carlos', 'Silva', 'Mendoza', 'Calle 4, Casa 124, Urb. San Bernardino', 1),
(38, 10000038, 'Natalia', 'Jose', 'Campos', 'Morales', 'Carrera 3, Casa 162, Urb. La Florida', 2),
(39, 10000039, 'Sergio', 'Rosa', 'Rojas', 'Cordero', 'Av. Universidad, Casa 185, Urb. Baruta', 3),
(40, 10000040, 'Andrea', 'Miguel', 'Campos', 'Hernandez', 'Carrera 3, Casa 140, Urb. La Florida', 4),
(41, 10000041, 'Yolanda', 'Rosa', 'Miranda', 'Perez', 'Calle 4, Casa 165, Urb. Los Cortijos', 5),
(42, 10000042, 'Victor', 'Luis', 'Paredes', 'Ortiz', 'Av. Rio de Janeiro, Casa 46, Urb. Santa Monica', 6),
(43, 10000043, 'Isabella', 'Rosa', 'Gutierrez', 'Cruz', 'Calle 7, Casa 151, Urb. El Hatillo', 7),
(44, 10000044, 'Elena', 'Sofia', 'Pena', 'Medina', 'Calle 4, Casa 45, Urb. El Recreo', 8),
(45, 10000045, 'Carlos', 'Ana', 'Herrera', 'Miranda', 'Calle 7, Casa 80, Urb. Los Samanes', 9),
(46, 10000046, 'Silvia', 'Rosa', 'Ramirez', 'Perez', 'Carrera 3, Casa 106, Urb. Los Samanes', 10),
(47, 10000047, 'Juliet', 'Rosa', 'Acosta', 'Rojas', 'Av. Libertador, Casa 117, Urb. Los Cortijos', 11),
(48, 10000048, 'Daniel', 'Carlos', 'Mendoza', 'Duran', 'Calle 15, Casa 7, Urb. El Hatillo', 12),
(49, 10000049, 'Valentina', 'Sofia', 'Hernandez', 'Garcia', 'Calle 4, Casa 176, Urb. Las Acacias', 1),
(50, 10000050, 'Tatiana', 'Sofia', 'Torres', 'Acosta', 'Av. Rio de Janeiro, Casa 41, Urb. Las Mercedes', 2),
(51, 10000051, 'Gustavo', 'Ana', 'Hernandez', 'Soto', 'Calle 10, Casa 100, Urb. Mariperez', 3),
(52, 10000052, 'Valentina', 'Pedro', 'Medina', 'Ramirez', 'Av. Francisco de Miranda, Casa 144, Urb. Las Acacias', 4),
(53, 10000053, 'Sara', 'Miguel', 'Cordero', 'Duran', 'Carrera 3, Casa 75, Urb. El Recreo', 5),
(54, 10000054, 'Yorman', 'Carlos', 'Acosta', 'Blanco', 'Calle 9, Casa 2, Urb. Las Acacias', 6),
(55, 10000055, 'Elena', 'Rosa', 'Soto', 'Mendoza', 'Calle 4, Casa 119, Urb. El Paraiso', 7),
(56, 10000056, 'Marta', 'Pedro', 'Perez', 'Cabrera', 'Av. Universidad, Casa 168, Urb. La Florida', 8),
(57, 10000057, 'Rafael', 'Carlos', 'Miranda', 'Campos', 'Carrera 8, Casa 84, Urb. Las Mercedes', 9),
(58, 10000058, 'Tatiana', 'Sofia', 'Rivas', 'Campos', 'Av. Universidad, Casa 69, Urb. Santa Monica', 10),
(59, 10000059, 'Hailey', NULL, 'Lopez', 'Soto', 'Carrera 5, Casa 21, Urb. La Castellana', 11),
(60, 10000060, 'Alejandro', 'Maria', 'Hernandez', 'Fuentes', 'Calle 4, Casa 92, Urb. Campo Alegre', 12),
(61, 10000061, 'Viviana', 'Carlos', 'Rodriguez', 'Ortiz', 'Calle 7, Casa 91, Urb. Los Cortijos', 1),
(62, 10000062, 'Priscila', 'Pedro', 'Rojas', 'Martinez', 'Av. Francisco de Miranda, Casa 94, Urb. Los Cortijos', 2),
(63, 10000063, 'Tiburcio', 'Jose', 'Campos', 'Herrera', 'Carrera 2, Casa 69, Urb. Las Acacias', 3),
(64, 10000064, 'Alicia', 'Rosa', 'Sanchez', 'Duran', 'Av. Rio de Janeiro, Casa 194, Urb. La Florida', 4),
(65, 10000065, 'Diana', 'Carlos', 'Paredes', 'Rivera', 'Calle 10, Casa 164, Urb. El Recreo', 5),
(66, 10000066, 'Walter', 'Miguel', 'Acosta', NULL, 'Carrera 12, Casa 101, Urb. San Bernardino', 6),
(67, 10000067, 'Rosa', 'Rosa', 'Morales', 'Acosta', 'Carrera 8, Casa 163, Urb. Altamira', 7),
(68, 10000068, 'Silvia', 'Pedro', 'Delgado', 'Rojas', 'Calle Principal, Casa 1, Urb. La Castellana', 8),
(69, 10000069, 'Eduardo', 'Rosa', 'Aguilar', 'Morales', 'Calle 4, Casa 94, Urb. Las Acacias', 9),
(70, 10000070, 'Isabella', 'Pedro', 'Lopez', 'Escobar', 'Calle 10, Casa 99, Urb. Altamira', 10),
(71, 10000071, 'Tatiana', 'Luis', 'Martinez', 'Soto', 'Calle 20, Casa 57, Urb. Sebucan', 11),
(72, 10000072, 'Armando', 'Pedro', 'Alvarez', 'Rivera', 'Calle 9, Casa 32, Urb. Baruta', 12),
(73, 10000073, 'Genesis', 'Maria', 'Pena', 'Zambrano', 'Carrera 12, Casa 81, Urb. Santa Monica', 1),
(74, 10000074, 'Rosa', 'Rosa', 'Martinez', NULL, 'Carrera 5, Casa 43, Urb. Mariperez', 2),
(75, 10000075, 'Tomas', 'Jose', 'Rojas', 'Molina', 'Calle 15, Casa 15, Urb. San Bernardino', 3),
(76, 10000076, 'Fernanda', 'Maria', 'Duran', 'Molina', 'Carrera 8, Casa 11, Urb. Santa Monica', 4),
(77, 10000077, 'Fernanda', 'Ana', 'Silva', 'Silva', 'Av. Francisco de Miranda, Casa 114, Urb. El Hatillo', 5),
(78, 10000078, 'Uriel', 'Jose', 'Mendoza', 'Ramirez', 'Carrera 12, Casa 96, Urb. Chapultepec', 6),
(79, 10000079, 'Teresa', 'Ana', 'Cabrera', 'Cruz', 'Calle 20, Casa 71, Urb. Los Palos Grandes', 7),
(80, 10000080, 'Tatiana', 'Pedro', 'Ramirez', 'Delgado', 'Calle 15, Casa 169, Urb. Las Acacias', 8),
(81, 10000081, 'Brian', 'Pedro', 'Carrillo', 'Rivera', 'Av. Lara, Casa 67, Urb. Baruta', 9),
(82, 10000082, 'Yolanda', 'Sofia', 'Contreras', 'Rivera', 'Carrera 6, Casa 99, Urb. Las Mercedes', 10),
(83, 10000083, 'Alicia', 'Sofia', 'Gutierrez', 'Rojas', 'Av. Rio de Janeiro, Casa 114, Urb. Santa Monica', 11),
(84, 10000084, 'Marco', 'Miguel', 'Lopez', 'Ramirez', 'Av. Rio de Janeiro, Casa 99, Urb. El Paraiso', 12),
(85, 10000085, 'Teresa', 'Maria', 'Jimenez', 'Ramirez', 'Carrera 5, Casa 145, Urb. Los Palos Grandes', 1),
(86, 10000086, 'Maria', 'Rosa', 'Gutierrez', 'Rivera', 'Calle 20, Casa 107, Urb. El Hatillo', 2),
(87, 10000087, 'Leonardo', 'Pedro', 'Flores', 'Leon', 'Calle 9, Casa 104, Urb. Los Palos Grandes', 3),
(88, 10000088, 'Natalia', 'Sofia', 'Gutierrez', 'Vega', 'Carrera 8, Casa 177, Urb. Los Cortijos', 4),
(89, 10000089, 'Hailey', 'Carlos', 'Soto', 'Duran', 'Calle 9, Casa 29, Urb. El Paraiso', 5),
(90, 10000090, 'Vladimir', 'Rosa', 'Silva', 'Zambrano', 'Av. Los Ilustres, Casa 57, Urb. La Castellana', 6),
(91, 10000091, 'Marta', 'Jose', 'Leon', 'Medina', 'Av. Los Ilustres, Casa 92, Urb. Las Mercedes', 7),
(92, 10000092, 'Juliet', 'Rosa', 'Vega', 'Jimenez', 'Carrera 12, Casa 23, Urb. Los Samanes', 8),
(93, 10000093, 'Jorge', 'Luis', 'Pena', 'Rodriguez', 'Carrera 6, Casa 135, Urb. Los Cortijos', 9),
(94, 10000094, 'Claudia', NULL, 'Delgado', 'Morales', 'Carrera 12, Casa 199, Urb. Las Acacias', 10),
(95, 10000095, 'Gabriela', 'Rosa', 'Zambrano', 'Moreno', 'Calle 15, Casa 104, Urb. Campo Alegre', 11),
(96, 10000096, 'Andres', 'Rosa', 'Pena', 'Cabrera', 'Av. Libertador, Casa 10, Urb. Sebucan', 12),
(97, 10000097, 'Rosa', 'Carlos', 'Lopez', NULL, 'Calle 4, Casa 150, Urb. El Paraiso', 1),
(98, 10000098, 'Fernanda', 'Maria', 'Cruz', 'Cordero', 'Av. Los Ilustres, Casa 85, Urb. El Hatillo', 2),
(99, 10000099, 'Oscar', 'Pedro', 'Acosta', 'Escobar', 'Calle 7, Casa 185, Urb. Baruta', 3),
(100, 10000100, 'Viviana', 'Jose', 'Ramirez', 'Cespedes', 'Carrera 8, Casa 9, Urb. Bello Monte', 4),
(101, 10000101, 'Romina', 'Miguel', 'Duran', 'Moreno', 'Av. Universidad, Casa 194, Urb. Campo Alegre', 5),
(102, 10000102, 'Gustavo', NULL, 'Cabrera', 'Herrera', 'Carrera 3, Casa 184, Urb. Campo Alegre', 6),
(103, 10000103, 'Beatriz', 'Ana', 'Miranda', 'Blanco', 'Calle Principal, Casa 35, Urb. El Hatillo', 7),
(104, 10000104, 'Sara', 'Sofia', 'Ortiz', 'Vega', 'Calle 20, Casa 181, Urb. San Bernardino', 8),
(105, 10000105, 'Ricardo', 'Ana', 'Moreno', 'Martinez', 'Carrera 6, Casa 116, Urb. Los Palos Grandes', 9),
(106, 10000106, 'Zulema', 'Rosa', 'Vega', 'Lopez', 'Av. Francisco de Miranda, Casa 154, Urb. Bello Monte', 10),
(107, 10000107, 'Beatriz', 'Jose', 'Cespedes', 'Sanchez', 'Av. Universidad, Casa 104, Urb. Los Naranjos', 11),
(108, 10000108, 'Antonio', 'Rosa', 'Pena', 'Paredes', 'Av. Libertador, Casa 47, Urb. El Paraiso', 12),
(109, 10000109, 'Marta', 'Rosa', 'Castro', 'Cruz', 'Av. Francisco de Miranda, Casa 114, Urb. La Florida', 1),
(110, 10000110, 'Fernanda', 'Jose', 'Pena', 'Campos', 'Calle Principal, Casa 111, Urb. Santa Monica', 2),
(111, 10000111, 'Leopoldo', 'Maria', 'Rojas', 'Gutierrez', 'Calle 10, Casa 142, Urb. Altamira', 3),
(112, 10000112, 'Carmen', 'Rosa', 'Rojas', 'Contreras', 'Calle 20, Casa 174, Urb. Santa Monica', 4),
(113, 10000113, 'Alejandra', 'Rosa', 'Vargas', 'Mendoza', 'Calle Principal, Casa 2, Urb. El Recreo', 5),
(114, 10000114, 'Oscar', NULL, 'Hernandez', 'Paredes', 'Carrera 12, Casa 191, Urb. El Paraiso', 6),
(115, 10000115, 'Hailey', 'Miguel', 'Blanco', 'Rivera', 'Carrera 6, Casa 63, Urb. Los Samanes', 7),
(116, 10000116, 'Gabriela', 'Luis', 'Zambrano', 'Paredes', 'Av. Los Ilustres, Casa 37, Urb. La Florida', 8),
(117, 10000117, 'Pedro', 'Miguel', 'Gutierrez', 'Zambrano', 'Av. Los Ilustres, Casa 128, Urb. Los Naranjos', 9),
(118, 10000118, 'Romina', 'Miguel', 'Torres', 'Paredes', 'Calle 10, Casa 17, Urb. Las Mercedes', 10),
(119, 10000119, 'Elena', 'Rosa', 'Mendoza', 'Ortiz', 'Av. Francisco de Miranda, Casa 169, Urb. La Castellana', 11),
(120, 10000120, 'Mario', 'Luis', 'Escobar', 'Fuentes', 'Carrera 2, Casa 174, Urb. Las Acacias', 12),
(121, 10000121, 'Lorena', 'Maria', 'Perez', 'Medina', 'Av. Universidad, Casa 62, Urb. La Florida', 1),
(122, 10000122, 'Rocio', 'Carlos', 'Martinez', 'Gutierrez', 'Calle 20, Casa 59, Urb. Altamira', 2),
(123, 10000123, 'Hugo', 'Maria', 'Mendoza', 'Cordero', 'Calle 10, Casa 25, Urb. Santa Monica', 3),
(124, 10000124, 'Isabella', 'Sofia', 'Duran', 'Garcia', 'Carrera 2, Casa 148, Urb. Sebucan', 4),
(125, 10000125, 'Rosa', 'Jose', 'Ramirez', 'Cruz', 'Calle 4, Casa 160, Urb. Las Acacias', 5),
(126, 10000126, 'Antonio', 'Maria', 'Herrera', 'Sanchez', 'Carrera 12, Casa 179, Urb. Santa Monica', 6),
(127, 10000127, 'Olga', 'Rosa', 'Vargas', 'Vega', 'Calle 9, Casa 5, Urb. Mariperez', 7),
(128, 10000128, 'Teresa', 'Miguel', 'Perez', 'Gutierrez', 'Av. Universidad, Casa 86, Urb. El Recreo', 8),
(129, 10000129, 'Alberto', 'Pedro', 'Duran', 'Medina', 'Calle 9, Casa 70, Urb. El Paraiso', 9),
(130, 10000130, 'Rosa', 'Pedro', 'Sanchez', 'Cruz', 'Calle 20, Casa 191, Urb. Los Samanes', 10),
(131, 10000131, 'Irene', 'Rosa', 'Rojas', 'Mendoza', 'Calle Principal, Casa 88, Urb. La Castellana', 11),
(132, 10000132, 'Roberto', 'Carlos', 'Reyes', 'Rivera', 'Carrera 5, Casa 10, Urb. Santa Monica', 12),
(133, 10000133, 'Genesis', 'Jose', 'Molina', 'Vargas', 'Calle 20, Casa 144, Urb. La Castellana', 1),
(134, 10000134, 'Laura', 'Maria', 'Molina', 'Soto', 'Calle Principal, Casa 148, Urb. Mariperez', 2),
(135, 10000135, 'Alberto', 'Sofia', 'Rodriguez', 'Acosta', 'Av. Libertador, Casa 62, Urb. Los Samanes', 3),
(136, 10000136, 'Ana', 'Luis', 'Castro', 'Cespedes', 'Carrera 6, Casa 62, Urb. Chapultepec', 4),
(137, 10000137, 'Laura', 'Maria', 'Rivas', 'Delgado', 'Carrera 3, Casa 9, Urb. La Florida', 5),
(138, 10000138, 'Uriel', 'Miguel', 'Lopez', 'Jimenez', 'Calle 9, Casa 14, Urb. Los Naranjos', 6),
(139, 10000139, 'Juliet', 'Miguel', 'Leon', 'Perez', 'Carrera 6, Casa 162, Urb. La Florida', 7),
(140, 10000140, 'Claudia', 'Jose', 'Pena', 'Fuentes', 'Carrera 6, Casa 80, Urb. Mariperez', 8),
(141, 10000141, 'Miguel', 'Maria', 'Torres', 'Rojas', 'Calle 9, Casa 23, Urb. Baruta', 9),
(142, 10000142, 'Fernanda', 'Rosa', 'Flores', 'Leon', 'Calle 10, Casa 43, Urb. Mariperez', 10),
(143, 10000143, 'Marta', 'Pedro', 'Acosta', 'Jimenez', 'Calle 7, Casa 105, Urb. Los Cortijos', 11),
(144, 10000144, 'Rafael', 'Carlos', 'Castillo', 'Morales', 'Calle 4, Casa 191, Urb. Bello Monte', 12),
(145, 10000145, 'Elena', 'Jose', 'Rivas', 'Medina', 'Calle 10, Casa 7, Urb. Campo Alegre', 1),
(146, 10000146, 'Juliet', 'Miguel', 'Gutierrez', 'Cabrera', 'Carrera 3, Casa 10, Urb. Los Palos Grandes', 2),
(147, 10000147, 'Sergio', 'Rosa', 'Rivas', 'Molina', 'Carrera 5, Casa 128, Urb. El Paraiso', 3),
(148, 10000148, 'Laura', NULL, 'Carrillo', 'Vega', 'Calle Principal, Casa 30, Urb. Los Palos Grandes', 4),
(149, 10000149, 'Camila', 'Maria', 'Moreno', 'Paredes', 'Calle 9, Casa 92, Urb. Las Mercedes', 5),
(150, 10000150, 'Ricardo', 'Miguel', 'Soto', 'Ramirez', 'Av. Universidad, Casa 55, Urb. La Castellana', 6),
(151, 10000151, 'Mariana', 'Carlos', 'Molina', 'Pena', 'Av. Bolivar, Casa 112, Urb. Las Acacias', 7),
(152, 10000152, 'Gloria', 'Carlos', 'Soto', 'Ramirez', 'Calle 7, Casa 18, Urb. Las Mercedes', 8),
(153, 10000153, 'Pablo', NULL, 'Campos', 'Contreras', 'Calle 20, Casa 92, Urb. Campo Alegre', 9),
(154, 10000154, 'Linda', NULL, 'Rodriguez', 'Soto', 'Av. Libertador, Casa 151, Urb. Baruta', 10),
(155, 10000155, 'Karen', 'Luis', 'Herrera', 'Morales', 'Calle 4, Casa 11, Urb. El Hatillo', 11),
(156, 10000156, 'Pedro', 'Ana', 'Castro', 'Ortiz', 'Av. Libertador, Casa 185, Urb. Las Acacias', 12),
(157, 10000157, 'Rocio', 'Rosa', 'Blanco', 'Torres', 'Calle Principal, Casa 128, Urb. Baruta', 1),
(158, 10000158, 'Genesis', 'Rosa', 'Cespedes', 'Lopez', 'Calle 4, Casa 135, Urb. Las Acacias', 2),
(159, 10000159, 'Miguel', 'Maria', 'Sanchez', 'Ramirez', 'Calle 4, Casa 44, Urb. Bello Monte', 3),
(160, 10000160, 'Karen', 'Jose', 'Zambrano', 'Aguilar', 'Av. Lara, Casa 120, Urb. La Castellana', 4),
(161, 10000161, 'Silvia', 'Maria', 'Moreno', NULL, 'Calle 4, Casa 70, Urb. Bello Monte', 5),
(162, 10000162, 'Uriel', 'Carlos', 'Soto', 'Rivas', 'Carrera 3, Casa 29, Urb. El Hatillo', 6),
(163, 10000163, 'Mariana', 'Rosa', 'Campos', 'Navarro', 'Av. Universidad, Casa 163, Urb. Campo Alegre', 7),
(164, 10000164, 'Gloria', 'Maria', 'Rodriguez', 'Gutierrez', 'Calle 9, Casa 87, Urb. Mariperez', 8),
(165, 10000165, 'Hector', 'Pedro', 'Delgado', NULL, 'Carrera 12, Casa 86, Urb. El Paraiso', 9),
(166, 10000166, 'Marta', 'Rosa', 'Navarro', 'Navarro', 'Carrera 6, Casa 163, Urb. La Castellana', 10),
(167, 10000167, 'Natalia', 'Maria', 'Mendoza', 'Reyes', 'Av. Libertador, Casa 61, Urb. Los Naranjos', 11),
(168, 10000168, 'Cesar', 'Rosa', 'Cruz', 'Rodriguez', 'Av. Francisco de Miranda, Casa 142, Urb. Los Palos Grandes', 12),
(169, 10000169, 'Daniela', 'Maria', 'Silva', 'Paredes', 'Calle 20, Casa 2, Urb. Sebucan', 1),
(170, 10000170, 'Teresa', NULL, 'Alvarez', 'Duran', 'Carrera 6, Casa 35, Urb. Baruta', 2),
(171, 10000171, 'Mario', 'Luis', 'Cruz', 'Leon', 'Carrera 6, Casa 128, Urb. Mariperez', 3),
(172, 10000172, 'Teresa', 'Maria', 'Perez', 'Vega', 'Carrera 6, Casa 132, Urb. Los Palos Grandes', 4),
(173, 10000173, 'Sara', 'Rosa', 'Duran', 'Rojas', 'Carrera 8, Casa 3, Urb. El Hatillo', 5),
(174, 10000174, 'Gustavo', 'Sofia', 'Torres', 'Ortiz', 'Calle 9, Casa 183, Urb. Mariperez', 6),
(175, 10000175, 'Teresa', NULL, 'Moreno', 'Aguilar', 'Carrera 5, Casa 184, Urb. Las Mercedes', 7),
(176, 10000176, 'Juliet', 'Pedro', 'Duran', 'Cordero', 'Av. Bolivar, Casa 146, Urb. El Recreo', 8),
(177, 10000177, 'Pedro', 'Miguel', 'Pena', 'Cabrera', 'Av. Bolivar, Casa 130, Urb. Campo Alegre', 9),
(178, 10000178, 'Yolanda', 'Carlos', 'Castro', 'Flores', 'Carrera 8, Casa 84, Urb. Campo Alegre', 10),
(179, 10000179, 'Claudia', 'Pedro', 'Torres', 'Pena', 'Carrera 3, Casa 119, Urb. Santa Monica', 11),
(180, 10000180, 'Diego', 'Pedro', 'Rivera', 'Medina', 'Calle 20, Casa 9, Urb. Los Cortijos', 12),
(181, 10000181, 'Maria', 'Pedro', 'Navarro', 'Miranda', 'Carrera 5, Casa 61, Urb. El Hatillo', 1),
(182, 10000182, 'Claudia', 'Carlos', 'Miranda', 'Moreno', 'Calle 20, Casa 197, Urb. Las Mercedes', 2),
(183, 10000183, 'Xavier', 'Maria', 'Gutierrez', 'Martinez', 'Calle 4, Casa 138, Urb. San Bernardino', 3),
(184, 10000184, 'Martha', 'Miguel', 'Castro', 'Leon', 'Calle 4, Casa 143, Urb. Sebucan', 4),
(185, 10000185, 'Silvia', 'Sofia', 'Castro', 'Alvarez', 'Av. Los Ilustres, Casa 29, Urb. El Recreo', 5),
(186, 10000186, 'Steven', 'Jose', 'Rodriguez', 'Rivera', 'Av. Universidad, Casa 49, Urb. Altamira', 6),
(187, 10000187, 'Veronica', 'Carlos', 'Paredes', 'Duran', 'Calle 4, Casa 60, Urb. Altamira', 7),
(188, 10000188, 'Zulema', 'Maria', 'Lopez', 'Cordero', 'Carrera 3, Casa 135, Urb. Los Cortijos', 8),
(189, 10000189, 'Mario', 'Pedro', 'Aguilar', 'Campos', 'Av. Francisco de Miranda, Casa 157, Urb. Sebucan', 9),
(190, 10000190, 'Hailey', 'Ana', 'Cordero', 'Castillo', 'Av. Bolivar, Casa 24, Urb. Baruta', 10),
(191, 10000191, 'Claudia', 'Jose', 'Paredes', 'Martinez', 'Av. Libertador, Casa 183, Urb. Las Acacias', 11),
(192, 10000192, 'Jose', 'Pedro', 'Soto', 'Fuentes', 'Av. Lara, Casa 35, Urb. Las Acacias', 12),
(193, 10000193, 'Genesis', 'Maria', 'Miranda', 'Delgado', 'Calle 20, Casa 3, Urb. Sebucan', 1),
(194, 10000194, 'Camila', 'Pedro', 'Perez', 'Contreras', 'Calle 9, Casa 90, Urb. Altamira', 2),
(195, 10000195, 'Rafael', 'Luis', 'Cespedes', 'Gutierrez', 'Calle Principal, Casa 80, Urb. Sebucan', 3),
(196, 10000196, 'Genesis', 'Sofia', 'Torres', 'Moreno', 'Calle 9, Casa 137, Urb. Los Cortijos', 4),
(197, 10000197, 'Andrea', 'Pedro', 'Alvarez', 'Castillo', 'Carrera 3, Casa 159, Urb. Bello Monte', 5),
(198, 10000198, 'Luis', 'Miguel', 'Molina', 'Molina', 'Av. Universidad, Casa 38, Urb. Los Naranjos', 6),
(199, 10000199, 'Gloria', 'Carlos', 'Castillo', 'Delgado', 'Carrera 2, Casa 174, Urb. Campo Alegre', 7),
(200, 10000200, 'Carolina', 'Rosa', 'Hernandez', 'Campos', 'Calle 20, Casa 123, Urb. Los Samanes', 8),
(201, 10000201, 'Alejandro', 'Rosa', 'Hernandez', 'Ramirez', 'Av. Bolivar, Casa 33, Urb. Baruta', 9),
(202, 10000202, 'Carmen', 'Luis', 'Rojas', 'Lopez', 'Carrera 12, Casa 142, Urb. San Bernardino', 10),
(203, 10000203, 'Alicia', NULL, 'Cespedes', 'Castillo', 'Calle 4, Casa 83, Urb. Los Naranjos', 11),
(204, 10000204, 'Andres', 'Jose', 'Zambrano', 'Martinez', 'Av. Lara, Casa 192, Urb. Las Acacias', 12),
(205, 10000205, 'Diana', NULL, 'Carrillo', 'Martinez', 'Av. Bolivar, Casa 4, Urb. Campo Alegre', 1),
(206, 10000206, 'Patricia', 'Pedro', 'Campos', 'Zambrano', 'Av. Los Ilustres, Casa 33, Urb. Santa Monica', 2),
(207, 10000207, 'Steven', 'Carlos', 'Contreras', 'Leon', 'Carrera 3, Casa 172, Urb. Baruta', 3),
(208, 10000208, 'Martha', 'Luis', 'Torres', 'Martinez', 'Carrera 5, Casa 131, Urb. Bello Monte', 4),
(209, 10000209, 'Elena', 'Pedro', 'Molina', 'Lopez', 'Calle 7, Casa 183, Urb. San Bernardino', 5),
(210, 10000210, 'Hector', 'Miguel', 'Ortiz', 'Aguilar', 'Carrera 2, Casa 183, Urb. Santa Monica', 6),
(211, 10000211, 'Tatiana', 'Carlos', 'Vega', 'Castro', 'Calle 7, Casa 68, Urb. La Florida', 7),
(212, 10000212, 'Gloria', 'Pedro', 'Cabrera', 'Delgado', 'Av. Universidad, Casa 166, Urb. San Bernardino', 8),
(213, 10000213, 'Hugo', 'Maria', 'Alvarez', 'Sanchez', 'Carrera 3, Casa 155, Urb. Sebucan', 9),
(214, 10000214, 'Priscila', 'Rosa', 'Perez', 'Alvarez', 'Av. Rio de Janeiro, Casa 154, Urb. Los Samanes', 10),
(215, 10000215, 'Silvia', 'Luis', 'Flores', 'Cespedes', 'Carrera 3, Casa 27, Urb. Los Palos Grandes', 11),
(216, 10000216, 'Hugo', NULL, 'Cespedes', 'Pena', 'Av. Los Ilustres, Casa 198, Urb. Los Samanes', 12),
(217, 10000217, 'Romina', 'Carlos', 'Rodriguez', 'Miranda', 'Calle 10, Casa 125, Urb. Campo Alegre', 1),
(218, 10000218, 'Elena', 'Sofia', 'Acosta', 'Carrillo', 'Carrera 2, Casa 107, Urb. Los Palos Grandes', 2),
(219, 10000219, 'Armando', 'Carlos', 'Zambrano', 'Cruz', 'Calle 4, Casa 127, Urb. Las Mercedes', 3),
(220, 10000220, 'Romina', 'Maria', 'Paredes', 'Garcia', 'Av. Francisco de Miranda, Casa 197, Urb. Santa Monica', 4),
(221, 10000221, 'Mariana', NULL, 'Ramirez', 'Lopez', 'Calle 4, Casa 120, Urb. Las Mercedes', 5),
(222, 10000222, 'Tiburcio', 'Miguel', 'Rivas', 'Soto', 'Calle 15, Casa 158, Urb. Mariperez', 6),
(223, 10000223, 'Yolanda', 'Rosa', 'Silva', NULL, 'Calle 20, Casa 26, Urb. Los Naranjos', 7),
(224, 10000224, 'Silvia', 'Rosa', 'Leon', 'Gutierrez', 'Calle 10, Casa 152, Urb. Baruta', 8),
(225, 10000225, 'Gustavo', 'Sofia', 'Torres', 'Gutierrez', 'Av. Universidad, Casa 90, Urb. Baruta', 9),
(226, 10000226, 'Rosa', NULL, 'Reyes', 'Acosta', 'Av. Libertador, Casa 126, Urb. Los Naranjos', 10),
(227, 10000227, 'Gabriela', 'Jose', 'Cabrera', 'Hernandez', 'Av. Francisco de Miranda, Casa 119, Urb. Sebucan', 11),
(228, 10000228, 'Luis', 'Rosa', 'Moreno', 'Fuentes', 'Calle 9, Casa 67, Urb. Baruta', 12),
(229, 10000229, 'Alicia', NULL, 'Pena', 'Silva', 'Carrera 3, Casa 128, Urb. Baruta', 1),
(230, 10000230, 'Fernanda', 'Sofia', 'Rivera', 'Herrera', 'Av. Los Ilustres, Casa 127, Urb. Los Cortijos', 2),
(231, 10000231, 'Walter', 'Maria', 'Campos', 'Rivas', 'Calle 10, Casa 45, Urb. Las Acacias', 3),
(232, 10000232, 'Andrea', 'Miguel', 'Zambrano', 'Morales', 'Calle 4, Casa 15, Urb. Campo Alegre', 4),
(233, 10000233, 'Carmen', 'Jose', 'Acosta', 'Morales', 'Calle 10, Casa 129, Urb. Las Acacias', 5),
(234, 10000234, 'Vladimir', 'Luis', 'Lopez', 'Delgado', 'Calle 7, Casa 56, Urb. Santa Monica', 6),
(235, 10000235, 'Tatiana', 'Carlos', 'Zambrano', 'Vargas', 'Carrera 6, Casa 67, Urb. La Florida', 7),
(236, 10000236, 'Laura', 'Jose', 'Pena', 'Rojas', 'Carrera 6, Casa 151, Urb. Los Palos Grandes', 8),
(237, 10000237, 'Leopoldo', 'Luis', 'Flores', 'Garcia', 'Av. Libertador, Casa 53, Urb. Mariperez', 9),
(238, 10000238, 'Irene', 'Luis', 'Moreno', 'Paredes', 'Calle Principal, Casa 151, Urb. La Florida', 10),
(239, 10000239, 'Irene', 'Jose', 'Jimenez', 'Rojas', 'Av. Universidad, Casa 102, Urb. Campo Alegre', 11),
(240, 10000240, 'Vladimir', 'Rosa', 'Cordero', 'Garcia', 'Carrera 3, Casa 15, Urb. Santa Monica', 12),
(241, 10000241, 'Tatiana', 'Sofia', 'Acosta', 'Navarro', 'Carrera 5, Casa 41, Urb. Los Naranjos', 1),
(242, 10000242, 'Genesis', 'Sofia', 'Sanchez', 'Campos', 'Calle 15, Casa 156, Urb. La Florida', 2),
(243, 10000243, 'Carlos', 'Carlos', 'Pena', 'Rojas', 'Av. Francisco de Miranda, Casa 140, Urb. Baruta', 3),
(244, 10000244, 'Elena', 'Sofia', 'Paredes', 'Mendoza', 'Av. Universidad, Casa 12, Urb. Bello Monte', 4),
(245, 10000245, 'Maria', 'Ana', 'Zambrano', 'Aguilar', 'Av. Lara, Casa 56, Urb. El Recreo', 5),
(246, 10000246, 'Ivan', 'Carlos', 'Jimenez', 'Blanco', 'Calle 7, Casa 114, Urb. Las Mercedes', 6),
(247, 10000247, 'Yolanda', NULL, 'Jimenez', 'Rivas', 'Av. Lara, Casa 53, Urb. Altamira', 7),
(248, 10000248, 'Sara', 'Miguel', 'Cordero', 'Alvarez', 'Carrera 6, Casa 194, Urb. San Bernardino', 8),
(249, 10000249, 'Javier', 'Carlos', 'Duran', 'Hernandez', 'Av. Universidad, Casa 157, Urb. El Recreo', 9),
(250, 10000250, 'Carmen', 'Luis', 'Garcia', 'Blanco', 'Calle 15, Casa 5, Urb. Altamira', 10),
(251, 10000251, 'Claudia', 'Ana', 'Garcia', NULL, 'Carrera 12, Casa 113, Urb. Campo Alegre', 11),
(252, 10000252, 'Alejandro', 'Pedro', 'Herrera', 'Silva', 'Carrera 12, Casa 78, Urb. El Recreo', 12),
(253, 10000253, 'Teresa', 'Rosa', 'Rojas', 'Escobar', 'Av. Libertador, Casa 1, Urb. Chapultepec', 1),
(254, 10000254, 'Diana', NULL, 'Paredes', 'Morales', 'Carrera 12, Casa 146, Urb. Los Palos Grandes', 2),
(255, 10000255, 'Alberto', 'Rosa', 'Campos', 'Delgado', 'Av. Libertador, Casa 148, Urb. San Bernardino', 3),
(256, 10000256, 'Gabriela', 'Sofia', 'Sanchez', 'Perez', 'Av. Bolivar, Casa 162, Urb. El Paraiso', 4),
(257, 10000257, 'Genesis', 'Carlos', 'Flores', 'Ortiz', 'Calle 15, Casa 161, Urb. Las Mercedes', 5),
(258, 10000258, 'Tiburcio', 'Rosa', 'Carrillo', 'Mendoza', 'Calle 9, Casa 156, Urb. La Castellana', 6),
(259, 10000259, 'Viviana', 'Miguel', 'Cordero', 'Torres', 'Av. Los Ilustres, Casa 22, Urb. La Castellana', 7),
(260, 10000260, 'Gloria', 'Rosa', 'Delgado', 'Acosta', 'Av. Bolivar, Casa 159, Urb. Los Samanes', 8),
(261, 10000261, 'Miguel', 'Miguel', 'Rojas', 'Paredes', 'Av. Lara, Casa 39, Urb. Las Mercedes', 9),
(262, 10000262, 'Olga', 'Maria', 'Reyes', 'Navarro', 'Av. Rio de Janeiro, Casa 6, Urb. Los Naranjos', 10),
(263, 10000263, 'Camila', 'Rosa', 'Medina', 'Gutierrez', 'Calle 15, Casa 197, Urb. Altamira', 11),
(264, 10000264, 'Alberto', 'Pedro', 'Aguilar', 'Molina', 'Carrera 6, Casa 138, Urb. Santa Monica', 12),
(265, 10000265, 'Valentina', 'Ana', 'Martinez', 'Cabrera', 'Carrera 12, Casa 20, Urb. Altamira', 1),
(266, 10000266, 'Gabriela', 'Carlos', 'Cabrera', 'Zambrano', 'Av. Francisco de Miranda, Casa 2, Urb. Los Naranjos', 2),
(267, 10000267, 'Javier', 'Carlos', 'Cabrera', 'Campos', 'Av. Bolivar, Casa 34, Urb. El Recreo', 3),
(268, 10000268, 'Gabriela', 'Rosa', 'Cespedes', 'Delgado', 'Av. Lara, Casa 67, Urb. La Florida', 4),
(269, 10000269, 'Alejandra', 'Jose', 'Alvarez', 'Rivera', 'Av. Bolivar, Casa 125, Urb. Los Cortijos', 5),
(270, 10000270, 'Ernesto', 'Carlos', 'Rodriguez', 'Jimenez', 'Calle 4, Casa 185, Urb. Las Acacias', 6),
(271, 10000271, 'Claudia', 'Pedro', 'Zambrano', 'Herrera', 'Carrera 3, Casa 50, Urb. Los Naranjos', 7),
(272, 10000272, 'Marta', 'Sofia', 'Flores', 'Carrillo', 'Av. Bolivar, Casa 53, Urb. Baruta', 8),
(273, 10000273, 'Francisco', 'Rosa', 'Flores', 'Blanco', 'Av. Francisco de Miranda, Casa 178, Urb. Chapultepec', 9),
(274, 10000274, 'Martha', 'Miguel', 'Escobar', 'Alvarez', 'Carrera 2, Casa 121, Urb. San Bernardino', 10),
(275, 10000275, 'Claudia', 'Jose', 'Rojas', 'Carrillo', 'Av. Los Ilustres, Casa 164, Urb. Baruta', 11),
(276, 10000276, 'Alejandro', 'Jose', 'Reyes', 'Rojas', 'Carrera 5, Casa 166, Urb. Chapultepec', 12),
(277, 10000277, 'Diana', 'Luis', 'Campos', 'Herrera', 'Av. Rio de Janeiro, Casa 88, Urb. La Castellana', 1),
(278, 10000278, 'Laura', 'Luis', 'Cruz', 'Rivera', 'Av. Libertador, Casa 192, Urb. La Florida', 2),
(279, 10000279, 'Patricio', 'Sofia', 'Cabrera', 'Cruz', 'Calle 20, Casa 16, Urb. El Paraiso', 3),
(280, 10000280, 'Daniela', 'Miguel', 'Martinez', 'Duran', 'Carrera 6, Casa 38, Urb. Sebucan', 4),
(281, 10000281, 'Patricia', 'Rosa', 'Leon', 'Silva', 'Carrera 8, Casa 131, Urb. San Bernardino', 5),
(282, 10000282, 'Alberto', 'Miguel', 'Ortiz', 'Ramirez', 'Av. Libertador, Casa 80, Urb. Los Cortijos', 6),
(283, 10000283, 'Camila', 'Rosa', 'Soto', 'Garcia', 'Carrera 8, Casa 176, Urb. Chapultepec', 7),
(284, 10000284, 'Lorena', 'Maria', 'Fuentes', 'Delgado', 'Av. Los Ilustres, Casa 90, Urb. La Florida', 8),
(285, 10000285, 'Manuel', 'Miguel', 'Cespedes', 'Leon', 'Carrera 5, Casa 90, Urb. El Hatillo', 9),
(286, 10000286, 'Zulema', 'Carlos', 'Campos', 'Contreras', 'Carrera 12, Casa 80, Urb. El Recreo', 10),
(287, 10000287, 'Laura', 'Maria', 'Rojas', 'Ortiz', 'Av. Francisco de Miranda, Casa 52, Urb. Los Samanes', 11),
(288, 10000288, 'Pedro', 'Maria', 'Rojas', 'Carrillo', 'Calle 4, Casa 97, Urb. Las Mercedes', 12),
(289, 10000289, 'Gloria', 'Ana', 'Rojas', 'Aguilar', 'Calle 15, Casa 170, Urb. El Recreo', 1),
(290, 10000290, 'Monica', 'Miguel', 'Cabrera', 'Molina', 'Carrera 3, Casa 110, Urb. Baruta', 2),
(291, 10000291, 'Brian', 'Sofia', 'Garcia', 'Lopez', 'Calle 10, Casa 183, Urb. Mariperez', 3),
(292, 10000292, 'Gabriela', 'Ana', 'Duran', 'Contreras', 'Carrera 2, Casa 1, Urb. Los Palos Grandes', 4),
(293, 10000293, 'Rocio', 'Maria', 'Sanchez', 'Cordero', 'Av. Lara, Casa 196, Urb. Las Acacias', 5),
(294, 10000294, 'Carlos', 'Ana', 'Sanchez', 'Alvarez', 'Carrera 8, Casa 199, Urb. Mariperez', 6),
(295, 10000295, 'Lorena', 'Luis', 'Alvarez', 'Medina', 'Av. Lara, Casa 56, Urb. Campo Alegre', 7),
(296, 10000296, 'Mariana', NULL, 'Rodriguez', 'Vargas', 'Av. Lara, Casa 95, Urb. La Florida', 8),
(297, 10000297, 'Carlos', 'Rosa', 'Rodriguez', 'Molina', 'Av. Francisco de Miranda, Casa 171, Urb. Las Mercedes', 9),
(298, 10000298, 'Claudia', 'Carlos', 'Flores', 'Hernandez', 'Av. Rio de Janeiro, Casa 72, Urb. Los Palos Grandes', 10),
(299, 10000299, 'Diana', 'Pedro', 'Perez', 'Cabrera', 'Calle 9, Casa 123, Urb. Los Cortijos', 11),
(300, 10000300, 'Manuel', 'Maria', 'Vargas', 'Zambrano', 'Calle 10, Casa 85, Urb. Baruta', 12),
(301, 10000301, 'Elena', 'Luis', 'Duran', 'Herrera', 'Av. Francisco de Miranda, Casa 158, Urb. El Recreo', 1),
(302, 10000302, 'Mariana', 'Ana', 'Carrillo', 'Miranda', 'Calle 7, Casa 62, Urb. Los Cortijos', 2),
(303, 10000303, 'Orlando', 'Carlos', 'Sanchez', 'Paredes', 'Av. Francisco de Miranda, Casa 43, Urb. Altamira', 3),
(304, 10000304, 'Rosa', 'Pedro', 'Ortiz', 'Blanco', 'Carrera 8, Casa 79, Urb. Los Cortijos', 4),
(305, 10000305, 'Silvia', 'Miguel', 'Lopez', 'Torres', 'Carrera 8, Casa 85, Urb. Las Mercedes', 5),
(306, 10000306, 'Patricio', 'Sofia', 'Miranda', 'Blanco', 'Carrera 3, Casa 49, Urb. Los Naranjos', 6),
(307, 10000307, 'Linda', 'Maria', 'Miranda', 'Garcia', 'Av. Bolivar, Casa 40, Urb. El Hatillo', 7),
(308, 10000308, 'Andrea', 'Rosa', 'Ortiz', 'Soto', 'Av. Universidad, Casa 102, Urb. Las Acacias', 8),
(309, 10000309, 'Walter', 'Sofia', 'Duran', 'Hernandez', 'Av. Rio de Janeiro, Casa 67, Urb. El Hatillo', 9),
(310, 10000310, 'Laura', 'Luis', 'Aguilar', 'Cabrera', 'Carrera 12, Casa 141, Urb. Las Acacias', 10),
(311, 10000311, 'Mariana', 'Pedro', 'Rodriguez', 'Ortiz', 'Av. Universidad, Casa 40, Urb. Las Acacias', 11),
(312, 10000312, 'Francisco', 'Rosa', 'Morales', 'Rodriguez', 'Carrera 12, Casa 104, Urb. Campo Alegre', 12),
(313, 10000313, 'Gabriela', 'Maria', 'Sanchez', 'Martinez', 'Av. Bolivar, Casa 41, Urb. Los Cortijos', 1),
(314, 10000314, 'Diana', 'Ana', 'Rojas', 'Rodriguez', 'Av. Lara, Casa 114, Urb. Sebucan', 2),
(315, 10000315, 'Jaime', 'Rosa', 'Carrillo', 'Silva', 'Carrera 3, Casa 91, Urb. Las Mercedes', 3),
(316, 10000316, 'Rocio', 'Miguel', 'Rivas', 'Carrillo', 'Calle 15, Casa 53, Urb. La Castellana', 4),
(317, 10000317, 'Patricia', 'Maria', 'Duran', 'Reyes', 'Calle 9, Casa 152, Urb. Mariperez', 5),
(318, 10000318, 'Javier', 'Maria', 'Herrera', 'Rojas', 'Av. Universidad, Casa 13, Urb. La Florida', 6),
(319, 10000319, 'Diana', 'Ana', 'Reyes', 'Molina', 'Av. Bolivar, Casa 76, Urb. El Recreo', 7),
(320, 10000320, 'Carmen', 'Ana', 'Zambrano', 'Pena', 'Carrera 3, Casa 28, Urb. Los Cortijos', 8),
(321, 10000321, 'Luis', 'Jose', 'Medina', 'Rojas', 'Av. Lara, Casa 128, Urb. La Florida', 9),
(322, 10000322, 'Natalia', NULL, 'Rojas', 'Contreras', 'Av. Francisco de Miranda, Casa 166, Urb. Las Mercedes', 10),
(323, 10000323, 'Olga', 'Rosa', 'Rivas', 'Castro', 'Calle 10, Casa 42, Urb. Campo Alegre', 11),
(324, 10000324, 'Alberto', 'Maria', 'Rivera', 'Zambrano', 'Calle 9, Casa 45, Urb. Las Mercedes', 12),
(325, 10000325, 'Diana', 'Maria', 'Rodriguez', 'Blanco', 'Calle Principal, Casa 10, Urb. Santa Monica', 1),
(326, 10000326, 'Camila', 'Carlos', 'Delgado', 'Leon', 'Calle 20, Casa 141, Urb. Los Samanes', 2),
(327, 10000327, 'Alberto', 'Luis', 'Hernandez', 'Moreno', 'Av. Libertador, Casa 52, Urb. Santa Monica', 3),
(328, 10000328, 'Karen', 'Sofia', 'Rojas', 'Ortiz', 'Av. Libertador, Casa 22, Urb. Los Cortijos', 4),
(329, 10000329, 'Elena', NULL, 'Jimenez', 'Rojas', 'Calle 9, Casa 163, Urb. El Paraiso', 5),
(330, 10000330, 'Orlando', 'Rosa', 'Lopez', NULL, 'Carrera 5, Casa 140, Urb. Los Palos Grandes', 6),
(331, 10000331, 'Maria', 'Ana', 'Cordero', 'Rojas', 'Carrera 5, Casa 196, Urb. Bello Monte', 7),
(332, 10000332, 'Zulema', 'Miguel', 'Cordero', 'Herrera', 'Av. Libertador, Casa 95, Urb. La Florida', 8),
(333, 10000333, 'Yorman', 'Pedro', 'Pena', 'Torres', 'Calle 9, Casa 1, Urb. Las Acacias', 9),
(334, 10000334, 'Juliet', 'Miguel', 'Cruz', 'Alvarez', 'Calle 20, Casa 79, Urb. La Castellana', 10),
(335, 10000335, 'Karen', NULL, 'Cordero', 'Cabrera', 'Av. Libertador, Casa 121, Urb. El Paraiso', 11),
(336, 10000336, 'Orlando', 'Jose', 'Rojas', 'Duran', 'Av. Francisco de Miranda, Casa 146, Urb. Los Palos Grandes', 12),
(337, 10000337, 'Alicia', 'Maria', 'Vega', 'Pena', 'Calle Principal, Casa 12, Urb. Baruta', 1),
(338, 10000338, 'Zulema', 'Maria', 'Castro', 'Gutierrez', 'Av. Rio de Janeiro, Casa 82, Urb. Santa Monica', 2),
(339, 10000339, 'Luis', 'Jose', 'Blanco', 'Garcia', 'Carrera 6, Casa 72, Urb. Bello Monte', 3),
(340, 10000340, 'Mariana', 'Carlos', 'Reyes', 'Garcia', 'Av. Francisco de Miranda, Casa 10, Urb. Baruta', 4),
(341, 10000341, 'Camila', 'Jose', 'Acosta', NULL, 'Calle Principal, Casa 105, Urb. Las Mercedes', 5),
(342, 10000342, 'Hugo', 'Sofia', 'Jimenez', 'Fuentes', 'Av. Francisco de Miranda, Casa 28, Urb. Las Acacias', 6),
(343, 10000343, 'Tatiana', 'Rosa', 'Gutierrez', 'Cabrera', 'Av. Bolivar, Casa 49, Urb. La Florida', 7),
(344, 10000344, 'Sara', 'Ana', 'Soto', 'Escobar', 'Carrera 12, Casa 72, Urb. San Bernardino', 8),
(345, 10000345, 'Roberto', 'Sofia', 'Rivas', 'Flores', 'Carrera 2, Casa 192, Urb. Altamira', 9),
(346, 10000346, 'Gloria', 'Pedro', 'Rodriguez', 'Cordero', 'Carrera 6, Casa 118, Urb. El Paraiso', 10),
(347, 10000347, 'Fernanda', 'Pedro', 'Molina', 'Cruz', 'Av. Francisco de Miranda, Casa 136, Urb. Altamira', 11),
(348, 10000348, 'Walter', 'Ana', 'Paredes', 'Campos', 'Av. Libertador, Casa 148, Urb. Los Samanes', 12),
(349, 10000349, 'Irene', 'Luis', 'Campos', 'Gutierrez', 'Calle 20, Casa 140, Urb. Sebucan', 1),
(350, 10000350, 'Carolina', 'Rosa', 'Fuentes', 'Cespedes', 'Carrera 12, Casa 17, Urb. El Recreo', 2),
(351, 10000351, 'Tomas', 'Rosa', 'Alvarez', 'Mendoza', 'Carrera 5, Casa 39, Urb. Chapultepec', 3),
(352, 10000352, 'Karen', 'Ana', 'Escobar', 'Cespedes', 'Av. Lara, Casa 41, Urb. Los Cortijos', 4),
(353, 10000353, 'Elena', 'Jose', 'Leon', 'Vega', 'Carrera 6, Casa 54, Urb. El Hatillo', 5),
(354, 10000354, 'Walter', 'Maria', 'Rodriguez', 'Blanco', 'Calle 15, Casa 71, Urb. La Castellana', 6),
(355, 10000355, 'Gloria', 'Maria', 'Sanchez', 'Castro', 'Calle 15, Casa 177, Urb. Altamira', 7),
(356, 10000356, 'Zulema', NULL, 'Rodriguez', 'Rivera', 'Carrera 2, Casa 157, Urb. La Florida', 8),
(357, 10000357, 'Luis', 'Jose', 'Garcia', 'Martinez', 'Carrera 8, Casa 178, Urb. El Paraiso', 9),
(358, 10000358, 'Diana', 'Sofia', 'Torres', 'Fuentes', 'Calle 4, Casa 32, Urb. El Paraiso', 10),
(359, 10000359, 'Yolanda', 'Pedro', 'Paredes', 'Garcia', 'Av. Universidad, Casa 189, Urb. Bello Monte', 11),
(360, 10000360, 'Pedro', 'Sofia', 'Perez', 'Sanchez', 'Calle 4, Casa 59, Urb. Campo Alegre', 12),
(361, 10000361, 'Gloria', 'Jose', 'Ramirez', 'Mendoza', 'Carrera 8, Casa 157, Urb. Mariperez', 1),
(362, 10000362, 'Andrea', 'Rosa', 'Hernandez', 'Rodriguez', 'Calle 10, Casa 63, Urb. Sebucan', 2),
(363, 10000363, 'Luis', 'Ana', 'Castillo', 'Garcia', 'Calle 10, Casa 165, Urb. San Bernardino', 3),
(364, 10000364, 'Camila', 'Ana', 'Hernandez', 'Jimenez', 'Calle 4, Casa 95, Urb. La Florida', 4),
(365, 10000365, 'Monica', 'Jose', 'Cruz', 'Ramirez', 'Calle 7, Casa 22, Urb. El Paraiso', 5),
(366, 10000366, 'Xavier', 'Jose', 'Cabrera', 'Ramirez', 'Calle 7, Casa 134, Urb. Baruta', 6),
(367, 10000367, 'Laura', 'Sofia', 'Martinez', 'Campos', 'Carrera 6, Casa 99, Urb. Bello Monte', 7),
(368, 10000368, 'Gabriela', NULL, 'Herrera', 'Soto', 'Calle 9, Casa 35, Urb. Los Samanes', 8),
(369, 10000369, 'Carlos', 'Rosa', 'Leon', 'Fuentes', 'Calle 10, Casa 72, Urb. Chapultepec', 9),
(370, 10000370, 'Camila', 'Sofia', 'Campos', 'Medina', 'Calle Principal, Casa 136, Urb. Baruta', 10),
(371, 10000371, 'Maria', 'Rosa', 'Hernandez', 'Cespedes', 'Carrera 3, Casa 136, Urb. Las Mercedes', 11),
(372, 10000372, 'Sergio', 'Miguel', 'Escobar', 'Garcia', 'Av. Lara, Casa 127, Urb. El Paraiso', 12),
(373, 10000373, 'Carolina', 'Jose', 'Medina', 'Aguilar', 'Carrera 12, Casa 198, Urb. Los Palos Grandes', 1),
(374, 10000374, 'Martha', 'Pedro', 'Vargas', 'Delgado', 'Carrera 12, Casa 45, Urb. El Hatillo', 2),
(375, 10000375, 'Marco', 'Rosa', 'Rivas', 'Garcia', 'Av. Lara, Casa 4, Urb. Mariperez', 3),
(376, 10000376, 'Daniela', NULL, 'Rojas', 'Lopez', 'Carrera 8, Casa 1, Urb. Altamira', 4),
(377, 10000377, 'Rosa', 'Ana', 'Martinez', 'Silva', 'Calle Principal, Casa 66, Urb. El Paraiso', 5),
(378, 10000378, 'Francisco', NULL, 'Duran', 'Castillo', 'Carrera 3, Casa 184, Urb. Bello Monte', 6),
(379, 10000379, 'Patricia', 'Luis', 'Ramirez', 'Rojas', 'Av. Los Ilustres, Casa 107, Urb. El Hatillo', 7),
(380, 10000380, 'Ana', 'Rosa', 'Campos', 'Pena', 'Calle 20, Casa 20, Urb. La Florida', 8),
(381, 10000381, 'Antonio', NULL, 'Aguilar', 'Herrera', 'Av. Lara, Casa 32, Urb. Los Samanes', 9),
(382, 10000382, 'Hailey', 'Maria', 'Morales', 'Rivera', 'Carrera 5, Casa 183, Urb. Sebucan', 10),
(383, 10000383, 'Rocio', 'Luis', 'Aguilar', 'Mendoza', 'Calle 4, Casa 199, Urb. Los Palos Grandes', 11),
(384, 10000384, 'Manuel', 'Miguel', 'Castillo', 'Vega', 'Calle 15, Casa 54, Urb. Las Acacias', 12),
(385, 10000385, 'Priscila', 'Ana', 'Rivas', 'Blanco', 'Av. Rio de Janeiro, Casa 82, Urb. La Castellana', 1),
(386, 10000386, 'Zulema', NULL, 'Soto', 'Flores', 'Carrera 3, Casa 88, Urb. La Florida', 2),
(387, 10000387, 'Rafael', 'Rosa', 'Escobar', 'Cabrera', 'Calle 10, Casa 180, Urb. Las Acacias', 3),
(388, 10000388, 'Alejandra', 'Carlos', 'Silva', 'Rivas', 'Av. Universidad, Casa 110, Urb. La Florida', 4),
(389, 10000389, 'Sara', 'Luis', 'Carrillo', 'Mendoza', 'Av. Universidad, Casa 30, Urb. La Florida', 5),
(390, 10000390, 'Daniel', 'Ana', 'Pena', 'Perez', 'Calle 4, Casa 102, Urb. El Recreo', 6),
(391, 10000391, 'Alejandra', NULL, 'Rojas', 'Miranda', 'Carrera 5, Casa 74, Urb. La Florida', 7),
(392, 10000392, 'Monica', 'Jose', 'Martinez', 'Carrillo', 'Carrera 6, Casa 81, Urb. Los Cortijos', 8),
(393, 10000393, 'Xavier', 'Carlos', 'Soto', 'Cabrera', 'Av. Libertador, Casa 39, Urb. Los Naranjos', 9),
(394, 10000394, 'Isabella', 'Ana', 'Rivas', 'Leon', 'Carrera 5, Casa 21, Urb. Los Cortijos', 10),
(395, 10000395, 'Romina', 'Jose', 'Jimenez', 'Martinez', 'Calle Principal, Casa 57, Urb. Baruta', 11),
(396, 10000396, 'Leonardo', 'Ana', 'Castro', NULL, 'Av. Libertador, Casa 131, Urb. Baruta', 12),
(397, 10000397, 'Romina', 'Maria', 'Zambrano', 'Navarro', 'Av. Francisco de Miranda, Casa 114, Urb. El Hatillo', 1),
(398, 10000398, 'Daniela', 'Miguel', 'Alvarez', 'Cruz', 'Av. Libertador, Casa 37, Urb. Sebucan', 2);
-- MONITOR ACTIVIDAD SOSPECHOSA (200 registros)
INSERT INTO MonitorActividadSopechosa (idMonitorActividadSopechosa, fechaHora, ClienteNatural_idClienteNatural) VALUES
(1, '2024-01-01 00:00:00', 1),
(2, '2024-01-01 00:00:00', 2),
(3, '2024-01-01 00:00:00', 3),
(4, '2024-01-01 00:00:00', 4),
(5, '2024-01-01 00:00:00', 5),
(6, '2024-01-01 00:00:00', 6),
(7, '2024-01-01 00:00:00', 7),
(8, '2024-01-01 00:00:00', 8),
(9, '2024-01-01 00:00:00', 9),
(10, '2024-01-01 00:00:00', 10),
(11, '2024-01-01 00:00:00', 11),
(12, '2024-01-01 00:00:00', 12),
(13, '2024-01-01 00:00:00', 13),
(14, '2024-01-01 00:00:00', 14),
(15, '2024-01-01 00:00:00', 15),
(16, '2024-01-01 00:00:00', 16),
(17, '2024-01-01 00:00:00', 17),
(18, '2024-01-01 00:00:00', 18),
(19, '2024-01-01 00:00:00', 19),
(20, '2024-01-01 00:00:00', 20),
(21, '2024-01-01 00:00:00', 21),
(22, '2024-01-01 00:00:00', 22),
(23, '2024-01-01 00:00:00', 23),
(24, '2024-01-01 00:00:00', 24),
(25, '2024-01-01 00:00:00', 25),
(26, '2024-01-01 00:00:00', 26),
(27, '2024-01-01 00:00:00', 27),
(28, '2024-01-01 00:00:00', 28),
(29, '2024-01-01 00:00:00', 29),
(30, '2024-01-01 00:00:00', 30),
(31, '2024-01-01 00:00:00', 31),
(32, '2024-01-01 00:00:00', 32),
(33, '2024-01-01 00:00:00', 33),
(34, '2024-01-01 00:00:00', 34),
(35, '2024-01-01 00:00:00', 35),
(36, '2024-01-01 00:00:00', 36),
(37, '2024-01-01 00:00:00', 37),
(38, '2024-01-01 00:00:00', 38),
(39, '2024-01-01 00:00:00', 39),
(40, '2024-01-01 00:00:00', 40),
(41, '2024-01-01 00:00:00', 41),
(42, '2024-01-01 00:00:00', 42),
(43, '2024-01-01 00:00:00', 43),
(44, '2024-01-01 00:00:00', 44),
(45, '2024-01-01 00:00:00', 45),
(46, '2024-01-01 00:00:00', 46),
(47, '2024-01-01 00:00:00', 47),
(48, '2024-01-01 00:00:00', 48),
(49, '2024-01-01 00:00:00', 49),
(50, '2024-01-01 00:00:00', 50),
(51, '2024-01-01 00:00:00', 51),
(52, '2024-01-01 00:00:00', 52),
(53, '2024-01-01 00:00:00', 53),
(54, '2024-01-01 00:00:00', 54),
(55, '2024-01-01 00:00:00', 55),
(56, '2024-01-01 00:00:00', 56),
(57, '2024-01-01 00:00:00', 57),
(58, '2024-01-01 00:00:00', 58),
(59, '2024-01-01 00:00:00', 59),
(60, '2024-01-01 00:00:00', 60),
(61, '2024-01-01 00:00:00', 61),
(62, '2024-01-01 00:00:00', 62),
(63, '2024-01-01 00:00:00', 63),
(64, '2024-01-01 00:00:00', 64),
(65, '2024-01-01 00:00:00', 65),
(66, '2024-01-01 00:00:00', 66),
(67, '2024-01-01 00:00:00', 67),
(68, '2024-01-01 00:00:00', 68),
(69, '2024-01-01 00:00:00', 69),
(70, '2024-01-01 00:00:00', 70),
(71, '2024-01-01 00:00:00', 71),
(72, '2024-01-01 00:00:00', 72),
(73, '2024-01-01 00:00:00', 73),
(74, '2024-01-01 00:00:00', 74),
(75, '2024-01-01 00:00:00', 75),
(76, '2024-01-01 00:00:00', 76),
(77, '2024-01-01 00:00:00', 77),
(78, '2024-01-01 00:00:00', 78),
(79, '2024-01-01 00:00:00', 79),
(80, '2024-01-01 00:00:00', 80),
(81, '2024-01-01 00:00:00', 81),
(82, '2024-01-01 00:00:00', 82),
(83, '2024-01-01 00:00:00', 83),
(84, '2024-01-01 00:00:00', 84),
(85, '2024-01-01 00:00:00', 85),
(86, '2024-01-01 00:00:00', 86),
(87, '2024-01-01 00:00:00', 87),
(88, '2024-01-01 00:00:00', 88),
(89, '2024-01-01 00:00:00', 89),
(90, '2024-01-01 00:00:00', 90),
(91, '2024-01-01 00:00:00', 91),
(92, '2024-01-01 00:00:00', 92),
(93, '2024-01-01 00:00:00', 93),
(94, '2024-01-01 00:00:00', 94),
(95, '2024-01-01 00:00:00', 95),
(96, '2024-01-01 00:00:00', 96),
(97, '2024-01-01 00:00:00', 97),
(98, '2024-01-01 00:00:00', 98),
(99, '2024-01-01 00:00:00', 99),
(100, '2024-01-01 00:00:00', 100),
(101, '2024-01-01 00:00:00', 101),
(102, '2024-01-01 00:00:00', 102),
(103, '2024-01-01 00:00:00', 103),
(104, '2024-01-01 00:00:00', 104),
(105, '2024-01-01 00:00:00', 105),
(106, '2024-01-01 00:00:00', 106),
(107, '2024-01-01 00:00:00', 107),
(108, '2024-01-01 00:00:00', 108),
(109, '2024-01-01 00:00:00', 109),
(110, '2024-01-01 00:00:00', 110),
(111, '2024-01-01 00:00:00', 111),
(112, '2024-01-01 00:00:00', 112),
(113, '2024-01-01 00:00:00', 113),
(114, '2024-01-01 00:00:00', 114),
(115, '2024-01-01 00:00:00', 115),
(116, '2024-01-01 00:00:00', 116),
(117, '2024-01-01 00:00:00', 117),
(118, '2024-01-01 00:00:00', 118),
(119, '2024-01-01 00:00:00', 119),
(120, '2024-01-01 00:00:00', 120),
(121, '2024-01-01 00:00:00', 121),
(122, '2024-01-01 00:00:00', 122),
(123, '2024-01-01 00:00:00', 123),
(124, '2024-01-01 00:00:00', 124),
(125, '2024-01-01 00:00:00', 125),
(126, '2024-01-01 00:00:00', 126),
(127, '2024-01-01 00:00:00', 127),
(128, '2024-01-01 00:00:00', 128),
(129, '2024-01-01 00:00:00', 129),
(130, '2024-01-01 00:00:00', 130),
(131, '2024-01-01 00:00:00', 131),
(132, '2024-01-01 00:00:00', 132),
(133, '2024-01-01 00:00:00', 133),
(134, '2024-01-01 00:00:00', 134),
(135, '2024-01-01 00:00:00', 135),
(136, '2024-01-01 00:00:00', 136),
(137, '2024-01-01 00:00:00', 137),
(138, '2024-01-01 00:00:00', 138),
(139, '2024-01-01 00:00:00', 139),
(140, '2024-01-01 00:00:00', 140),
(141, '2024-01-01 00:00:00', 141),
(142, '2024-01-01 00:00:00', 142),
(143, '2024-01-01 00:00:00', 143),
(144, '2024-01-01 00:00:00', 144),
(145, '2024-01-01 00:00:00', 145),
(146, '2024-01-01 00:00:00', 146),
(147, '2024-01-01 00:00:00', 147),
(148, '2024-01-01 00:00:00', 148),
(149, '2024-01-01 00:00:00', 149),
(150, '2024-01-01 00:00:00', 150),
(151, '2024-01-01 00:00:00', 151),
(152, '2024-01-01 00:00:00', 152),
(153, '2024-01-01 00:00:00', 153),
(154, '2024-01-01 00:00:00', 154),
(155, '2024-01-01 00:00:00', 155),
(156, '2024-01-01 00:00:00', 156),
(157, '2024-01-01 00:00:00', 157),
(158, '2024-01-01 00:00:00', 158),
(159, '2024-01-01 00:00:00', 159),
(160, '2024-01-01 00:00:00', 160),
(161, '2024-01-01 00:00:00', 161),
(162, '2024-01-01 00:00:00', 162),
(163, '2024-01-01 00:00:00', 163),
(164, '2024-01-01 00:00:00', 164),
(165, '2024-01-01 00:00:00', 165),
(166, '2024-01-01 00:00:00', 166),
(167, '2024-01-01 00:00:00', 167),
(168, '2024-01-01 00:00:00', 168),
(169, '2024-01-01 00:00:00', 169),
(170, '2024-01-01 00:00:00', 170),
(171, '2024-01-01 00:00:00', 171),
(172, '2024-01-01 00:00:00', 172),
(173, '2024-01-01 00:00:00', 173),
(174, '2024-01-01 00:00:00', 174),
(175, '2024-01-01 00:00:00', 175),
(176, '2024-01-01 00:00:00', 176),
(177, '2024-01-01 00:00:00', 177),
(178, '2024-01-01 00:00:00', 178),
(179, '2024-01-01 00:00:00', 179),
(180, '2024-01-01 00:00:00', 180),
(181, '2024-01-01 00:00:00', 181),
(182, '2024-01-01 00:00:00', 182),
(183, '2024-01-01 00:00:00', 183),
(184, '2024-01-01 00:00:00', 184),
(185, '2024-01-01 00:00:00', 185),
(186, '2024-01-01 00:00:00', 186),
(187, '2024-01-01 00:00:00', 187),
(188, '2024-01-01 00:00:00', 188),
(189, '2024-01-01 00:00:00', 189),
(190, '2024-01-01 00:00:00', 190),
(191, '2024-01-01 00:00:00', 191),
(192, '2024-01-01 00:00:00', 192),
(193, '2024-01-01 00:00:00', 193),
(194, '2024-01-01 00:00:00', 194),
(195, '2024-01-01 00:00:00', 195),
(196, '2024-01-01 00:00:00', 196),
(197, '2024-01-01 00:00:00', 197),
(198, '2024-01-01 00:00:00', 198),
(199, '2024-01-01 00:00:00', 199),
(200, '2024-01-01 00:00:00', 200);

-- Vincular ClienteNatural con su MonitorActividadSopechosa (1:1)
UPDATE ClienteNatural SET MonitorActividadSopechosa_idMonitorActividadSopechosa = idClienteNatural WHERE idClienteNatural BETWEEN 1 AND 200;

-- BACKORDER (IDs 11-1210)
INSERT INTO BackOrder (idBackOrder, cantidadPendiente, precioOriginalPactado, fechaGeneracion, estatus) VALUES
(11, 5756, 22.25, '2025-03-08', 1),
(12, 8090, 37.55, '2025-04-04', 1),
(13, 3348, 23.1, '2025-06-18', 1),
(14, 6723, 71.54, '2025-03-03', 1),
(15, 9474, 33.85, '2025-05-07', 1),
(16, 7552, 29.48, '2025-10-07', 1),
(17, 5670, 20.65, '2025-10-18', 2),
(18, 6792, 34.79, '2025-06-06', 2),
(19, 9860, 40.47, '2025-02-04', 2),
(20, 1424, 73.3, '2025-06-19', 1),
(21, 1066, 47.11, '2025-06-04', 1),
(22, 6647, 61.92, '2025-05-12', 1),
(23, 7713, 61.7, '2025-07-08', 1),
(24, 4607, 53.8, '2025-03-04', 1),
(25, 9154, 39.57, '2025-06-07', 2),
(26, 4104, 22.79, '2025-06-02', 2),
(27, 2495, 21.76, '2025-09-02', 2),
(28, 1174, 60.45, '2025-11-23', 1),
(29, 2445, 33.89, '2025-02-04', 2),
(30, 1147, 27.06, '2025-01-10', 2),
(31, 9842, 45.59, '2025-05-13', 1),
(32, 8559, 56.06, '2025-03-03', 1),
(33, 4566, 35.5, '2025-10-09', 2),
(34, 7762, 71.99, '2025-02-10', 2),
(35, 8426, 76.01, '2025-09-08', 1),
(36, 1448, 71.41, '2025-06-16', 2),
(37, 5893, 66.63, '2025-10-07', 1),
(38, 5764, 49.19, '2025-03-25', 2),
(39, 1857, 58.62, '2025-03-23', 1),
(40, 9096, 66.71, '2025-02-03', 1),
(41, 4703, 28.65, '2025-03-06', 1),
(42, 3504, 25.55, '2025-10-19', 1),
(43, 1118, 61.05, '2025-07-12', 2),
(44, 4652, 58.98, '2025-11-14', 1),
(45, 3719, 35.1, '2025-09-16', 2),
(46, 4660, 27.37, '2025-03-19', 1),
(47, 7193, 55.53, '2025-02-10', 1),
(48, 3302, 74.12, '2025-09-07', 2),
(49, 8370, 35.58, '2025-01-11', 2),
(50, 1438, 20.31, '2025-08-03', 1),
(51, 9961, 36.92, '2025-08-14', 1),
(52, 7155, 22.41, '2025-01-23', 1),
(53, 3206, 72.86, '2025-11-10', 2),
(54, 1870, 34.69, '2025-04-14', 1),
(55, 5536, 32.05, '2025-11-05', 2),
(56, 6785, 40.64, '2025-08-13', 2),
(57, 4905, 79.55, '2025-01-16', 2),
(58, 1651, 50.8, '2025-10-14', 1),
(59, 5101, 67.78, '2025-09-13', 2),
(60, 6947, 42.14, '2025-03-08', 1),
(61, 5616, 49.8, '2025-06-13', 1),
(62, 7245, 37.49, '2025-03-22', 1),
(63, 9161, 40.17, '2025-11-26', 1),
(64, 8560, 37.68, '2025-03-18', 2),
(65, 7982, 35.18, '2025-05-11', 2),
(66, 2387, 39.8, '2025-11-18', 2),
(67, 1815, 26.48, '2025-08-10', 1),
(68, 2759, 28.34, '2025-10-04', 2),
(69, 4548, 55.5, '2025-07-05', 2),
(70, 9986, 73.93, '2025-06-21', 2),
(71, 3121, 67.62, '2025-03-24', 1),
(72, 4980, 35.79, '2025-06-11', 2),
(73, 9154, 55.2, '2025-09-06', 1),
(74, 8826, 41.32, '2025-04-08', 1),
(75, 3069, 28.46, '2025-01-23', 2),
(76, 1516, 70.75, '2025-03-16', 2),
(77, 3817, 54.99, '2025-05-06', 1),
(78, 6948, 31.95, '2025-07-10', 2),
(79, 8275, 37.55, '2025-10-19', 2),
(80, 3488, 34.68, '2025-05-16', 1),
(81, 9642, 28.11, '2025-02-22', 2),
(82, 1750, 75.07, '2025-02-08', 1),
(83, 5453, 51.99, '2025-01-26', 2),
(84, 3733, 25.4, '2025-10-01', 1),
(85, 1223, 65.37, '2025-07-05', 2),
(86, 7678, 66.17, '2025-11-25', 1),
(87, 8933, 68.6, '2025-11-14', 2),
(88, 8833, 53.48, '2025-02-23', 2),
(89, 9122, 25.64, '2025-09-25', 1),
(90, 7550, 57.09, '2025-06-19', 2),
(91, 2406, 75.51, '2025-05-09', 1),
(92, 2643, 29.78, '2025-09-07', 2),
(93, 2587, 57.78, '2025-05-18', 1),
(94, 6227, 58.11, '2025-04-24', 2),
(95, 9463, 24.72, '2025-03-11', 2),
(96, 3340, 52.92, '2025-03-19', 2),
(97, 9500, 76.43, '2025-11-06', 2),
(98, 6755, 33.03, '2025-02-08', 2),
(99, 9021, 49.16, '2025-05-03', 1),
(100, 3066, 60.33, '2025-02-18', 1),
(101, 1901, 65.82, '2025-03-01', 2),
(102, 7611, 64.86, '2025-03-02', 2),
(103, 8903, 65.71, '2025-06-14', 1),
(104, 8541, 72.96, '2025-06-21', 1),
(105, 2626, 38.08, '2025-11-16', 1),
(106, 7573, 31.88, '2025-01-16', 2),
(107, 3651, 27.92, '2025-06-20', 1),
(108, 8767, 75.07, '2025-09-25', 1),
(109, 6978, 31.39, '2025-01-17', 1),
(110, 4728, 62.79, '2025-03-21', 1),
(111, 9229, 24.88, '2025-03-04', 1),
(112, 9426, 67.8, '2025-02-06', 2),
(113, 5556, 63.54, '2025-11-25', 2),
(114, 2979, 60.52, '2025-04-18', 2),
(115, 9265, 74.3, '2025-01-22', 2),
(116, 9730, 61.28, '2025-02-13', 1),
(117, 5788, 77.43, '2025-09-19', 2),
(118, 8699, 40.02, '2025-05-26', 2),
(119, 4801, 24.18, '2025-06-27', 1),
(120, 8316, 36.16, '2025-10-01', 1),
(121, 2102, 54.7, '2025-05-14', 2),
(122, 5573, 31.41, '2025-11-23', 1),
(123, 5652, 53.25, '2025-08-13', 2),
(124, 7178, 41.16, '2025-11-02', 1),
(125, 5790, 46.62, '2025-06-15', 2),
(126, 8439, 65.03, '2025-11-21', 2),
(127, 4969, 29.12, '2025-07-09', 1),
(128, 7063, 23.56, '2025-02-05', 1),
(129, 3576, 75.57, '2025-09-09', 1),
(130, 2534, 27.94, '2025-08-23', 1),
(131, 6520, 79.11, '2025-08-02', 2),
(132, 3479, 51.86, '2025-03-11', 1),
(133, 9624, 73.79, '2025-08-25', 1),
(134, 7580, 52.1, '2025-02-14', 1),
(135, 8007, 61.96, '2025-05-13', 2),
(136, 9702, 65.92, '2025-01-12', 1),
(137, 9241, 64.52, '2025-08-13', 2),
(138, 1067, 40.89, '2025-02-09', 2),
(139, 4763, 22.03, '2025-03-16', 1),
(140, 7958, 78.92, '2025-01-13', 2),
(141, 2443, 54.56, '2025-06-05', 1),
(142, 6126, 72.53, '2025-05-01', 2),
(143, 3468, 46.12, '2025-10-25', 1),
(144, 1110, 73.09, '2025-07-23', 2),
(145, 6355, 75.7, '2025-07-10', 2),
(146, 5572, 66.49, '2025-05-18', 2),
(147, 6238, 22.84, '2025-08-24', 2),
(148, 1920, 52.77, '2025-09-24', 1),
(149, 1479, 32.68, '2025-02-23', 1),
(150, 6239, 50.6, '2025-01-17', 1),
(151, 8523, 46.15, '2025-06-13', 2),
(152, 4971, 71.2, '2025-08-02', 2),
(153, 4685, 35.77, '2025-10-15', 2),
(154, 2023, 57.73, '2025-03-06', 1),
(155, 2841, 32.03, '2025-02-24', 1),
(156, 7624, 60.24, '2025-01-20', 2),
(157, 8319, 77.4, '2025-08-27', 2),
(158, 3812, 30.1, '2025-03-08', 1),
(159, 9117, 21.55, '2025-11-25', 2),
(160, 6220, 77.91, '2025-01-20', 2),
(161, 8485, 46.51, '2025-09-01', 2),
(162, 7884, 45.96, '2025-09-12', 1),
(163, 4616, 52.63, '2025-11-23', 1),
(164, 6018, 67.6, '2025-11-22', 1),
(165, 2728, 20.66, '2025-06-17', 2),
(166, 2619, 46.69, '2025-11-13', 2),
(167, 3658, 69.06, '2025-09-19', 2),
(168, 5018, 20.68, '2025-02-14', 1),
(169, 3048, 51.4, '2025-02-14', 2),
(170, 3971, 70.54, '2025-10-26', 1),
(171, 9366, 63.33, '2025-09-20', 1),
(172, 5046, 64.48, '2025-11-23', 2),
(173, 5932, 46.65, '2025-05-21', 2),
(174, 4957, 49.82, '2025-03-03', 1),
(175, 9897, 30.61, '2025-07-04', 1),
(176, 8428, 66.99, '2025-01-12', 1),
(177, 8888, 42.09, '2025-03-04', 2),
(178, 3153, 46.25, '2025-08-13', 2),
(179, 9973, 41.28, '2025-06-11', 2),
(180, 3997, 21.17, '2025-03-09', 1),
(181, 4809, 28.92, '2025-09-15', 1),
(182, 5223, 79.76, '2025-07-18', 1),
(183, 5940, 27.54, '2025-10-06', 1),
(184, 2443, 28.78, '2025-07-03', 2),
(185, 3705, 76.11, '2025-08-13', 2),
(186, 2127, 74.41, '2025-05-27', 2),
(187, 6195, 50.24, '2025-09-13', 2),
(188, 6265, 41.2, '2025-09-15', 2),
(189, 7561, 45.88, '2025-11-09', 2),
(190, 5212, 35.69, '2025-06-10', 1),
(191, 5725, 31.01, '2025-08-09', 1),
(192, 6220, 29.73, '2025-09-20', 2),
(193, 1110, 67.53, '2025-07-17', 1),
(194, 6275, 66.79, '2025-08-03', 2),
(195, 7501, 37.44, '2025-07-10', 2),
(196, 5428, 50.37, '2025-03-17', 1),
(197, 1628, 78.02, '2025-05-10', 1),
(198, 1797, 39.12, '2025-11-21', 1),
(199, 1850, 23.26, '2025-11-09', 2),
(200, 5416, 32.57, '2025-10-09', 2),
(201, 9812, 68.2, '2025-06-24', 1),
(202, 1343, 59.39, '2025-09-15', 1),
(203, 4133, 49.62, '2025-05-09', 2),
(204, 4859, 46.13, '2025-02-19', 2),
(205, 1183, 58.98, '2025-01-10', 2),
(206, 8880, 48.86, '2025-10-14', 2),
(207, 2266, 62.59, '2025-06-27', 1),
(208, 8370, 33.76, '2025-11-20', 2),
(209, 3162, 40.29, '2025-03-26', 1),
(210, 5016, 41.27, '2025-06-11', 2),
(211, 3314, 50.51, '2025-07-20', 1),
(212, 7331, 65.73, '2025-07-04', 1),
(213, 7172, 24.99, '2025-03-15', 1),
(214, 7229, 32.41, '2025-02-16', 1),
(215, 7623, 54.12, '2025-06-26', 2),
(216, 9088, 29.72, '2025-05-10', 2),
(217, 9645, 32.18, '2025-05-08', 2),
(218, 9587, 56.89, '2025-04-01', 2),
(219, 9152, 77.13, '2025-07-08', 2),
(220, 3467, 34.44, '2025-05-18', 1),
(221, 7001, 74.28, '2025-09-25', 1),
(222, 9089, 54.61, '2025-06-03', 1),
(223, 1890, 38.64, '2025-02-27', 1),
(224, 5592, 20.08, '2025-04-08', 1),
(225, 2161, 63.35, '2025-07-19', 1),
(226, 2689, 27.6, '2025-10-05', 1),
(227, 6775, 25.83, '2025-02-25', 2),
(228, 3438, 62.36, '2025-02-03', 2),
(229, 2296, 35.35, '2025-06-04', 2),
(230, 6407, 74.96, '2025-02-12', 2),
(231, 4923, 60.19, '2025-08-16', 2),
(232, 1629, 25.81, '2025-07-14', 2),
(233, 2407, 58.48, '2025-05-27', 1),
(234, 5217, 70.47, '2025-03-04', 2),
(235, 4932, 64.1, '2025-07-12', 2),
(236, 1962, 78.93, '2025-04-08', 2),
(237, 4211, 35.96, '2025-03-19', 2),
(238, 3762, 37.83, '2025-03-03', 2),
(239, 1421, 52.2, '2025-04-16', 2),
(240, 1396, 66.96, '2025-06-03', 2),
(241, 1466, 60.42, '2025-03-27', 1),
(242, 6137, 64.16, '2025-08-01', 2),
(243, 2019, 71.4, '2025-07-14', 2),
(244, 4915, 72.72, '2025-06-07', 2),
(245, 6074, 49.42, '2025-05-25', 1),
(246, 1841, 67.58, '2025-04-03', 1),
(247, 2498, 51.52, '2025-08-24', 1),
(248, 7005, 52.82, '2025-08-07', 1),
(249, 2202, 58.62, '2025-05-15', 1),
(250, 9880, 40.82, '2025-02-13', 2),
(251, 2097, 20.23, '2025-04-11', 2),
(252, 5087, 36.46, '2025-03-12', 2),
(253, 2793, 50.4, '2025-10-01', 1),
(254, 7902, 21.12, '2025-03-12', 2),
(255, 5958, 79.86, '2025-10-20', 1),
(256, 6000, 36.76, '2025-02-25', 1),
(257, 3259, 57.9, '2025-04-11', 2),
(258, 9107, 51.73, '2025-05-22', 1),
(259, 6819, 26.72, '2025-04-17', 2),
(260, 3157, 46.56, '2025-10-11', 2),
(261, 9307, 49.96, '2025-10-21', 1),
(262, 7984, 65.31, '2025-10-11', 1),
(263, 8957, 45.99, '2025-09-02', 1),
(264, 5547, 38.01, '2025-01-09', 1),
(265, 5455, 58.57, '2025-10-01', 2),
(266, 5821, 70.56, '2025-08-01', 2),
(267, 6712, 36.07, '2025-03-26', 2),
(268, 5647, 27.43, '2025-09-03', 1),
(269, 5431, 76.57, '2025-06-01', 1),
(270, 5662, 33.36, '2025-05-20', 1),
(271, 8577, 72.07, '2025-01-24', 1),
(272, 9094, 58.84, '2025-09-10', 1),
(273, 6733, 79.2, '2025-05-05', 1),
(274, 3258, 60.93, '2025-07-27', 2),
(275, 1280, 21.06, '2025-01-09', 1),
(276, 8758, 38.27, '2025-11-06', 2),
(277, 8234, 51.37, '2025-04-12', 1),
(278, 3861, 38.93, '2025-06-22', 2),
(279, 6773, 46.86, '2025-07-16', 1),
(280, 1501, 69.21, '2025-06-18', 2),
(281, 8344, 22.4, '2025-04-16', 1),
(282, 7448, 66.19, '2025-11-14', 1),
(283, 5781, 60.08, '2025-08-03', 1),
(284, 8044, 65.36, '2025-01-24', 2),
(285, 1081, 20.64, '2025-09-14', 2),
(286, 3696, 24.69, '2025-02-22', 2),
(287, 9828, 57.11, '2025-11-24', 1),
(288, 6827, 57.01, '2025-04-02', 1),
(289, 4872, 21.46, '2025-11-10', 1),
(290, 4493, 24.22, '2025-07-27', 2),
(291, 2782, 22.59, '2025-10-01', 1),
(292, 9045, 22.41, '2025-10-09', 2),
(293, 2553, 35.26, '2025-03-06', 2),
(294, 2047, 79.32, '2025-08-02', 1),
(295, 8076, 35.06, '2025-03-25', 2),
(296, 1053, 36.56, '2025-10-14', 2),
(297, 2706, 38.01, '2025-05-07', 2),
(298, 7435, 66.23, '2025-10-24', 1),
(299, 9856, 58.17, '2025-08-11', 2),
(300, 4628, 75.86, '2025-03-04', 2),
(301, 9185, 34.36, '2025-10-02', 2),
(302, 4264, 28.86, '2025-03-17', 1),
(303, 6102, 55.06, '2025-09-27', 2),
(304, 7782, 23.03, '2025-04-23', 1),
(305, 3668, 31.69, '2025-08-07', 2),
(306, 9331, 64.64, '2025-01-23', 1),
(307, 3347, 51.04, '2025-01-18', 2),
(308, 1226, 62.63, '2025-02-05', 1),
(309, 9176, 77.87, '2025-04-03', 1),
(310, 6369, 53.14, '2025-09-09', 1),
(311, 2906, 52.86, '2025-06-20', 2),
(312, 8212, 48.64, '2025-08-05', 2),
(313, 7601, 47.76, '2025-05-10', 1),
(314, 2196, 73.61, '2025-02-03', 1),
(315, 3917, 57.18, '2025-07-09', 1),
(316, 2458, 72.08, '2025-03-08', 1),
(317, 4317, 40.56, '2025-01-16', 2),
(318, 3703, 24.66, '2025-03-23', 1),
(319, 9517, 75.31, '2025-04-03', 2),
(320, 4030, 68.03, '2025-09-25', 2),
(321, 6693, 68.14, '2025-09-19', 1),
(322, 3835, 33.39, '2025-10-26', 2),
(323, 8891, 77.07, '2025-07-04', 2),
(324, 1951, 33.34, '2025-08-22', 2),
(325, 3691, 22.22, '2025-10-04', 1),
(326, 3131, 20.91, '2025-10-14', 1),
(327, 9150, 36.44, '2025-04-09', 1),
(328, 7419, 45.64, '2025-08-01', 1),
(329, 7668, 79.3, '2025-07-09', 2),
(330, 5087, 73.34, '2025-04-26', 2),
(331, 2926, 63.58, '2025-03-07', 1),
(332, 6822, 46.13, '2025-11-08', 2),
(333, 5387, 32.84, '2025-11-17', 2),
(334, 8940, 65.25, '2025-11-02', 1),
(335, 6126, 78.57, '2025-07-22', 1),
(336, 1233, 70.21, '2025-08-10', 1),
(337, 7956, 24.93, '2025-06-18', 2),
(338, 3218, 67.12, '2025-07-17', 2),
(339, 4756, 63.72, '2025-07-25', 2),
(340, 7342, 56.88, '2025-04-04', 2),
(341, 2145, 20.66, '2025-02-27', 2),
(342, 1633, 22.19, '2025-08-01', 2),
(343, 2262, 46.19, '2025-10-10', 1),
(344, 4571, 33.43, '2025-07-14', 1),
(345, 8183, 31.67, '2025-02-26', 2),
(346, 1845, 26.96, '2025-10-20', 1),
(347, 3902, 43.77, '2025-02-11', 1),
(348, 3838, 43, '2025-04-08', 1),
(349, 7816, 67.39, '2025-07-07', 1),
(350, 2708, 67.58, '2025-03-03', 2),
(351, 3792, 72.75, '2025-09-23', 1),
(352, 3471, 78.77, '2025-07-27', 1),
(353, 5701, 39.21, '2025-05-24', 2),
(354, 6700, 54.96, '2025-04-19', 2),
(355, 1233, 20.56, '2025-06-16', 1),
(356, 4831, 74.44, '2025-10-06', 1),
(357, 5443, 77.21, '2025-08-09', 2),
(358, 7230, 58.15, '2025-10-09', 1),
(359, 7012, 38.02, '2025-05-07', 2),
(360, 7071, 20.88, '2025-10-12', 1),
(361, 5846, 22.42, '2025-11-26', 2),
(362, 9155, 49.68, '2025-05-12', 2),
(363, 3040, 49.91, '2025-03-08', 2),
(364, 4923, 24.79, '2025-08-11', 1),
(365, 5852, 75.47, '2025-11-02', 1),
(366, 2237, 51.89, '2025-01-26', 1),
(367, 6639, 58.37, '2025-10-20', 2),
(368, 4182, 28.81, '2025-11-02', 1),
(369, 7737, 32.29, '2025-02-16', 1),
(370, 5871, 32.22, '2025-04-11', 2),
(371, 8872, 36.42, '2025-08-24', 1),
(372, 1837, 37.25, '2025-04-27', 2),
(373, 4205, 38.38, '2025-09-04', 2),
(374, 2603, 31.22, '2025-03-15', 1),
(375, 8977, 71.52, '2025-10-15', 2),
(376, 9726, 70.54, '2025-03-04', 2),
(377, 1825, 42.23, '2025-09-27', 1),
(378, 4208, 22.33, '2025-07-12', 2),
(379, 7417, 50.53, '2025-05-27', 1),
(380, 8699, 63.16, '2025-10-09', 2),
(381, 9761, 38.52, '2025-05-11', 2),
(382, 1277, 41.58, '2025-01-02', 2),
(383, 3895, 50.61, '2025-11-05', 2),
(384, 1416, 49.91, '2025-02-22', 2),
(385, 2627, 34.26, '2025-02-20', 1),
(386, 4296, 78.76, '2025-01-04', 1),
(387, 1261, 52.4, '2025-04-11', 1),
(388, 6476, 37.47, '2025-02-03', 1),
(389, 8389, 71.97, '2025-11-15', 2),
(390, 3232, 75.82, '2025-07-14', 1),
(391, 2877, 30.19, '2025-05-17', 1),
(392, 6037, 43.29, '2025-09-16', 1),
(393, 4716, 26.71, '2025-03-03', 2),
(394, 8034, 65.17, '2025-11-18', 2),
(395, 9984, 25.46, '2025-07-18', 2),
(396, 8812, 79.45, '2025-01-05', 2),
(397, 4495, 36.91, '2025-05-18', 2),
(398, 9496, 40.53, '2025-08-01', 2),
(399, 4726, 32.93, '2025-07-15', 2),
(400, 5859, 44.5, '2025-01-22', 1),
(401, 9155, 53.83, '2025-09-07', 2),
(402, 4811, 34.74, '2025-10-27', 1),
(403, 4474, 36.09, '2025-08-04', 1),
(404, 2588, 25.81, '2025-04-05', 2),
(405, 3939, 32.84, '2025-03-14', 2),
(406, 2129, 77.82, '2025-09-17', 2),
(407, 8241, 56.93, '2025-05-13', 1),
(408, 6599, 67.42, '2025-08-04', 1),
(409, 7171, 52.96, '2025-10-16', 1),
(410, 2840, 68.58, '2025-04-01', 2),
(411, 1848, 63.87, '2025-08-25', 2),
(412, 1184, 36.61, '2025-10-19', 2),
(413, 3740, 58.4, '2025-02-16', 2),
(414, 5035, 43.03, '2025-09-18', 2),
(415, 5147, 77.58, '2025-11-16', 2),
(416, 7445, 50.23, '2025-02-07', 2),
(417, 7958, 60.89, '2025-03-02', 2),
(418, 8204, 74.01, '2025-07-01', 2),
(419, 3541, 49.97, '2025-07-01', 2),
(420, 5803, 63.71, '2025-07-15', 1),
(421, 6561, 33.2, '2025-01-18', 1),
(422, 2187, 63.03, '2025-05-15', 2),
(423, 8391, 50.11, '2025-11-08', 1),
(424, 9383, 34.78, '2025-03-26', 2),
(425, 7261, 63.58, '2025-02-05', 1),
(426, 4294, 68.13, '2025-02-07', 1),
(427, 8552, 61.83, '2025-03-15', 1),
(428, 2667, 39.66, '2025-07-02', 1),
(429, 2365, 37.53, '2025-02-03', 1),
(430, 3087, 76, '2025-01-23', 1),
(431, 8491, 78.18, '2025-10-06', 2),
(432, 1830, 56.54, '2025-01-07', 1),
(433, 7854, 76.23, '2025-10-26', 1),
(434, 3783, 57.68, '2025-08-18', 2),
(435, 6972, 72.94, '2025-09-25', 1),
(436, 5989, 76.06, '2025-02-21', 1),
(437, 5247, 52.86, '2025-03-17', 1),
(438, 8967, 72.66, '2025-11-06', 2),
(439, 3789, 21.02, '2025-03-12', 1),
(440, 5680, 56.55, '2025-05-17', 1),
(441, 7381, 42.84, '2025-02-02', 1),
(442, 1631, 63.28, '2025-09-18', 2),
(443, 2149, 35.46, '2025-11-25', 2),
(444, 2568, 67.58, '2025-07-14', 1),
(445, 9367, 32.39, '2025-04-15', 2),
(446, 8590, 27.18, '2025-06-25', 2),
(447, 2961, 39.81, '2025-11-27', 2),
(448, 4797, 64.08, '2025-10-04', 1),
(449, 4022, 33.82, '2025-04-12', 2),
(450, 9814, 59.48, '2025-02-07', 2),
(451, 7875, 35.17, '2025-09-17', 2),
(452, 5782, 49.85, '2025-05-05', 2),
(453, 2852, 22.44, '2025-04-01', 2),
(454, 8699, 51.27, '2025-07-25', 1),
(455, 4575, 36.5, '2025-05-21', 2),
(456, 9915, 43.49, '2025-04-02', 1),
(457, 5170, 28.17, '2025-07-20', 2),
(458, 1204, 76.51, '2025-08-08', 2),
(459, 9803, 73.89, '2025-11-23', 1),
(460, 1606, 63.42, '2025-11-07', 2),
(461, 2217, 68.33, '2025-04-06', 2),
(462, 2778, 47.28, '2025-01-01', 1),
(463, 5550, 28.67, '2025-09-04', 1),
(464, 4627, 52.25, '2025-02-13', 2),
(465, 9590, 38.2, '2025-05-07', 2),
(466, 7263, 46.06, '2025-03-13', 2),
(467, 5249, 63.33, '2025-01-24', 2),
(468, 4816, 44.41, '2025-10-24', 2),
(469, 4916, 29.83, '2025-04-08', 2),
(470, 3687, 26.9, '2025-04-15', 2),
(471, 7490, 57.72, '2025-02-05', 2),
(472, 5484, 39.78, '2025-09-13', 2),
(473, 4680, 50.27, '2025-07-14', 2),
(474, 2273, 36.06, '2025-01-10', 2),
(475, 1721, 75.91, '2025-06-17', 1),
(476, 4334, 58.13, '2025-09-05', 1),
(477, 5434, 69.18, '2025-05-09', 2),
(478, 6329, 61.81, '2025-03-15', 1),
(479, 3115, 53.31, '2025-02-13', 2),
(480, 4837, 57.37, '2025-01-02', 1),
(481, 2919, 31.7, '2025-07-08', 2),
(482, 4697, 76.12, '2025-02-21', 1),
(483, 4293, 72.99, '2025-08-20', 1),
(484, 9680, 49.85, '2025-02-04', 2),
(485, 7495, 73.28, '2025-01-10', 2),
(486, 6884, 27.77, '2025-09-05', 1),
(487, 7673, 20.85, '2025-11-25', 1),
(488, 1665, 31.13, '2025-02-08', 1),
(489, 8119, 25.37, '2025-08-12', 1),
(490, 8751, 20.62, '2025-03-11', 1),
(491, 1910, 77.72, '2025-08-11', 2),
(492, 8120, 26.12, '2025-06-19', 2),
(493, 9015, 51.45, '2025-06-04', 1),
(494, 2525, 21.82, '2025-04-21', 2),
(495, 3267, 47.96, '2025-03-20', 1),
(496, 5183, 34.92, '2025-04-13', 1),
(497, 8466, 71.87, '2025-05-01', 1),
(498, 6583, 25.25, '2025-07-16', 2),
(499, 4242, 24.95, '2025-11-05', 2),
(500, 4910, 73.13, '2025-04-10', 2),
(501, 8549, 52.55, '2025-08-27', 2),
(502, 9117, 22.57, '2025-05-04', 1),
(503, 9087, 23.04, '2025-07-09', 2),
(504, 1837, 40.57, '2025-11-01', 1),
(505, 9425, 44.08, '2025-02-25', 1),
(506, 3578, 74.08, '2025-09-27', 1),
(507, 5328, 23.64, '2025-05-18', 2),
(508, 4516, 32.99, '2025-03-17', 1),
(509, 3358, 48.19, '2025-11-15', 1),
(510, 5683, 20.39, '2025-05-08', 1),
(511, 7261, 70.82, '2025-05-22', 2),
(512, 1317, 62.7, '2025-10-27', 1),
(513, 1323, 73.66, '2025-04-17', 1),
(514, 8280, 69.18, '2025-06-25', 1),
(515, 6198, 35.73, '2025-02-11', 1),
(516, 9428, 76.51, '2025-11-12', 1),
(517, 5951, 33.59, '2025-08-18', 1),
(518, 7202, 69.39, '2025-05-18', 1),
(519, 3203, 36.04, '2025-08-22', 1),
(520, 5515, 54.86, '2025-05-13', 1),
(521, 5766, 69.36, '2025-10-23', 2),
(522, 8007, 47.78, '2025-09-21', 1),
(523, 9345, 61.17, '2025-08-07', 1),
(524, 1715, 31.2, '2025-04-27', 2),
(525, 8116, 56.33, '2025-04-08', 2),
(526, 7643, 58.39, '2025-05-05', 1),
(527, 6733, 76.39, '2025-05-24', 2),
(528, 9926, 73.3, '2025-09-02', 1),
(529, 8912, 35.48, '2025-06-21', 1),
(530, 7270, 34.79, '2025-10-06', 1),
(531, 9009, 25.24, '2025-04-14', 2),
(532, 1179, 26.93, '2025-03-05', 1),
(533, 4617, 62.3, '2025-05-23', 2),
(534, 6453, 71.71, '2025-06-25', 2),
(535, 6434, 57.72, '2025-02-19', 2),
(536, 6444, 77.71, '2025-01-02', 1),
(537, 3341, 42.98, '2025-06-22', 1),
(538, 6033, 52.96, '2025-05-23', 2),
(539, 3829, 23.54, '2025-05-08', 2),
(540, 8528, 44.32, '2025-06-04', 1),
(541, 2460, 51.79, '2025-07-10', 1),
(542, 2014, 50.22, '2025-06-25', 1),
(543, 5501, 48.8, '2025-08-01', 1),
(544, 5362, 59.55, '2025-09-02', 2),
(545, 2495, 50.25, '2025-02-10', 1),
(546, 2321, 51.31, '2025-04-07', 2),
(547, 7325, 22.91, '2025-06-21', 2),
(548, 1613, 54.58, '2025-07-03', 2),
(549, 4116, 28.96, '2025-07-25', 2),
(550, 1841, 37.08, '2025-07-07', 2),
(551, 7513, 47.99, '2025-06-21', 1),
(552, 6387, 58.22, '2025-08-22', 2),
(553, 6860, 33.55, '2025-05-17', 2),
(554, 7028, 52.26, '2025-01-24', 1),
(555, 6847, 58.16, '2025-05-09', 1),
(556, 8856, 49.2, '2025-02-14', 2),
(557, 8570, 39.24, '2025-05-13', 1),
(558, 7230, 59.06, '2025-10-24', 2),
(559, 4453, 78.97, '2025-04-01', 1),
(560, 7782, 27, '2025-02-06', 2),
(561, 7238, 52.14, '2025-03-05', 1),
(562, 2476, 31.44, '2025-10-18', 2),
(563, 6539, 60.06, '2025-03-01', 2),
(564, 9578, 30.44, '2025-04-12', 1),
(565, 2695, 42.72, '2025-07-25', 2),
(566, 7349, 60.81, '2025-03-20', 2),
(567, 4971, 66.37, '2025-11-23', 2),
(568, 5040, 55.1, '2025-09-21', 1),
(569, 7035, 21.13, '2025-06-19', 2),
(570, 5052, 33.26, '2025-04-21', 1),
(571, 5897, 26.39, '2025-05-22', 1),
(572, 5530, 43.16, '2025-03-21', 2),
(573, 1640, 53.57, '2025-01-21', 1),
(574, 2244, 57.14, '2025-10-20', 2),
(575, 4674, 68.23, '2025-09-08', 1),
(576, 9792, 20.26, '2025-08-11', 2),
(577, 8903, 36.42, '2025-05-21', 1),
(578, 5215, 49.09, '2025-05-22', 1),
(579, 2721, 21.77, '2025-09-12', 2),
(580, 6718, 38.5, '2025-06-20', 2),
(581, 2287, 23.93, '2025-05-25', 2),
(582, 2421, 49.42, '2025-07-19', 2),
(583, 3857, 65.71, '2025-04-05', 2),
(584, 1962, 41.24, '2025-07-26', 2),
(585, 6645, 41.29, '2025-05-08', 2),
(586, 3066, 29.19, '2025-02-09', 2),
(587, 1262, 64.09, '2025-05-07', 2),
(588, 4262, 65.41, '2025-05-10', 2),
(589, 9935, 61.58, '2025-10-18', 2),
(590, 5150, 75.16, '2025-04-14', 2),
(591, 5411, 41.42, '2025-01-22', 2),
(592, 7227, 28.47, '2025-02-17', 2),
(593, 1899, 48.48, '2025-04-25', 1),
(594, 7579, 54.8, '2025-01-19', 1),
(595, 7755, 41.23, '2025-02-15', 2),
(596, 9770, 74.74, '2025-06-05', 2),
(597, 6845, 23.69, '2025-08-13', 2),
(598, 5616, 60.6, '2025-05-22', 2),
(599, 6726, 52.83, '2025-11-22', 1),
(600, 9205, 45.21, '2025-01-11', 2),
(601, 3542, 67.75, '2025-11-21', 2),
(602, 3328, 72.32, '2025-06-05', 1),
(603, 1329, 24.98, '2025-07-14', 1),
(604, 8821, 30.03, '2025-10-06', 1),
(605, 3160, 71.5, '2025-03-25', 2),
(606, 1203, 59.81, '2025-02-14', 1),
(607, 6008, 59.41, '2025-05-23', 2),
(608, 6344, 37.73, '2025-11-04', 2),
(609, 8266, 31.22, '2025-02-16', 2),
(610, 3864, 29.66, '2025-04-19', 1),
(611, 5412, 38.95, '2025-10-11', 2),
(612, 8254, 41.67, '2025-08-23', 1),
(613, 7212, 75.06, '2025-02-05', 2),
(614, 9354, 48.22, '2025-06-22', 2),
(615, 5744, 32.28, '2025-03-03', 2),
(616, 6421, 33.92, '2025-06-27', 1),
(617, 7425, 33, '2025-05-24', 1),
(618, 5826, 48.72, '2025-11-24', 1),
(619, 4233, 38.13, '2025-05-08', 2),
(620, 6080, 45.32, '2025-11-07', 2),
(621, 5334, 66.68, '2025-05-07', 2),
(622, 2263, 31.93, '2025-07-22', 1),
(623, 9540, 31.59, '2025-02-06', 1),
(624, 7938, 64, '2025-06-17', 2),
(625, 1552, 24.64, '2025-07-11', 1),
(626, 5938, 34.84, '2025-03-23', 1),
(627, 7013, 35.2, '2025-11-11', 1),
(628, 7139, 49.34, '2025-05-24', 1),
(629, 3283, 21.85, '2025-11-18', 2),
(630, 3167, 33.17, '2025-05-20', 1),
(631, 7598, 62.7, '2025-03-04', 2),
(632, 6925, 64.73, '2025-05-25', 2),
(633, 2251, 38.77, '2025-10-13', 2),
(634, 3560, 74.64, '2025-01-01', 2),
(635, 5194, 33.62, '2025-07-22', 2),
(636, 8927, 72.3, '2025-03-09', 2),
(637, 8509, 54.98, '2025-06-11', 1),
(638, 9233, 73.87, '2025-01-19', 2),
(639, 3489, 72.86, '2025-05-04', 1),
(640, 5118, 54.96, '2025-08-02', 1),
(641, 1151, 76.27, '2025-04-09', 1),
(642, 9152, 35.03, '2025-04-08', 2),
(643, 5602, 24.17, '2025-07-10', 2),
(644, 3643, 59.08, '2025-09-16', 1),
(645, 8075, 23.42, '2025-04-12', 2),
(646, 1714, 56.75, '2025-09-13', 2),
(647, 9054, 24.19, '2025-11-14', 1),
(648, 5879, 54.95, '2025-06-27', 1),
(649, 1082, 52.95, '2025-09-20', 1),
(650, 6592, 76.67, '2025-06-17', 1),
(651, 7084, 30.69, '2025-06-12', 2),
(652, 5883, 48.27, '2025-08-14', 2),
(653, 1406, 50.5, '2025-03-10', 1),
(654, 9482, 44.62, '2025-06-25', 2),
(655, 9828, 61.21, '2025-09-27', 2),
(656, 5685, 22.54, '2025-01-18', 2),
(657, 9899, 71.87, '2025-03-05', 2),
(658, 9676, 20.29, '2025-04-17', 1),
(659, 1336, 77.54, '2025-01-16', 2),
(660, 4985, 66.87, '2025-01-24', 2),
(661, 3379, 31.59, '2025-07-20', 2),
(662, 7122, 51.62, '2025-06-13', 2),
(663, 3655, 50.84, '2025-04-27', 1),
(664, 8245, 34.6, '2025-04-22', 2),
(665, 9435, 39.3, '2025-05-19', 1),
(666, 8813, 75.26, '2025-11-15', 1),
(667, 7235, 60.05, '2025-04-02', 1),
(668, 1502, 38.19, '2025-06-17', 2),
(669, 5002, 26.07, '2025-03-19', 2),
(670, 3278, 66.15, '2025-11-03', 1),
(671, 2651, 38.89, '2025-11-01', 1),
(672, 5740, 29.16, '2025-08-27', 1),
(673, 8605, 24.73, '2025-03-03', 1),
(674, 6336, 49.15, '2025-09-18', 2),
(675, 6827, 30.56, '2025-05-18', 2),
(676, 2403, 21.77, '2025-06-16', 2),
(677, 7053, 44.93, '2025-09-07', 2),
(678, 6033, 31.67, '2025-02-19', 1),
(679, 5827, 23.55, '2025-02-13', 1),
(680, 5625, 57.34, '2025-05-16', 2),
(681, 3496, 64.24, '2025-10-11', 2),
(682, 5179, 41.81, '2025-01-12', 2),
(683, 8533, 47.79, '2025-11-25', 2),
(684, 2402, 22.36, '2025-09-27', 1),
(685, 4515, 34.52, '2025-02-12', 1),
(686, 9580, 38.96, '2025-08-17', 1),
(687, 4136, 24.83, '2025-11-16', 1),
(688, 8656, 22.17, '2025-06-03', 1),
(689, 1893, 27.39, '2025-08-20', 2),
(690, 4633, 36.99, '2025-03-16', 1),
(691, 3978, 38.03, '2025-01-21', 2),
(692, 6449, 51.43, '2025-08-15', 1),
(693, 6396, 22.82, '2025-04-24', 1),
(694, 1380, 62.68, '2025-02-17', 1),
(695, 7252, 51.48, '2025-06-04', 2),
(696, 6387, 21.64, '2025-09-22', 1),
(697, 1256, 43.45, '2025-11-10', 1),
(698, 3732, 53.52, '2025-09-14', 1),
(699, 3511, 22.42, '2025-03-11', 1),
(700, 6817, 34.65, '2025-08-27', 2),
(701, 8350, 45.59, '2025-03-11', 1),
(702, 8540, 64.76, '2025-02-06', 1),
(703, 7637, 22.31, '2025-11-03', 2),
(704, 9797, 22.93, '2025-07-14', 1),
(705, 4369, 47.06, '2025-08-13', 2),
(706, 8858, 52.56, '2025-02-26', 1),
(707, 8262, 41.8, '2025-01-20', 2),
(708, 2709, 57.74, '2025-10-13', 1),
(709, 9365, 70.51, '2025-04-20', 2),
(710, 9268, 27.05, '2025-06-25', 2),
(711, 8413, 65.9, '2025-09-17', 1),
(712, 9795, 39.72, '2025-06-07', 2),
(713, 2602, 49.25, '2025-09-20', 2),
(714, 7619, 43.05, '2025-01-23', 2),
(715, 6823, 39.02, '2025-03-26', 2),
(716, 6169, 26.53, '2025-06-24', 1),
(717, 7902, 27.86, '2025-10-22', 2),
(718, 4694, 21.67, '2025-06-27', 2),
(719, 3584, 70.45, '2025-01-10', 1),
(720, 6277, 42.63, '2025-01-23', 2),
(721, 2793, 24.13, '2025-03-17', 2),
(722, 4391, 35.56, '2025-01-06', 1),
(723, 1989, 58.73, '2025-04-05', 2),
(724, 5844, 64.73, '2025-04-22', 1),
(725, 2342, 57.01, '2025-01-07', 2),
(726, 7783, 35.16, '2025-06-03', 1),
(727, 8768, 51.44, '2025-05-01', 1),
(728, 5466, 69.82, '2025-11-07', 2),
(729, 5119, 75.39, '2025-04-27', 1),
(730, 7834, 61.64, '2025-06-21', 1),
(731, 3721, 21.26, '2025-10-06', 2),
(732, 5988, 41.88, '2025-01-14', 2),
(733, 4045, 41.77, '2025-11-02', 2),
(734, 1745, 36.75, '2025-10-17', 1),
(735, 7466, 38.25, '2025-01-10', 2),
(736, 6507, 42.04, '2025-02-08', 2),
(737, 6981, 77.03, '2025-01-15', 1),
(738, 9719, 66.82, '2025-08-01', 1),
(739, 6659, 35.47, '2025-08-25', 1),
(740, 8495, 39.74, '2025-11-27', 2),
(741, 9894, 32.77, '2025-02-01', 1),
(742, 3222, 32.4, '2025-06-02', 1),
(743, 9362, 48.48, '2025-05-25', 1),
(744, 6342, 28.45, '2025-09-17', 1),
(745, 4603, 36.07, '2025-07-08', 2),
(746, 5886, 53.39, '2025-06-13', 2),
(747, 4455, 36.41, '2025-10-13', 1),
(748, 4812, 53.76, '2025-02-10', 1),
(749, 6144, 53.54, '2025-09-07', 2),
(750, 2197, 70.5, '2025-04-18', 1),
(751, 2890, 34.31, '2025-01-15', 1),
(752, 8497, 46.21, '2025-08-24', 1),
(753, 2304, 56.81, '2025-02-21', 2),
(754, 3328, 20.26, '2025-05-24', 1),
(755, 1326, 65.62, '2025-06-26', 2),
(756, 5753, 68.18, '2025-07-22', 1),
(757, 4313, 38.98, '2025-03-03', 2),
(758, 9343, 41.77, '2025-04-25', 2),
(759, 5459, 41.86, '2025-05-03', 1),
(760, 4322, 40.12, '2025-04-12', 1),
(761, 2604, 78.49, '2025-03-11', 1),
(762, 5423, 77.82, '2025-01-12', 1),
(763, 6391, 55.13, '2025-09-02', 2),
(764, 8557, 46.41, '2025-01-20', 1),
(765, 9452, 47.85, '2025-03-08', 1),
(766, 7734, 66.48, '2025-07-15', 1),
(767, 2938, 24.04, '2025-05-20', 2),
(768, 8155, 51.75, '2025-01-10', 2),
(769, 1544, 32.13, '2025-08-10', 1),
(770, 8767, 27.19, '2025-06-24', 2),
(771, 5173, 73.04, '2025-09-01', 2),
(772, 1173, 54.86, '2025-05-11', 1),
(773, 3493, 69.36, '2025-11-14', 2),
(774, 4845, 66.59, '2025-06-11', 1),
(775, 5361, 72.43, '2025-05-19', 1),
(776, 6569, 63.49, '2025-02-15', 2),
(777, 5726, 70.75, '2025-06-24', 2),
(778, 5199, 35.7, '2025-04-20', 1),
(779, 6050, 37.1, '2025-05-02', 1),
(780, 3949, 42.32, '2025-11-03', 2),
(781, 9529, 23.43, '2025-09-11', 1),
(782, 5366, 26.76, '2025-01-23', 1),
(783, 6432, 56.25, '2025-07-13', 1),
(784, 4728, 77.04, '2025-05-23', 2),
(785, 9888, 63.56, '2025-03-02', 2),
(786, 9273, 61.21, '2025-09-13', 2),
(787, 7595, 57.09, '2025-06-23', 2),
(788, 9556, 74.66, '2025-06-23', 1),
(789, 5848, 60.22, '2025-11-23', 2),
(790, 5704, 77.91, '2025-06-07', 2),
(791, 4396, 75.73, '2025-03-12', 1),
(792, 2933, 20.98, '2025-03-18', 2),
(793, 4022, 42.66, '2025-08-10', 1),
(794, 7392, 48.08, '2025-11-16', 2),
(795, 9039, 43.21, '2025-09-15', 2),
(796, 7811, 28.35, '2025-04-03', 2),
(797, 7994, 70.34, '2025-11-22', 2),
(798, 8821, 72.8, '2025-01-06', 2),
(799, 3665, 66.18, '2025-11-07', 1),
(800, 9174, 66.42, '2025-04-21', 1),
(801, 4110, 39.55, '2025-02-26', 1),
(802, 7320, 58.7, '2025-04-14', 1),
(803, 3953, 79.12, '2025-10-12', 2),
(804, 7057, 40.03, '2025-09-02', 1),
(805, 6319, 29.88, '2025-06-27', 1),
(806, 9444, 67.95, '2025-09-20', 1),
(807, 8232, 74.69, '2025-11-10', 1),
(808, 5981, 26.16, '2025-01-03', 2),
(809, 9996, 61.33, '2025-02-06', 1),
(810, 3622, 49.59, '2025-02-21', 1),
(811, 2775, 39.05, '2025-11-07', 1),
(812, 4153, 68.36, '2025-04-03', 1),
(813, 7636, 26.63, '2025-08-19', 1),
(814, 2230, 69.34, '2025-03-14', 2),
(815, 1485, 65.57, '2025-10-03', 1),
(816, 4530, 65.3, '2025-08-13', 2),
(817, 5055, 38.37, '2025-04-07', 2),
(818, 9494, 36.41, '2025-04-07', 1),
(819, 8836, 59.37, '2025-05-03', 2),
(820, 5038, 49.26, '2025-11-14', 1),
(821, 9698, 32.5, '2025-09-13', 2),
(822, 9738, 64.13, '2025-07-18', 2),
(823, 1620, 70.68, '2025-08-02', 2),
(824, 2786, 30.36, '2025-06-16', 1),
(825, 6196, 27.12, '2025-11-02', 1),
(826, 1378, 26.4, '2025-08-09', 2),
(827, 5820, 68.78, '2025-04-01', 2),
(828, 4740, 27.75, '2025-04-26', 2),
(829, 2428, 62.91, '2025-11-17', 2),
(830, 5752, 65.01, '2025-07-22', 1),
(831, 6701, 67.26, '2025-09-02', 2),
(832, 4646, 43.81, '2025-10-02', 2),
(833, 8096, 49.69, '2025-02-06', 1),
(834, 2919, 24.44, '2025-03-03', 2),
(835, 4411, 53.31, '2025-11-16', 2),
(836, 9794, 54.18, '2025-01-15', 1),
(837, 8412, 72.22, '2025-03-23', 2),
(838, 3091, 30.32, '2025-04-12', 2),
(839, 7264, 78.41, '2025-06-24', 1),
(840, 5679, 56.3, '2025-06-16', 1),
(841, 3312, 78.58, '2025-05-13', 2),
(842, 3450, 57.01, '2025-03-06', 2),
(843, 6049, 62.48, '2025-10-10', 1),
(844, 4109, 56.38, '2025-03-07', 1),
(845, 4416, 43.15, '2025-06-08', 2),
(846, 9624, 47.41, '2025-01-18', 2),
(847, 5777, 36.41, '2025-09-08', 1),
(848, 3253, 48.77, '2025-10-24', 1),
(849, 8252, 50.52, '2025-06-08', 2),
(850, 4563, 63.38, '2025-07-24', 2),
(851, 6283, 73.68, '2025-11-17', 2),
(852, 4673, 25.64, '2025-09-06', 1),
(853, 2203, 74.15, '2025-11-25', 1),
(854, 9301, 21.59, '2025-05-18', 1),
(855, 8384, 77.33, '2025-07-21', 1),
(856, 6521, 25.3, '2025-03-13', 1),
(857, 5261, 70.71, '2025-07-22', 1),
(858, 2493, 42.68, '2025-03-15', 2),
(859, 6867, 22.52, '2025-06-06', 1),
(860, 1184, 63.29, '2025-07-19', 2),
(861, 7824, 28.4, '2025-11-07', 1),
(862, 6515, 37.49, '2025-05-01', 1),
(863, 7915, 59.36, '2025-08-26', 1),
(864, 8372, 42.74, '2025-11-27', 2),
(865, 2962, 27.13, '2025-03-17', 1),
(866, 8000, 34.84, '2025-06-07', 2),
(867, 8648, 75.79, '2025-04-05', 1),
(868, 5722, 32.36, '2025-08-23', 1),
(869, 9669, 61.7, '2025-11-18', 2),
(870, 7104, 69.77, '2025-09-26', 1),
(871, 8749, 62.78, '2025-10-03', 2),
(872, 5319, 52.73, '2025-01-06', 1),
(873, 7935, 22.4, '2025-09-16', 1),
(874, 8839, 28.88, '2025-07-08', 1),
(875, 5102, 45.37, '2025-05-12', 1),
(876, 7925, 60.91, '2025-05-14', 2),
(877, 3480, 22.9, '2025-10-06', 1),
(878, 4000, 77.56, '2025-05-04', 2),
(879, 4671, 29.43, '2025-02-23', 1),
(880, 6594, 41, '2025-06-19', 2),
(881, 3054, 30.55, '2025-09-19', 1),
(882, 2362, 40.81, '2025-05-15', 2),
(883, 3334, 50.63, '2025-03-04', 1),
(884, 6763, 66.58, '2025-06-01', 1),
(885, 6426, 39.06, '2025-08-24', 2),
(886, 9927, 53.6, '2025-01-21', 2),
(887, 6007, 72.62, '2025-10-24', 1),
(888, 4604, 56.88, '2025-10-21', 1),
(889, 6823, 22.07, '2025-11-06', 1),
(890, 6018, 79.2, '2025-06-15', 1),
(891, 1019, 28.88, '2025-05-03', 2),
(892, 4075, 48.15, '2025-08-16', 1),
(893, 4604, 43.4, '2025-05-02', 1),
(894, 6061, 77.23, '2025-03-09', 2),
(895, 4151, 47.94, '2025-06-16', 2),
(896, 5368, 27.24, '2025-01-02', 2),
(897, 4701, 70.28, '2025-08-17', 2),
(898, 6538, 39.99, '2025-10-18', 2),
(899, 9559, 71.38, '2025-09-14', 2),
(900, 2640, 47.31, '2025-10-26', 1),
(901, 3328, 46.23, '2025-05-10', 1),
(902, 7469, 27.29, '2025-06-13', 2),
(903, 3349, 44.79, '2025-05-27', 1),
(904, 9528, 53, '2025-07-06', 2),
(905, 7361, 35.19, '2025-09-24', 1),
(906, 7425, 73.68, '2025-04-05', 1),
(907, 1868, 45.16, '2025-04-05', 1),
(908, 2214, 64.08, '2025-10-19', 2),
(909, 9691, 33.79, '2025-06-05', 1),
(910, 3614, 67.44, '2025-02-17', 1),
(911, 5200, 72.9, '2025-11-27', 2),
(912, 7143, 31.48, '2025-07-19', 2),
(913, 5037, 31.34, '2025-10-11', 2),
(914, 5044, 42.33, '2025-09-17', 1),
(915, 9091, 68.35, '2025-11-01', 1),
(916, 9532, 58.47, '2025-03-17', 1),
(917, 9758, 35.6, '2025-02-24', 2),
(918, 5909, 30.87, '2025-02-01', 1),
(919, 8846, 69.82, '2025-03-11', 2),
(920, 6150, 61.51, '2025-09-15', 1),
(921, 2910, 46.95, '2025-09-08', 1),
(922, 2309, 43.27, '2025-08-18', 2),
(923, 6770, 24.24, '2025-08-18', 1),
(924, 7385, 59.44, '2025-08-05', 1),
(925, 6567, 69.25, '2025-11-20', 2),
(926, 7798, 28.31, '2025-01-10', 2),
(927, 2745, 48.03, '2025-01-15', 1),
(928, 7416, 73.24, '2025-03-22', 2),
(929, 5959, 42.33, '2025-09-02', 1),
(930, 2685, 24.38, '2025-08-04', 2),
(931, 2772, 26.63, '2025-08-04', 1),
(932, 4388, 55.81, '2025-06-02', 1),
(933, 9370, 24.07, '2025-10-05', 2),
(934, 2662, 37.65, '2025-11-05', 2),
(935, 9623, 50.39, '2025-05-18', 2),
(936, 5089, 39.37, '2025-01-27', 1),
(937, 6776, 64.9, '2025-01-13', 2),
(938, 4598, 21.6, '2025-04-23', 2),
(939, 9705, 30.24, '2025-02-21', 2),
(940, 8446, 42.73, '2025-01-25', 1),
(941, 7136, 47.16, '2025-08-27', 1),
(942, 7559, 52.93, '2025-07-12', 2),
(943, 4134, 61.03, '2025-11-11', 1),
(944, 4269, 26.1, '2025-05-07', 2),
(945, 2829, 67.28, '2025-09-06', 1),
(946, 4635, 23.03, '2025-08-02', 1),
(947, 9259, 69.26, '2025-11-08', 2),
(948, 1599, 63.82, '2025-10-19', 2),
(949, 9235, 61.43, '2025-07-24', 1),
(950, 4330, 56.3, '2025-06-16', 1),
(951, 3616, 44.66, '2025-07-16', 1),
(952, 8715, 20.66, '2025-06-20', 1),
(953, 5001, 43.42, '2025-09-11', 2),
(954, 2197, 63.05, '2025-08-18', 1),
(955, 1169, 41.06, '2025-06-25', 2),
(956, 8410, 43.26, '2025-09-19', 2),
(957, 7429, 29.79, '2025-05-18', 2),
(958, 5353, 42.75, '2025-02-02', 1),
(959, 9727, 72.35, '2025-11-09', 2),
(960, 2922, 63.25, '2025-02-20', 2),
(961, 7312, 77.72, '2025-03-19', 1),
(962, 3166, 73.68, '2025-03-11', 2),
(963, 7880, 77.84, '2025-02-11', 1),
(964, 1749, 40.39, '2025-08-21', 1),
(965, 8949, 46.44, '2025-04-08', 2),
(966, 1781, 37.62, '2025-05-16', 1),
(967, 6165, 52.44, '2025-11-07', 1),
(968, 1447, 60.42, '2025-09-21', 1),
(969, 9846, 29.47, '2025-07-10', 2),
(970, 3506, 51.12, '2025-10-25', 2),
(971, 5054, 75.06, '2025-09-04', 2),
(972, 6513, 35.93, '2025-08-08', 2),
(973, 6158, 45.08, '2025-06-12', 1),
(974, 8667, 58.19, '2025-07-14', 1),
(975, 4055, 33.17, '2025-09-15', 2),
(976, 8135, 53.8, '2025-01-10', 1),
(977, 4692, 39.18, '2025-02-24', 2),
(978, 5824, 69.84, '2025-01-09', 1),
(979, 5910, 49.33, '2025-05-01', 2),
(980, 1031, 64.39, '2025-09-26', 1),
(981, 5497, 20.2, '2025-10-27', 1),
(982, 6059, 52.15, '2025-06-19', 2),
(983, 4666, 23.01, '2025-03-19', 2),
(984, 9100, 69.85, '2025-06-15', 1),
(985, 1223, 57.85, '2025-08-15', 1),
(986, 3902, 31.68, '2025-05-05', 2),
(987, 8026, 22.88, '2025-08-08', 2),
(988, 2698, 35.16, '2025-11-04', 1),
(989, 1679, 50.21, '2025-05-09', 2),
(990, 6590, 79.06, '2025-07-12', 1),
(991, 5366, 47.04, '2025-10-18', 1),
(992, 5425, 24.6, '2025-08-16', 1),
(993, 2472, 47.09, '2025-05-08', 1),
(994, 8001, 69.89, '2025-04-20', 1),
(995, 1815, 20.32, '2025-07-10', 2),
(996, 4178, 57.59, '2025-02-16', 1),
(997, 3506, 38.87, '2025-11-25', 1),
(998, 3084, 30.2, '2025-11-26', 1),
(999, 5575, 30.27, '2025-09-26', 2),
(1000, 7037, 52.35, '2025-10-03', 2),
(1001, 2662, 69.94, '2025-03-09', 2),
(1002, 7237, 28.26, '2025-03-05', 1),
(1003, 9271, 47.61, '2025-04-13', 1),
(1004, 7588, 61.12, '2025-03-03', 1),
(1005, 7361, 51.51, '2025-02-05', 2),
(1006, 8681, 57.5, '2025-01-13', 1),
(1007, 5793, 68.32, '2025-01-10', 1),
(1008, 4158, 36.42, '2025-01-04', 1),
(1009, 2764, 43.19, '2025-07-25', 2),
(1010, 3390, 48.58, '2025-07-23', 1),
(1011, 6145, 68.09, '2025-08-09', 1),
(1012, 4520, 20.94, '2025-10-15', 2),
(1013, 6871, 66.23, '2025-03-03', 1),
(1014, 3819, 48.5, '2025-03-22', 2),
(1015, 2554, 57.43, '2025-10-09', 1),
(1016, 1731, 77.53, '2025-06-08', 1),
(1017, 5718, 46.61, '2025-09-16', 1),
(1018, 6795, 41.14, '2025-04-03', 2),
(1019, 1490, 39.96, '2025-07-10', 2),
(1020, 1670, 76.95, '2025-09-18', 1),
(1021, 8306, 75.37, '2025-05-27', 1),
(1022, 5318, 24.56, '2025-03-07', 2),
(1023, 2475, 46.51, '2025-06-01', 2),
(1024, 6258, 52.6, '2025-09-22', 2),
(1025, 6513, 35.43, '2025-08-19', 2),
(1026, 3100, 70.55, '2025-08-12', 2),
(1027, 5873, 68.18, '2025-10-03', 1),
(1028, 5513, 68.36, '2025-11-12', 2),
(1029, 9334, 47.75, '2025-05-25', 1),
(1030, 5558, 73.66, '2025-05-18', 1),
(1031, 1520, 33.74, '2025-11-18', 2),
(1032, 5976, 30.06, '2025-09-06', 1),
(1033, 5082, 46.53, '2025-01-20', 1),
(1034, 9137, 72.54, '2025-01-20', 1),
(1035, 2881, 28.92, '2025-04-03', 2),
(1036, 7377, 29.5, '2025-05-02', 2),
(1037, 8826, 46.7, '2025-11-26', 1),
(1038, 6012, 64.97, '2025-04-10', 1),
(1039, 5700, 78.61, '2025-05-04', 1),
(1040, 5865, 67.66, '2025-10-17', 2),
(1041, 9584, 37.53, '2025-10-14', 2),
(1042, 9646, 39.55, '2025-05-22', 2),
(1043, 5825, 31.15, '2025-03-05', 1),
(1044, 7748, 31.42, '2025-05-23', 1),
(1045, 8263, 30.61, '2025-10-07', 2),
(1046, 9029, 39.4, '2025-10-17', 1),
(1047, 9093, 36.19, '2025-05-01', 2),
(1048, 3084, 77.99, '2025-11-01', 2),
(1049, 3585, 46.54, '2025-03-08', 1),
(1050, 4426, 29.17, '2025-07-25', 2),
(1051, 9749, 27.61, '2025-02-05', 1),
(1052, 6336, 75.96, '2025-07-05', 2),
(1053, 3351, 51.24, '2025-09-10', 2),
(1054, 2142, 39.35, '2025-03-02', 2),
(1055, 8679, 66.43, '2025-02-15', 2),
(1056, 6144, 64.44, '2025-11-16', 1),
(1057, 3820, 60.93, '2025-07-04', 1),
(1058, 2370, 32.98, '2025-07-04', 2),
(1059, 6676, 31.02, '2025-04-12', 2),
(1060, 6869, 35.67, '2025-01-18', 1),
(1061, 8436, 35.38, '2025-04-05', 1),
(1062, 8563, 23.9, '2025-08-17', 2),
(1063, 3090, 57.3, '2025-06-17', 1),
(1064, 6331, 49.65, '2025-05-16', 1),
(1065, 5234, 75.34, '2025-10-07', 1),
(1066, 9596, 29.32, '2025-11-20', 2),
(1067, 2442, 76.66, '2025-11-10', 1),
(1068, 1266, 65.92, '2025-02-23', 2),
(1069, 9840, 58.21, '2025-09-27', 1),
(1070, 8146, 63.99, '2025-05-03', 1),
(1071, 6843, 56.96, '2025-10-11', 2),
(1072, 3585, 22.08, '2025-05-11', 1),
(1073, 7530, 45.75, '2025-03-08', 2),
(1074, 5054, 33.23, '2025-05-09', 2),
(1075, 9525, 74.88, '2025-03-06', 2),
(1076, 5681, 51.05, '2025-02-05', 2),
(1077, 2489, 66.66, '2025-10-26', 1),
(1078, 3470, 59.66, '2025-08-18', 2),
(1079, 4559, 30.67, '2025-05-12', 1),
(1080, 5710, 42.77, '2025-10-02', 2),
(1081, 7465, 69.67, '2025-01-24', 1),
(1082, 6300, 79.29, '2025-02-25', 1),
(1083, 3933, 76.71, '2025-06-12', 2),
(1084, 8705, 24.97, '2025-08-23', 1),
(1085, 1747, 54.7, '2025-03-11', 2),
(1086, 1164, 32.18, '2025-04-01', 1),
(1087, 2167, 44.54, '2025-09-26', 1),
(1088, 9472, 69.06, '2025-10-20', 2),
(1089, 5684, 33.41, '2025-02-26', 1),
(1090, 7551, 67.68, '2025-08-11', 2),
(1091, 6580, 59.95, '2025-08-25', 2),
(1092, 8972, 30.99, '2025-06-03', 2),
(1093, 4481, 53.96, '2025-06-06', 2),
(1094, 7634, 23.04, '2025-06-17', 1),
(1095, 6245, 68.88, '2025-03-15', 1),
(1096, 4995, 74.84, '2025-06-19', 1),
(1097, 5476, 51.52, '2025-02-22', 2),
(1098, 7447, 65, '2025-11-15', 1),
(1099, 2853, 50.2, '2025-03-07', 2),
(1100, 2116, 48.96, '2025-09-02', 2),
(1101, 4259, 52.73, '2025-06-17', 1),
(1102, 8799, 50.56, '2025-03-13', 2),
(1103, 7088, 53.26, '2025-05-27', 2),
(1104, 1729, 21.61, '2025-01-19', 2),
(1105, 8536, 77.8, '2025-09-23', 1),
(1106, 6872, 36.59, '2025-04-18', 1),
(1107, 6456, 74.39, '2025-09-27', 2),
(1108, 8655, 42.86, '2025-02-12', 2),
(1109, 4081, 37.06, '2025-11-27', 1),
(1110, 1465, 25.61, '2025-09-21', 2),
(1111, 3258, 34.66, '2025-05-13', 2),
(1112, 3127, 40.63, '2025-03-27', 2),
(1113, 1952, 57.59, '2025-04-15', 1),
(1114, 4898, 77.4, '2025-02-06', 1),
(1115, 9243, 49.86, '2025-05-18', 1),
(1116, 8780, 30.42, '2025-06-05', 2),
(1117, 5014, 51.28, '2025-06-03', 1),
(1118, 7156, 35.97, '2025-09-11', 1),
(1119, 1357, 79.67, '2025-01-24', 2),
(1120, 6860, 24.64, '2025-03-23', 2),
(1121, 9340, 54.17, '2025-04-20', 2),
(1122, 1844, 52.46, '2025-02-03', 2),
(1123, 1372, 52.93, '2025-07-03', 1),
(1124, 3911, 35.4, '2025-04-10', 2),
(1125, 3729, 46.24, '2025-01-15', 2),
(1126, 2630, 67.29, '2025-02-07', 2),
(1127, 5083, 69.33, '2025-06-25', 1),
(1128, 7631, 77.5, '2025-05-11', 2),
(1129, 6465, 20.41, '2025-09-17', 1),
(1130, 3952, 49.62, '2025-01-14', 1),
(1131, 9693, 79.58, '2025-05-21', 1),
(1132, 9709, 36.87, '2025-09-10', 2),
(1133, 1242, 70.74, '2025-06-19', 2),
(1134, 8242, 68.01, '2025-03-26', 2),
(1135, 8646, 68.49, '2025-08-22', 1),
(1136, 8316, 43.48, '2025-10-05', 1),
(1137, 3000, 35.96, '2025-08-06', 2),
(1138, 4045, 20.24, '2025-01-27', 2),
(1139, 8659, 68.05, '2025-02-18', 1),
(1140, 3672, 79, '2025-11-23', 2),
(1141, 3162, 79.54, '2025-04-24', 1),
(1142, 5680, 75.54, '2025-01-01', 2),
(1143, 9189, 27.43, '2025-07-17', 2),
(1144, 5539, 68.5, '2025-05-22', 2),
(1145, 6933, 48.77, '2025-09-27', 1),
(1146, 1247, 41.31, '2025-09-04', 2),
(1147, 4432, 41.17, '2025-02-19', 1),
(1148, 3810, 78.14, '2025-06-13', 1),
(1149, 6601, 65.3, '2025-06-26', 1),
(1150, 8515, 27.16, '2025-06-17', 1),
(1151, 2769, 64.2, '2025-11-23', 2),
(1152, 4566, 57.96, '2025-02-15', 1),
(1153, 7385, 48.15, '2025-01-09', 1),
(1154, 5255, 69.02, '2025-07-04', 1),
(1155, 1543, 52.94, '2025-10-13', 1),
(1156, 9804, 36.82, '2025-02-14', 1),
(1157, 1978, 69.6, '2025-09-20', 2),
(1158, 1735, 55.29, '2025-09-27', 1),
(1159, 9859, 51.67, '2025-07-08', 2),
(1160, 2353, 46.27, '2025-11-11', 1),
(1161, 6993, 32.2, '2025-06-03', 1),
(1162, 6488, 20.93, '2025-03-22', 1),
(1163, 4421, 73.21, '2025-08-12', 2),
(1164, 3736, 23.3, '2025-08-09', 1),
(1165, 8167, 77.02, '2025-01-05', 2),
(1166, 8970, 35.02, '2025-07-13', 1),
(1167, 3734, 57.1, '2025-06-20', 2),
(1168, 7099, 60.03, '2025-02-04', 1),
(1169, 9882, 49.57, '2025-06-18', 2),
(1170, 8154, 75.82, '2025-02-23', 2),
(1171, 5131, 35.88, '2025-04-11', 1),
(1172, 4486, 29.99, '2025-10-06', 1),
(1173, 9916, 26.28, '2025-04-16', 1),
(1174, 4983, 41.69, '2025-04-15', 1),
(1175, 2780, 43.21, '2025-04-20', 1),
(1176, 6846, 72.51, '2025-06-08', 1),
(1177, 4088, 46.01, '2025-10-26', 2),
(1178, 9312, 71.99, '2025-10-12', 2),
(1179, 6985, 21.87, '2025-11-04', 2),
(1180, 4806, 23.78, '2025-02-03', 1),
(1181, 7396, 49.36, '2025-08-11', 1),
(1182, 7019, 37.96, '2025-06-24', 1),
(1183, 6673, 37.02, '2025-01-01', 2),
(1184, 2885, 75.37, '2025-06-17', 2),
(1185, 4015, 20.57, '2025-05-18', 2),
(1186, 9999, 32.23, '2025-02-17', 2),
(1187, 1975, 55.21, '2025-06-24', 1),
(1188, 7676, 55.19, '2025-01-22', 2),
(1189, 6657, 46.32, '2025-04-09', 1),
(1190, 4339, 68.68, '2025-02-21', 2),
(1191, 6122, 44.39, '2025-08-20', 1),
(1192, 8128, 75.39, '2025-10-21', 2),
(1193, 6169, 61.47, '2025-06-01', 1),
(1194, 9839, 53.44, '2025-09-05', 1),
(1195, 5381, 34.88, '2025-04-02', 1),
(1196, 7583, 55.19, '2025-05-16', 2),
(1197, 8101, 65.21, '2025-08-14', 1),
(1198, 6195, 22.07, '2025-04-17', 2),
(1199, 9062, 64.12, '2025-03-19', 2),
(1200, 3694, 35.55, '2025-06-04', 2),
(1201, 8690, 75.38, '2025-04-05', 2),
(1202, 8684, 76.87, '2025-02-17', 1),
(1203, 9006, 77.82, '2025-03-19', 2),
(1204, 9105, 46.54, '2025-01-05', 2),
(1205, 3744, 26.66, '2025-10-18', 2),
(1206, 9671, 70.1, '2025-11-06', 2),
(1207, 4560, 69.17, '2025-05-20', 2),
(1208, 2618, 59.13, '2025-08-14', 1),
(1209, 8051, 58.86, '2025-01-22', 2),
(1210, 1115, 79.36, '2025-09-08', 2);

-- ORDEN COMPRA (2 registros B2B)

INSERT INTO OrdenCompra (idOrdenCompra, fechaEmision, fechaVencimiento, especificacionesTecnicas, precioUnitario, subTotal, impuestos, ClienteJuridico_idClienteJuridico, BackOrder_idBackOrder) VALUES
(1, '2026-06-19', '2026-07-19', 'Compra mayorista Farmatodo', 250.00, 5000.00, 800.00, 1, 1),
(2, '2026-06-19', '2026-07-19', 'Compra mayorista Jugueteria', 180.00, 3600.00, 576.00, 2, 2);

-- COMISION VENTA (10)
INSERT INTO ComisionVenta (idComisionVenta, montoComision, fecha, OrdenCompra_idOrdenCompra) VALUES
(1, 71.85, '2025-04-15', 160),
(2, 19.02, '2025-04-21', 44),
(3, 56.49, '2025-02-15', 99),
(4, 42.68, '2025-03-21', 323),
(5, 16.45, '2025-04-12', 368),
(6, 90.24, '2025-02-26', 295),
(7, 80.53, '2025-06-17', 54),
(8, 41.58, '2025-01-17', 36),
(9, 91.54, '2025-08-23', 395),
(10, 91.42, '2025-01-27', 118);

-- MANIFIESTO CARGA (10)
INSERT INTO ManifiestoCarga (idManifiestoCarga, cantidadPaletas, cantidadCajasMaster, OrdenCompra_idOrdenCompra, Transporte_idTransporte) VALUES
(1, 8, 317, 74, 3),
(2, 11, 435, 386, 4),
(3, 5, 240, 182, 8),
(4, 2, 73, 155, 5),
(5, 13, 488, 44, 5),
(6, 10, 165, 62, 3),
(7, 13, 268, 337, 4),
(8, 19, 460, 44, 7),
(9, 2, 450, 314, 6),
(10, 6, 209, 288, 2);

-- ASIGNACION META (10)
INSERT INTO AsignacionMeta (idAsignacionMeta, metaCumplida, MetaMensual_idMetaMensual, Empleado_idEmpleado, ComisionVenta_idComisionVenta) VALUES
(1, 'N', 2, 19, 5),
(2, 'N', 8, 19, 6),
(3, 'Y', 3, 17, 8),
(4, 'N', 5, 14, 3),
(5, 'N', 5, 16, 6),
(6, 'Y', 3, 1, 9),
(7, 'N', 9, 5, 9),
(8, 'N', 3, 6, 8),
(9, 'Y', 1, 13, 1),
(10, 'N', 2, 4, 8);

-- COMPRA (796 registros B2C, 2 por ClienteNatural)

INSERT INTO Compra (idCompra, fechaHora, numeroCompra, totalPagar, subTotal, ClienteNatural_idClienteNatural, TipoUbicacionStock_idTipoUbicacionStock) VALUES
(1, '2026-06-14 03:31:10', 100001, 104.92, 90.45, 1, 11),
(2, '2026-06-14 12:10:45', 100002, 443.35, 382.2, 1, 4),
(3, '2026-06-14 12:19:22', 100003, 172.45, 148.66, 2, 4),
(4, '2026-06-14 00:48:34', 100004, 323.33, 278.73, 2, 4),
(5, '2026-06-14 02:42:48', 100005, 111.48, 96.1, 3, 6),
(6, '2026-06-14 17:08:54', 100006, 48.8, 42.07, 3, 9),
(7, '2026-06-14 04:02:18', 100007, 322.72, 278.21, 4, 11),
(8, '2026-06-14 00:32:48', 100008, 499.41, 430.53, 4, 9),
(9, '2026-06-14 03:01:03', 100009, 246.26, 212.29, 5, 12),
(10, '2026-06-14 02:14:46', 100010, 386.55, 333.23, 5, 12),
(11, '2026-06-14 03:02:36', 100011, 399.12, 344.07, 6, 5),
(12, '2026-06-14 10:42:37', 100012, 52.66, 45.4, 6, 8),
(13, '2026-06-14 08:16:04', 100013, 30.89, 26.63, 7, 4),
(14, '2026-06-14 11:00:47', 100014, 64.35, 55.47, 7, 11),
(15, '2026-06-14 11:00:49', 100015, 321.03, 276.75, 8, 7),
(16, '2026-06-14 01:39:02', 100016, 24.99, 21.54, 8, 1),
(17, '2026-06-14 11:22:36', 100017, 562.01, 484.49, 9, 14),
(18, '2026-06-14 03:26:47', 100018, 239.4, 206.38, 9, 1),
(19, '2026-06-14 07:54:35', 100019, 255.61, 220.35, 10, 8),
(20, '2026-06-14 21:57:19', 100020, 34.46, 29.71, 10, 12),
(21, '2026-06-14 02:27:19', 100021, 117.37, 101.18, 11, 11),
(22, '2026-06-14 03:12:35', 100022, 109.35, 94.27, 11, 12),
(23, '2026-06-14 18:40:42', 100023, 595.67, 513.51, 12, 8),
(24, '2026-06-14 23:39:01', 100024, 343.39, 296.03, 12, 5),
(25, '2026-06-14 00:13:15', 100025, 562.05, 484.53, 13, 6),
(26, '2026-06-14 14:25:05', 100026, 148.55, 128.06, 13, 1),
(27, '2026-06-14 02:19:19', 100027, 93.61, 80.7, 14, 15),
(28, '2026-06-14 00:02:50', 100028, 502.18, 432.91, 14, 12),
(29, '2026-06-14 22:50:16', 100029, 161.29, 139.04, 15, 14),
(30, '2026-06-14 15:11:17', 100030, 391.2, 337.24, 15, 9),
(31, '2026-06-14 05:56:59', 100031, 40.36, 34.79, 16, 3),
(32, '2026-06-14 21:11:17', 100032, 101.63, 87.61, 16, 12),
(33, '2026-06-14 17:07:35', 100033, 345.81, 298.11, 17, 9),
(34, '2026-06-14 10:20:57', 100034, 534.13, 460.46, 17, 6),
(35, '2026-06-14 22:48:07', 100035, 338.15, 291.51, 18, 7),
(36, '2026-06-14 04:56:43', 100036, 24.85, 21.42, 18, 2),
(37, '2026-06-14 09:07:54', 100037, 365.86, 315.4, 19, 7),
(38, '2026-06-14 04:20:32', 100038, 539.71, 465.27, 19, 15),
(39, '2026-06-14 19:44:16', 100039, 569.82, 491.22, 20, 10),
(40, '2026-06-14 19:14:53', 100040, 328.05, 282.8, 20, 6),
(41, '2026-06-14 06:13:50', 100041, 133.14, 114.78, 21, 10),
(42, '2026-06-14 10:48:52', 100042, 70.67, 60.92, 21, 10),
(43, '2026-06-14 22:27:53', 100043, 576.15, 496.68, 22, 12),
(44, '2026-06-14 14:12:38', 100044, 113.78, 98.09, 22, 15),
(45, '2026-06-14 02:48:20', 100045, 434.01, 374.15, 23, 8),
(46, '2026-06-14 04:31:47', 100046, 441.19, 380.34, 23, 8),
(47, '2026-06-14 22:03:03', 100047, 138.36, 119.28, 24, 9),
(48, '2026-06-14 04:17:16', 100048, 205.12, 176.83, 24, 4),
(49, '2026-06-14 08:27:45', 100049, 295.82, 255.02, 25, 14),
(50, '2026-06-14 08:51:18', 100050, 602.82, 519.67, 25, 10),
(51, '2026-06-14 14:36:23', 100051, 567.27, 489.03, 26, 3),
(52, '2026-06-14 11:52:18', 100052, 68.74, 59.26, 26, 15),
(53, '2026-06-14 21:00:17', 100053, 534.42, 460.71, 27, 14),
(54, '2026-06-14 21:24:40', 100054, 34, 29.31, 27, 9),
(55, '2026-06-14 07:56:45', 100055, 594.3, 512.33, 28, 10),
(56, '2026-06-14 15:02:41', 100056, 220.86, 190.4, 28, 1),
(57, '2026-06-14 08:13:36', 100057, 234.88, 202.48, 29, 8),
(58, '2026-06-14 07:39:05', 100058, 374.39, 322.75, 29, 10),
(59, '2026-06-14 06:58:21', 100059, 511.87, 441.27, 30, 3),
(60, '2026-06-14 08:09:10', 100060, 359.22, 309.67, 30, 1),
(61, '2026-06-14 22:10:39', 100061, 86.15, 74.27, 31, 10),
(62, '2026-06-14 15:51:21', 100062, 395.48, 340.93, 31, 3),
(63, '2026-06-14 10:11:47', 100063, 267.54, 230.64, 32, 10),
(64, '2026-06-14 16:24:39', 100064, 334.97, 288.77, 32, 9),
(65, '2026-06-14 05:18:32', 100065, 427.3, 368.36, 33, 15),
(66, '2026-06-14 07:35:45', 100066, 425.59, 366.89, 33, 13),
(67, '2026-06-14 12:51:02', 100067, 597.28, 514.9, 34, 7),
(68, '2026-06-14 03:33:24', 100068, 266.89, 230.08, 34, 7),
(69, '2026-06-14 11:18:29', 100069, 575.95, 496.51, 35, 1),
(70, '2026-06-14 02:11:47', 100070, 263.33, 227.01, 35, 11),
(71, '2026-06-14 22:30:12', 100071, 549.36, 473.59, 36, 7),
(72, '2026-06-14 15:38:50', 100072, 535.31, 461.47, 36, 15),
(73, '2026-06-14 01:06:54', 100073, 211.47, 182.3, 37, 8),
(74, '2026-06-14 13:09:22', 100074, 556.5, 479.74, 37, 10),
(75, '2026-06-14 02:00:39', 100075, 240.05, 206.94, 38, 3),
(76, '2026-06-14 21:49:49', 100076, 159.74, 137.71, 38, 1),
(77, '2026-06-14 03:47:17', 100077, 370.19, 319.13, 39, 6),
(78, '2026-06-14 00:39:05', 100078, 52.3, 45.09, 39, 9),
(79, '2026-06-14 12:43:54', 100079, 479.5, 413.36, 40, 8),
(80, '2026-06-14 08:24:51', 100080, 539.3, 464.91, 40, 11),
(81, '2026-06-14 22:48:39', 100081, 513.25, 442.46, 41, 12),
(82, '2026-06-14 22:50:11', 100082, 485.88, 418.86, 41, 2),
(83, '2026-06-14 19:48:26', 100083, 583.67, 503.16, 42, 11),
(84, '2026-06-14 06:49:21', 100084, 136.73, 117.87, 42, 14),
(85, '2026-06-14 22:03:50', 100085, 555.9, 479.22, 43, 9),
(86, '2026-06-14 09:06:58', 100086, 516.23, 445.03, 43, 6),
(87, '2026-06-14 12:58:01', 100087, 535.44, 461.59, 44, 2),
(88, '2026-06-14 07:07:11', 100088, 404.1, 348.36, 44, 9),
(89, '2026-06-14 03:27:22', 100089, 90.26, 77.81, 45, 12),
(90, '2026-06-14 17:16:59', 100090, 591.83, 510.2, 45, 9),
(91, '2026-06-14 12:02:17', 100091, 382.19, 329.47, 46, 8),
(92, '2026-06-14 21:57:18', 100092, 560.76, 483.41, 46, 14),
(93, '2026-06-14 19:52:03', 100093, 259.93, 224.08, 47, 4),
(94, '2026-06-14 20:47:53', 100094, 286.49, 246.97, 47, 13),
(95, '2026-06-14 03:37:36', 100095, 532.49, 459.04, 48, 4),
(96, '2026-06-14 10:40:16', 100096, 467.06, 402.64, 48, 7),
(97, '2026-06-14 02:06:29', 100097, 104.56, 90.14, 49, 6),
(98, '2026-06-14 11:41:09', 100098, 227.1, 195.78, 49, 8),
(99, '2026-06-14 08:48:57', 100099, 472.72, 407.52, 50, 10),
(100, '2026-06-14 06:24:33', 100100, 188.44, 162.45, 50, 6),
(101, '2026-06-14 22:23:44', 100101, 105.85, 91.25, 51, 2),
(102, '2026-06-14 21:25:49', 100102, 300.27, 258.85, 51, 10),
(103, '2026-06-14 04:40:56', 100103, 297.56, 256.52, 52, 2),
(104, '2026-06-14 17:22:32', 100104, 194.09, 167.32, 52, 2),
(105, '2026-06-14 03:37:15', 100105, 594.76, 512.72, 53, 8),
(106, '2026-06-14 07:39:16', 100106, 327.62, 282.43, 53, 8),
(107, '2026-06-14 01:07:10', 100107, 304.12, 262.17, 54, 3),
(108, '2026-06-14 17:21:53', 100108, 147.26, 126.95, 54, 4),
(109, '2026-06-14 00:51:02', 100109, 279.17, 240.66, 55, 1),
(110, '2026-06-14 16:51:51', 100110, 354.35, 305.47, 55, 3),
(111, '2026-06-14 21:52:04', 100111, 350.05, 301.77, 56, 1),
(112, '2026-06-14 07:07:16', 100112, 597.16, 514.79, 56, 2),
(113, '2026-06-14 05:09:38', 100113, 110.73, 95.46, 57, 2),
(114, '2026-06-14 01:30:43', 100114, 271.87, 234.37, 57, 10),
(115, '2026-06-14 08:29:30', 100115, 352.27, 303.68, 58, 14),
(116, '2026-06-14 06:35:06', 100116, 572.51, 493.54, 58, 1),
(117, '2026-06-14 11:48:13', 100117, 518.13, 446.66, 59, 14),
(118, '2026-06-14 04:02:02', 100118, 360.45, 310.73, 59, 10),
(119, '2026-06-14 14:05:48', 100119, 555.07, 478.51, 60, 4),
(120, '2026-06-14 21:12:24', 100120, 134.82, 116.22, 60, 14),
(121, '2026-06-14 03:08:58', 100121, 307.82, 265.36, 61, 11),
(122, '2026-06-14 09:21:02', 100122, 143.38, 123.6, 61, 8),
(123, '2026-06-14 17:00:21', 100123, 428.04, 369, 62, 3),
(124, '2026-06-14 10:55:02', 100124, 423.7, 365.26, 62, 4),
(125, '2026-06-14 00:27:29', 100125, 169.42, 146.05, 63, 1),
(126, '2026-06-14 06:40:37', 100126, 582.12, 501.83, 63, 15),
(127, '2026-06-14 01:10:22', 100127, 60.05, 51.77, 64, 13),
(128, '2026-06-14 07:49:45', 100128, 423.91, 365.44, 64, 7),
(129, '2026-06-14 19:00:52', 100129, 119.36, 102.9, 65, 7),
(130, '2026-06-14 14:43:35', 100130, 143.33, 123.56, 65, 9),
(131, '2026-06-14 23:10:22', 100131, 454.57, 391.87, 66, 3),
(132, '2026-06-14 16:39:00', 100132, 288.72, 248.9, 66, 8),
(133, '2026-06-14 17:44:11', 100133, 572.18, 493.26, 67, 8),
(134, '2026-06-14 12:37:57', 100134, 382.13, 329.42, 67, 2),
(135, '2026-06-14 14:10:38', 100135, 239.55, 206.51, 68, 9),
(136, '2026-06-14 00:35:57', 100136, 276.36, 238.24, 68, 14),
(137, '2026-06-14 12:05:25', 100137, 240.78, 207.57, 69, 12),
(138, '2026-06-14 21:48:54', 100138, 83.14, 71.67, 69, 2),
(139, '2026-06-14 15:48:14', 100139, 597.2, 514.83, 70, 15),
(140, '2026-06-14 01:48:45', 100140, 269.77, 232.56, 70, 7),
(141, '2026-06-14 22:46:03', 100141, 411.14, 354.43, 71, 14),
(142, '2026-06-14 19:32:29', 100142, 92.24, 79.52, 71, 13),
(143, '2026-06-14 02:42:14', 100143, 273.38, 235.67, 72, 1),
(144, '2026-06-14 15:18:05', 100144, 264.63, 228.13, 72, 3),
(145, '2026-06-14 17:43:59', 100145, 437.61, 377.25, 73, 1),
(146, '2026-06-14 19:55:10', 100146, 434.98, 374.98, 73, 9),
(147, '2026-06-14 05:50:01', 100147, 231.78, 199.81, 74, 7),
(148, '2026-06-14 18:02:36', 100148, 266.08, 229.38, 74, 2),
(149, '2026-06-14 08:18:52', 100149, 203.82, 175.71, 75, 15),
(150, '2026-06-14 23:34:06', 100150, 533.22, 459.67, 75, 8),
(151, '2026-06-14 18:42:44', 100151, 471.15, 406.16, 76, 1),
(152, '2026-06-14 05:46:30', 100152, 564.03, 486.23, 76, 4),
(153, '2026-06-14 20:21:02', 100153, 203.05, 175.04, 77, 2),
(154, '2026-06-14 06:40:09', 100154, 147.19, 126.89, 77, 11),
(155, '2026-06-14 14:42:07', 100155, 408.64, 352.28, 78, 11),
(156, '2026-06-14 10:50:28', 100156, 227.05, 195.73, 78, 11),
(157, '2026-06-14 05:49:08', 100157, 458.15, 394.96, 79, 10),
(158, '2026-06-14 12:05:49', 100158, 367.15, 316.51, 79, 11),
(159, '2026-06-14 23:31:29', 100159, 130.42, 112.43, 80, 3),
(160, '2026-06-14 23:16:11', 100160, 281.64, 242.79, 80, 11),
(161, '2026-06-14 06:24:23', 100161, 373.35, 321.85, 81, 5),
(162, '2026-06-14 01:35:02', 100162, 112.9, 97.33, 81, 6),
(163, '2026-06-14 09:18:50', 100163, 317.86, 274.02, 82, 13),
(164, '2026-06-14 01:13:21', 100164, 63.52, 54.76, 82, 6),
(165, '2026-06-14 04:50:59', 100165, 433.34, 373.57, 83, 2),
(166, '2026-06-14 02:12:26', 100166, 426.36, 367.55, 83, 9),
(167, '2026-06-14 03:39:09', 100167, 228.36, 196.86, 84, 4),
(168, '2026-06-14 19:26:45', 100168, 289.8, 249.83, 84, 1),
(169, '2026-06-14 21:02:58', 100169, 330.02, 284.5, 85, 8),
(170, '2026-06-14 15:41:08', 100170, 487.54, 420.29, 85, 10),
(171, '2026-06-14 18:55:06', 100171, 255.88, 220.59, 86, 10),
(172, '2026-06-14 10:25:51', 100172, 265.21, 228.63, 86, 10),
(173, '2026-06-14 20:08:47', 100173, 60.34, 52.02, 87, 11),
(174, '2026-06-14 17:08:46', 100174, 232.21, 200.18, 87, 8),
(175, '2026-06-14 14:28:49', 100175, 163.5, 140.95, 88, 14),
(176, '2026-06-14 03:51:20', 100176, 483.7, 416.98, 88, 9),
(177, '2026-06-14 09:04:50', 100177, 43.99, 37.92, 89, 12),
(178, '2026-06-14 05:32:33', 100178, 363.44, 313.31, 89, 13),
(179, '2026-06-14 09:35:04', 100179, 28.77, 24.8, 90, 10),
(180, '2026-06-14 18:15:28', 100180, 412.19, 355.34, 90, 7),
(181, '2026-06-14 12:54:14', 100181, 63.97, 55.15, 91, 5),
(182, '2026-06-14 07:05:33', 100182, 482.88, 416.28, 91, 6),
(183, '2026-06-14 14:04:07', 100183, 182.03, 156.92, 92, 13),
(184, '2026-06-14 18:18:56', 100184, 404.65, 348.84, 92, 10),
(185, '2026-06-14 04:35:08', 100185, 102.45, 88.32, 93, 14),
(186, '2026-06-14 00:23:21', 100186, 505.39, 435.68, 93, 14),
(187, '2026-06-14 21:23:03', 100187, 38.98, 33.6, 94, 14),
(188, '2026-06-14 12:50:29', 100188, 327.78, 282.57, 94, 10),
(189, '2026-06-14 02:59:44', 100189, 192.68, 166.1, 95, 1),
(190, '2026-06-14 08:27:25', 100190, 268.19, 231.2, 95, 6),
(191, '2026-06-14 11:18:34', 100191, 534.84, 461.07, 96, 13),
(192, '2026-06-14 22:45:20', 100192, 535.11, 461.3, 96, 3),
(193, '2026-06-14 21:44:40', 100193, 468.67, 404.03, 97, 8),
(194, '2026-06-14 04:01:27', 100194, 244.16, 210.48, 97, 12),
(195, '2026-06-14 22:48:52', 100195, 112.79, 97.23, 98, 2),
(196, '2026-06-14 04:50:45', 100196, 30.03, 25.89, 98, 10),
(197, '2026-06-14 13:57:33', 100197, 309.42, 266.74, 99, 8),
(198, '2026-06-14 13:49:53', 100198, 348.44, 300.38, 99, 1),
(199, '2026-06-14 17:29:57', 100199, 373.88, 322.31, 100, 12),
(200, '2026-06-14 09:18:58', 100200, 251.85, 217.11, 100, 5),
(201, '2026-06-14 07:00:18', 100201, 150.34, 129.6, 101, 15),
(202, '2026-06-14 15:25:56', 100202, 561.86, 484.36, 101, 10),
(203, '2026-06-14 01:00:52', 100203, 418.33, 360.63, 102, 3),
(204, '2026-06-14 22:10:40', 100204, 144.7, 124.74, 102, 1),
(205, '2026-06-14 09:07:40', 100205, 486.48, 419.38, 103, 4),
(206, '2026-06-14 11:51:35', 100206, 265.38, 228.78, 103, 8),
(207, '2026-06-14 21:52:46', 100207, 385.33, 332.18, 104, 4),
(208, '2026-06-14 13:39:54', 100208, 124.69, 107.49, 104, 4),
(209, '2026-06-14 03:52:45', 100209, 549.58, 473.78, 105, 2),
(210, '2026-06-14 17:37:55', 100210, 327.89, 282.66, 105, 2),
(211, '2026-06-14 04:38:44', 100211, 291.25, 251.08, 106, 2),
(212, '2026-06-14 04:20:47', 100212, 506.34, 436.5, 106, 3),
(213, '2026-06-14 19:50:43', 100213, 294.28, 253.69, 107, 4),
(214, '2026-06-14 04:13:37', 100214, 484.08, 417.31, 107, 8),
(215, '2026-06-14 06:16:35', 100215, 407.01, 350.87, 108, 13),
(216, '2026-06-14 12:21:34', 100216, 398.63, 343.65, 108, 5),
(217, '2026-06-14 20:55:30', 100217, 418.03, 360.37, 109, 15),
(218, '2026-06-14 05:07:35', 100218, 266.23, 229.51, 109, 12),
(219, '2026-06-14 05:51:40', 100219, 589.89, 508.53, 110, 7),
(220, '2026-06-14 07:08:14', 100220, 85.94, 74.09, 110, 10),
(221, '2026-06-14 12:59:03', 100221, 209.02, 180.19, 111, 5),
(222, '2026-06-14 22:02:25', 100222, 131.2, 113.1, 111, 7),
(223, '2026-06-14 20:45:48', 100223, 206.79, 178.27, 112, 9),
(224, '2026-06-14 20:20:57', 100224, 385.32, 332.17, 112, 9),
(225, '2026-06-14 01:38:12', 100225, 344.15, 296.68, 113, 2),
(226, '2026-06-14 09:36:59', 100226, 284.4, 245.17, 113, 14),
(227, '2026-06-14 08:07:16', 100227, 219.6, 189.31, 114, 4),
(228, '2026-06-14 20:51:05', 100228, 120.23, 103.65, 114, 11),
(229, '2026-06-14 04:41:02', 100229, 308.49, 265.94, 115, 9),
(230, '2026-06-14 10:03:06', 100230, 106.49, 91.8, 115, 2),
(231, '2026-06-14 23:11:08', 100231, 160.89, 138.7, 116, 15),
(232, '2026-06-14 21:47:11', 100232, 164.92, 142.17, 116, 12),
(233, '2026-06-14 07:03:13', 100233, 471.27, 406.27, 117, 15),
(234, '2026-06-14 16:29:07', 100234, 573.02, 493.98, 117, 4),
(235, '2026-06-14 00:15:22', 100235, 473.2, 407.93, 118, 6),
(236, '2026-06-14 09:35:06', 100236, 233.07, 200.92, 118, 10),
(237, '2026-06-14 08:29:00', 100237, 23.23, 20.03, 119, 12),
(238, '2026-06-14 04:59:31', 100238, 236.19, 203.61, 119, 15),
(239, '2026-06-14 01:40:06', 100239, 192.2, 165.69, 120, 7),
(240, '2026-06-14 03:28:50', 100240, 123.62, 106.57, 120, 13),
(241, '2026-06-14 23:55:43', 100241, 276.59, 238.44, 121, 3),
(242, '2026-06-14 17:48:31', 100242, 156.09, 134.56, 121, 4),
(243, '2026-06-14 06:40:26', 100243, 525.21, 452.77, 122, 6),
(244, '2026-06-14 19:03:15', 100244, 265.69, 229.04, 122, 15),
(245, '2026-06-14 17:58:42', 100245, 469.05, 404.35, 123, 13),
(246, '2026-06-14 07:08:34', 100246, 438.05, 377.63, 123, 2),
(247, '2026-06-14 21:45:57', 100247, 157.01, 135.35, 124, 7),
(248, '2026-06-14 10:45:48', 100248, 46.57, 40.15, 124, 5),
(249, '2026-06-14 08:27:07', 100249, 399.18, 344.12, 125, 12),
(250, '2026-06-14 09:13:08', 100250, 29.37, 25.32, 125, 9),
(251, '2026-06-14 01:12:59', 100251, 224.01, 193.11, 126, 6),
(252, '2026-06-14 23:13:38', 100252, 439.9, 379.22, 126, 6),
(253, '2026-06-14 13:13:05', 100253, 544.86, 469.71, 127, 8),
(254, '2026-06-14 12:43:08', 100254, 578.85, 499.01, 127, 3),
(255, '2026-06-14 01:15:31', 100255, 597.43, 515.03, 128, 14),
(256, '2026-06-14 06:50:08', 100256, 253.65, 218.66, 128, 3),
(257, '2026-06-14 02:59:11', 100257, 218.28, 188.17, 129, 2),
(258, '2026-06-14 16:45:34', 100258, 111.66, 96.26, 129, 2),
(259, '2026-06-14 05:07:18', 100259, 53.24, 45.9, 130, 9),
(260, '2026-06-14 03:21:58', 100260, 62.2, 53.62, 130, 13),
(261, '2026-06-14 15:05:12', 100261, 306, 263.79, 131, 10),
(262, '2026-06-14 19:41:48', 100262, 185.9, 160.26, 131, 6),
(263, '2026-06-14 03:04:33', 100263, 288.46, 248.67, 132, 15),
(264, '2026-06-14 14:02:00', 100264, 488.89, 421.46, 132, 3),
(265, '2026-06-14 18:09:33', 100265, 176.34, 152.02, 133, 1),
(266, '2026-06-14 22:56:40', 100266, 476.59, 410.85, 133, 14),
(267, '2026-06-14 21:52:32', 100267, 172.19, 148.44, 134, 2),
(268, '2026-06-14 00:46:47', 100268, 420.76, 362.72, 134, 9),
(269, '2026-06-14 23:56:34', 100269, 212.27, 182.99, 135, 13),
(270, '2026-06-14 03:34:09', 100270, 547.98, 472.4, 135, 2),
(271, '2026-06-14 02:21:57', 100271, 301.62, 260.02, 136, 1),
(272, '2026-06-14 11:31:20', 100272, 442.23, 381.23, 136, 6),
(273, '2026-06-14 21:00:41', 100273, 220.42, 190.02, 137, 10),
(274, '2026-06-14 06:31:57', 100274, 346.19, 298.44, 137, 11),
(275, '2026-06-14 19:14:12', 100275, 484.79, 417.92, 138, 8),
(276, '2026-06-14 19:34:26', 100276, 176.89, 152.49, 138, 11),
(277, '2026-06-14 08:47:38', 100277, 398.29, 343.35, 139, 15),
(278, '2026-06-14 13:54:12', 100278, 114.21, 98.46, 139, 10),
(279, '2026-06-14 11:26:10', 100279, 135.02, 116.4, 140, 14),
(280, '2026-06-14 23:15:51', 100280, 278.71, 240.27, 140, 8),
(281, '2026-06-14 14:37:41', 100281, 387.6, 334.14, 141, 9),
(282, '2026-06-14 20:09:17', 100282, 413.27, 356.27, 141, 4),
(283, '2026-06-14 22:05:21', 100283, 548.03, 472.44, 142, 2),
(284, '2026-06-14 02:22:02', 100284, 587.37, 506.35, 142, 15),
(285, '2026-06-14 08:19:04', 100285, 28.11, 24.23, 143, 9),
(286, '2026-06-14 08:04:44', 100286, 207.43, 178.82, 143, 5),
(287, '2026-06-14 13:43:51', 100287, 186.74, 160.98, 144, 4),
(288, '2026-06-14 17:05:24', 100288, 47.05, 40.56, 144, 6),
(289, '2026-06-14 09:37:07', 100289, 199.14, 171.67, 145, 15),
(290, '2026-06-14 09:04:12', 100290, 182.76, 157.55, 145, 15),
(291, '2026-06-14 14:12:16', 100291, 220.54, 190.12, 146, 8),
(292, '2026-06-14 06:32:24', 100292, 172.55, 148.75, 146, 9),
(293, '2026-06-14 18:25:02', 100293, 202.28, 174.38, 147, 14),
(294, '2026-06-14 04:13:01', 100294, 224.31, 193.37, 147, 12),
(295, '2026-06-14 00:58:04', 100295, 152.41, 131.39, 148, 14),
(296, '2026-06-14 17:11:06', 100296, 377.59, 325.51, 148, 5),
(297, '2026-06-14 06:51:14', 100297, 564.71, 486.82, 149, 1),
(298, '2026-06-14 08:26:18', 100298, 413.45, 356.42, 149, 14),
(299, '2026-06-14 05:41:28', 100299, 463.71, 399.75, 150, 2),
(300, '2026-06-14 23:34:20', 100300, 322.92, 278.38, 150, 10),
(301, '2026-06-14 03:03:17', 100301, 68.83, 59.34, 151, 10),
(302, '2026-06-14 15:08:00', 100302, 219.29, 189.04, 151, 5),
(303, '2026-06-14 02:25:24', 100303, 317.84, 274, 152, 15),
(304, '2026-06-14 22:10:08', 100304, 38.4, 33.1, 152, 15),
(305, '2026-06-14 18:55:55', 100305, 24.38, 21.02, 153, 2),
(306, '2026-06-14 07:29:24', 100306, 28.12, 24.24, 153, 3),
(307, '2026-06-14 04:51:29', 100307, 389.18, 335.5, 154, 12),
(308, '2026-06-14 05:34:58', 100308, 474.56, 409.1, 154, 14),
(309, '2026-06-14 04:25:21', 100309, 44.37, 38.25, 155, 9),
(310, '2026-06-14 18:16:29', 100310, 411.6, 354.83, 155, 9),
(311, '2026-06-14 19:25:13', 100311, 362.95, 312.89, 156, 10),
(312, '2026-06-14 05:08:07', 100312, 210.31, 181.3, 156, 10),
(313, '2026-06-14 03:43:15', 100313, 36.75, 31.68, 157, 4),
(314, '2026-06-14 05:55:29', 100314, 217.52, 187.52, 157, 5),
(315, '2026-06-14 08:12:35', 100315, 491.52, 423.72, 158, 4),
(316, '2026-06-14 07:34:21', 100316, 483.98, 417.22, 158, 2),
(317, '2026-06-14 00:00:46', 100317, 149.08, 128.52, 159, 8),
(318, '2026-06-14 17:37:52', 100318, 504.41, 434.84, 159, 3),
(319, '2026-06-14 02:27:42', 100319, 339.97, 293.08, 160, 9),
(320, '2026-06-14 11:10:02', 100320, 542.35, 467.54, 160, 9),
(321, '2026-06-14 20:47:16', 100321, 273.16, 235.48, 161, 4),
(322, '2026-06-14 14:50:08', 100322, 154.19, 132.92, 161, 13),
(323, '2026-06-14 15:47:37', 100323, 600.45, 517.63, 162, 13),
(324, '2026-06-14 03:56:05', 100324, 595.38, 513.26, 162, 1),
(325, '2026-06-14 14:03:53', 100325, 367.37, 316.7, 163, 8),
(326, '2026-06-14 21:30:02', 100326, 442.38, 381.36, 163, 10),
(327, '2026-06-14 03:31:06', 100327, 202.11, 174.23, 164, 3),
(328, '2026-06-14 05:43:57', 100328, 230.81, 198.97, 164, 2),
(329, '2026-06-14 21:29:02', 100329, 162.57, 140.15, 165, 15),
(330, '2026-06-14 07:50:39', 100330, 534.74, 460.98, 165, 10),
(331, '2026-06-14 13:04:32', 100331, 464.27, 400.23, 166, 9),
(332, '2026-06-14 19:54:36', 100332, 499.55, 430.65, 166, 10),
(333, '2026-06-14 01:48:57', 100333, 208.7, 179.91, 167, 2),
(334, '2026-06-14 03:40:33', 100334, 509.03, 438.82, 167, 8),
(335, '2026-06-14 09:59:09', 100335, 452.67, 390.23, 168, 11),
(336, '2026-06-14 02:01:16', 100336, 428.78, 369.64, 168, 4),
(337, '2026-06-14 01:51:29', 100337, 267.9, 230.95, 169, 12),
(338, '2026-06-14 01:58:27', 100338, 465.9, 401.64, 169, 7),
(339, '2026-06-14 08:07:50', 100339, 348.57, 300.49, 170, 4),
(340, '2026-06-14 02:32:31', 100340, 115.8, 99.83, 170, 10),
(341, '2026-06-14 14:16:58', 100341, 457.34, 394.26, 171, 12),
(342, '2026-06-14 13:55:17', 100342, 229.66, 197.98, 171, 13),
(343, '2026-06-14 18:37:49', 100343, 429.61, 370.35, 172, 15),
(344, '2026-06-14 05:18:31', 100344, 167.19, 144.13, 172, 11),
(345, '2026-06-14 03:13:18', 100345, 462.57, 398.77, 173, 12),
(346, '2026-06-14 06:08:31', 100346, 254.02, 218.98, 173, 2),
(347, '2026-06-14 14:29:30', 100347, 375.2, 323.45, 174, 2),
(348, '2026-06-14 18:53:40', 100348, 486.86, 419.71, 174, 1),
(349, '2026-06-14 03:40:30', 100349, 142.3, 122.67, 175, 2),
(350, '2026-06-14 17:17:09', 100350, 476.63, 410.89, 175, 9),
(351, '2026-06-14 18:00:46', 100351, 563.21, 485.53, 176, 6),
(352, '2026-06-14 09:58:50', 100352, 369.84, 318.83, 176, 1),
(353, '2026-06-14 10:23:12', 100353, 63.92, 55.1, 177, 7),
(354, '2026-06-14 06:06:47', 100354, 90.6, 78.1, 177, 6),
(355, '2026-06-14 08:37:27', 100355, 289.12, 249.24, 178, 14),
(356, '2026-06-14 11:43:45', 100356, 373.35, 321.85, 178, 9),
(357, '2026-06-14 23:58:09', 100357, 415.51, 358.2, 179, 6),
(358, '2026-06-14 13:43:30', 100358, 500.02, 431.05, 179, 3),
(359, '2026-06-14 19:02:16', 100359, 255.75, 220.47, 180, 7),
(360, '2026-06-14 18:28:09', 100360, 478.84, 412.79, 180, 1),
(361, '2026-06-14 14:29:16', 100361, 309.31, 266.65, 181, 7),
(362, '2026-06-14 03:33:13', 100362, 363.28, 313.17, 181, 14),
(363, '2026-06-14 16:12:29', 100363, 98.44, 84.86, 182, 7),
(364, '2026-06-14 10:14:03', 100364, 66.83, 57.61, 182, 12),
(365, '2026-06-14 13:35:21', 100365, 337.21, 290.7, 183, 8),
(366, '2026-06-14 07:21:27', 100366, 396.26, 341.6, 183, 8),
(367, '2026-06-14 23:33:20', 100367, 513.9, 443.02, 184, 12),
(368, '2026-06-14 11:41:14', 100368, 58.06, 50.05, 184, 13),
(369, '2026-06-14 00:29:06', 100369, 407.01, 350.87, 185, 9),
(370, '2026-06-14 14:32:31', 100370, 443.11, 381.99, 185, 5),
(371, '2026-06-14 12:25:38', 100371, 219.01, 188.8, 186, 14),
(372, '2026-06-14 00:08:48', 100372, 558.32, 481.31, 186, 14),
(373, '2026-06-14 19:05:27', 100373, 188.47, 162.47, 187, 5),
(374, '2026-06-14 02:52:38', 100374, 100.86, 86.95, 187, 9),
(375, '2026-06-14 18:59:28', 100375, 358.34, 308.91, 188, 11),
(376, '2026-06-14 01:29:02', 100376, 325.07, 280.23, 188, 13),
(377, '2026-06-14 18:49:31', 100377, 46.35, 39.96, 189, 12),
(378, '2026-06-14 13:55:26', 100378, 213.06, 183.67, 189, 7),
(379, '2026-06-14 08:53:58', 100379, 48.07, 41.44, 190, 14),
(380, '2026-06-14 22:01:32', 100380, 519.56, 447.9, 190, 5),
(381, '2026-06-14 17:54:51', 100381, 377.67, 325.58, 191, 3),
(382, '2026-06-14 12:56:46', 100382, 358.53, 309.08, 191, 6),
(383, '2026-06-14 12:05:02', 100383, 513.65, 442.8, 192, 6),
(384, '2026-06-14 23:34:02', 100384, 331.82, 286.05, 192, 4),
(385, '2026-06-14 04:25:42', 100385, 346.43, 298.65, 193, 4),
(386, '2026-06-14 20:01:11', 100386, 151.99, 131.03, 193, 10),
(387, '2026-06-14 01:57:52', 100387, 370.03, 318.99, 194, 1),
(388, '2026-06-14 20:57:10', 100388, 205.68, 177.31, 194, 3),
(389, '2026-06-14 15:09:04', 100389, 489.95, 422.37, 195, 13),
(390, '2026-06-14 06:50:44', 100390, 327.22, 282.09, 195, 2),
(391, '2026-06-14 08:59:18', 100391, 528.4, 455.52, 196, 12),
(392, '2026-06-14 07:11:13', 100392, 271.41, 233.97, 196, 10),
(393, '2026-06-14 11:44:46', 100393, 432.87, 373.16, 197, 2),
(394, '2026-06-14 13:13:53', 100394, 487.92, 420.62, 197, 12),
(395, '2026-06-14 00:23:11', 100395, 420.79, 362.75, 198, 14),
(396, '2026-06-14 00:21:37', 100396, 555.93, 479.25, 198, 7),
(397, '2026-06-14 00:17:26', 100397, 579.63, 499.68, 199, 2),
(398, '2026-06-14 01:38:15', 100398, 164.55, 141.85, 199, 3),
(399, '2026-06-14 15:44:03', 100399, 35.06, 30.22, 200, 11),
(400, '2026-06-14 21:23:18', 100400, 201.06, 173.33, 200, 3),
(401, '2026-06-14 01:56:49', 100401, 581.87, 501.61, 201, 5),
(402, '2026-06-14 23:48:52', 100402, 516.65, 445.39, 201, 2),
(403, '2026-06-14 22:33:06', 100403, 255.78, 220.5, 202, 11),
(404, '2026-06-14 05:18:38', 100404, 417.29, 359.73, 202, 3),
(405, '2026-06-14 21:57:10', 100405, 460.59, 397.06, 203, 8),
(406, '2026-06-14 06:19:02', 100406, 42.21, 36.39, 203, 14),
(407, '2026-06-14 15:02:20', 100407, 36.34, 31.33, 204, 2),
(408, '2026-06-14 01:27:22', 100408, 553.76, 477.38, 204, 3),
(409, '2026-06-14 05:46:33', 100409, 182.51, 157.34, 205, 5),
(410, '2026-06-14 02:37:53', 100410, 67.95, 58.58, 205, 5),
(411, '2026-06-14 14:45:47', 100411, 76.99, 66.37, 206, 7),
(412, '2026-06-14 02:46:55', 100412, 53.07, 45.75, 206, 8),
(413, '2026-06-14 15:45:45', 100413, 354.99, 306.03, 207, 1),
(414, '2026-06-14 21:13:58', 100414, 465.4, 401.21, 207, 11),
(415, '2026-06-14 18:55:21', 100415, 372.38, 321.02, 208, 4),
(416, '2026-06-14 03:23:51', 100416, 322.64, 278.14, 208, 4),
(417, '2026-06-14 15:26:35', 100417, 571.74, 492.88, 209, 13),
(418, '2026-06-14 21:15:48', 100418, 272.26, 234.71, 209, 1),
(419, '2026-06-14 07:31:20', 100419, 504.33, 434.77, 210, 2),
(420, '2026-06-14 11:00:53', 100420, 390.51, 336.65, 210, 11),
(421, '2026-06-14 20:39:38', 100421, 123.66, 106.6, 211, 9),
(422, '2026-06-14 15:24:32', 100422, 220.01, 189.66, 211, 13),
(423, '2026-06-14 16:54:06', 100423, 549.91, 474.06, 212, 1),
(424, '2026-06-14 04:10:43', 100424, 557.68, 480.76, 212, 2),
(425, '2026-06-14 15:24:52', 100425, 532.78, 459.29, 213, 4),
(426, '2026-06-14 05:35:38', 100426, 195.88, 168.86, 213, 7),
(427, '2026-06-14 03:30:18', 100427, 46.89, 40.42, 214, 10),
(428, '2026-06-14 23:47:43', 100428, 69.22, 59.67, 214, 10),
(429, '2026-06-14 11:42:48', 100429, 468.25, 403.66, 215, 11),
(430, '2026-06-14 09:25:14', 100430, 105.97, 91.35, 215, 3),
(431, '2026-06-14 07:16:38', 100431, 271.36, 233.93, 216, 12),
(432, '2026-06-14 11:47:13', 100432, 325.96, 281, 216, 11),
(433, '2026-06-14 01:45:55', 100433, 92.16, 79.45, 217, 9),
(434, '2026-06-14 04:36:27', 100434, 471.61, 406.56, 217, 15),
(435, '2026-06-14 09:27:02', 100435, 563.82, 486.05, 218, 1),
(436, '2026-06-14 22:36:41', 100436, 254.88, 219.72, 218, 8),
(437, '2026-06-14 19:21:50', 100437, 550.07, 474.2, 219, 5),
(438, '2026-06-14 20:52:37', 100438, 453.87, 391.27, 219, 3),
(439, '2026-06-14 04:34:09', 100439, 381.27, 328.68, 220, 2),
(440, '2026-06-14 17:47:49', 100440, 429.88, 370.59, 220, 9),
(441, '2026-06-14 18:57:14', 100441, 584.86, 504.19, 221, 7),
(442, '2026-06-14 20:14:09', 100442, 33.52, 28.9, 221, 13),
(443, '2026-06-14 20:06:56', 100443, 363.8, 313.62, 222, 5),
(444, '2026-06-14 17:55:43', 100444, 210.6, 181.55, 222, 10),
(445, '2026-06-14 07:59:20', 100445, 553.74, 477.36, 223, 4),
(446, '2026-06-14 20:17:28', 100446, 447.52, 385.79, 223, 6),
(447, '2026-06-14 03:46:16', 100447, 421.34, 363.22, 224, 12),
(448, '2026-06-14 20:07:59', 100448, 99.59, 85.85, 224, 5),
(449, '2026-06-14 14:42:20', 100449, 542.73, 467.87, 225, 3),
(450, '2026-06-14 02:38:30', 100450, 461.84, 398.14, 225, 9),
(451, '2026-06-14 19:04:36', 100451, 595.21, 513.11, 226, 4),
(452, '2026-06-14 18:37:50', 100452, 409.68, 353.17, 226, 8),
(453, '2026-06-14 13:45:23', 100453, 130.01, 112.08, 227, 2),
(454, '2026-06-14 02:49:37', 100454, 283.99, 244.82, 227, 9),
(455, '2026-06-14 14:55:33', 100455, 307.03, 264.68, 228, 8),
(456, '2026-06-14 14:38:48', 100456, 191.43, 165.03, 228, 6),
(457, '2026-06-14 04:46:13', 100457, 391.15, 337.2, 229, 10),
(458, '2026-06-14 01:10:46', 100458, 539.99, 465.51, 229, 12),
(459, '2026-06-14 05:16:51', 100459, 221.82, 191.22, 230, 10),
(460, '2026-06-14 20:19:45', 100460, 218.47, 188.34, 230, 15),
(461, '2026-06-14 06:00:59', 100461, 408.54, 352.19, 231, 2),
(462, '2026-06-14 20:30:16', 100462, 248.67, 214.37, 231, 12),
(463, '2026-06-14 03:49:12', 100463, 66.54, 57.36, 232, 4),
(464, '2026-06-14 18:32:35', 100464, 595.63, 513.47, 232, 8),
(465, '2026-06-14 22:03:59', 100465, 243.02, 209.5, 233, 11),
(466, '2026-06-14 07:03:34', 100466, 185.01, 159.49, 233, 3),
(467, '2026-06-14 06:53:42', 100467, 270.4, 233.1, 234, 15),
(468, '2026-06-14 04:47:28', 100468, 237.01, 204.32, 234, 15),
(469, '2026-06-14 13:53:33', 100469, 36.25, 31.25, 235, 7),
(470, '2026-06-14 09:04:22', 100470, 135.24, 116.59, 235, 9),
(471, '2026-06-14 07:43:03', 100471, 345.13, 297.53, 236, 1),
(472, '2026-06-14 04:01:48', 100472, 451.95, 389.61, 236, 11),
(473, '2026-06-14 19:56:16', 100473, 63.09, 54.39, 237, 8),
(474, '2026-06-14 06:06:13', 100474, 492.3, 424.4, 237, 12),
(475, '2026-06-14 23:03:11', 100475, 485.24, 418.31, 238, 2),
(476, '2026-06-14 00:29:24', 100476, 496.75, 428.23, 238, 11),
(477, '2026-06-14 05:41:34', 100477, 539.35, 464.96, 239, 15),
(478, '2026-06-14 12:49:00', 100478, 79.53, 68.56, 239, 7),
(479, '2026-06-14 04:58:59', 100479, 116.72, 100.62, 240, 4),
(480, '2026-06-14 15:37:46', 100480, 148.76, 128.24, 240, 6),
(481, '2026-06-14 06:50:14', 100481, 561.32, 483.9, 241, 12),
(482, '2026-06-14 06:32:22', 100482, 349.38, 301.19, 241, 4),
(483, '2026-06-14 17:36:49', 100483, 436.13, 375.97, 242, 14),
(484, '2026-06-14 02:21:49', 100484, 501.02, 431.91, 242, 9),
(485, '2026-06-14 10:05:59', 100485, 182.6, 157.41, 243, 11),
(486, '2026-06-14 00:04:51', 100486, 387.39, 333.96, 243, 15),
(487, '2026-06-14 09:42:39', 100487, 133.59, 115.16, 244, 7),
(488, '2026-06-14 09:26:22', 100488, 375.32, 323.55, 244, 1),
(489, '2026-06-14 23:26:06', 100489, 507.07, 437.13, 245, 14),
(490, '2026-06-14 13:09:24', 100490, 283.01, 243.97, 245, 8),
(491, '2026-06-14 06:47:05', 100491, 81.48, 70.24, 246, 8),
(492, '2026-06-14 04:50:17', 100492, 307.64, 265.21, 246, 8),
(493, '2026-06-14 04:40:55', 100493, 341.88, 294.72, 247, 9),
(494, '2026-06-14 00:57:45', 100494, 203.28, 175.24, 247, 11),
(495, '2026-06-14 16:59:57', 100495, 269.35, 232.2, 248, 15),
(496, '2026-06-14 23:59:28', 100496, 186.32, 160.62, 248, 13),
(497, '2026-06-14 20:40:20', 100497, 60.9, 52.5, 249, 8),
(498, '2026-06-14 14:36:10', 100498, 562.08, 484.55, 249, 6),
(499, '2026-06-14 13:09:47', 100499, 268.8, 231.72, 250, 9),
(500, '2026-06-14 07:31:24', 100500, 398.83, 343.82, 250, 5),
(501, '2026-06-14 14:23:25', 100501, 282.52, 243.55, 251, 4),
(502, '2026-06-14 06:50:14', 100502, 269.87, 232.65, 251, 2),
(503, '2026-06-14 04:22:46', 100503, 314.93, 271.49, 252, 4),
(504, '2026-06-14 12:20:33', 100504, 425.29, 366.63, 252, 8),
(505, '2026-06-14 09:46:11', 100505, 431.89, 372.32, 253, 12),
(506, '2026-06-14 12:12:37', 100506, 530.65, 457.46, 253, 9),
(507, '2026-06-14 10:34:15', 100507, 585.75, 504.96, 254, 4),
(508, '2026-06-14 11:15:15', 100508, 285.78, 246.36, 254, 2),
(509, '2026-06-14 18:22:57', 100509, 408.88, 352.48, 255, 15),
(510, '2026-06-14 04:22:16', 100510, 152.76, 131.69, 255, 1),
(511, '2026-06-14 23:58:38', 100511, 101.99, 87.92, 256, 10),
(512, '2026-06-14 19:11:51', 100512, 59.51, 51.3, 256, 8),
(513, '2026-06-14 01:13:02', 100513, 547.37, 471.87, 257, 4),
(514, '2026-06-14 15:06:42', 100514, 51.45, 44.35, 257, 4),
(515, '2026-06-14 06:04:37', 100515, 156.14, 134.6, 258, 1),
(516, '2026-06-14 00:48:07', 100516, 570.49, 491.8, 258, 2),
(517, '2026-06-14 03:55:59', 100517, 430.2, 370.86, 259, 6),
(518, '2026-06-14 11:55:45', 100518, 598.76, 516.17, 259, 2),
(519, '2026-06-14 06:23:03', 100519, 383.81, 330.87, 260, 1),
(520, '2026-06-14 12:19:43', 100520, 374.53, 322.87, 260, 1),
(521, '2026-06-14 01:40:13', 100521, 366.87, 316.27, 261, 1),
(522, '2026-06-14 21:21:32', 100522, 533, 459.48, 261, 7),
(523, '2026-06-14 00:03:31', 100523, 51.9, 44.74, 262, 9),
(524, '2026-06-14 03:14:58', 100524, 465.6, 401.38, 262, 8),
(525, '2026-06-14 16:21:42', 100525, 354.79, 305.85, 263, 4),
(526, '2026-06-14 20:01:35', 100526, 580.32, 500.28, 263, 7),
(527, '2026-06-14 16:05:06', 100527, 258.98, 223.26, 264, 8),
(528, '2026-06-14 11:41:34', 100528, 395.9, 341.29, 264, 12),
(529, '2026-06-14 02:23:11', 100529, 72.59, 62.58, 265, 3),
(530, '2026-06-14 04:51:32', 100530, 375.48, 323.69, 265, 15),
(531, '2026-06-14 07:21:29', 100531, 295.79, 254.99, 266, 5),
(532, '2026-06-14 16:58:47', 100532, 538.65, 464.35, 266, 7),
(533, '2026-06-14 21:46:02', 100533, 31.99, 27.58, 267, 7),
(534, '2026-06-14 22:56:47', 100534, 235.72, 203.21, 267, 3),
(535, '2026-06-14 10:39:47', 100535, 195.02, 168.12, 268, 13),
(536, '2026-06-14 07:09:44', 100536, 285.13, 245.8, 268, 3),
(537, '2026-06-14 23:28:19', 100537, 461.45, 397.8, 269, 13),
(538, '2026-06-14 07:35:40', 100538, 86.59, 74.65, 269, 1),
(539, '2026-06-14 11:54:07', 100539, 569.58, 491.02, 270, 13),
(540, '2026-06-14 08:21:02', 100540, 136.53, 117.7, 270, 3),
(541, '2026-06-14 06:04:40', 100541, 417.39, 359.82, 271, 9),
(542, '2026-06-14 15:34:19', 100542, 43.01, 37.08, 271, 15),
(543, '2026-06-14 12:13:57', 100543, 357.73, 308.39, 272, 15),
(544, '2026-06-14 10:26:00', 100544, 33.21, 28.63, 272, 11),
(545, '2026-06-14 07:16:55', 100545, 46.28, 39.9, 273, 1),
(546, '2026-06-14 12:32:36', 100546, 488.63, 421.23, 273, 14),
(547, '2026-06-14 22:07:09', 100547, 81.12, 69.93, 274, 15),
(548, '2026-06-14 22:47:20', 100548, 312.57, 269.46, 274, 3),
(549, '2026-06-14 18:16:40', 100549, 298.89, 257.66, 275, 15),
(550, '2026-06-14 06:57:26', 100550, 259.78, 223.95, 275, 5),
(551, '2026-06-14 21:21:59', 100551, 474.76, 409.28, 276, 3),
(552, '2026-06-14 23:08:45', 100552, 226.69, 195.42, 276, 9),
(553, '2026-06-14 02:57:22', 100553, 319.59, 275.51, 277, 3),
(554, '2026-06-14 09:04:48', 100554, 384.56, 331.52, 277, 14),
(555, '2026-06-14 14:06:00', 100555, 81.35, 70.13, 278, 3),
(556, '2026-06-14 01:35:39', 100556, 188.37, 162.39, 278, 9),
(557, '2026-06-14 13:05:27', 100557, 333.29, 287.32, 279, 8),
(558, '2026-06-14 14:08:36', 100558, 137.41, 118.46, 279, 3),
(559, '2026-06-14 18:02:10', 100559, 324.57, 279.8, 280, 12),
(560, '2026-06-14 19:53:47', 100560, 240.68, 207.48, 280, 8),
(561, '2026-06-14 04:08:14', 100561, 25.9, 22.33, 281, 10),
(562, '2026-06-14 19:21:24', 100562, 113.81, 98.11, 281, 1),
(563, '2026-06-14 09:29:14', 100563, 191.68, 165.24, 282, 4),
(564, '2026-06-14 00:30:11', 100564, 569.66, 491.09, 282, 10),
(565, '2026-06-14 06:27:00', 100565, 37.85, 32.63, 283, 11),
(566, '2026-06-14 13:55:31', 100566, 216.08, 186.28, 283, 11),
(567, '2026-06-14 03:48:00', 100567, 307.52, 265.1, 284, 3),
(568, '2026-06-14 10:50:23', 100568, 217.19, 187.23, 284, 8),
(569, '2026-06-14 05:43:20', 100569, 252.95, 218.06, 285, 1),
(570, '2026-06-14 06:48:32', 100570, 104.24, 89.86, 285, 8),
(571, '2026-06-14 06:42:05', 100571, 237.74, 204.95, 286, 9),
(572, '2026-06-14 17:08:34', 100572, 454.82, 392.09, 286, 10),
(573, '2026-06-14 21:49:13', 100573, 356, 306.9, 287, 11),
(574, '2026-06-14 13:29:43', 100574, 98.52, 84.93, 287, 12),
(575, '2026-06-14 03:06:09', 100575, 323.88, 279.21, 288, 5),
(576, '2026-06-14 12:06:30', 100576, 474.67, 409.2, 288, 5),
(577, '2026-06-14 18:23:58', 100577, 57.54, 49.6, 289, 8),
(578, '2026-06-14 10:43:22', 100578, 139.9, 120.6, 289, 13),
(579, '2026-06-14 06:16:40', 100579, 366.73, 316.15, 290, 12),
(580, '2026-06-14 09:30:34', 100580, 325.4, 280.52, 290, 7),
(581, '2026-06-14 18:04:14', 100581, 356.39, 307.23, 291, 6),
(582, '2026-06-14 04:33:47', 100582, 147.48, 127.14, 291, 1),
(583, '2026-06-14 15:37:02', 100583, 145.27, 125.23, 292, 13),
(584, '2026-06-14 11:51:23', 100584, 483.05, 416.42, 292, 10),
(585, '2026-06-14 20:07:57', 100585, 419.65, 361.77, 293, 9),
(586, '2026-06-14 21:25:42', 100586, 155.99, 134.47, 293, 11),
(587, '2026-06-14 00:32:07', 100587, 234.16, 201.86, 294, 12),
(588, '2026-06-14 16:08:56', 100588, 184.95, 159.44, 294, 15),
(589, '2026-06-14 21:56:31', 100589, 34.25, 29.53, 295, 10),
(590, '2026-06-14 15:14:00', 100590, 581.4, 501.21, 295, 9),
(591, '2026-06-14 13:06:59', 100591, 41.19, 35.51, 296, 10),
(592, '2026-06-14 15:06:31', 100592, 449.58, 387.57, 296, 11),
(593, '2026-06-14 18:51:00', 100593, 217.57, 187.56, 297, 12),
(594, '2026-06-14 02:30:04', 100594, 130.24, 112.28, 297, 8),
(595, '2026-06-14 08:54:46', 100595, 73.18, 63.09, 298, 6),
(596, '2026-06-14 21:35:24', 100596, 483.14, 416.5, 298, 9),
(597, '2026-06-14 15:25:02', 100597, 354.28, 305.41, 299, 12),
(598, '2026-06-14 21:32:25', 100598, 490.98, 423.26, 299, 12),
(599, '2026-06-14 14:36:09', 100599, 381.99, 329.3, 300, 4),
(600, '2026-06-14 00:55:02', 100600, 178.98, 154.29, 300, 5),
(601, '2026-06-14 03:09:37', 100601, 529.46, 456.43, 301, 6),
(602, '2026-06-14 15:20:26', 100602, 421.42, 363.29, 301, 9),
(603, '2026-06-14 01:42:47', 100603, 506.44, 436.59, 302, 14),
(604, '2026-06-14 07:48:15', 100604, 424.85, 366.25, 302, 4),
(605, '2026-06-14 13:04:51', 100605, 182.61, 157.42, 303, 11),
(606, '2026-06-14 17:45:30', 100606, 309.66, 266.95, 303, 12),
(607, '2026-06-14 23:33:01', 100607, 459.94, 396.5, 304, 5),
(608, '2026-06-14 11:47:28', 100608, 266.34, 229.6, 304, 14),
(609, '2026-06-14 13:05:31', 100609, 114.69, 98.87, 305, 1),
(610, '2026-06-14 21:49:55', 100610, 345.29, 297.66, 305, 6),
(611, '2026-06-14 05:39:21', 100611, 567.77, 489.46, 306, 9),
(612, '2026-06-14 01:17:51', 100612, 211.19, 182.06, 306, 2),
(613, '2026-06-14 21:50:09', 100613, 578.35, 498.58, 307, 2),
(614, '2026-06-14 12:40:54', 100614, 521.4, 449.48, 307, 3),
(615, '2026-06-14 12:20:12', 100615, 142.2, 122.59, 308, 13),
(616, '2026-06-14 10:32:28', 100616, 430.68, 371.28, 308, 8),
(617, '2026-06-14 21:49:54', 100617, 378.62, 326.4, 309, 4),
(618, '2026-06-14 07:12:56', 100618, 324, 279.31, 309, 6),
(619, '2026-06-14 04:56:23', 100619, 222.55, 191.85, 310, 9),
(620, '2026-06-14 17:56:22', 100620, 176.9, 152.5, 310, 2),
(621, '2026-06-14 04:55:07', 100621, 53.49, 46.11, 311, 8),
(622, '2026-06-14 21:27:50', 100622, 257.91, 222.34, 311, 6),
(623, '2026-06-14 12:49:38', 100623, 527.88, 455.07, 312, 6),
(624, '2026-06-14 01:55:48', 100624, 57.26, 49.36, 312, 8),
(625, '2026-06-14 07:44:21', 100625, 342.73, 295.46, 313, 10),
(626, '2026-06-14 14:56:05', 100626, 32.14, 27.71, 313, 7),
(627, '2026-06-14 12:10:56', 100627, 583.99, 503.44, 314, 4),
(628, '2026-06-14 23:42:32', 100628, 262.07, 225.92, 314, 3),
(629, '2026-06-14 20:22:32', 100629, 382.34, 329.6, 315, 15),
(630, '2026-06-14 08:17:55', 100630, 496.18, 427.74, 315, 11),
(631, '2026-06-14 19:07:45', 100631, 140.27, 120.92, 316, 1),
(632, '2026-06-14 10:33:39', 100632, 459.49, 396.11, 316, 15),
(633, '2026-06-14 22:22:34', 100633, 491.45, 423.66, 317, 6),
(634, '2026-06-14 08:53:29', 100634, 226.06, 194.88, 317, 7),
(635, '2026-06-14 08:23:52', 100635, 70.1, 60.43, 318, 1),
(636, '2026-06-14 22:12:40', 100636, 434.37, 374.46, 318, 1),
(637, '2026-06-14 07:01:03', 100637, 403.59, 347.92, 319, 10),
(638, '2026-06-14 09:24:57', 100638, 111.48, 96.1, 319, 1),
(639, '2026-06-14 10:03:10', 100639, 578.45, 498.66, 320, 7),
(640, '2026-06-14 11:47:06', 100640, 408.51, 352.16, 320, 3),
(641, '2026-06-14 11:48:52', 100641, 286.65, 247.11, 321, 5),
(642, '2026-06-14 10:14:44', 100642, 515.27, 444.2, 321, 15),
(643, '2026-06-14 05:52:00', 100643, 498.93, 430.11, 322, 5),
(644, '2026-06-14 22:19:31', 100644, 313.13, 269.94, 322, 11),
(645, '2026-06-14 22:56:04', 100645, 572.91, 493.89, 323, 5),
(646, '2026-06-14 07:12:44', 100646, 407.53, 351.32, 323, 2),
(647, '2026-06-14 03:05:21', 100647, 160.69, 138.53, 324, 6),
(648, '2026-06-14 12:09:05', 100648, 133.63, 115.2, 324, 3),
(649, '2026-06-14 03:40:41', 100649, 442.64, 381.59, 325, 4),
(650, '2026-06-14 12:02:27', 100650, 435.19, 375.16, 325, 9),
(651, '2026-06-14 03:16:50', 100651, 447.23, 385.54, 326, 10),
(652, '2026-06-14 12:43:46', 100652, 318.69, 274.73, 326, 6),
(653, '2026-06-14 05:30:23', 100653, 340.92, 293.9, 327, 5),
(654, '2026-06-14 03:31:48', 100654, 416.46, 359.02, 327, 1),
(655, '2026-06-14 18:14:18', 100655, 600.13, 517.35, 328, 8),
(656, '2026-06-14 06:15:29', 100656, 481.56, 415.14, 328, 9),
(657, '2026-06-14 06:45:06', 100657, 94.28, 81.28, 329, 6),
(658, '2026-06-14 21:15:58', 100658, 72.5, 62.5, 329, 10),
(659, '2026-06-14 18:23:47', 100659, 408.04, 351.76, 330, 11),
(660, '2026-06-14 15:17:38', 100660, 318.51, 274.58, 330, 10),
(661, '2026-06-14 00:13:56', 100661, 347.91, 299.92, 331, 14),
(662, '2026-06-14 22:57:16', 100662, 575.49, 496.11, 331, 10),
(663, '2026-06-14 06:13:22', 100663, 163.27, 140.75, 332, 9),
(664, '2026-06-14 11:23:46', 100664, 191.76, 165.31, 332, 3),
(665, '2026-06-14 21:33:07', 100665, 488.78, 421.36, 333, 15),
(666, '2026-06-14 09:27:39', 100666, 145.72, 125.62, 333, 13),
(667, '2026-06-14 23:36:35', 100667, 102.82, 88.64, 334, 1),
(668, '2026-06-14 00:48:27', 100668, 86.27, 74.37, 334, 13),
(669, '2026-06-14 22:58:22', 100669, 120.14, 103.57, 335, 10),
(670, '2026-06-14 13:00:36', 100670, 250.08, 215.59, 335, 7),
(671, '2026-06-14 06:30:42', 100671, 51.28, 44.21, 336, 6),
(672, '2026-06-14 10:05:05', 100672, 412.1, 355.26, 336, 2),
(673, '2026-06-14 11:17:14', 100673, 347.34, 299.43, 337, 7),
(674, '2026-06-14 16:38:33', 100674, 172.25, 148.49, 337, 7),
(675, '2026-06-14 15:55:06', 100675, 174.43, 150.37, 338, 2),
(676, '2026-06-14 21:10:41', 100676, 532.42, 458.98, 338, 12),
(677, '2026-06-14 09:50:17', 100677, 403.56, 347.9, 339, 7),
(678, '2026-06-14 11:54:28', 100678, 535.29, 461.46, 339, 15),
(679, '2026-06-14 22:43:02', 100679, 400.86, 345.57, 340, 3),
(680, '2026-06-14 15:44:55', 100680, 429.14, 369.95, 340, 2),
(681, '2026-06-14 21:27:31', 100681, 442.99, 381.89, 341, 3),
(682, '2026-06-14 07:23:55', 100682, 253.84, 218.83, 341, 2),
(683, '2026-06-14 06:24:37', 100683, 463.74, 399.78, 342, 4),
(684, '2026-06-14 14:00:14', 100684, 121.87, 105.06, 342, 12),
(685, '2026-06-14 18:09:23', 100685, 474.32, 408.9, 343, 9),
(686, '2026-06-14 22:53:00', 100686, 212.16, 182.9, 343, 7),
(687, '2026-06-14 04:15:30', 100687, 166.15, 143.23, 344, 2),
(688, '2026-06-14 22:18:10', 100688, 454.49, 391.8, 344, 12),
(689, '2026-06-14 02:59:15', 100689, 348.42, 300.36, 345, 9),
(690, '2026-06-14 12:05:15', 100690, 238.55, 205.65, 345, 6),
(691, '2026-06-14 15:29:21', 100691, 69.15, 59.61, 346, 15),
(692, '2026-06-14 17:03:06', 100692, 580.71, 500.61, 346, 7),
(693, '2026-06-14 10:22:50', 100693, 295.01, 254.32, 347, 12),
(694, '2026-06-14 00:54:53', 100694, 363.94, 313.74, 347, 15),
(695, '2026-06-14 07:49:38', 100695, 158.53, 136.66, 348, 1),
(696, '2026-06-14 18:54:59', 100696, 422.83, 364.51, 348, 1),
(697, '2026-06-14 19:37:04', 100697, 484.75, 417.89, 349, 1),
(698, '2026-06-14 16:54:05', 100698, 382.36, 329.62, 349, 1),
(699, '2026-06-14 21:11:23', 100699, 600.81, 517.94, 350, 12),
(700, '2026-06-14 17:09:16', 100700, 99.98, 86.19, 350, 2),
(701, '2026-06-14 15:12:14', 100701, 223.35, 192.54, 351, 13),
(702, '2026-06-14 19:50:20', 100702, 470.86, 405.91, 351, 11),
(703, '2026-06-14 20:03:03', 100703, 130.92, 112.86, 352, 11),
(704, '2026-06-14 19:18:49', 100704, 392.59, 338.44, 352, 15),
(705, '2026-06-14 03:48:06', 100705, 550.81, 474.84, 353, 6),
(706, '2026-06-14 02:25:31', 100706, 228.15, 196.68, 353, 1),
(707, '2026-06-14 14:38:11', 100707, 591.5, 509.91, 354, 14),
(708, '2026-06-14 14:23:22', 100708, 119.43, 102.96, 354, 11),
(709, '2026-06-14 19:33:22', 100709, 495.84, 427.45, 355, 4),
(710, '2026-06-14 19:08:24', 100710, 117.23, 101.06, 355, 9),
(711, '2026-06-14 09:19:54', 100711, 215.7, 185.95, 356, 8),
(712, '2026-06-14 19:06:12', 100712, 150.63, 129.85, 356, 14),
(713, '2026-06-14 09:19:27', 100713, 408.33, 352.01, 357, 6),
(714, '2026-06-14 04:52:21', 100714, 349.11, 300.96, 357, 12),
(715, '2026-06-14 09:55:36', 100715, 33.57, 28.94, 358, 13),
(716, '2026-06-14 13:25:30', 100716, 68.96, 59.45, 358, 9),
(717, '2026-06-14 23:00:01', 100717, 332.54, 286.67, 359, 14),
(718, '2026-06-14 07:44:17', 100718, 355.85, 306.77, 359, 9),
(719, '2026-06-14 12:11:01', 100719, 219.82, 189.5, 360, 8),
(720, '2026-06-14 12:05:38', 100720, 274.83, 236.92, 360, 9),
(721, '2026-06-14 22:46:35', 100721, 587.82, 506.74, 361, 1),
(722, '2026-06-14 11:43:21', 100722, 558.01, 481.04, 361, 8),
(723, '2026-06-14 09:35:20', 100723, 401.95, 346.51, 362, 13),
(724, '2026-06-14 08:18:55', 100724, 423.71, 365.27, 362, 13),
(725, '2026-06-14 10:35:52', 100725, 172.62, 148.81, 363, 3),
(726, '2026-06-14 05:53:02', 100726, 316.67, 272.99, 363, 8),
(727, '2026-06-14 11:47:28', 100727, 357.52, 308.21, 364, 2),
(728, '2026-06-14 04:24:33', 100728, 363.57, 313.42, 364, 14),
(729, '2026-06-14 14:22:27', 100729, 77.88, 67.14, 365, 10),
(730, '2026-06-14 22:51:12', 100730, 566.24, 488.14, 365, 13),
(731, '2026-06-14 04:10:28', 100731, 59.43, 51.23, 366, 14),
(732, '2026-06-14 08:53:06', 100732, 326.86, 281.78, 366, 12),
(733, '2026-06-14 13:41:14', 100733, 428.36, 369.28, 367, 15),
(734, '2026-06-14 14:06:26', 100734, 128.31, 110.61, 367, 4),
(735, '2026-06-14 22:44:17', 100735, 306.99, 264.65, 368, 4),
(736, '2026-06-14 01:07:02', 100736, 412.99, 356.03, 368, 2),
(737, '2026-06-14 08:41:09', 100737, 364.6, 314.31, 369, 9),
(738, '2026-06-14 07:18:42', 100738, 240.9, 207.67, 369, 1),
(739, '2026-06-14 07:18:35', 100739, 155.73, 134.25, 370, 6),
(740, '2026-06-14 21:08:13', 100740, 321.08, 276.79, 370, 14),
(741, '2026-06-14 19:24:59', 100741, 207.47, 178.85, 371, 10),
(742, '2026-06-14 10:53:24', 100742, 85.4, 73.62, 371, 6),
(743, '2026-06-14 05:50:34', 100743, 286.25, 246.77, 372, 2),
(744, '2026-06-14 21:31:11', 100744, 213.31, 183.89, 372, 6),
(745, '2026-06-14 07:24:03', 100745, 537.53, 463.39, 373, 14),
(746, '2026-06-14 15:09:22', 100746, 128.64, 110.9, 373, 15),
(747, '2026-06-14 22:54:23', 100747, 470.83, 405.89, 374, 9),
(748, '2026-06-14 22:41:46', 100748, 478.12, 412.17, 374, 4),
(749, '2026-06-14 09:54:36', 100749, 558.26, 481.26, 375, 15),
(750, '2026-06-14 11:44:12', 100750, 600.23, 517.44, 375, 14),
(751, '2026-06-14 08:56:20', 100751, 381.07, 328.51, 376, 9),
(752, '2026-06-14 09:21:59', 100752, 28.03, 24.16, 376, 12),
(753, '2026-06-14 06:31:50', 100753, 287.55, 247.89, 377, 4),
(754, '2026-06-14 07:26:20', 100754, 323.83, 279.16, 377, 5),
(755, '2026-06-14 04:45:14', 100755, 239.75, 206.68, 378, 9),
(756, '2026-06-14 09:47:08', 100756, 299.6, 258.28, 378, 15),
(757, '2026-06-14 21:57:46', 100757, 440.83, 380.03, 379, 1),
(758, '2026-06-14 23:33:38', 100758, 255.27, 220.06, 379, 15),
(759, '2026-06-14 14:42:33', 100759, 246.65, 212.63, 380, 4),
(760, '2026-06-14 21:03:16', 100760, 390.22, 336.4, 380, 8),
(761, '2026-06-14 00:23:36', 100761, 410.77, 354.11, 381, 7),
(762, '2026-06-14 14:41:23', 100762, 265.29, 228.7, 381, 4),
(763, '2026-06-14 14:12:59', 100763, 373.59, 322.06, 382, 5),
(764, '2026-06-14 07:44:54', 100764, 336.64, 290.21, 382, 8),
(765, '2026-06-14 18:48:07', 100765, 327.17, 282.04, 383, 14),
(766, '2026-06-14 11:11:45', 100766, 471.38, 406.36, 383, 4),
(767, '2026-06-14 08:31:44', 100767, 361.41, 311.56, 384, 5),
(768, '2026-06-14 12:20:32', 100768, 432.36, 372.72, 384, 6),
(769, '2026-06-14 07:09:21', 100769, 480.24, 414, 385, 8),
(770, '2026-06-14 09:43:04', 100770, 478.48, 412.48, 385, 10),
(771, '2026-06-14 03:09:20', 100771, 197.32, 170.1, 386, 15),
(772, '2026-06-14 04:16:24', 100772, 545.81, 470.53, 386, 14),
(773, '2026-06-14 09:55:05', 100773, 560.47, 483.16, 387, 7),
(774, '2026-06-14 01:28:38', 100774, 173, 149.14, 387, 11),
(775, '2026-06-14 23:12:23', 100775, 35.18, 30.33, 388, 12),
(776, '2026-06-14 14:27:30', 100776, 151.38, 130.5, 388, 3),
(777, '2026-06-14 18:07:48', 100777, 245.58, 211.71, 389, 7),
(778, '2026-06-14 04:10:51', 100778, 276.66, 238.5, 389, 1),
(779, '2026-06-14 05:56:05', 100779, 314.24, 270.9, 390, 7),
(780, '2026-06-14 08:04:38', 100780, 238.93, 205.97, 390, 9),
(781, '2026-06-14 22:04:17', 100781, 433.09, 373.35, 391, 6),
(782, '2026-06-14 22:46:12', 100782, 205.17, 176.87, 391, 14),
(783, '2026-06-14 17:46:58', 100783, 193.5, 166.81, 392, 10),
(784, '2026-06-14 07:06:04', 100784, 115.52, 99.59, 392, 2),
(785, '2026-06-14 21:36:12', 100785, 60.47, 52.13, 393, 4),
(786, '2026-06-14 00:06:47', 100786, 472.6, 407.41, 393, 5),
(787, '2026-06-14 12:48:09', 100787, 514.74, 443.74, 394, 12),
(788, '2026-06-14 16:49:53', 100788, 292.83, 252.44, 394, 11),
(789, '2026-06-14 10:58:12', 100789, 309.34, 266.67, 395, 11),
(790, '2026-06-14 11:58:01', 100790, 463.42, 399.5, 395, 3),
(791, '2026-06-14 06:00:22', 100791, 66.2, 57.07, 396, 7),
(792, '2026-06-14 07:51:01', 100792, 489.15, 421.68, 396, 5),
(793, '2026-06-14 20:58:26', 100793, 181.01, 156.04, 397, 3),
(794, '2026-06-14 22:36:15', 100794, 464.66, 400.57, 397, 13),
(795, '2026-06-14 11:13:22', 100795, 294.08, 253.52, 398, 10),
(796, '2026-06-14 22:24:04', 100796, 393.45, 339.18, 398, 12);

-- DETALLE COMPRA JURIDICO (4 registros, 2 por OrdenCompra)

INSERT INTO DetalleCompraJuridico (idDetalleCompraJuridico, OrdenCompra_idOrdenCompra, precioUnitario, cantidad, estado, BackOrder_idBackOrder) VALUES
(1, 1, 250.00, 10, 'Completado', 1),
(2, 1, 250.00, 10, 'Completado', 2),
(3, 2, 180.00, 10, 'Completado', 3),
(4, 2, 180.00, 10, 'Completado', 4);

-- DETALLE COMPRA NATURAL (1592 registros, 2 por Compra)

INSERT INTO DetalleCompraNatural (idDetalleCompraNatural, precioUnitario, UnidadProducida_idUnidadProducidad, Compra_idCompra) VALUES
(1, 269.32, 1, 1),
(2, 161.99, 2, 1),
(3, 55.27, 3, 2),
(4, 60.78, 4, 2),
(5, 187.9, 5, 3),
(6, 353.83, 6, 3),
(7, 303.08, 7, 4),
(8, 273.21, 8, 4),
(9, 227.38, 9, 5),
(10, 432.09, 10, 5),
(11, 459.03, 11, 6),
(12, 94.06, 12, 6),
(13, 419.12, 13, 7),
(14, 404.7, 14, 7),
(15, 372.45, 15, 8),
(16, 225.89, 16, 8),
(17, 336.4, 17, 9),
(18, 233.56, 18, 9),
(19, 276.03, 19, 10),
(20, 210.42, 20, 10),
(21, 202.31, 21, 11),
(22, 418.26, 22, 11),
(23, 434.15, 23, 12),
(24, 360.59, 24, 12),
(25, 222.06, 25, 13),
(26, 485.75, 26, 13),
(27, 306.57, 27, 14),
(28, 33.7, 28, 14),
(29, 325.27, 29, 15),
(30, 312.32, 30, 15),
(31, 333.81, 31, 16),
(32, 437.29, 32, 16),
(33, 456.15, 33, 17),
(34, 397.87, 34, 17),
(35, 259.89, 35, 18),
(36, 431.13, 36, 18),
(37, 115.33, 37, 19),
(38, 379.63, 38, 19),
(39, 322.97, 39, 20),
(40, 375.42, 40, 20),
(41, 125.39, 41, 21),
(42, 132.14, 42, 21),
(43, 258.67, 43, 22),
(44, 383.68, 44, 22),
(45, 185.11, 45, 23),
(46, 235.65, 46, 23),
(47, 325.06, 47, 24),
(48, 344.32, 48, 24),
(49, 257.56, 49, 25),
(50, 471.22, 50, 25),
(51, 74.39, 51, 26),
(52, 112.85, 52, 26),
(53, 212.3, 53, 27),
(54, 22.51, 54, 27),
(55, 352.93, 55, 28),
(56, 351.06, 56, 28),
(57, 227.84, 57, 29),
(58, 194.68, 58, 29),
(59, 338.72, 59, 30),
(60, 202.15, 60, 30),
(61, 67.27, 61, 31),
(62, 289.38, 62, 31),
(63, 447.94, 63, 32),
(64, 415.06, 64, 32),
(65, 118.28, 65, 33),
(66, 41.74, 66, 33),
(67, 137.91, 67, 34),
(68, 41.26, 68, 34),
(69, 164.81, 69, 35),
(70, 441.32, 70, 35),
(71, 130.57, 71, 36),
(72, 456.77, 72, 36),
(73, 410.59, 73, 37),
(74, 400.61, 74, 37),
(75, 105.03, 75, 38),
(76, 90.17, 76, 38),
(77, 179.6, 77, 39),
(78, 70.47, 78, 39),
(79, 195.48, 79, 40),
(80, 486.41, 80, 40),
(81, 180.69, 81, 41),
(82, 462.24, 82, 41),
(83, 276.14, 83, 42),
(84, 354.06, 84, 42),
(85, 257.93, 85, 43),
(86, 240.96, 86, 43),
(87, 244.98, 87, 44),
(88, 453.63, 88, 44),
(89, 64.94, 89, 45),
(90, 408.84, 90, 45),
(91, 223.29, 91, 46),
(92, 420.64, 92, 46),
(93, 60.91, 93, 47),
(94, 140.82, 94, 47),
(95, 328.15, 95, 48),
(96, 336.01, 96, 48),
(97, 184.21, 97, 49),
(98, 343.61, 98, 49),
(99, 285.4, 99, 50),
(100, 163.37, 100, 50),
(101, 117.74, 101, 51),
(102, 303.8, 102, 51),
(103, 199.52, 103, 52),
(104, 316.23, 104, 52),
(105, 360.65, 105, 53),
(106, 117.61, 106, 53),
(107, 202.26, 107, 54),
(108, 311.69, 108, 54),
(109, 417.49, 109, 55),
(110, 282.76, 110, 55),
(111, 191.46, 111, 56),
(112, 177.37, 112, 56),
(113, 499.2, 113, 57),
(114, 352.3, 114, 57),
(115, 41.46, 115, 58),
(116, 105.02, 116, 58),
(117, 33.24, 117, 59),
(118, 113.88, 118, 59),
(119, 177.12, 119, 60),
(120, 377.31, 120, 60),
(121, 296.76, 121, 61),
(122, 184.28, 122, 61),
(123, 476.32, 123, 62),
(124, 255.97, 124, 62),
(125, 238.03, 125, 63),
(126, 209.93, 126, 63),
(127, 415.86, 127, 64),
(128, 289.77, 128, 64),
(129, 92.46, 129, 65),
(130, 269.02, 130, 65),
(131, 405.96, 131, 66),
(132, 335.98, 132, 66),
(133, 285.07, 133, 67),
(134, 52.11, 134, 67),
(135, 388.68, 135, 68),
(136, 376.89, 136, 68),
(137, 282.73, 137, 69),
(138, 459.91, 138, 69),
(139, 493.41, 139, 70),
(140, 160.32, 140, 70),
(141, 58.7, 141, 71),
(142, 433.29, 142, 71),
(143, 56.15, 143, 72),
(144, 282.18, 144, 72),
(145, 237.38, 145, 73),
(146, 65.92, 146, 73),
(147, 421.44, 147, 74),
(148, 208.61, 148, 74),
(149, 119.36, 149, 75),
(150, 243.13, 150, 75),
(151, 322.77, 151, 76),
(152, 90.32, 152, 76),
(153, 186.49, 153, 77),
(154, 408.09, 154, 77),
(155, 366.61, 155, 78),
(156, 433.46, 156, 78),
(157, 327.49, 157, 79),
(158, 443.55, 158, 79),
(159, 98.2, 159, 80),
(160, 170.72, 160, 80),
(161, 201.75, 161, 81),
(162, 412.5, 162, 81),
(163, 239.23, 163, 82),
(164, 168.47, 164, 82),
(165, 376.79, 165, 83),
(166, 355.48, 166, 83),
(167, 392.3, 167, 84),
(168, 467.09, 168, 84),
(169, 463.63, 169, 85),
(170, 164.57, 170, 85),
(171, 322.29, 171, 86),
(172, 73.34, 172, 86),
(173, 120.47, 173, 87),
(174, 36.8, 174, 87),
(175, 338.62, 175, 88),
(176, 363.47, 176, 88),
(177, 148.13, 177, 89),
(178, 214.14, 178, 89),
(179, 38.59, 179, 90),
(180, 192.11, 180, 90),
(181, 288.49, 181, 91),
(182, 227.25, 182, 91),
(183, 190.41, 183, 92),
(184, 349.33, 184, 92),
(185, 446.25, 185, 93),
(186, 335.64, 186, 93),
(187, 169.49, 187, 94),
(188, 376.98, 188, 94),
(189, 185.5, 189, 95),
(190, 455.22, 190, 95),
(191, 69.4, 191, 96),
(192, 339.18, 192, 96),
(193, 381.71, 193, 97),
(194, 342.69, 194, 97),
(195, 458.57, 195, 98),
(196, 146.2, 196, 98),
(197, 214.06, 197, 99),
(198, 387.68, 198, 99),
(199, 405.39, 199, 100),
(200, 381.9, 200, 100),
(201, 173.63, 201, 101),
(202, 454.35, 202, 101),
(203, 244.98, 203, 102),
(204, 454.79, 204, 102),
(205, 420.84, 205, 103),
(206, 269.43, 206, 103),
(207, 469.85, 207, 104),
(208, 169.69, 208, 104),
(209, 89.47, 209, 105),
(210, 23.15, 210, 105),
(211, 305.32, 211, 106),
(212, 133.35, 212, 106),
(213, 424.96, 213, 107),
(214, 406.09, 214, 107),
(215, 382.23, 215, 108),
(216, 474.5, 216, 108),
(217, 242.09, 217, 109),
(218, 389.91, 218, 109),
(219, 222.22, 219, 110),
(220, 61.15, 220, 110),
(221, 205.98, 221, 111),
(222, 35.31, 222, 111),
(223, 301.59, 223, 112),
(224, 28.41, 224, 112),
(225, 115.17, 225, 113),
(226, 483.11, 226, 113),
(227, 191.63, 227, 114),
(228, 277.78, 228, 114),
(229, 78.23, 229, 115),
(230, 212.42, 230, 115),
(231, 169.41, 231, 116),
(232, 260.46, 232, 116),
(233, 308.75, 233, 117),
(234, 156.69, 234, 117),
(235, 38.48, 235, 118),
(236, 334.14, 236, 118),
(237, 482.27, 237, 119),
(238, 235.61, 238, 119),
(239, 428.49, 239, 120),
(240, 196.82, 240, 120),
(241, 365.79, 241, 121),
(242, 499.81, 242, 121),
(243, 307.51, 243, 122),
(244, 182.36, 244, 122),
(245, 169.89, 245, 123),
(246, 436.05, 246, 123),
(247, 414.22, 247, 124),
(248, 475.62, 248, 124),
(249, 460.45, 249, 125),
(250, 484.08, 250, 125),
(251, 404.11, 251, 126),
(252, 324.15, 252, 126),
(253, 185.46, 253, 127),
(254, 364.24, 254, 127),
(255, 195.91, 255, 128),
(256, 158.31, 256, 128),
(257, 172.76, 257, 129),
(258, 236.57, 258, 129),
(259, 359.62, 259, 130),
(260, 437.72, 260, 130),
(261, 97.8, 261, 131),
(262, 212.07, 262, 131),
(263, 111.46, 263, 132),
(264, 377.05, 264, 132),
(265, 353.74, 265, 133),
(266, 64.87, 266, 133),
(267, 324.61, 267, 134),
(268, 288.26, 268, 134),
(269, 387.61, 269, 135),
(270, 68.09, 270, 135),
(271, 492.22, 271, 136),
(272, 26.48, 272, 136),
(273, 461.41, 273, 137),
(274, 45.4, 274, 137),
(275, 195.37, 275, 138),
(276, 206.18, 276, 138),
(277, 227.8, 277, 139),
(278, 139.23, 278, 139),
(279, 358.52, 279, 140),
(280, 179.12, 280, 140),
(281, 88.89, 281, 141),
(282, 216.01, 282, 141),
(283, 317.33, 283, 142),
(284, 94.16, 284, 142),
(285, 308.31, 285, 143),
(286, 345.26, 286, 143),
(287, 95, 287, 144),
(288, 444.51, 288, 144),
(289, 460.78, 289, 145),
(290, 380.17, 290, 145),
(291, 181.38, 291, 146),
(292, 265.7, 292, 146),
(293, 375.99, 293, 147),
(294, 490.77, 294, 147),
(295, 119.02, 295, 148),
(296, 173.72, 296, 148),
(297, 408.35, 297, 149),
(298, 430.46, 298, 149),
(299, 328.62, 299, 150),
(300, 125.03, 300, 150),
(301, 131.44, 301, 151),
(302, 145.96, 302, 151),
(303, 108.01, 303, 152),
(304, 412.36, 304, 152),
(305, 491.85, 305, 153),
(306, 397.63, 306, 153),
(307, 362.74, 307, 154),
(308, 160.06, 308, 154),
(309, 188.87, 309, 155),
(310, 489.74, 310, 155),
(311, 430.51, 311, 156),
(312, 53.53, 312, 156),
(313, 378.05, 313, 157),
(314, 200.5, 314, 157),
(315, 368.83, 315, 158),
(316, 381.79, 316, 158),
(317, 394.74, 317, 159),
(318, 37.3, 318, 159),
(319, 88.74, 319, 160),
(320, 28.48, 320, 160),
(321, 469.87, 321, 161),
(322, 380.1, 322, 161),
(323, 327.48, 323, 162),
(324, 27.44, 324, 162),
(325, 386.71, 325, 163),
(326, 246.52, 326, 163),
(327, 150.49, 327, 164),
(328, 470.64, 328, 164),
(329, 426.38, 329, 165),
(330, 41.65, 330, 165),
(331, 297.82, 331, 166),
(332, 297.34, 332, 166),
(333, 310.61, 333, 167),
(334, 253.49, 334, 167),
(335, 67.68, 335, 168),
(336, 442.93, 336, 168),
(337, 128, 337, 169),
(338, 404.97, 338, 169),
(339, 102.3, 339, 170),
(340, 410.68, 340, 170),
(341, 482.52, 341, 171),
(342, 434.94, 342, 171),
(343, 275.63, 343, 172),
(344, 471.04, 344, 172),
(345, 449.65, 345, 173),
(346, 147.85, 346, 173),
(347, 387.65, 347, 174),
(348, 195.49, 348, 174),
(349, 141.94, 349, 175),
(350, 237.22, 350, 175),
(351, 278.98, 351, 176),
(352, 391.05, 352, 176),
(353, 361.72, 353, 177),
(354, 320.14, 354, 177),
(355, 155.16, 355, 178),
(356, 251.34, 356, 178),
(357, 318.48, 357, 179),
(358, 100.57, 358, 179),
(359, 45.65, 359, 180),
(360, 265.34, 360, 180),
(361, 267.14, 361, 181),
(362, 392.1, 362, 181),
(363, 233.68, 363, 182),
(364, 167.23, 364, 182),
(365, 211.92, 365, 183),
(366, 153.18, 366, 183),
(367, 242.92, 367, 184),
(368, 144.56, 368, 184),
(369, 152.83, 369, 185),
(370, 425.9, 370, 185),
(371, 273.8, 371, 186),
(372, 489.77, 372, 186),
(373, 435, 373, 187),
(374, 178.05, 374, 187),
(375, 45.96, 375, 188),
(376, 54.92, 376, 188),
(377, 124.47, 377, 189),
(378, 356.44, 378, 189),
(379, 77.78, 379, 190),
(380, 258.86, 380, 190),
(381, 358.87, 381, 191),
(382, 455, 382, 191),
(383, 348.7, 383, 192),
(384, 209.16, 384, 192),
(385, 262.67, 385, 193),
(386, 406.77, 386, 193),
(387, 435.61, 387, 194),
(388, 490.48, 388, 194),
(389, 118.33, 389, 195),
(390, 316.33, 390, 195),
(391, 144.45, 391, 196),
(392, 47.42, 392, 196),
(393, 379.32, 393, 197),
(394, 336.96, 394, 197),
(395, 163.54, 395, 198),
(396, 110.42, 396, 198),
(397, 221.27, 397, 199),
(398, 128.41, 398, 199),
(399, 279.12, 399, 200),
(400, 316.48, 400, 200),
(401, 404.93, 401, 201),
(402, 263.09, 402, 201),
(403, 62.66, 403, 202),
(404, 216.04, 404, 202),
(405, 463.43, 405, 203),
(406, 289.2, 406, 203),
(407, 456.06, 407, 204),
(408, 203.67, 408, 204),
(409, 294.17, 409, 205),
(410, 120.24, 410, 205),
(411, 146.88, 411, 206),
(412, 462.03, 412, 206),
(413, 42.79, 413, 207),
(414, 286.78, 414, 207),
(415, 406.47, 415, 208),
(416, 312.14, 416, 208),
(417, 63.4, 417, 209),
(418, 44.52, 418, 209),
(419, 404.55, 419, 210),
(420, 305.15, 420, 210),
(421, 217.57, 421, 211),
(422, 252.44, 422, 211),
(423, 46.23, 423, 212),
(424, 336.5, 424, 212),
(425, 301.45, 425, 213),
(426, 246.37, 426, 213),
(427, 130.45, 427, 214),
(428, 118.03, 428, 214),
(429, 34.51, 429, 215),
(430, 435.55, 430, 215),
(431, 333.66, 431, 216),
(432, 496.06, 432, 216),
(433, 97.32, 433, 217),
(434, 261.31, 434, 217),
(435, 353.93, 435, 218),
(436, 115.78, 436, 218),
(437, 412.33, 437, 219),
(438, 152.65, 438, 219),
(439, 245.73, 439, 220),
(440, 473.47, 440, 220),
(441, 450.71, 441, 221),
(442, 251.94, 442, 221),
(443, 216.3, 443, 222),
(444, 498.1, 444, 222),
(445, 189.45, 445, 223),
(446, 182.42, 446, 223),
(447, 24.63, 447, 224),
(448, 112.54, 448, 224),
(449, 430.49, 449, 225),
(450, 351.4, 450, 225),
(451, 67.01, 451, 226),
(452, 196.75, 452, 226),
(453, 223.85, 453, 227),
(454, 473.98, 454, 227),
(455, 118.91, 455, 228),
(456, 172.49, 456, 228),
(457, 236.85, 457, 229),
(458, 226.17, 458, 229),
(459, 414.6, 459, 230),
(460, 237.06, 460, 230),
(461, 178.75, 461, 231),
(462, 358.02, 462, 231),
(463, 189.16, 463, 232),
(464, 358.63, 464, 232),
(465, 286.58, 465, 233),
(466, 150.82, 466, 233),
(467, 384.71, 467, 234),
(468, 281.48, 468, 234),
(469, 432.85, 469, 235),
(470, 310.69, 470, 235),
(471, 399.81, 471, 236),
(472, 410.75, 472, 236),
(473, 298.79, 473, 237),
(474, 431.09, 474, 237),
(475, 354.43, 475, 238),
(476, 465.63, 476, 238),
(477, 56.14, 477, 239),
(478, 48.14, 478, 239),
(479, 167.04, 479, 240),
(480, 139.02, 480, 240),
(481, 241.74, 481, 241),
(482, 37.92, 482, 241),
(483, 187.54, 483, 242),
(484, 183.11, 484, 242),
(485, 388.53, 485, 243),
(486, 156.91, 486, 243),
(487, 292.2, 487, 244),
(488, 123.34, 488, 244),
(489, 162.4, 489, 245),
(490, 201.44, 490, 245),
(491, 378.93, 491, 246),
(492, 206.17, 492, 246),
(493, 238.05, 493, 247),
(494, 28.67, 494, 247),
(495, 314.72, 495, 248),
(496, 112.69, 496, 248),
(497, 82.78, 497, 249),
(498, 357.67, 498, 249),
(499, 231.52, 499, 250),
(500, 58.63, 500, 250),
(501, 297.71, 501, 251),
(502, 243.15, 502, 251),
(503, 179.68, 503, 252),
(504, 139.8, 504, 252),
(505, 451.59, 505, 253),
(506, 156.26, 506, 253),
(507, 397.96, 507, 254),
(508, 292.77, 508, 254),
(509, 139.54, 509, 255),
(510, 153.28, 510, 255),
(511, 136.35, 511, 256),
(512, 208.72, 512, 256),
(513, 79.12, 513, 257),
(514, 295.57, 514, 257),
(515, 495.32, 515, 258),
(516, 160.83, 516, 258),
(517, 190.48, 517, 259),
(518, 26.05, 518, 259),
(519, 470.09, 519, 260),
(520, 149.67, 520, 260),
(521, 358.62, 521, 261),
(522, 281.37, 522, 261),
(523, 139.09, 523, 262),
(524, 251.42, 524, 262),
(525, 431.76, 525, 263),
(526, 213.64, 526, 263),
(527, 192.69, 527, 264),
(528, 290.12, 528, 264),
(529, 136.37, 529, 265),
(530, 261.74, 530, 265),
(531, 402.84, 531, 266),
(532, 198.47, 532, 266),
(533, 316.62, 533, 267),
(534, 128.41, 534, 267),
(535, 341.31, 535, 268),
(536, 498.59, 536, 268),
(537, 358.23, 537, 269),
(538, 67.74, 538, 269),
(539, 231.52, 539, 270),
(540, 252.27, 540, 270),
(541, 258.94, 541, 271),
(542, 499.44, 542, 271),
(543, 483.8, 543, 272),
(544, 29.12, 544, 272),
(545, 85.08, 545, 273),
(546, 190.21, 546, 273),
(547, 147.04, 547, 274),
(548, 442.48, 548, 274),
(549, 33.36, 549, 275),
(550, 173.88, 550, 275),
(551, 422.21, 551, 276),
(552, 76.74, 552, 276),
(553, 387.58, 553, 277),
(554, 101.84, 554, 277),
(555, 200.01, 555, 278),
(556, 36.34, 556, 278),
(557, 124.06, 557, 279),
(558, 428.27, 558, 279),
(559, 208.04, 559, 280),
(560, 257.94, 560, 280),
(561, 463.57, 561, 281),
(562, 127.85, 562, 281),
(563, 176.39, 563, 282),
(564, 377.81, 564, 282),
(565, 250.44, 565, 283),
(566, 437.89, 566, 283),
(567, 392.1, 567, 284),
(568, 450.71, 568, 284),
(569, 454.26, 569, 285),
(570, 496.73, 570, 285),
(571, 302.6, 571, 286),
(572, 142.74, 572, 286),
(573, 294.52, 573, 287),
(574, 237.83, 574, 287),
(575, 390.73, 575, 288),
(576, 359.19, 576, 288),
(577, 297.57, 577, 289),
(578, 129.97, 578, 289),
(579, 186.33, 579, 290),
(580, 261.55, 580, 290),
(581, 86.6, 581, 291),
(582, 250.21, 582, 291),
(583, 276.76, 583, 292),
(584, 462.49, 584, 292),
(585, 339.53, 585, 293),
(586, 346.11, 586, 293),
(587, 310.89, 587, 294),
(588, 234.78, 588, 294),
(589, 428.41, 589, 295),
(590, 324.97, 590, 295),
(591, 394.53, 591, 296),
(592, 429.96, 592, 296),
(593, 359.69, 593, 297),
(594, 473.58, 594, 297),
(595, 288.7, 595, 298),
(596, 151.1, 596, 298),
(597, 343.04, 597, 299),
(598, 125.99, 598, 299),
(599, 278.68, 599, 300),
(600, 147.2, 600, 300),
(601, 298.12, 601, 301),
(602, 196.33, 602, 301),
(603, 488.22, 603, 302),
(604, 36.63, 604, 302),
(605, 371.28, 605, 303),
(606, 299.47, 606, 303),
(607, 282.21, 607, 304),
(608, 169.75, 608, 304),
(609, 211.11, 609, 305),
(610, 340.82, 610, 305),
(611, 238.78, 611, 306),
(612, 494.09, 612, 306),
(613, 261.94, 613, 307),
(614, 446.5, 614, 307),
(615, 191.34, 615, 308),
(616, 233.35, 616, 308),
(617, 351.09, 617, 309),
(618, 213.9, 618, 309),
(619, 58.28, 619, 310),
(620, 404.33, 620, 310),
(621, 147, 621, 311),
(622, 177.32, 622, 311),
(623, 42.3, 623, 312),
(624, 149.29, 624, 312),
(625, 122.2, 625, 313),
(626, 372.64, 626, 313),
(627, 283.05, 627, 314),
(628, 320.95, 628, 314),
(629, 449.13, 629, 315),
(630, 259.63, 630, 315),
(631, 36.14, 631, 316),
(632, 191.57, 632, 316),
(633, 351.29, 633, 317),
(634, 59.14, 634, 317),
(635, 463.43, 635, 318),
(636, 390.27, 636, 318),
(637, 262, 637, 319),
(638, 260.13, 638, 319),
(639, 111.21, 639, 320),
(640, 60.06, 640, 320),
(641, 83.9, 641, 321),
(642, 161.13, 642, 321),
(643, 43.67, 643, 322),
(644, 107.58, 644, 322),
(645, 106.19, 645, 323),
(646, 400.44, 646, 323),
(647, 188.03, 647, 324),
(648, 413.2, 648, 324),
(649, 302.24, 649, 325),
(650, 75.34, 650, 325),
(651, 300.01, 651, 326),
(652, 149.14, 652, 326),
(653, 87.71, 653, 327),
(654, 374.34, 654, 327),
(655, 20.19, 655, 328),
(656, 140.8, 656, 328),
(657, 174.03, 657, 329),
(658, 358.93, 658, 329),
(659, 414.43, 659, 330),
(660, 498.64, 660, 330),
(661, 36.42, 661, 331),
(662, 461.27, 662, 331),
(663, 220.62, 663, 332),
(664, 451.48, 664, 332),
(665, 324.68, 665, 333),
(666, 67.21, 666, 333),
(667, 162.8, 667, 334),
(668, 222.8, 668, 334),
(669, 483.07, 669, 335),
(670, 301.07, 670, 335),
(671, 471.36, 671, 336),
(672, 110.95, 672, 336),
(673, 122.69, 673, 337),
(674, 498.22, 674, 337),
(675, 340.43, 675, 338),
(676, 485.87, 676, 338),
(677, 153.65, 677, 339),
(678, 434.72, 678, 339),
(679, 63.1, 679, 340),
(680, 221.76, 680, 340),
(681, 204.61, 681, 341),
(682, 369.85, 682, 341),
(683, 38.71, 683, 342),
(684, 393.78, 684, 342),
(685, 459.62, 685, 343),
(686, 387, 686, 343),
(687, 123.86, 687, 344),
(688, 476.95, 688, 344),
(689, 58.94, 689, 345),
(690, 342.63, 690, 345),
(691, 236.24, 691, 346),
(692, 403.07, 692, 346),
(693, 345.7, 693, 347),
(694, 112.57, 694, 347),
(695, 43.64, 695, 348),
(696, 122.63, 696, 348),
(697, 440.51, 697, 349),
(698, 92.19, 698, 349),
(699, 282.9, 699, 350),
(700, 58.99, 700, 350),
(701, 257.64, 701, 351),
(702, 465.22, 702, 351),
(703, 430.13, 703, 352),
(704, 21.16, 704, 352),
(705, 103.98, 705, 353),
(706, 209.06, 706, 353),
(707, 46.45, 707, 354),
(708, 89.49, 708, 354),
(709, 53.91, 709, 355),
(710, 34.33, 710, 355),
(711, 487.15, 711, 356),
(712, 239.31, 712, 356),
(713, 315.83, 713, 357),
(714, 212.67, 714, 357),
(715, 314.04, 715, 358),
(716, 166.57, 716, 358),
(717, 442.56, 717, 359),
(718, 326.84, 718, 359),
(719, 491.86, 719, 360),
(720, 437.68, 720, 360),
(721, 443.35, 721, 361),
(722, 185.85, 722, 361),
(723, 183.86, 723, 362),
(724, 160.44, 724, 362),
(725, 84.83, 725, 363),
(726, 88.29, 726, 363),
(727, 265.25, 727, 364),
(728, 30.12, 728, 364),
(729, 474.59, 729, 365),
(730, 237.8, 730, 365),
(731, 65.36, 731, 366),
(732, 81.46, 732, 366),
(733, 171.82, 733, 367),
(734, 24.12, 734, 367),
(735, 464.12, 735, 368),
(736, 239.38, 736, 368),
(737, 439.72, 737, 369),
(738, 37.55, 738, 369),
(739, 309.8, 739, 370),
(740, 270.56, 740, 370),
(741, 360.55, 741, 371),
(742, 54.37, 742, 371),
(743, 443.04, 743, 372),
(744, 44.61, 744, 372),
(745, 355.47, 745, 373),
(746, 496.93, 746, 373),
(747, 107.24, 747, 374),
(748, 153.03, 748, 374),
(749, 298.53, 749, 375),
(750, 377.06, 750, 375),
(751, 180.07, 751, 376),
(752, 133.67, 752, 376),
(753, 100.33, 753, 377),
(754, 345.23, 754, 377),
(755, 115.64, 755, 378),
(756, 91.79, 756, 378),
(757, 301.36, 757, 379),
(758, 289.69, 758, 379),
(759, 436.33, 759, 380),
(760, 35.7, 760, 380),
(761, 443.81, 761, 381),
(762, 36.32, 762, 381),
(763, 114.9, 763, 382),
(764, 316.11, 764, 382),
(765, 468.97, 765, 383),
(766, 425.69, 766, 383),
(767, 87.49, 767, 384),
(768, 311.71, 768, 384),
(769, 248.55, 769, 385),
(770, 94.65, 770, 385),
(771, 226.85, 771, 386),
(772, 425.01, 772, 386),
(773, 37.04, 773, 387),
(774, 241.3, 774, 387),
(775, 97.12, 775, 388),
(776, 408.98, 776, 388),
(777, 242.81, 777, 389),
(778, 159.25, 778, 389),
(779, 304.97, 779, 390),
(780, 87.9, 780, 390),
(781, 481.04, 781, 391),
(782, 132.22, 782, 391),
(783, 231.59, 783, 392),
(784, 117.52, 784, 392),
(785, 77.73, 785, 393),
(786, 431.68, 786, 393),
(787, 481.13, 787, 394),
(788, 326.59, 788, 394),
(789, 408.48, 789, 395),
(790, 392.33, 790, 395),
(791, 438.02, 791, 396),
(792, 170.02, 792, 396),
(793, 101.22, 793, 397),
(794, 294.1, 794, 397),
(795, 326.76, 795, 398),
(796, 344.23, 796, 398),
(797, 439.47, 797, 399),
(798, 146.93, 798, 399),
(799, 75.64, 799, 400),
(800, 429.78, 800, 400),
(801, 429.44, 801, 401),
(802, 295.53, 802, 401),
(803, 404.48, 803, 402),
(804, 223.88, 804, 402),
(805, 170.21, 805, 403),
(806, 255.06, 806, 403),
(807, 116.63, 807, 404),
(808, 359.04, 808, 404),
(809, 268.1, 809, 405),
(810, 206.66, 810, 405),
(811, 348.98, 811, 406),
(812, 162.11, 812, 406),
(813, 484.73, 813, 407),
(814, 368.43, 814, 407),
(815, 54.65, 815, 408),
(816, 331.58, 816, 408),
(817, 304.73, 817, 409),
(818, 497.38, 818, 409),
(819, 258.38, 819, 410),
(820, 57.29, 820, 410),
(821, 444.57, 821, 411),
(822, 260.9, 822, 411),
(823, 403.23, 823, 412),
(824, 356.22, 824, 412),
(825, 156.63, 825, 413),
(826, 76.83, 826, 413),
(827, 343.79, 827, 414),
(828, 242.94, 828, 414),
(829, 414.54, 829, 415),
(830, 252.89, 830, 415),
(831, 469.51, 831, 416),
(832, 115.88, 832, 416),
(833, 103.61, 833, 417),
(834, 375.19, 834, 417),
(835, 158.46, 835, 418),
(836, 205.51, 836, 418),
(837, 227.74, 837, 419),
(838, 27.71, 838, 419),
(839, 447.32, 839, 420),
(840, 322.66, 840, 420),
(841, 335.05, 841, 421),
(842, 142.09, 842, 421),
(843, 78.49, 843, 422),
(844, 221.81, 844, 422),
(845, 63.35, 845, 423),
(846, 295.91, 846, 423),
(847, 185.3, 847, 424),
(848, 232.79, 848, 424),
(849, 259.45, 849, 425),
(850, 495.17, 850, 425),
(851, 59.5, 851, 426),
(852, 442.09, 852, 426),
(853, 388.55, 853, 427),
(854, 38.35, 854, 427),
(855, 485.21, 855, 428),
(856, 188.54, 856, 428),
(857, 392.3, 857, 429),
(858, 68.27, 858, 429),
(859, 87.25, 859, 430),
(860, 113.38, 860, 430),
(861, 411.27, 861, 431),
(862, 373.7, 862, 431),
(863, 444.5, 863, 432),
(864, 35.21, 864, 432),
(865, 237.16, 865, 433),
(866, 253.11, 866, 433),
(867, 78.51, 867, 434),
(868, 129.54, 868, 434),
(869, 229.97, 869, 435),
(870, 349.14, 870, 435),
(871, 123.85, 871, 436),
(872, 297.02, 872, 436),
(873, 70.06, 873, 437),
(874, 435.71, 874, 437),
(875, 222.24, 875, 438),
(876, 322.48, 876, 438),
(877, 202.41, 877, 439),
(878, 201.42, 878, 439),
(879, 312.87, 879, 440),
(880, 360.72, 880, 440),
(881, 391.54, 881, 441),
(882, 131, 882, 441),
(883, 483.48, 883, 442),
(884, 419.37, 884, 442),
(885, 213.4, 885, 443),
(886, 47.41, 886, 443),
(887, 227.32, 887, 444),
(888, 85.26, 888, 444),
(889, 389.98, 889, 445),
(890, 469.92, 890, 445),
(891, 313.21, 891, 446),
(892, 179.47, 892, 446),
(893, 440.46, 893, 447),
(894, 353.94, 894, 447),
(895, 411.39, 895, 448),
(896, 461.36, 896, 448),
(897, 197.59, 897, 449),
(898, 63.28, 898, 449),
(899, 484.66, 899, 450),
(900, 310.24, 900, 450),
(901, 237.4, 901, 451),
(902, 75.75, 902, 451),
(903, 22.82, 903, 452),
(904, 410.31, 904, 452),
(905, 391.33, 905, 453),
(906, 262.48, 906, 453),
(907, 392.03, 907, 454),
(908, 452.84, 908, 454),
(909, 316.11, 909, 455),
(910, 182.73, 910, 455),
(911, 486.13, 911, 456),
(912, 210.88, 912, 456),
(913, 255.4, 913, 457),
(914, 226.53, 914, 457),
(915, 221.84, 915, 458),
(916, 300.27, 916, 458),
(917, 390.21, 917, 459),
(918, 45.13, 918, 459),
(919, 321.81, 919, 460),
(920, 209.74, 920, 460),
(921, 45.78, 921, 461),
(922, 493.25, 922, 461),
(923, 239.57, 923, 462),
(924, 260.06, 924, 462),
(925, 55.93, 925, 463),
(926, 444.38, 926, 463),
(927, 356.56, 927, 464),
(928, 216.12, 928, 464),
(929, 44.32, 929, 465),
(930, 260.88, 930, 465),
(931, 144.89, 931, 466),
(932, 159.14, 932, 466),
(933, 216.76, 933, 467),
(934, 22.63, 934, 467),
(935, 143.32, 935, 468),
(936, 335.78, 936, 468),
(937, 128.19, 937, 469),
(938, 93.17, 938, 469),
(939, 48.04, 939, 470),
(940, 450.92, 940, 470),
(941, 155.38, 941, 471),
(942, 274.49, 942, 471),
(943, 269.15, 943, 472),
(944, 227.24, 944, 472),
(945, 483.79, 945, 473),
(946, 122.33, 946, 473),
(947, 424.07, 947, 474),
(948, 233.93, 948, 474),
(949, 152.1, 949, 475),
(950, 131.12, 950, 475),
(951, 91.14, 951, 476),
(952, 172.46, 952, 476),
(953, 241.46, 953, 477),
(954, 294.92, 954, 477),
(955, 284.46, 955, 478),
(956, 244.15, 956, 478),
(957, 336.19, 957, 479),
(958, 262.76, 958, 479),
(959, 374.37, 959, 480),
(960, 446.95, 960, 480),
(961, 405.92, 961, 481),
(962, 195.91, 962, 481),
(963, 428.51, 963, 482),
(964, 75.23, 964, 482),
(965, 57.84, 965, 483),
(966, 346.99, 966, 483),
(967, 494.12, 967, 484),
(968, 252.77, 968, 484),
(969, 103.2, 969, 485),
(970, 386.06, 970, 485),
(971, 192.08, 971, 486),
(972, 317.04, 972, 486),
(973, 497.09, 973, 487),
(974, 370.89, 974, 487),
(975, 74.36, 975, 488),
(976, 271.29, 976, 488),
(977, 244.1, 977, 489),
(978, 32.32, 978, 489),
(979, 276.27, 979, 490),
(980, 433.61, 980, 490),
(981, 40.31, 981, 491),
(982, 142.62, 982, 491),
(983, 84.03, 983, 492),
(984, 413.2, 984, 492),
(985, 189.74, 985, 493),
(986, 472.43, 986, 493),
(987, 417.67, 987, 494),
(988, 421.85, 988, 494),
(989, 238.17, 989, 495),
(990, 399.17, 990, 495),
(991, 499.59, 991, 496),
(992, 365.43, 992, 496),
(993, 218.8, 993, 497),
(994, 101.09, 994, 497),
(995, 65, 995, 498),
(996, 459.47, 996, 498),
(997, 345.97, 997, 499),
(998, 213.92, 998, 499),
(999, 189.4, 999, 500),
(1000, 156.8, 1000, 500),
(1001, 128.21, 1001, 501),
(1002, 191.3, 1002, 501),
(1003, 150.73, 1003, 502),
(1004, 266.04, 1004, 502),
(1005, 439.04, 1005, 503),
(1006, 274.11, 1006, 503),
(1007, 175.37, 1007, 504),
(1008, 370.57, 1008, 504),
(1009, 240.55, 1009, 505),
(1010, 33.16, 1010, 505),
(1011, 20.05, 1011, 506),
(1012, 323.86, 1012, 506),
(1013, 486.49, 1013, 507),
(1014, 440.77, 1014, 507),
(1015, 426.64, 1015, 508),
(1016, 283.3, 1016, 508),
(1017, 131.88, 1017, 509),
(1018, 35.31, 1018, 509),
(1019, 385.49, 1019, 510),
(1020, 85.42, 1020, 510),
(1021, 429.32, 1021, 511),
(1022, 92.27, 1022, 511),
(1023, 34.6, 1023, 512),
(1024, 204.03, 1024, 512),
(1025, 386.46, 1025, 513),
(1026, 326.65, 1026, 513),
(1027, 118.24, 1027, 514),
(1028, 416, 1028, 514),
(1029, 325.89, 1029, 515),
(1030, 114.89, 1030, 515),
(1031, 425.32, 1031, 516),
(1032, 50.18, 1032, 516),
(1033, 342.93, 1033, 517),
(1034, 139.47, 1034, 517),
(1035, 325.4, 1035, 518),
(1036, 349.01, 1036, 518),
(1037, 491.89, 1037, 519),
(1038, 317.99, 1038, 519),
(1039, 474.17, 1039, 520),
(1040, 415.63, 1040, 520),
(1041, 317.06, 1041, 521),
(1042, 67.1, 1042, 521),
(1043, 201.29, 1043, 522),
(1044, 225.01, 1044, 522),
(1045, 399.12, 1045, 523),
(1046, 195.73, 1046, 523),
(1047, 378.94, 1047, 524),
(1048, 278.03, 1048, 524),
(1049, 174.45, 1049, 525),
(1050, 281.7, 1050, 525),
(1051, 347.58, 1051, 526),
(1052, 330.66, 1052, 526),
(1053, 328.43, 1053, 527),
(1054, 123.98, 1054, 527),
(1055, 227.48, 1055, 528),
(1056, 55.94, 1056, 528),
(1057, 176.7, 1057, 529),
(1058, 446.7, 1058, 529),
(1059, 379.57, 1059, 530),
(1060, 132.38, 1060, 530),
(1061, 175.87, 1061, 531),
(1062, 259.37, 1062, 531),
(1063, 64.68, 1063, 532),
(1064, 145.66, 1064, 532),
(1065, 107.84, 1065, 533),
(1066, 469.87, 1066, 533),
(1067, 480.94, 1067, 534),
(1068, 367.02, 1068, 534),
(1069, 135.37, 1069, 535),
(1070, 97.63, 1070, 535),
(1071, 291.4, 1071, 536),
(1072, 313.9, 1072, 536),
(1073, 61.14, 1073, 537),
(1074, 469.86, 1074, 537),
(1075, 268.36, 1075, 538),
(1076, 382.22, 1076, 538),
(1077, 390.98, 1077, 539),
(1078, 309.59, 1078, 539),
(1079, 304.91, 1079, 540),
(1080, 210.73, 1080, 540),
(1081, 447.72, 1081, 541),
(1082, 340.21, 1082, 541),
(1083, 261.55, 1083, 542),
(1084, 64.19, 1084, 542),
(1085, 267.31, 1085, 543),
(1086, 114.66, 1086, 543),
(1087, 221.76, 1087, 544),
(1088, 238.94, 1088, 544),
(1089, 411.99, 1089, 545),
(1090, 289.46, 1090, 545),
(1091, 192.31, 1091, 546),
(1092, 65.19, 1092, 546),
(1093, 438.41, 1093, 547),
(1094, 361.78, 1094, 547),
(1095, 259.77, 1095, 548),
(1096, 77.69, 1096, 548),
(1097, 22.42, 1097, 549),
(1098, 75.64, 1098, 549),
(1099, 137.17, 1099, 550),
(1100, 429.25, 1100, 550),
(1101, 214.79, 1101, 551),
(1102, 31.91, 1102, 551),
(1103, 162.66, 1103, 552),
(1104, 96.82, 1104, 552),
(1105, 490.3, 1105, 553),
(1106, 53.69, 1106, 553),
(1107, 289.52, 1107, 554),
(1108, 358.57, 1108, 554),
(1109, 355.62, 1109, 555),
(1110, 345.27, 1110, 555),
(1111, 164.96, 1111, 556),
(1112, 367.11, 1112, 556),
(1113, 161.78, 1113, 557),
(1114, 188.84, 1114, 557),
(1115, 184.67, 1115, 558),
(1116, 335.66, 1116, 558),
(1117, 497.82, 1117, 559),
(1118, 20.49, 1118, 559),
(1119, 378.35, 1119, 560),
(1120, 493.18, 1120, 560),
(1121, 268.11, 1121, 561),
(1122, 261.99, 1122, 561),
(1123, 455.03, 1123, 562),
(1124, 345.9, 1124, 562),
(1125, 405.32, 1125, 563),
(1126, 246.21, 1126, 563),
(1127, 375.48, 1127, 564),
(1128, 199.36, 1128, 564),
(1129, 230.09, 1129, 565),
(1130, 210.67, 1130, 565),
(1131, 379.79, 1131, 566),
(1132, 335.34, 1132, 566),
(1133, 192.42, 1133, 567),
(1134, 375.66, 1134, 567),
(1135, 495.94, 1135, 568),
(1136, 435.8, 1136, 568),
(1137, 197.54, 1137, 569),
(1138, 184.73, 1138, 569),
(1139, 73.89, 1139, 570),
(1140, 233.62, 1140, 570),
(1141, 325.14, 1141, 571),
(1142, 363.19, 1142, 571),
(1143, 383.32, 1143, 572),
(1144, 86.72, 1144, 572),
(1145, 144.51, 1145, 573),
(1146, 325.2, 1146, 573),
(1147, 403.41, 1147, 574),
(1148, 269.57, 1148, 574),
(1149, 197.11, 1149, 575),
(1150, 424.1, 1150, 575),
(1151, 79.87, 1151, 576),
(1152, 21.94, 1152, 576),
(1153, 197.29, 1153, 577),
(1154, 143.98, 1154, 577),
(1155, 181.14, 1155, 578),
(1156, 452.8, 1156, 578),
(1157, 76.88, 1157, 579),
(1158, 316.76, 1158, 579),
(1159, 191.51, 1159, 580),
(1160, 264.09, 1160, 580),
(1161, 178.2, 1161, 581),
(1162, 110.15, 1162, 581),
(1163, 148.48, 1163, 582),
(1164, 164.96, 1164, 582),
(1165, 465.47, 1165, 583),
(1166, 329.61, 1166, 583),
(1167, 194.69, 1167, 584),
(1168, 286.12, 1168, 584),
(1169, 192.9, 1169, 585),
(1170, 248.87, 1170, 585),
(1171, 158.12, 1171, 586),
(1172, 333.09, 1172, 586),
(1173, 446.6, 1173, 587),
(1174, 164.72, 1174, 587),
(1175, 188.05, 1175, 588),
(1176, 404.92, 1176, 588),
(1177, 378.67, 1177, 589),
(1178, 388.31, 1178, 589),
(1179, 221.4, 1179, 590),
(1180, 100.11, 1180, 590),
(1181, 342.8, 1181, 591),
(1182, 125.91, 1182, 591),
(1183, 22.25, 1183, 592),
(1184, 305.99, 1184, 592),
(1185, 150.79, 1185, 593),
(1186, 377.86, 1186, 593),
(1187, 158.05, 1187, 594),
(1188, 68.44, 1188, 594),
(1189, 214.52, 1189, 595),
(1190, 63.15, 1190, 595),
(1191, 378.92, 1191, 596),
(1192, 380.78, 1192, 596),
(1193, 493.22, 1193, 597),
(1194, 309.8, 1194, 597),
(1195, 75.42, 1195, 598),
(1196, 234.98, 1196, 598),
(1197, 234.71, 1197, 599),
(1198, 238.36, 1198, 599),
(1199, 121.25, 1199, 600),
(1200, 314.89, 1200, 600),
(1201, 150.52, 1201, 601),
(1202, 137.29, 1202, 601),
(1203, 96.67, 1203, 602),
(1204, 448.25, 1204, 602),
(1205, 285.98, 1205, 603),
(1206, 246.78, 1206, 603),
(1207, 75.34, 1207, 604),
(1208, 52.57, 1208, 604),
(1209, 455.94, 1209, 605),
(1210, 276.22, 1210, 605),
(1211, 94.12, 1211, 606),
(1212, 188.57, 1212, 606),
(1213, 115.36, 1213, 607),
(1214, 111.39, 1214, 607),
(1215, 421.29, 1215, 608),
(1216, 72.29, 1216, 608),
(1217, 107.9, 1217, 609),
(1218, 342.49, 1218, 609),
(1219, 34.17, 1219, 610),
(1220, 107.62, 1220, 610),
(1221, 191.56, 1221, 611),
(1222, 146.24, 1222, 611),
(1223, 91.6, 1223, 612),
(1224, 149.75, 1224, 612),
(1225, 369.94, 1225, 613),
(1226, 277.34, 1226, 613),
(1227, 339.87, 1227, 614),
(1228, 156.81, 1228, 614),
(1229, 109.3, 1229, 615),
(1230, 453.06, 1230, 615),
(1231, 190.22, 1231, 616),
(1232, 160.31, 1232, 616),
(1233, 287.06, 1233, 617),
(1234, 406.5, 1234, 617),
(1235, 449.6, 1235, 618),
(1236, 225.51, 1236, 618),
(1237, 49.24, 1237, 619),
(1238, 74.01, 1238, 619),
(1239, 40, 1239, 620),
(1240, 404.01, 1240, 620),
(1241, 322.52, 1241, 621),
(1242, 125.49, 1242, 621),
(1243, 112.51, 1243, 622),
(1244, 438.31, 1244, 622),
(1245, 469.02, 1245, 623),
(1246, 210.35, 1246, 623),
(1247, 285.42, 1247, 624),
(1248, 401.83, 1248, 624),
(1249, 388.5, 1249, 625),
(1250, 23.13, 1250, 625),
(1251, 147.08, 1251, 626),
(1252, 392.21, 1252, 626),
(1253, 224.19, 1253, 627),
(1254, 33.63, 1254, 627),
(1255, 143.34, 1255, 628),
(1256, 24.27, 1256, 628),
(1257, 65.69, 1257, 629),
(1258, 446.92, 1258, 629),
(1259, 98.3, 1259, 630),
(1260, 28.64, 1260, 630),
(1261, 406.92, 1261, 631),
(1262, 418.53, 1262, 631),
(1263, 443.27, 1263, 632),
(1264, 22.87, 1264, 632),
(1265, 106, 1265, 633),
(1266, 433.81, 1266, 633),
(1267, 401.5, 1267, 634),
(1268, 208.86, 1268, 634),
(1269, 161.8, 1269, 635),
(1270, 215.79, 1270, 635),
(1271, 43.05, 1271, 636),
(1272, 53.9, 1272, 636),
(1273, 322.49, 1273, 637),
(1274, 130.16, 1274, 637),
(1275, 285.1, 1275, 638),
(1276, 86.07, 1276, 638),
(1277, 53.74, 1277, 639),
(1278, 153.29, 1278, 639),
(1279, 180.73, 1279, 640),
(1280, 179.59, 1280, 640),
(1281, 491.92, 1281, 641),
(1282, 438.04, 1282, 641),
(1283, 268.31, 1283, 642),
(1284, 106.17, 1284, 642),
(1285, 325.98, 1285, 643),
(1286, 298.01, 1286, 643),
(1287, 436.12, 1287, 644),
(1288, 273.43, 1288, 644),
(1289, 283.17, 1289, 645),
(1290, 445.32, 1290, 645),
(1291, 179.82, 1291, 646),
(1292, 102.32, 1292, 646),
(1293, 475.7, 1293, 647),
(1294, 31.36, 1294, 647),
(1295, 497.09, 1295, 648),
(1296, 403.99, 1296, 648),
(1297, 182.22, 1297, 649),
(1298, 109.63, 1298, 649),
(1299, 352.31, 1299, 650),
(1300, 55.21, 1300, 650),
(1301, 308.85, 1301, 651),
(1302, 96.56, 1302, 651),
(1303, 260.03, 1303, 652),
(1304, 192.71, 1304, 652),
(1305, 480.09, 1305, 653),
(1306, 113.18, 1306, 653),
(1307, 89.72, 1307, 654),
(1308, 114.03, 1308, 654),
(1309, 248.53, 1309, 655),
(1310, 77.26, 1310, 655),
(1311, 470.54, 1311, 656),
(1312, 412.41, 1312, 656),
(1313, 286.19, 1313, 657),
(1314, 418.71, 1314, 657),
(1315, 36.72, 1315, 658),
(1316, 468.87, 1316, 658),
(1317, 170.23, 1317, 659),
(1318, 357.1, 1318, 659),
(1319, 196.89, 1319, 660),
(1320, 307.99, 1320, 660),
(1321, 497.69, 1321, 661),
(1322, 148.07, 1322, 661),
(1323, 425.7, 1323, 662),
(1324, 216.47, 1324, 662),
(1325, 55.97, 1325, 663),
(1326, 440.73, 1326, 663),
(1327, 78.19, 1327, 664),
(1328, 311.13, 1328, 664),
(1329, 133.07, 1329, 665),
(1330, 381.11, 1330, 665),
(1331, 403.85, 1331, 666),
(1332, 444.1, 1332, 666),
(1333, 300.97, 1333, 667),
(1334, 145.51, 1334, 667),
(1335, 370.74, 1335, 668),
(1336, 415.36, 1336, 668),
(1337, 198.01, 1337, 669),
(1338, 95.59, 1338, 669),
(1339, 126.08, 1339, 670),
(1340, 232.8, 1340, 670),
(1341, 228.29, 1341, 671),
(1342, 342.09, 1342, 671),
(1343, 44.9, 1343, 672),
(1344, 225.9, 1344, 672),
(1345, 474.79, 1345, 673),
(1346, 267.41, 1346, 673),
(1347, 316.12, 1347, 674),
(1348, 76.99, 1348, 674),
(1349, 494.64, 1349, 675),
(1350, 48.22, 1350, 675),
(1351, 253.76, 1351, 676),
(1352, 325.12, 1352, 676),
(1353, 412.74, 1353, 677),
(1354, 64.33, 1354, 677),
(1355, 57.52, 1355, 678),
(1356, 180.78, 1356, 678),
(1357, 170.86, 1357, 679),
(1358, 63.56, 1358, 679),
(1359, 156.74, 1359, 680),
(1360, 59.36, 1360, 680),
(1361, 54.99, 1361, 681),
(1362, 278.59, 1362, 681),
(1363, 480.96, 1363, 682),
(1364, 367.42, 1364, 682),
(1365, 173.42, 1365, 683),
(1366, 46.43, 1366, 683),
(1367, 131.43, 1367, 684),
(1368, 160.68, 1368, 684),
(1369, 67.98, 1369, 685),
(1370, 121.36, 1370, 685),
(1371, 290.86, 1371, 686),
(1372, 94.63, 1372, 686),
(1373, 251.02, 1373, 687),
(1374, 464.09, 1374, 687),
(1375, 99.7, 1375, 688),
(1376, 175.61, 1376, 688),
(1377, 123.17, 1377, 689),
(1378, 219.79, 1378, 689),
(1379, 241.69, 1379, 690),
(1380, 288.56, 1380, 690),
(1381, 144.61, 1381, 691),
(1382, 21.21, 1382, 691),
(1383, 316.49, 1383, 692),
(1384, 104.86, 1384, 692),
(1385, 147.35, 1385, 693),
(1386, 98.72, 1386, 693),
(1387, 51.36, 1387, 694),
(1388, 256.65, 1388, 694),
(1389, 107.99, 1389, 695),
(1390, 209.96, 1390, 695),
(1391, 264.5, 1391, 696),
(1392, 154.45, 1392, 696),
(1393, 438.85, 1393, 697),
(1394, 86.72, 1394, 697),
(1395, 197.81, 1395, 698),
(1396, 449.7, 1396, 698),
(1397, 361.13, 1397, 699),
(1398, 177.48, 1398, 699),
(1399, 72.49, 1399, 700),
(1400, 448.35, 1400, 700),
(1401, 155.98, 1401, 701),
(1402, 175.44, 1402, 701),
(1403, 29.01, 1403, 702),
(1404, 393.28, 1404, 702),
(1405, 257.35, 1405, 703),
(1406, 179.13, 1406, 703),
(1407, 94.1, 1407, 704),
(1408, 448.65, 1408, 704),
(1409, 464.63, 1409, 705),
(1410, 381.91, 1410, 705),
(1411, 77.6, 1411, 706),
(1412, 451.07, 1412, 706),
(1413, 321.87, 1413, 707),
(1414, 368.18, 1414, 707),
(1415, 414.75, 1415, 708),
(1416, 53.78, 1416, 708),
(1417, 462.1, 1417, 709),
(1418, 396.1, 1418, 709),
(1419, 240.08, 1419, 710),
(1420, 94.69, 1420, 710),
(1421, 495.07, 1421, 711),
(1422, 374.78, 1422, 711),
(1423, 72.69, 1423, 712),
(1424, 358.01, 1424, 712),
(1425, 356.86, 1425, 713),
(1426, 156.41, 1426, 713),
(1427, 155.79, 1427, 714),
(1428, 184.3, 1428, 714),
(1429, 286.28, 1429, 715),
(1430, 150, 1430, 715),
(1431, 314.48, 1431, 716),
(1432, 445.7, 1432, 716),
(1433, 167.31, 1433, 717),
(1434, 293.34, 1434, 717),
(1435, 152.58, 1435, 718),
(1436, 469.16, 1436, 718),
(1437, 492.19, 1437, 719),
(1438, 423.21, 1438, 719),
(1439, 347.5, 1439, 720),
(1440, 468.22, 1440, 720),
(1441, 24.62, 1441, 721),
(1442, 102.7, 1442, 721),
(1443, 292.02, 1443, 722),
(1444, 226.08, 1444, 722),
(1445, 152.36, 1445, 723),
(1446, 313.43, 1446, 723),
(1447, 332.58, 1447, 724),
(1448, 90.67, 1448, 724),
(1449, 171.97, 1449, 725),
(1450, 164.03, 1450, 725),
(1451, 487.6, 1451, 726),
(1452, 465.03, 1452, 726),
(1453, 437.4, 1453, 727),
(1454, 477.79, 1454, 727),
(1455, 453.28, 1455, 728),
(1456, 281.2, 1456, 728),
(1457, 122.76, 1457, 729),
(1458, 171, 1458, 729),
(1459, 56.41, 1459, 730),
(1460, 120.94, 1460, 730),
(1461, 43.34, 1461, 731),
(1462, 409.81, 1462, 731),
(1463, 182.38, 1463, 732),
(1464, 334.63, 1464, 732),
(1465, 87.44, 1465, 733),
(1466, 131.91, 1466, 733),
(1467, 303.76, 1467, 734),
(1468, 48.53, 1468, 734),
(1469, 235.6, 1469, 735),
(1470, 445.59, 1470, 735),
(1471, 61.59, 1471, 736),
(1472, 58.89, 1472, 736),
(1473, 68.6, 1473, 737),
(1474, 271.86, 1474, 737),
(1475, 90.07, 1475, 738),
(1476, 412.37, 1476, 738),
(1477, 102.76, 1477, 739),
(1478, 346.61, 1478, 739),
(1479, 225.66, 1479, 740),
(1480, 63.43, 1480, 740),
(1481, 323.83, 1481, 741),
(1482, 85.12, 1482, 741),
(1483, 32.33, 1483, 742),
(1484, 142.25, 1484, 742),
(1485, 162.4, 1485, 743),
(1486, 349.45, 1486, 743),
(1487, 28.3, 1487, 744),
(1488, 189.51, 1488, 744),
(1489, 340.06, 1489, 745),
(1490, 371.38, 1490, 745),
(1491, 366.41, 1491, 746),
(1492, 341.19, 1492, 746),
(1493, 386.8, 1493, 747),
(1494, 246.57, 1494, 747),
(1495, 444.87, 1495, 748),
(1496, 114.82, 1496, 748),
(1497, 420.33, 1497, 749),
(1498, 457.39, 1498, 749),
(1499, 158.64, 1499, 750),
(1500, 40.45, 1500, 750),
(1501, 29.67, 1501, 751),
(1502, 304.05, 1502, 751),
(1503, 355.07, 1503, 752),
(1504, 226.38, 1504, 752),
(1505, 122.44, 1505, 753),
(1506, 448.71, 1506, 753),
(1507, 416.43, 1507, 754),
(1508, 185.54, 1508, 754),
(1509, 407.72, 1509, 755),
(1510, 60.91, 1510, 755),
(1511, 198.43, 1511, 756),
(1512, 276.15, 1512, 756),
(1513, 445.34, 1513, 757),
(1514, 492.98, 1514, 757),
(1515, 297.11, 1515, 758),
(1516, 458.23, 1516, 758),
(1517, 397.48, 1517, 759),
(1518, 60.13, 1518, 759),
(1519, 192.23, 1519, 760),
(1520, 237.98, 1520, 760),
(1521, 123.61, 1521, 761),
(1522, 134.25, 1522, 761),
(1523, 208.48, 1523, 762),
(1524, 364.22, 1524, 762),
(1525, 99.19, 1525, 763),
(1526, 220.4, 1526, 763),
(1527, 172.08, 1527, 764),
(1528, 322.03, 1528, 764),
(1529, 326.99, 1529, 765),
(1530, 475.25, 1530, 765),
(1531, 492.04, 1531, 766),
(1532, 145.38, 1532, 766),
(1533, 207.97, 1533, 767),
(1534, 205.21, 1534, 767),
(1535, 53.77, 1535, 768),
(1536, 39.79, 1536, 768),
(1537, 230.05, 1537, 769),
(1538, 305.95, 1538, 769),
(1539, 39.81, 1539, 770),
(1540, 213.69, 1540, 770),
(1541, 433.02, 1541, 771),
(1542, 342.76, 1542, 771),
(1543, 281.79, 1543, 772),
(1544, 299.15, 1544, 772),
(1545, 192.95, 1545, 773),
(1546, 110.26, 1546, 773),
(1547, 395.85, 1547, 774),
(1548, 393.83, 1548, 774),
(1549, 449.46, 1549, 775),
(1550, 486.65, 1550, 775),
(1551, 217.34, 1551, 776),
(1552, 380.2, 1552, 776),
(1553, 285.16, 1553, 777),
(1554, 420.66, 1554, 777),
(1555, 416.84, 1555, 778),
(1556, 395.42, 1556, 778),
(1557, 115.57, 1557, 779),
(1558, 490.85, 1558, 779),
(1559, 147.19, 1559, 780),
(1560, 402.04, 1560, 780),
(1561, 296.63, 1561, 781),
(1562, 114.4, 1562, 781),
(1563, 358.55, 1563, 782),
(1564, 432.47, 1564, 782),
(1565, 68.87, 1565, 783),
(1566, 73.06, 1566, 783),
(1567, 88.18, 1567, 784),
(1568, 260.14, 1568, 784),
(1569, 459.21, 1569, 785),
(1570, 277.32, 1570, 785),
(1571, 248.17, 1571, 786),
(1572, 111.53, 1572, 786),
(1573, 40.32, 1573, 787),
(1574, 478.53, 1574, 787),
(1575, 304.96, 1575, 788),
(1576, 280.85, 1576, 788),
(1577, 352.46, 1577, 789),
(1578, 409.33, 1578, 789),
(1579, 191.27, 1579, 790),
(1580, 488.93, 1580, 790),
(1581, 324.55, 1581, 791),
(1582, 278.26, 1582, 791),
(1583, 372.57, 1583, 792),
(1584, 340.34, 1584, 792),
(1585, 277.92, 1585, 793),
(1586, 131.84, 1586, 793),
(1587, 360.21, 1587, 794),
(1588, 287.31, 1588, 794),
(1589, 288.37, 1589, 795),
(1590, 158.35, 1590, 795),
(1591, 424.22, 1591, 796),
(1592, 239.2, 1592, 796);

-- MEMBRESIA (200 registros B2C)
INSERT INTO Membresia (idMembresia, nombre, descripcion, ClienteNatural_idClienteNatural) VALUES
(1, 'Premium', 'Membresia Premium para cliente 1', 1),
(2, 'Gold', 'Membresia Gold para cliente 2', 2),
(3, 'Standard', 'Membresia Standard para cliente 3', 3),
(4, 'Premium', 'Membresia Premium para cliente 4', 4),
(5, 'Gold', 'Membresia Gold para cliente 5', 5),
(6, 'Standard', 'Membresia Standard para cliente 6', 6),
(7, 'Premium', 'Membresia Premium para cliente 7', 7),
(8, 'Gold', 'Membresia Gold para cliente 8', 8),
(9, 'Standard', 'Membresia Standard para cliente 9', 9),
(10, 'Premium', 'Membresia Premium para cliente 10', 10),
(11, 'Gold', 'Membresia Gold para cliente 11', 11),
(12, 'Standard', 'Membresia Standard para cliente 12', 12),
(13, 'Premium', 'Membresia Premium para cliente 13', 13),
(14, 'Gold', 'Membresia Gold para cliente 14', 14),
(15, 'Standard', 'Membresia Standard para cliente 15', 15),
(16, 'Premium', 'Membresia Premium para cliente 16', 16),
(17, 'Gold', 'Membresia Gold para cliente 17', 17),
(18, 'Standard', 'Membresia Standard para cliente 18', 18),
(19, 'Premium', 'Membresia Premium para cliente 19', 19),
(20, 'Gold', 'Membresia Gold para cliente 20', 20),
(21, 'Standard', 'Membresia Standard para cliente 21', 21),
(22, 'Premium', 'Membresia Premium para cliente 22', 22),
(23, 'Gold', 'Membresia Gold para cliente 23', 23),
(24, 'Standard', 'Membresia Standard para cliente 24', 24),
(25, 'Premium', 'Membresia Premium para cliente 25', 25),
(26, 'Gold', 'Membresia Gold para cliente 26', 26),
(27, 'Standard', 'Membresia Standard para cliente 27', 27),
(28, 'Premium', 'Membresia Premium para cliente 28', 28),
(29, 'Gold', 'Membresia Gold para cliente 29', 29),
(30, 'Standard', 'Membresia Standard para cliente 30', 30),
(31, 'Premium', 'Membresia Premium para cliente 31', 31),
(32, 'Gold', 'Membresia Gold para cliente 32', 32),
(33, 'Standard', 'Membresia Standard para cliente 33', 33),
(34, 'Premium', 'Membresia Premium para cliente 34', 34),
(35, 'Gold', 'Membresia Gold para cliente 35', 35),
(36, 'Standard', 'Membresia Standard para cliente 36', 36),
(37, 'Premium', 'Membresia Premium para cliente 37', 37),
(38, 'Gold', 'Membresia Gold para cliente 38', 38),
(39, 'Standard', 'Membresia Standard para cliente 39', 39),
(40, 'Premium', 'Membresia Premium para cliente 40', 40),
(41, 'Gold', 'Membresia Gold para cliente 41', 41),
(42, 'Standard', 'Membresia Standard para cliente 42', 42),
(43, 'Premium', 'Membresia Premium para cliente 43', 43),
(44, 'Gold', 'Membresia Gold para cliente 44', 44),
(45, 'Standard', 'Membresia Standard para cliente 45', 45),
(46, 'Premium', 'Membresia Premium para cliente 46', 46),
(47, 'Gold', 'Membresia Gold para cliente 47', 47),
(48, 'Standard', 'Membresia Standard para cliente 48', 48),
(49, 'Premium', 'Membresia Premium para cliente 49', 49),
(50, 'Gold', 'Membresia Gold para cliente 50', 50),
(51, 'Standard', 'Membresia Standard para cliente 51', 51),
(52, 'Premium', 'Membresia Premium para cliente 52', 52),
(53, 'Gold', 'Membresia Gold para cliente 53', 53),
(54, 'Standard', 'Membresia Standard para cliente 54', 54),
(55, 'Premium', 'Membresia Premium para cliente 55', 55),
(56, 'Gold', 'Membresia Gold para cliente 56', 56),
(57, 'Standard', 'Membresia Standard para cliente 57', 57),
(58, 'Premium', 'Membresia Premium para cliente 58', 58),
(59, 'Gold', 'Membresia Gold para cliente 59', 59),
(60, 'Standard', 'Membresia Standard para cliente 60', 60),
(61, 'Premium', 'Membresia Premium para cliente 61', 61),
(62, 'Gold', 'Membresia Gold para cliente 62', 62),
(63, 'Standard', 'Membresia Standard para cliente 63', 63),
(64, 'Premium', 'Membresia Premium para cliente 64', 64),
(65, 'Gold', 'Membresia Gold para cliente 65', 65),
(66, 'Standard', 'Membresia Standard para cliente 66', 66),
(67, 'Premium', 'Membresia Premium para cliente 67', 67),
(68, 'Gold', 'Membresia Gold para cliente 68', 68),
(69, 'Standard', 'Membresia Standard para cliente 69', 69),
(70, 'Premium', 'Membresia Premium para cliente 70', 70),
(71, 'Gold', 'Membresia Gold para cliente 71', 71),
(72, 'Standard', 'Membresia Standard para cliente 72', 72),
(73, 'Premium', 'Membresia Premium para cliente 73', 73),
(74, 'Gold', 'Membresia Gold para cliente 74', 74),
(75, 'Standard', 'Membresia Standard para cliente 75', 75),
(76, 'Premium', 'Membresia Premium para cliente 76', 76),
(77, 'Gold', 'Membresia Gold para cliente 77', 77),
(78, 'Standard', 'Membresia Standard para cliente 78', 78),
(79, 'Premium', 'Membresia Premium para cliente 79', 79),
(80, 'Gold', 'Membresia Gold para cliente 80', 80),
(81, 'Standard', 'Membresia Standard para cliente 81', 81),
(82, 'Premium', 'Membresia Premium para cliente 82', 82),
(83, 'Gold', 'Membresia Gold para cliente 83', 83),
(84, 'Standard', 'Membresia Standard para cliente 84', 84),
(85, 'Premium', 'Membresia Premium para cliente 85', 85),
(86, 'Gold', 'Membresia Gold para cliente 86', 86),
(87, 'Standard', 'Membresia Standard para cliente 87', 87),
(88, 'Premium', 'Membresia Premium para cliente 88', 88),
(89, 'Gold', 'Membresia Gold para cliente 89', 89),
(90, 'Standard', 'Membresia Standard para cliente 90', 90),
(91, 'Premium', 'Membresia Premium para cliente 91', 91),
(92, 'Gold', 'Membresia Gold para cliente 92', 92),
(93, 'Standard', 'Membresia Standard para cliente 93', 93),
(94, 'Premium', 'Membresia Premium para cliente 94', 94),
(95, 'Gold', 'Membresia Gold para cliente 95', 95),
(96, 'Standard', 'Membresia Standard para cliente 96', 96),
(97, 'Premium', 'Membresia Premium para cliente 97', 97),
(98, 'Gold', 'Membresia Gold para cliente 98', 98),
(99, 'Standard', 'Membresia Standard para cliente 99', 99),
(100, 'Premium', 'Membresia Premium para cliente 100', 100),
(101, 'Gold', 'Membresia Gold para cliente 101', 101),
(102, 'Standard', 'Membresia Standard para cliente 102', 102),
(103, 'Premium', 'Membresia Premium para cliente 103', 103),
(104, 'Gold', 'Membresia Gold para cliente 104', 104),
(105, 'Standard', 'Membresia Standard para cliente 105', 105),
(106, 'Premium', 'Membresia Premium para cliente 106', 106),
(107, 'Gold', 'Membresia Gold para cliente 107', 107),
(108, 'Standard', 'Membresia Standard para cliente 108', 108),
(109, 'Premium', 'Membresia Premium para cliente 109', 109),
(110, 'Gold', 'Membresia Gold para cliente 110', 110),
(111, 'Standard', 'Membresia Standard para cliente 111', 111),
(112, 'Premium', 'Membresia Premium para cliente 112', 112),
(113, 'Gold', 'Membresia Gold para cliente 113', 113),
(114, 'Standard', 'Membresia Standard para cliente 114', 114),
(115, 'Premium', 'Membresia Premium para cliente 115', 115),
(116, 'Gold', 'Membresia Gold para cliente 116', 116),
(117, 'Standard', 'Membresia Standard para cliente 117', 117),
(118, 'Premium', 'Membresia Premium para cliente 118', 118),
(119, 'Gold', 'Membresia Gold para cliente 119', 119),
(120, 'Standard', 'Membresia Standard para cliente 120', 120),
(121, 'Premium', 'Membresia Premium para cliente 121', 121),
(122, 'Gold', 'Membresia Gold para cliente 122', 122),
(123, 'Standard', 'Membresia Standard para cliente 123', 123),
(124, 'Premium', 'Membresia Premium para cliente 124', 124),
(125, 'Gold', 'Membresia Gold para cliente 125', 125),
(126, 'Standard', 'Membresia Standard para cliente 126', 126),
(127, 'Premium', 'Membresia Premium para cliente 127', 127),
(128, 'Gold', 'Membresia Gold para cliente 128', 128),
(129, 'Standard', 'Membresia Standard para cliente 129', 129),
(130, 'Premium', 'Membresia Premium para cliente 130', 130),
(131, 'Gold', 'Membresia Gold para cliente 131', 131),
(132, 'Standard', 'Membresia Standard para cliente 132', 132),
(133, 'Premium', 'Membresia Premium para cliente 133', 133),
(134, 'Gold', 'Membresia Gold para cliente 134', 134),
(135, 'Standard', 'Membresia Standard para cliente 135', 135),
(136, 'Premium', 'Membresia Premium para cliente 136', 136),
(137, 'Gold', 'Membresia Gold para cliente 137', 137),
(138, 'Standard', 'Membresia Standard para cliente 138', 138),
(139, 'Premium', 'Membresia Premium para cliente 139', 139),
(140, 'Gold', 'Membresia Gold para cliente 140', 140),
(141, 'Standard', 'Membresia Standard para cliente 141', 141),
(142, 'Premium', 'Membresia Premium para cliente 142', 142),
(143, 'Gold', 'Membresia Gold para cliente 143', 143),
(144, 'Standard', 'Membresia Standard para cliente 144', 144),
(145, 'Premium', 'Membresia Premium para cliente 145', 145),
(146, 'Gold', 'Membresia Gold para cliente 146', 146),
(147, 'Standard', 'Membresia Standard para cliente 147', 147),
(148, 'Premium', 'Membresia Premium para cliente 148', 148),
(149, 'Gold', 'Membresia Gold para cliente 149', 149),
(150, 'Standard', 'Membresia Standard para cliente 150', 150),
(151, 'Premium', 'Membresia Premium para cliente 151', 151),
(152, 'Gold', 'Membresia Gold para cliente 152', 152),
(153, 'Standard', 'Membresia Standard para cliente 153', 153),
(154, 'Premium', 'Membresia Premium para cliente 154', 154),
(155, 'Gold', 'Membresia Gold para cliente 155', 155),
(156, 'Standard', 'Membresia Standard para cliente 156', 156),
(157, 'Premium', 'Membresia Premium para cliente 157', 157),
(158, 'Gold', 'Membresia Gold para cliente 158', 158),
(159, 'Standard', 'Membresia Standard para cliente 159', 159),
(160, 'Premium', 'Membresia Premium para cliente 160', 160),
(161, 'Gold', 'Membresia Gold para cliente 161', 161),
(162, 'Standard', 'Membresia Standard para cliente 162', 162),
(163, 'Premium', 'Membresia Premium para cliente 163', 163),
(164, 'Gold', 'Membresia Gold para cliente 164', 164),
(165, 'Standard', 'Membresia Standard para cliente 165', 165),
(166, 'Premium', 'Membresia Premium para cliente 166', 166),
(167, 'Gold', 'Membresia Gold para cliente 167', 167),
(168, 'Standard', 'Membresia Standard para cliente 168', 168),
(169, 'Premium', 'Membresia Premium para cliente 169', 169),
(170, 'Gold', 'Membresia Gold para cliente 170', 170),
(171, 'Standard', 'Membresia Standard para cliente 171', 171),
(172, 'Premium', 'Membresia Premium para cliente 172', 172),
(173, 'Gold', 'Membresia Gold para cliente 173', 173),
(174, 'Standard', 'Membresia Standard para cliente 174', 174),
(175, 'Premium', 'Membresia Premium para cliente 175', 175),
(176, 'Gold', 'Membresia Gold para cliente 176', 176),
(177, 'Standard', 'Membresia Standard para cliente 177', 177),
(178, 'Premium', 'Membresia Premium para cliente 178', 178),
(179, 'Gold', 'Membresia Gold para cliente 179', 179),
(180, 'Standard', 'Membresia Standard para cliente 180', 180),
(181, 'Premium', 'Membresia Premium para cliente 181', 181),
(182, 'Gold', 'Membresia Gold para cliente 182', 182),
(183, 'Standard', 'Membresia Standard para cliente 183', 183),
(184, 'Premium', 'Membresia Premium para cliente 184', 184),
(185, 'Gold', 'Membresia Gold para cliente 185', 185),
(186, 'Standard', 'Membresia Standard para cliente 186', 186),
(187, 'Premium', 'Membresia Premium para cliente 187', 187),
(188, 'Gold', 'Membresia Gold para cliente 188', 188),
(189, 'Standard', 'Membresia Standard para cliente 189', 189),
(190, 'Premium', 'Membresia Premium para cliente 190', 190),
(191, 'Gold', 'Membresia Gold para cliente 191', 191),
(192, 'Standard', 'Membresia Standard para cliente 192', 192),
(193, 'Premium', 'Membresia Premium para cliente 193', 193),
(194, 'Gold', 'Membresia Gold para cliente 194', 194),
(195, 'Standard', 'Membresia Standard para cliente 195', 195),
(196, 'Premium', 'Membresia Premium para cliente 196', 196),
(197, 'Gold', 'Membresia Gold para cliente 197', 197),
(198, 'Standard', 'Membresia Standard para cliente 198', 198),
(199, 'Premium', 'Membresia Premium para cliente 199', 199),
(200, 'Gold', 'Membresia Gold para cliente 200', 200);

-- ORDEN VENTA (200 registros B2C)
INSERT INTO OrdenVenta (idOrdenVenta, fechaHoraEmision, fechaHoraVencimiento, estatusPendientePago) VALUES
(1, '2025-04-24', '2025-03-26', 'N'),
(2, '2025-04-16', '2025-01-16', 'N'),
(3, '2025-05-20', '2025-04-12', 'N'),
(4, '2025-05-17', '2025-03-24', 'N'),
(5, '2025-07-16', '2025-02-20', 'N'),
(6, '2025-03-22', '2025-05-12', 'N'),
(7, '2025-05-23', '2025-08-21', 'N'),
(8, '2025-04-11', '2025-08-25', 'N'),
(9, '2025-02-24', '2025-03-19', 'N'),
(10, '2025-07-24', '2025-07-17', 'N'),
(11, '2025-07-21', '2025-07-24', 'N'),
(12, '2025-01-14', '2025-02-20', 'N'),
(13, '2025-05-19', '2025-02-20', 'N'),
(14, '2025-03-21', '2025-06-11', 'N'),
(15, '2025-04-21', '2025-02-24', 'N'),
(16, '2025-05-18', '2025-02-23', 'N'),
(17, '2025-08-26', '2025-07-16', 'N'),
(18, '2025-01-16', '2025-03-20', 'N'),
(19, '2025-08-27', '2025-05-18', 'N'),
(20, '2025-03-19', '2025-04-18', 'N'),
(21, '2025-06-15', '2025-01-15', 'N'),
(22, '2025-04-26', '2025-07-17', 'N'),
(23, '2025-06-26', '2025-05-11', 'N'),
(24, '2025-05-11', '2025-02-22', 'N'),
(25, '2025-05-13', '2025-08-14', 'N'),
(26, '2025-08-17', '2025-01-18', 'N'),
(27, '2025-07-12', '2025-02-25', 'N'),
(28, '2025-07-23', '2025-07-13', 'N'),
(29, '2025-02-10', '2025-05-11', 'N'),
(30, '2025-03-20', '2025-02-11', 'N'),
(31, '2025-03-23', '2025-03-18', 'N'),
(32, '2025-02-25', '2025-02-20', 'N'),
(33, '2025-07-20', '2025-01-24', 'N'),
(34, '2025-08-15', '2025-02-25', 'N'),
(35, '2025-06-14', '2025-02-14', 'N'),
(36, '2025-07-13', '2025-05-23', 'N'),
(37, '2025-02-10', '2025-05-27', 'N'),
(38, '2025-03-17', '2025-05-27', 'N'),
(39, '2025-07-13', '2025-07-24', 'N'),
(40, '2025-08-19', '2025-03-14', 'N'),
(41, '2025-07-18', '2025-06-20', 'N'),
(42, '2025-05-26', '2025-05-20', 'N'),
(43, '2025-08-19', '2025-06-27', 'N'),
(44, '2025-07-14', '2025-06-19', 'N'),
(45, '2025-01-11', '2025-08-25', 'N'),
(46, '2025-03-17', '2025-04-13', 'N'),
(47, '2025-01-20', '2025-07-25', 'N'),
(48, '2025-06-16', '2025-06-14', 'N'),
(49, '2025-04-21', '2025-03-17', 'N'),
(50, '2025-08-11', '2025-07-27', 'N'),
(51, '2025-07-13', '2025-02-13', 'N'),
(52, '2025-03-17', '2025-04-26', 'N'),
(53, '2025-04-11', '2025-07-18', 'N'),
(54, '2025-07-15', '2025-02-15', 'N'),
(55, '2025-02-11', '2025-07-19', 'N'),
(56, '2025-02-24', '2025-05-17', 'N'),
(57, '2025-03-15', '2025-07-24', 'N'),
(58, '2025-06-17', '2025-03-20', 'N'),
(59, '2025-03-18', '2025-04-14', 'N'),
(60, '2025-02-14', '2025-03-15', 'N'),
(61, '2025-05-17', '2025-01-12', 'N'),
(62, '2025-07-13', '2025-08-24', 'N'),
(63, '2025-07-20', '2025-04-14', 'N'),
(64, '2025-04-22', '2025-08-20', 'N'),
(65, '2025-06-16', '2025-04-12', 'N'),
(66, '2025-07-12', '2025-05-27', 'N'),
(67, '2025-04-15', '2025-05-21', 'N'),
(68, '2025-02-10', '2025-08-26', 'N'),
(69, '2025-02-21', '2025-02-15', 'N'),
(70, '2025-05-12', '2025-06-21', 'N'),
(71, '2025-06-27', '2025-03-11', 'N'),
(72, '2025-02-12', '2025-05-14', 'N'),
(73, '2025-07-27', '2025-06-27', 'N'),
(74, '2025-05-21', '2025-04-25', 'N'),
(75, '2025-07-13', '2025-07-25', 'N'),
(76, '2025-02-26', '2025-05-25', 'N'),
(77, '2025-04-17', '2025-04-27', 'N'),
(78, '2025-06-14', '2025-02-23', 'N'),
(79, '2025-06-18', '2025-02-16', 'N'),
(80, '2025-03-22', '2025-07-18', 'N'),
(81, '2025-07-25', '2025-06-25', 'N'),
(82, '2025-03-21', '2025-05-26', 'N'),
(83, '2025-03-18', '2025-02-16', 'N'),
(84, '2025-02-27', '2025-01-21', 'N'),
(85, '2025-07-14', '2025-04-20', 'N'),
(86, '2025-01-16', '2025-01-25', 'N'),
(87, '2025-03-18', '2025-06-22', 'N'),
(88, '2025-03-18', '2025-04-25', 'N'),
(89, '2025-08-19', '2025-08-14', 'N'),
(90, '2025-06-16', '2025-05-16', 'N'),
(91, '2025-02-14', '2025-01-10', 'N'),
(92, '2025-02-12', '2025-02-24', 'N'),
(93, '2025-01-18', '2025-02-26', 'N'),
(94, '2025-03-24', '2025-06-20', 'N'),
(95, '2025-06-24', '2025-08-18', 'N'),
(96, '2025-02-23', '2025-04-14', 'N'),
(97, '2025-01-18', '2025-08-25', 'N'),
(98, '2025-03-27', '2025-07-10', 'N'),
(99, '2025-08-19', '2025-03-10', 'N'),
(100, '2025-02-23', '2025-06-11', 'N'),
(101, '2025-02-17', '2025-01-27', 'N'),
(102, '2025-05-11', '2025-03-26', 'N'),
(103, '2025-01-24', '2025-03-10', 'N'),
(104, '2025-08-13', '2025-07-24', 'N'),
(105, '2025-07-15', '2025-07-16', 'N'),
(106, '2025-02-16', '2025-04-12', 'N'),
(107, '2025-02-14', '2025-04-22', 'N'),
(108, '2025-04-24', '2025-08-14', 'N'),
(109, '2025-04-22', '2025-08-16', 'N'),
(110, '2025-07-12', '2025-02-27', 'N'),
(111, '2025-03-22', '2025-01-22', 'N'),
(112, '2025-02-19', '2025-08-15', 'N'),
(113, '2025-03-27', '2025-06-22', 'N'),
(114, '2025-04-11', '2025-02-25', 'N'),
(115, '2025-06-14', '2025-04-11', 'N'),
(116, '2025-07-11', '2025-06-22', 'N'),
(117, '2025-01-21', '2025-05-14', 'N'),
(118, '2025-03-20', '2025-07-26', 'N'),
(119, '2025-06-15', '2025-03-12', 'N'),
(120, '2025-04-22', '2025-01-21', 'N'),
(121, '2025-05-11', '2025-02-12', 'N'),
(122, '2025-03-23', '2025-07-23', 'N'),
(123, '2025-07-16', '2025-03-20', 'N'),
(124, '2025-08-12', '2025-01-21', 'N'),
(125, '2025-02-19', '2025-01-19', 'N'),
(126, '2025-04-23', '2025-04-14', 'N'),
(127, '2025-01-13', '2025-07-21', 'N'),
(128, '2025-06-19', '2025-06-14', 'N'),
(129, '2025-05-22', '2025-02-17', 'N'),
(130, '2025-01-24', '2025-01-12', 'N'),
(131, '2025-07-12', '2025-02-15', 'N'),
(132, '2025-03-11', '2025-02-18', 'N'),
(133, '2025-04-23', '2025-05-17', 'N'),
(134, '2025-05-22', '2025-03-13', 'N'),
(135, '2025-07-24', '2025-02-26', 'N'),
(136, '2025-04-24', '2025-04-12', 'N'),
(137, '2025-04-19', '2025-08-19', 'N'),
(138, '2025-08-15', '2025-04-18', 'N'),
(139, '2025-01-13', '2025-06-12', 'N'),
(140, '2025-08-23', '2025-06-11', 'N'),
(141, '2025-06-17', '2025-07-21', 'N'),
(142, '2025-06-20', '2025-08-10', 'N'),
(143, '2025-04-19', '2025-08-15', 'N'),
(144, '2025-06-23', '2025-03-26', 'N'),
(145, '2025-07-20', '2025-06-16', 'N'),
(146, '2025-06-27', '2025-04-11', 'N'),
(147, '2025-06-18', '2025-08-18', 'N'),
(148, '2025-06-17', '2025-02-11', 'N'),
(149, '2025-06-25', '2025-03-22', 'N'),
(150, '2025-03-11', '2025-04-21', 'N'),
(151, '2025-05-21', '2025-05-21', 'N'),
(152, '2025-02-18', '2025-01-19', 'N'),
(153, '2025-06-12', '2025-01-11', 'N'),
(154, '2025-05-17', '2025-01-19', 'N'),
(155, '2025-03-13', '2025-04-13', 'N'),
(156, '2025-05-17', '2025-06-18', 'N'),
(157, '2025-03-26', '2025-01-11', 'N'),
(158, '2025-03-24', '2025-02-13', 'N'),
(159, '2025-07-27', '2025-07-22', 'N'),
(160, '2025-06-14', '2025-08-25', 'N'),
(161, '2025-04-14', '2025-07-12', 'N'),
(162, '2025-01-11', '2025-06-22', 'N'),
(163, '2025-05-11', '2025-08-23', 'N'),
(164, '2025-05-10', '2025-06-17', 'N'),
(165, '2025-03-25', '2025-03-25', 'N'),
(166, '2025-05-15', '2025-06-13', 'N'),
(167, '2025-03-14', '2025-01-14', 'N'),
(168, '2025-08-12', '2025-04-13', 'N'),
(169, '2025-03-20', '2025-01-19', 'N'),
(170, '2025-07-18', '2025-08-12', 'N'),
(171, '2025-03-26', '2025-05-21', 'N'),
(172, '2025-06-22', '2025-07-21', 'N'),
(173, '2025-01-19', '2025-04-20', 'N'),
(174, '2025-06-24', '2025-03-20', 'N'),
(175, '2025-08-19', '2025-06-12', 'N'),
(176, '2025-07-24', '2025-01-24', 'N'),
(177, '2025-08-21', '2025-07-11', 'N'),
(178, '2025-05-11', '2025-08-17', 'N'),
(179, '2025-01-16', '2025-08-24', 'N'),
(180, '2025-02-22', '2025-08-20', 'N'),
(181, '2025-07-15', '2025-04-27', 'N'),
(182, '2025-08-17', '2025-01-16', 'N'),
(183, '2025-02-11', '2025-01-17', 'N'),
(184, '2025-02-24', '2025-06-24', 'N'),
(185, '2025-01-22', '2025-01-18', 'N'),
(186, '2025-01-19', '2025-06-11', 'N'),
(187, '2025-08-14', '2025-02-21', 'N'),
(188, '2025-04-15', '2025-06-23', 'N'),
(189, '2025-06-22', '2025-08-15', 'N'),
(190, '2025-08-24', '2025-08-19', 'N'),
(191, '2025-03-13', '2025-06-19', 'N'),
(192, '2025-06-17', '2025-06-16', 'N'),
(193, '2025-05-12', '2025-06-19', 'N'),
(194, '2025-04-11', '2025-01-22', 'N'),
(195, '2025-03-15', '2025-07-17', 'N'),
(196, '2025-08-14', '2025-01-24', 'N'),
(197, '2025-06-21', '2025-04-15', 'N'),
(198, '2025-05-11', '2025-04-20', 'N'),
(199, '2025-04-15', '2025-07-21', 'N'),
(200, '2025-08-27', '2025-01-11', 'N');

-- SUBASTA (100 registros, estado Cerrada)

INSERT INTO Subasta (idSubasta, fechaHoraInicio, fechaHoraFin, precioBase, incrementoMinimo, OrdenVenta_idOrdenVenta) VALUES
(1, '2026-05-25', '2026-06-23', 217.03, 10.85, 1),
(2, '2026-05-25', '2026-06-23', 85.23, 4.26, 2),
(3, '2026-05-25', '2026-06-23', 81.38, 4.07, 3),
(4, '2026-05-25', '2026-06-23', 180.69, 9.03, 4),
(5, '2026-05-25', '2026-06-23', 92.11, 4.61, 5),
(6, '2026-05-25', '2026-06-23', 115.65, 5.78, 6),
(7, '2026-05-25', '2026-06-23', 231.1, 11.56, 7),
(8, '2026-05-25', '2026-06-23', 178.23, 8.91, 8),
(9, '2026-05-25', '2026-06-23', 93.41, 4.67, 9),
(10, '2026-05-25', '2026-06-23', 240.31, 12.02, 10),
(11, '2026-05-25', '2026-06-23', 108.65, 5.43, 11),
(12, '2026-05-25', '2026-06-23', 114.33, 5.72, 12),
(13, '2026-05-25', '2026-06-23', 176.4, 8.82, 13),
(14, '2026-05-25', '2026-06-23', 130.06, 6.5, 14),
(15, '2026-05-25', '2026-06-23', 145.24, 7.26, 15),
(16, '2026-05-25', '2026-06-23', 115.06, 5.75, 16),
(17, '2026-05-25', '2026-06-23', 179.36, 8.97, 17),
(18, '2026-05-25', '2026-06-23', 58.83, 2.94, 18),
(19, '2026-05-25', '2026-06-23', 253.53, 12.68, 19),
(20, '2026-05-25', '2026-06-23', 194.3, 9.72, 20),
(21, '2026-05-25', '2026-06-23', 149.37, 7.47, 21),
(22, '2026-05-25', '2026-06-23', 88.05, 4.4, 22),
(23, '2026-05-25', '2026-06-23', 72.53, 3.63, 23),
(24, '2026-05-25', '2026-06-23', 226.29, 11.31, 24),
(25, '2026-05-25', '2026-06-23', 254.05, 12.7, 25),
(26, '2026-05-25', '2026-06-23', 184.99, 9.25, 26),
(27, '2026-05-25', '2026-06-23', 61.04, 3.05, 27),
(28, '2026-05-25', '2026-06-23', 227.79, 11.39, 28),
(29, '2026-05-25', '2026-06-23', 86.94, 4.35, 29),
(30, '2026-05-25', '2026-06-23', 276.55, 13.83, 30),
(31, '2026-05-25', '2026-06-23', 223.15, 11.16, 31),
(32, '2026-05-25', '2026-06-23', 179.1, 8.96, 32),
(33, '2026-05-25', '2026-06-23', 96.59, 4.83, 33),
(34, '2026-05-25', '2026-06-23', 60.38, 3.02, 34),
(35, '2026-05-25', '2026-06-23', 127.05, 6.35, 35),
(36, '2026-05-25', '2026-06-23', 195.79, 9.79, 36),
(37, '2026-05-25', '2026-06-23', 255.27, 12.76, 37),
(38, '2026-05-25', '2026-06-23', 50.99, 2.55, 38),
(39, '2026-05-25', '2026-06-23', 183.93, 9.2, 39),
(40, '2026-05-25', '2026-06-23', 251.3, 12.57, 40),
(41, '2026-05-25', '2026-06-23', 237.09, 11.85, 41),
(42, '2026-05-25', '2026-06-23', 146.14, 7.31, 42),
(43, '2026-05-25', '2026-06-23', 87.28, 4.36, 43),
(44, '2026-05-25', '2026-06-23', 56.58, 2.83, 44),
(45, '2026-05-25', '2026-06-23', 62.75, 3.14, 45),
(46, '2026-05-25', '2026-06-23', 245.41, 12.27, 46),
(47, '2026-05-25', '2026-06-23', 206.61, 10.33, 47),
(48, '2026-05-25', '2026-06-23', 78.79, 3.94, 48),
(49, '2026-05-25', '2026-06-23', 112.49, 5.62, 49),
(50, '2026-05-25', '2026-06-23', 243.11, 12.16, 50),
(51, '2026-05-25', '2026-06-23', 122.4, 6.12, 51),
(52, '2026-05-25', '2026-06-23', 212.04, 10.6, 52),
(53, '2026-05-25', '2026-06-23', 85.91, 4.3, 53),
(54, '2026-05-25', '2026-06-23', 61.12, 3.06, 54),
(55, '2026-05-25', '2026-06-23', 201.14, 10.06, 55),
(56, '2026-05-25', '2026-06-23', 178.98, 8.95, 56),
(57, '2026-05-25', '2026-06-23', 62.7, 3.14, 57),
(58, '2026-05-25', '2026-06-23', 155.09, 7.75, 58),
(59, '2026-05-25', '2026-06-23', 226.65, 11.33, 59),
(60, '2026-05-25', '2026-06-23', 207.12, 10.36, 60),
(61, '2026-05-25', '2026-06-23', 104.61, 5.23, 61),
(62, '2026-05-25', '2026-06-23', 53.31, 2.67, 62),
(63, '2026-05-25', '2026-06-23', 141.29, 7.06, 63),
(64, '2026-05-25', '2026-06-23', 116.86, 5.84, 64),
(65, '2026-05-25', '2026-06-23', 67.17, 3.36, 65),
(66, '2026-05-25', '2026-06-23', 229.54, 11.48, 66),
(67, '2026-05-25', '2026-06-23', 67.74, 3.39, 67),
(68, '2026-05-25', '2026-06-23', 166.02, 8.3, 68),
(69, '2026-05-25', '2026-06-23', 53.01, 2.65, 69),
(70, '2026-05-25', '2026-06-23', 249.45, 12.47, 70),
(71, '2026-05-25', '2026-06-23', 159.79, 7.99, 71),
(72, '2026-05-25', '2026-06-23', 178.37, 8.92, 72),
(73, '2026-05-25', '2026-06-23', 174.9, 8.75, 73),
(74, '2026-05-25', '2026-06-23', 52.24, 2.61, 74),
(75, '2026-05-25', '2026-06-23', 257.21, 12.86, 75),
(76, '2026-05-25', '2026-06-23', 53.22, 2.66, 76),
(77, '2026-05-25', '2026-06-23', 50.77, 2.54, 77),
(78, '2026-05-25', '2026-06-23', 65.94, 3.3, 78),
(79, '2026-05-25', '2026-06-23', 213.54, 10.68, 79),
(80, '2026-05-25', '2026-06-23', 58.63, 2.93, 80),
(81, '2026-05-25', '2026-06-23', 278.38, 13.92, 81),
(82, '2026-05-25', '2026-06-23', 282.24, 14.11, 82),
(83, '2026-05-25', '2026-06-23', 165.3, 8.26, 83),
(84, '2026-05-25', '2026-06-23', 143.83, 7.19, 84),
(85, '2026-05-25', '2026-06-23', 204.15, 10.21, 85),
(86, '2026-05-25', '2026-06-23', 61.11, 3.06, 86),
(87, '2026-05-25', '2026-06-23', 143.19, 7.16, 87),
(88, '2026-05-25', '2026-06-23', 85.47, 4.27, 88),
(89, '2026-05-25', '2026-06-23', 159.24, 7.96, 89),
(90, '2026-05-25', '2026-06-23', 248.07, 12.4, 90),
(91, '2026-05-25', '2026-06-23', 183.09, 9.15, 91),
(92, '2026-05-25', '2026-06-23', 150.17, 7.51, 92),
(93, '2026-05-25', '2026-06-23', 124.34, 6.22, 93),
(94, '2026-05-25', '2026-06-23', 276.81, 13.84, 94),
(95, '2026-05-25', '2026-06-23', 196.68, 9.83, 95),
(96, '2026-05-25', '2026-06-23', 233.78, 11.69, 96),
(97, '2026-05-25', '2026-06-23', 54.85, 2.74, 97),
(98, '2026-05-25', '2026-06-23', 270.42, 13.52, 98),
(99, '2026-05-25', '2026-06-23', 289.42, 14.47, 99),
(100, '2026-05-25', '2026-06-23', 133.21, 6.66, 100);

-- PUJA (6000 registros: 100 subastas x 20 usuarios x 3 pujas)
-- Por cada subasta, 20 usuarios (IDs 1-20) hacen 3 pujas con monto creciente

INSERT INTO Puja (idPuja, fechaHora, monto, ClienteNatural_idClienteNatural, Subasta_idSubasta) VALUES
(1, '2026-06-24 16:50:15', 227.03, 1, 1),
(2, '2026-06-24 16:48:15', 237.03, 1, 1),
(3, '2026-06-24 16:46:15', 247.03, 1, 1),
(4, '2026-06-24 16:44:15', 227.03, 2, 1),
(5, '2026-06-24 16:42:15', 237.03, 2, 1),
(6, '2026-06-24 16:40:15', 247.03, 2, 1),
(7, '2026-06-24 16:38:15', 227.03, 3, 1),
(8, '2026-06-24 16:36:15', 237.03, 3, 1),
(9, '2026-06-24 16:34:15', 247.03, 3, 1),
(10, '2026-06-24 16:32:15', 227.03, 4, 1),
(11, '2026-06-24 16:30:15', 237.03, 4, 1),
(12, '2026-06-24 16:28:15', 247.03, 4, 1),
(13, '2026-06-24 16:26:15', 227.03, 5, 1),
(14, '2026-06-24 16:24:15', 237.03, 5, 1),
(15, '2026-06-24 16:22:15', 247.03, 5, 1),
(16, '2026-06-24 16:20:15', 227.03, 6, 1),
(17, '2026-06-24 16:18:15', 237.03, 6, 1),
(18, '2026-06-24 16:16:15', 247.03, 6, 1),
(19, '2026-06-24 16:14:15', 227.03, 7, 1),
(20, '2026-06-24 16:12:15', 237.03, 7, 1),
(21, '2026-06-24 16:10:15', 247.03, 7, 1),
(22, '2026-06-24 16:08:15', 227.03, 8, 1),
(23, '2026-06-24 16:06:15', 237.03, 8, 1),
(24, '2026-06-24 16:04:15', 247.03, 8, 1),
(25, '2026-06-24 16:02:15', 227.03, 9, 1),
(26, '2026-06-24 16:00:15', 237.03, 9, 1),
(27, '2026-06-24 15:58:15', 247.03, 9, 1),
(28, '2026-06-24 15:56:15', 227.03, 10, 1),
(29, '2026-06-24 15:54:15', 237.03, 10, 1),
(30, '2026-06-24 15:52:15', 247.03, 10, 1),
(31, '2026-06-24 15:50:15', 227.03, 11, 1),
(32, '2026-06-24 15:48:15', 237.03, 11, 1),
(33, '2026-06-24 15:46:15', 247.03, 11, 1),
(34, '2026-06-24 15:44:15', 227.03, 12, 1),
(35, '2026-06-24 15:42:15', 237.03, 12, 1),
(36, '2026-06-24 15:40:15', 247.03, 12, 1),
(37, '2026-06-24 15:38:15', 227.03, 13, 1),
(38, '2026-06-24 15:36:15', 237.03, 13, 1),
(39, '2026-06-24 15:34:15', 247.03, 13, 1),
(40, '2026-06-24 15:32:15', 227.03, 14, 1),
(41, '2026-06-24 15:30:15', 237.03, 14, 1),
(42, '2026-06-24 15:28:15', 247.03, 14, 1),
(43, '2026-06-24 15:26:15', 227.03, 15, 1),
(44, '2026-06-24 15:24:15', 237.03, 15, 1),
(45, '2026-06-24 15:22:15', 247.03, 15, 1),
(46, '2026-06-24 15:20:15', 227.03, 16, 1),
(47, '2026-06-24 15:18:15', 237.03, 16, 1),
(48, '2026-06-24 15:16:15', 247.03, 16, 1),
(49, '2026-06-24 15:14:15', 227.03, 17, 1),
(50, '2026-06-24 15:12:15', 237.03, 17, 1),
(51, '2026-06-24 15:10:15', 247.03, 17, 1),
(52, '2026-06-24 15:08:15', 227.03, 18, 1),
(53, '2026-06-24 15:06:15', 237.03, 18, 1),
(54, '2026-06-24 15:04:15', 247.03, 18, 1),
(55, '2026-06-24 15:02:15', 227.03, 19, 1),
(56, '2026-06-24 15:00:15', 237.03, 19, 1),
(57, '2026-06-24 14:58:15', 247.03, 19, 1),
(58, '2026-06-24 14:56:15', 227.03, 20, 1),
(59, '2026-06-24 14:54:15', 237.03, 20, 1),
(60, '2026-06-24 14:52:15', 247.03, 20, 1),
(61, '2026-06-24 14:50:15', 95.23, 1, 2),
(62, '2026-06-24 14:48:15', 105.23, 1, 2),
(63, '2026-06-24 14:46:15', 115.23, 1, 2),
(64, '2026-06-24 14:44:15', 95.23, 2, 2),
(65, '2026-06-24 14:42:15', 105.23, 2, 2),
(66, '2026-06-24 14:40:15', 115.23, 2, 2),
(67, '2026-06-24 14:38:15', 95.23, 3, 2),
(68, '2026-06-24 14:36:15', 105.23, 3, 2),
(69, '2026-06-24 14:34:15', 115.23, 3, 2),
(70, '2026-06-24 14:32:15', 95.23, 4, 2),
(71, '2026-06-24 14:30:15', 105.23, 4, 2),
(72, '2026-06-24 14:28:15', 115.23, 4, 2),
(73, '2026-06-24 14:26:15', 95.23, 5, 2),
(74, '2026-06-24 14:24:15', 105.23, 5, 2),
(75, '2026-06-24 14:22:15', 115.23, 5, 2),
(76, '2026-06-24 14:20:15', 95.23, 6, 2),
(77, '2026-06-24 14:18:15', 105.23, 6, 2),
(78, '2026-06-24 14:16:15', 115.23, 6, 2),
(79, '2026-06-24 14:14:15', 95.23, 7, 2),
(80, '2026-06-24 14:12:15', 105.23, 7, 2),
(81, '2026-06-24 14:10:15', 115.23, 7, 2),
(82, '2026-06-24 14:08:15', 95.23, 8, 2),
(83, '2026-06-24 14:06:15', 105.23, 8, 2),
(84, '2026-06-24 14:04:15', 115.23, 8, 2),
(85, '2026-06-24 14:02:15', 95.23, 9, 2),
(86, '2026-06-24 14:00:15', 105.23, 9, 2),
(87, '2026-06-24 13:58:15', 115.23, 9, 2),
(88, '2026-06-24 13:56:15', 95.23, 10, 2),
(89, '2026-06-24 13:54:15', 105.23, 10, 2),
(90, '2026-06-24 13:52:15', 115.23, 10, 2),
(91, '2026-06-24 13:50:15', 95.23, 11, 2),
(92, '2026-06-24 13:48:15', 105.23, 11, 2),
(93, '2026-06-24 13:46:15', 115.23, 11, 2),
(94, '2026-06-24 13:44:15', 95.23, 12, 2),
(95, '2026-06-24 13:42:15', 105.23, 12, 2),
(96, '2026-06-24 13:40:15', 115.23, 12, 2),
(97, '2026-06-24 13:38:15', 95.23, 13, 2),
(98, '2026-06-24 13:36:15', 105.23, 13, 2),
(99, '2026-06-24 13:34:15', 115.23, 13, 2),
(100, '2026-06-24 13:32:15', 95.23, 14, 2),
(101, '2026-06-24 13:30:15', 105.23, 14, 2),
(102, '2026-06-24 13:28:15', 115.23, 14, 2),
(103, '2026-06-24 13:26:15', 95.23, 15, 2),
(104, '2026-06-24 13:24:15', 105.23, 15, 2),
(105, '2026-06-24 13:22:15', 115.23, 15, 2),
(106, '2026-06-24 13:20:15', 95.23, 16, 2),
(107, '2026-06-24 13:18:15', 105.23, 16, 2),
(108, '2026-06-24 13:16:15', 115.23, 16, 2),
(109, '2026-06-24 13:14:15', 95.23, 17, 2),
(110, '2026-06-24 13:12:15', 105.23, 17, 2),
(111, '2026-06-24 13:10:15', 115.23, 17, 2),
(112, '2026-06-24 13:08:15', 95.23, 18, 2),
(113, '2026-06-24 13:06:15', 105.23, 18, 2),
(114, '2026-06-24 13:04:15', 115.23, 18, 2),
(115, '2026-06-24 13:02:15', 95.23, 19, 2),
(116, '2026-06-24 13:00:15', 105.23, 19, 2),
(117, '2026-06-24 12:58:15', 115.23, 19, 2),
(118, '2026-06-24 12:56:15', 95.23, 20, 2),
(119, '2026-06-24 12:54:15', 105.23, 20, 2),
(120, '2026-06-24 12:52:15', 115.23, 20, 2),
(121, '2026-06-24 12:50:15', 91.38, 1, 3),
(122, '2026-06-24 12:48:15', 101.38, 1, 3),
(123, '2026-06-24 12:46:15', 111.38, 1, 3),
(124, '2026-06-24 12:44:15', 91.38, 2, 3),
(125, '2026-06-24 12:42:15', 101.38, 2, 3),
(126, '2026-06-24 12:40:15', 111.38, 2, 3),
(127, '2026-06-24 12:38:15', 91.38, 3, 3),
(128, '2026-06-24 12:36:15', 101.38, 3, 3),
(129, '2026-06-24 12:34:15', 111.38, 3, 3),
(130, '2026-06-24 12:32:15', 91.38, 4, 3),
(131, '2026-06-24 12:30:15', 101.38, 4, 3),
(132, '2026-06-24 12:28:15', 111.38, 4, 3),
(133, '2026-06-24 12:26:15', 91.38, 5, 3),
(134, '2026-06-24 12:24:15', 101.38, 5, 3),
(135, '2026-06-24 12:22:15', 111.38, 5, 3),
(136, '2026-06-24 12:20:15', 91.38, 6, 3),
(137, '2026-06-24 12:18:15', 101.38, 6, 3),
(138, '2026-06-24 12:16:15', 111.38, 6, 3),
(139, '2026-06-24 12:14:15', 91.38, 7, 3),
(140, '2026-06-24 12:12:15', 101.38, 7, 3),
(141, '2026-06-24 12:10:15', 111.38, 7, 3),
(142, '2026-06-24 12:08:15', 91.38, 8, 3),
(143, '2026-06-24 12:06:15', 101.38, 8, 3),
(144, '2026-06-24 12:04:15', 111.38, 8, 3),
(145, '2026-06-24 12:02:15', 91.38, 9, 3),
(146, '2026-06-24 12:00:15', 101.38, 9, 3),
(147, '2026-06-24 11:58:15', 111.38, 9, 3),
(148, '2026-06-24 11:56:15', 91.38, 10, 3),
(149, '2026-06-24 11:54:15', 101.38, 10, 3),
(150, '2026-06-24 11:52:15', 111.38, 10, 3),
(151, '2026-06-24 11:50:15', 91.38, 11, 3),
(152, '2026-06-24 11:48:15', 101.38, 11, 3),
(153, '2026-06-24 11:46:15', 111.38, 11, 3),
(154, '2026-06-24 11:44:15', 91.38, 12, 3),
(155, '2026-06-24 11:42:15', 101.38, 12, 3),
(156, '2026-06-24 11:40:15', 111.38, 12, 3),
(157, '2026-06-24 11:38:15', 91.38, 13, 3),
(158, '2026-06-24 11:36:15', 101.38, 13, 3),
(159, '2026-06-24 11:34:15', 111.38, 13, 3),
(160, '2026-06-24 11:32:15', 91.38, 14, 3),
(161, '2026-06-24 11:30:15', 101.38, 14, 3),
(162, '2026-06-24 11:28:15', 111.38, 14, 3),
(163, '2026-06-24 11:26:15', 91.38, 15, 3),
(164, '2026-06-24 11:24:15', 101.38, 15, 3),
(165, '2026-06-24 11:22:15', 111.38, 15, 3),
(166, '2026-06-24 11:20:15', 91.38, 16, 3),
(167, '2026-06-24 11:18:15', 101.38, 16, 3),
(168, '2026-06-24 11:16:15', 111.38, 16, 3),
(169, '2026-06-24 11:14:15', 91.38, 17, 3),
(170, '2026-06-24 11:12:15', 101.38, 17, 3),
(171, '2026-06-24 11:10:15', 111.38, 17, 3),
(172, '2026-06-24 11:08:15', 91.38, 18, 3),
(173, '2026-06-24 11:06:15', 101.38, 18, 3),
(174, '2026-06-24 11:04:15', 111.38, 18, 3),
(175, '2026-06-24 11:02:15', 91.38, 19, 3),
(176, '2026-06-24 11:00:15', 101.38, 19, 3),
(177, '2026-06-24 10:58:15', 111.38, 19, 3),
(178, '2026-06-24 10:56:15', 91.38, 20, 3),
(179, '2026-06-24 10:54:15', 101.38, 20, 3),
(180, '2026-06-24 10:52:15', 111.38, 20, 3),
(181, '2026-06-24 10:50:15', 190.69, 1, 4),
(182, '2026-06-24 10:48:15', 200.69, 1, 4),
(183, '2026-06-24 10:46:15', 210.69, 1, 4),
(184, '2026-06-24 10:44:15', 190.69, 2, 4),
(185, '2026-06-24 10:42:15', 200.69, 2, 4),
(186, '2026-06-24 10:40:15', 210.69, 2, 4),
(187, '2026-06-24 10:38:15', 190.69, 3, 4),
(188, '2026-06-24 10:36:15', 200.69, 3, 4),
(189, '2026-06-24 10:34:15', 210.69, 3, 4),
(190, '2026-06-24 10:32:15', 190.69, 4, 4),
(191, '2026-06-24 10:30:15', 200.69, 4, 4),
(192, '2026-06-24 10:28:15', 210.69, 4, 4),
(193, '2026-06-24 10:26:15', 190.69, 5, 4),
(194, '2026-06-24 10:24:15', 200.69, 5, 4),
(195, '2026-06-24 10:22:15', 210.69, 5, 4),
(196, '2026-06-24 10:20:15', 190.69, 6, 4),
(197, '2026-06-24 10:18:15', 200.69, 6, 4),
(198, '2026-06-24 10:16:15', 210.69, 6, 4),
(199, '2026-06-24 10:14:15', 190.69, 7, 4),
(200, '2026-06-24 10:12:15', 200.69, 7, 4),
(201, '2026-06-24 10:10:15', 210.69, 7, 4),
(202, '2026-06-24 10:08:15', 190.69, 8, 4),
(203, '2026-06-24 10:06:15', 200.69, 8, 4),
(204, '2026-06-24 10:04:15', 210.69, 8, 4),
(205, '2026-06-24 10:02:15', 190.69, 9, 4),
(206, '2026-06-24 10:00:15', 200.69, 9, 4),
(207, '2026-06-24 09:58:15', 210.69, 9, 4),
(208, '2026-06-24 09:56:15', 190.69, 10, 4),
(209, '2026-06-24 09:54:15', 200.69, 10, 4),
(210, '2026-06-24 09:52:15', 210.69, 10, 4),
(211, '2026-06-24 09:50:15', 190.69, 11, 4),
(212, '2026-06-24 09:48:15', 200.69, 11, 4),
(213, '2026-06-24 09:46:15', 210.69, 11, 4),
(214, '2026-06-24 09:44:15', 190.69, 12, 4),
(215, '2026-06-24 09:42:15', 200.69, 12, 4),
(216, '2026-06-24 09:40:15', 210.69, 12, 4),
(217, '2026-06-24 09:38:15', 190.69, 13, 4),
(218, '2026-06-24 09:36:15', 200.69, 13, 4),
(219, '2026-06-24 09:34:15', 210.69, 13, 4),
(220, '2026-06-24 09:32:15', 190.69, 14, 4),
(221, '2026-06-24 09:30:15', 200.69, 14, 4),
(222, '2026-06-24 09:28:15', 210.69, 14, 4),
(223, '2026-06-24 09:26:15', 190.69, 15, 4),
(224, '2026-06-24 09:24:15', 200.69, 15, 4),
(225, '2026-06-24 09:22:15', 210.69, 15, 4),
(226, '2026-06-24 09:20:15', 190.69, 16, 4),
(227, '2026-06-24 09:18:15', 200.69, 16, 4),
(228, '2026-06-24 09:16:15', 210.69, 16, 4),
(229, '2026-06-24 09:14:15', 190.69, 17, 4),
(230, '2026-06-24 09:12:15', 200.69, 17, 4),
(231, '2026-06-24 09:10:15', 210.69, 17, 4),
(232, '2026-06-24 09:08:15', 190.69, 18, 4),
(233, '2026-06-24 09:06:15', 200.69, 18, 4),
(234, '2026-06-24 09:04:15', 210.69, 18, 4),
(235, '2026-06-24 09:02:15', 190.69, 19, 4),
(236, '2026-06-24 09:00:15', 200.69, 19, 4),
(237, '2026-06-24 08:58:15', 210.69, 19, 4),
(238, '2026-06-24 08:56:15', 190.69, 20, 4),
(239, '2026-06-24 08:54:15', 200.69, 20, 4),
(240, '2026-06-24 08:52:15', 210.69, 20, 4),
(241, '2026-06-24 08:50:15', 102.11, 1, 5),
(242, '2026-06-24 08:48:15', 112.11, 1, 5),
(243, '2026-06-24 08:46:15', 122.11, 1, 5),
(244, '2026-06-24 08:44:15', 102.11, 2, 5),
(245, '2026-06-24 08:42:15', 112.11, 2, 5),
(246, '2026-06-24 08:40:15', 122.11, 2, 5),
(247, '2026-06-24 08:38:15', 102.11, 3, 5),
(248, '2026-06-24 08:36:15', 112.11, 3, 5),
(249, '2026-06-24 08:34:15', 122.11, 3, 5),
(250, '2026-06-24 08:32:15', 102.11, 4, 5),
(251, '2026-06-24 08:30:15', 112.11, 4, 5),
(252, '2026-06-24 08:28:15', 122.11, 4, 5),
(253, '2026-06-24 08:26:15', 102.11, 5, 5),
(254, '2026-06-24 08:24:15', 112.11, 5, 5),
(255, '2026-06-24 08:22:15', 122.11, 5, 5),
(256, '2026-06-24 08:20:15', 102.11, 6, 5),
(257, '2026-06-24 08:18:15', 112.11, 6, 5),
(258, '2026-06-24 08:16:15', 122.11, 6, 5),
(259, '2026-06-24 08:14:15', 102.11, 7, 5),
(260, '2026-06-24 08:12:15', 112.11, 7, 5),
(261, '2026-06-24 08:10:15', 122.11, 7, 5),
(262, '2026-06-24 08:08:15', 102.11, 8, 5),
(263, '2026-06-24 08:06:15', 112.11, 8, 5),
(264, '2026-06-24 08:04:15', 122.11, 8, 5),
(265, '2026-06-24 08:02:15', 102.11, 9, 5),
(266, '2026-06-24 08:00:15', 112.11, 9, 5),
(267, '2026-06-24 07:58:15', 122.11, 9, 5),
(268, '2026-06-24 07:56:15', 102.11, 10, 5),
(269, '2026-06-24 07:54:15', 112.11, 10, 5),
(270, '2026-06-24 07:52:15', 122.11, 10, 5),
(271, '2026-06-24 07:50:15', 102.11, 11, 5),
(272, '2026-06-24 07:48:15', 112.11, 11, 5),
(273, '2026-06-24 07:46:15', 122.11, 11, 5),
(274, '2026-06-24 07:44:15', 102.11, 12, 5),
(275, '2026-06-24 07:42:15', 112.11, 12, 5),
(276, '2026-06-24 07:40:15', 122.11, 12, 5),
(277, '2026-06-24 07:38:15', 102.11, 13, 5),
(278, '2026-06-24 07:36:15', 112.11, 13, 5),
(279, '2026-06-24 07:34:15', 122.11, 13, 5),
(280, '2026-06-24 07:32:15', 102.11, 14, 5),
(281, '2026-06-24 07:30:15', 112.11, 14, 5),
(282, '2026-06-24 07:28:15', 122.11, 14, 5),
(283, '2026-06-24 07:26:15', 102.11, 15, 5),
(284, '2026-06-24 07:24:15', 112.11, 15, 5),
(285, '2026-06-24 07:22:15', 122.11, 15, 5),
(286, '2026-06-24 07:20:15', 102.11, 16, 5),
(287, '2026-06-24 07:18:15', 112.11, 16, 5),
(288, '2026-06-24 07:16:15', 122.11, 16, 5),
(289, '2026-06-24 07:14:15', 102.11, 17, 5),
(290, '2026-06-24 07:12:15', 112.11, 17, 5),
(291, '2026-06-24 07:10:15', 122.11, 17, 5),
(292, '2026-06-24 07:08:15', 102.11, 18, 5),
(293, '2026-06-24 07:06:15', 112.11, 18, 5),
(294, '2026-06-24 07:04:15', 122.11, 18, 5),
(295, '2026-06-24 07:02:15', 102.11, 19, 5),
(296, '2026-06-24 07:00:15', 112.11, 19, 5),
(297, '2026-06-24 06:58:15', 122.11, 19, 5),
(298, '2026-06-24 06:56:15', 102.11, 20, 5),
(299, '2026-06-24 06:54:15', 112.11, 20, 5),
(300, '2026-06-24 06:52:15', 122.11, 20, 5),
(301, '2026-06-24 06:50:15', 125.65, 1, 6),
(302, '2026-06-24 06:48:15', 135.65, 1, 6),
(303, '2026-06-24 06:46:15', 145.65, 1, 6),
(304, '2026-06-24 06:44:15', 125.65, 2, 6),
(305, '2026-06-24 06:42:15', 135.65, 2, 6),
(306, '2026-06-24 06:40:15', 145.65, 2, 6),
(307, '2026-06-24 06:38:15', 125.65, 3, 6),
(308, '2026-06-24 06:36:15', 135.65, 3, 6),
(309, '2026-06-24 06:34:15', 145.65, 3, 6),
(310, '2026-06-24 06:32:15', 125.65, 4, 6),
(311, '2026-06-24 06:30:15', 135.65, 4, 6),
(312, '2026-06-24 06:28:15', 145.65, 4, 6),
(313, '2026-06-24 06:26:15', 125.65, 5, 6),
(314, '2026-06-24 06:24:15', 135.65, 5, 6),
(315, '2026-06-24 06:22:15', 145.65, 5, 6),
(316, '2026-06-24 06:20:15', 125.65, 6, 6),
(317, '2026-06-24 06:18:15', 135.65, 6, 6),
(318, '2026-06-24 06:16:15', 145.65, 6, 6),
(319, '2026-06-24 06:14:15', 125.65, 7, 6),
(320, '2026-06-24 06:12:15', 135.65, 7, 6),
(321, '2026-06-24 06:10:15', 145.65, 7, 6),
(322, '2026-06-24 06:08:15', 125.65, 8, 6),
(323, '2026-06-24 06:06:15', 135.65, 8, 6),
(324, '2026-06-24 06:04:15', 145.65, 8, 6),
(325, '2026-06-24 06:02:15', 125.65, 9, 6),
(326, '2026-06-24 06:00:15', 135.65, 9, 6),
(327, '2026-06-24 05:58:15', 145.65, 9, 6),
(328, '2026-06-24 05:56:15', 125.65, 10, 6),
(329, '2026-06-24 05:54:15', 135.65, 10, 6),
(330, '2026-06-24 05:52:15', 145.65, 10, 6),
(331, '2026-06-24 05:50:15', 125.65, 11, 6),
(332, '2026-06-24 05:48:15', 135.65, 11, 6),
(333, '2026-06-24 05:46:15', 145.65, 11, 6),
(334, '2026-06-24 05:44:15', 125.65, 12, 6),
(335, '2026-06-24 05:42:15', 135.65, 12, 6),
(336, '2026-06-24 05:40:15', 145.65, 12, 6),
(337, '2026-06-24 05:38:15', 125.65, 13, 6),
(338, '2026-06-24 05:36:15', 135.65, 13, 6),
(339, '2026-06-24 05:34:15', 145.65, 13, 6),
(340, '2026-06-24 05:32:15', 125.65, 14, 6),
(341, '2026-06-24 05:30:15', 135.65, 14, 6),
(342, '2026-06-24 05:28:15', 145.65, 14, 6),
(343, '2026-06-24 05:26:15', 125.65, 15, 6),
(344, '2026-06-24 05:24:15', 135.65, 15, 6),
(345, '2026-06-24 05:22:15', 145.65, 15, 6),
(346, '2026-06-24 05:20:15', 125.65, 16, 6),
(347, '2026-06-24 05:18:15', 135.65, 16, 6),
(348, '2026-06-24 05:16:15', 145.65, 16, 6),
(349, '2026-06-24 05:14:15', 125.65, 17, 6),
(350, '2026-06-24 05:12:15', 135.65, 17, 6),
(351, '2026-06-24 05:10:15', 145.65, 17, 6),
(352, '2026-06-24 05:08:15', 125.65, 18, 6),
(353, '2026-06-24 05:06:15', 135.65, 18, 6),
(354, '2026-06-24 05:04:15', 145.65, 18, 6),
(355, '2026-06-24 05:02:15', 125.65, 19, 6),
(356, '2026-06-24 05:00:15', 135.65, 19, 6),
(357, '2026-06-24 04:58:15', 145.65, 19, 6),
(358, '2026-06-24 04:56:15', 125.65, 20, 6),
(359, '2026-06-24 04:54:15', 135.65, 20, 6),
(360, '2026-06-24 04:52:15', 145.65, 20, 6),
(361, '2026-06-24 04:50:15', 241.1, 1, 7),
(362, '2026-06-24 04:48:15', 251.1, 1, 7),
(363, '2026-06-24 04:46:15', 261.1, 1, 7),
(364, '2026-06-24 04:44:15', 241.1, 2, 7),
(365, '2026-06-24 04:42:15', 251.1, 2, 7),
(366, '2026-06-24 04:40:15', 261.1, 2, 7),
(367, '2026-06-24 04:38:15', 241.1, 3, 7),
(368, '2026-06-24 04:36:15', 251.1, 3, 7),
(369, '2026-06-24 04:34:15', 261.1, 3, 7),
(370, '2026-06-24 04:32:15', 241.1, 4, 7),
(371, '2026-06-24 04:30:15', 251.1, 4, 7),
(372, '2026-06-24 04:28:15', 261.1, 4, 7),
(373, '2026-06-24 04:26:15', 241.1, 5, 7),
(374, '2026-06-24 04:24:15', 251.1, 5, 7),
(375, '2026-06-24 04:22:15', 261.1, 5, 7),
(376, '2026-06-24 04:20:15', 241.1, 6, 7),
(377, '2026-06-24 04:18:15', 251.1, 6, 7),
(378, '2026-06-24 04:16:15', 261.1, 6, 7),
(379, '2026-06-24 04:14:15', 241.1, 7, 7),
(380, '2026-06-24 04:12:15', 251.1, 7, 7),
(381, '2026-06-24 04:10:15', 261.1, 7, 7),
(382, '2026-06-24 04:08:15', 241.1, 8, 7),
(383, '2026-06-24 04:06:15', 251.1, 8, 7),
(384, '2026-06-24 04:04:15', 261.1, 8, 7),
(385, '2026-06-24 04:02:15', 241.1, 9, 7),
(386, '2026-06-24 04:00:15', 251.1, 9, 7),
(387, '2026-06-24 03:58:15', 261.1, 9, 7),
(388, '2026-06-24 03:56:15', 241.1, 10, 7),
(389, '2026-06-24 03:54:15', 251.1, 10, 7),
(390, '2026-06-24 03:52:15', 261.1, 10, 7),
(391, '2026-06-24 03:50:15', 241.1, 11, 7),
(392, '2026-06-24 03:48:15', 251.1, 11, 7),
(393, '2026-06-24 03:46:15', 261.1, 11, 7),
(394, '2026-06-24 03:44:15', 241.1, 12, 7),
(395, '2026-06-24 03:42:15', 251.1, 12, 7),
(396, '2026-06-24 03:40:15', 261.1, 12, 7),
(397, '2026-06-24 03:38:15', 241.1, 13, 7),
(398, '2026-06-24 03:36:15', 251.1, 13, 7),
(399, '2026-06-24 03:34:15', 261.1, 13, 7),
(400, '2026-06-24 03:32:15', 241.1, 14, 7),
(401, '2026-06-24 03:30:15', 251.1, 14, 7),
(402, '2026-06-24 03:28:15', 261.1, 14, 7),
(403, '2026-06-24 03:26:15', 241.1, 15, 7),
(404, '2026-06-24 03:24:15', 251.1, 15, 7),
(405, '2026-06-24 03:22:15', 261.1, 15, 7),
(406, '2026-06-24 03:20:15', 241.1, 16, 7),
(407, '2026-06-24 03:18:15', 251.1, 16, 7),
(408, '2026-06-24 03:16:15', 261.1, 16, 7),
(409, '2026-06-24 03:14:15', 241.1, 17, 7),
(410, '2026-06-24 03:12:15', 251.1, 17, 7),
(411, '2026-06-24 03:10:15', 261.1, 17, 7),
(412, '2026-06-24 03:08:15', 241.1, 18, 7),
(413, '2026-06-24 03:06:15', 251.1, 18, 7),
(414, '2026-06-24 03:04:15', 261.1, 18, 7),
(415, '2026-06-24 03:02:15', 241.1, 19, 7),
(416, '2026-06-24 03:00:15', 251.1, 19, 7),
(417, '2026-06-24 02:58:15', 261.1, 19, 7),
(418, '2026-06-24 02:56:15', 241.1, 20, 7),
(419, '2026-06-24 02:54:15', 251.1, 20, 7),
(420, '2026-06-24 02:52:15', 261.1, 20, 7),
(421, '2026-06-24 02:50:15', 188.23, 1, 8),
(422, '2026-06-24 02:48:15', 198.23, 1, 8),
(423, '2026-06-24 02:46:15', 208.23, 1, 8),
(424, '2026-06-24 02:44:15', 188.23, 2, 8),
(425, '2026-06-24 02:42:15', 198.23, 2, 8),
(426, '2026-06-24 02:40:15', 208.23, 2, 8),
(427, '2026-06-24 02:38:15', 188.23, 3, 8),
(428, '2026-06-24 02:36:15', 198.23, 3, 8),
(429, '2026-06-24 02:34:15', 208.23, 3, 8),
(430, '2026-06-24 02:32:15', 188.23, 4, 8),
(431, '2026-06-24 02:30:15', 198.23, 4, 8),
(432, '2026-06-24 02:28:15', 208.23, 4, 8),
(433, '2026-06-24 02:26:15', 188.23, 5, 8),
(434, '2026-06-24 02:24:15', 198.23, 5, 8),
(435, '2026-06-24 02:22:15', 208.23, 5, 8),
(436, '2026-06-24 02:20:15', 188.23, 6, 8),
(437, '2026-06-24 02:18:15', 198.23, 6, 8),
(438, '2026-06-24 02:16:15', 208.23, 6, 8),
(439, '2026-06-24 02:14:15', 188.23, 7, 8),
(440, '2026-06-24 02:12:15', 198.23, 7, 8),
(441, '2026-06-24 02:10:15', 208.23, 7, 8),
(442, '2026-06-24 02:08:15', 188.23, 8, 8),
(443, '2026-06-24 02:06:15', 198.23, 8, 8),
(444, '2026-06-24 02:04:15', 208.23, 8, 8),
(445, '2026-06-24 02:02:15', 188.23, 9, 8),
(446, '2026-06-24 02:00:15', 198.23, 9, 8),
(447, '2026-06-24 01:58:15', 208.23, 9, 8),
(448, '2026-06-24 01:56:15', 188.23, 10, 8),
(449, '2026-06-24 01:54:15', 198.23, 10, 8),
(450, '2026-06-24 01:52:15', 208.23, 10, 8),
(451, '2026-06-24 01:50:15', 188.23, 11, 8),
(452, '2026-06-24 01:48:15', 198.23, 11, 8),
(453, '2026-06-24 01:46:15', 208.23, 11, 8),
(454, '2026-06-24 01:44:15', 188.23, 12, 8),
(455, '2026-06-24 01:42:15', 198.23, 12, 8),
(456, '2026-06-24 01:40:15', 208.23, 12, 8),
(457, '2026-06-24 01:38:15', 188.23, 13, 8),
(458, '2026-06-24 01:36:15', 198.23, 13, 8),
(459, '2026-06-24 01:34:15', 208.23, 13, 8),
(460, '2026-06-24 01:32:15', 188.23, 14, 8),
(461, '2026-06-24 01:30:15', 198.23, 14, 8),
(462, '2026-06-24 01:28:15', 208.23, 14, 8),
(463, '2026-06-24 01:26:15', 188.23, 15, 8),
(464, '2026-06-24 01:24:15', 198.23, 15, 8),
(465, '2026-06-24 01:22:15', 208.23, 15, 8),
(466, '2026-06-24 01:20:15', 188.23, 16, 8),
(467, '2026-06-24 01:18:15', 198.23, 16, 8),
(468, '2026-06-24 01:16:15', 208.23, 16, 8),
(469, '2026-06-24 01:14:15', 188.23, 17, 8),
(470, '2026-06-24 01:12:15', 198.23, 17, 8),
(471, '2026-06-24 01:10:15', 208.23, 17, 8),
(472, '2026-06-24 01:08:15', 188.23, 18, 8),
(473, '2026-06-24 01:06:15', 198.23, 18, 8),
(474, '2026-06-24 01:04:15', 208.23, 18, 8),
(475, '2026-06-24 01:02:15', 188.23, 19, 8),
(476, '2026-06-24 01:00:15', 198.23, 19, 8),
(477, '2026-06-24 00:58:15', 208.23, 19, 8),
(478, '2026-06-24 00:56:15', 188.23, 20, 8),
(479, '2026-06-24 00:54:15', 198.23, 20, 8),
(480, '2026-06-24 00:52:15', 208.23, 20, 8),
(481, '2026-06-24 00:50:15', 103.41, 1, 9),
(482, '2026-06-24 00:48:15', 113.41, 1, 9),
(483, '2026-06-24 00:46:15', 123.41, 1, 9),
(484, '2026-06-24 00:44:15', 103.41, 2, 9),
(485, '2026-06-24 00:42:15', 113.41, 2, 9),
(486, '2026-06-24 00:40:15', 123.41, 2, 9),
(487, '2026-06-24 00:38:15', 103.41, 3, 9),
(488, '2026-06-24 00:36:15', 113.41, 3, 9),
(489, '2026-06-24 00:34:15', 123.41, 3, 9),
(490, '2026-06-24 00:32:15', 103.41, 4, 9),
(491, '2026-06-24 00:30:15', 113.41, 4, 9),
(492, '2026-06-24 00:28:15', 123.41, 4, 9),
(493, '2026-06-24 00:26:15', 103.41, 5, 9),
(494, '2026-06-24 00:24:15', 113.41, 5, 9),
(495, '2026-06-24 00:22:15', 123.41, 5, 9),
(496, '2026-06-24 00:20:15', 103.41, 6, 9),
(497, '2026-06-24 00:18:15', 113.41, 6, 9),
(498, '2026-06-24 00:16:15', 123.41, 6, 9),
(499, '2026-06-24 00:14:15', 103.41, 7, 9),
(500, '2026-06-24 00:12:15', 113.41, 7, 9),
(501, '2026-06-24 00:10:15', 123.41, 7, 9),
(502, '2026-06-24 00:08:15', 103.41, 8, 9),
(503, '2026-06-24 00:06:15', 113.41, 8, 9),
(504, '2026-06-24 00:04:15', 123.41, 8, 9),
(505, '2026-06-24 00:02:15', 103.41, 9, 9),
(506, '2026-06-24 00:00:15', 113.41, 9, 9),
(507, '2026-06-23 23:58:15', 123.41, 9, 9),
(508, '2026-06-23 23:56:15', 103.41, 10, 9),
(509, '2026-06-23 23:54:15', 113.41, 10, 9),
(510, '2026-06-23 23:52:15', 123.41, 10, 9),
(511, '2026-06-23 23:50:15', 103.41, 11, 9),
(512, '2026-06-23 23:48:15', 113.41, 11, 9),
(513, '2026-06-23 23:46:15', 123.41, 11, 9),
(514, '2026-06-23 23:44:15', 103.41, 12, 9),
(515, '2026-06-23 23:42:15', 113.41, 12, 9),
(516, '2026-06-23 23:40:15', 123.41, 12, 9),
(517, '2026-06-23 23:38:15', 103.41, 13, 9),
(518, '2026-06-23 23:36:15', 113.41, 13, 9),
(519, '2026-06-23 23:34:15', 123.41, 13, 9),
(520, '2026-06-23 23:32:15', 103.41, 14, 9),
(521, '2026-06-23 23:30:15', 113.41, 14, 9),
(522, '2026-06-23 23:28:15', 123.41, 14, 9),
(523, '2026-06-23 23:26:15', 103.41, 15, 9),
(524, '2026-06-23 23:24:15', 113.41, 15, 9),
(525, '2026-06-23 23:22:15', 123.41, 15, 9),
(526, '2026-06-23 23:20:15', 103.41, 16, 9),
(527, '2026-06-23 23:18:15', 113.41, 16, 9),
(528, '2026-06-23 23:16:15', 123.41, 16, 9),
(529, '2026-06-23 23:14:15', 103.41, 17, 9),
(530, '2026-06-23 23:12:15', 113.41, 17, 9),
(531, '2026-06-23 23:10:15', 123.41, 17, 9),
(532, '2026-06-23 23:08:15', 103.41, 18, 9),
(533, '2026-06-23 23:06:15', 113.41, 18, 9),
(534, '2026-06-23 23:04:15', 123.41, 18, 9),
(535, '2026-06-23 23:02:15', 103.41, 19, 9),
(536, '2026-06-23 23:00:15', 113.41, 19, 9),
(537, '2026-06-23 22:58:15', 123.41, 19, 9),
(538, '2026-06-23 22:56:15', 103.41, 20, 9),
(539, '2026-06-23 22:54:15', 113.41, 20, 9),
(540, '2026-06-23 22:52:15', 123.41, 20, 9),
(541, '2026-06-23 22:50:15', 250.31, 1, 10),
(542, '2026-06-23 22:48:15', 260.31, 1, 10),
(543, '2026-06-23 22:46:15', 270.31, 1, 10),
(544, '2026-06-23 22:44:15', 250.31, 2, 10),
(545, '2026-06-23 22:42:15', 260.31, 2, 10),
(546, '2026-06-23 22:40:15', 270.31, 2, 10),
(547, '2026-06-23 22:38:15', 250.31, 3, 10),
(548, '2026-06-23 22:36:15', 260.31, 3, 10),
(549, '2026-06-23 22:34:15', 270.31, 3, 10),
(550, '2026-06-23 22:32:15', 250.31, 4, 10),
(551, '2026-06-23 22:30:15', 260.31, 4, 10),
(552, '2026-06-23 22:28:15', 270.31, 4, 10),
(553, '2026-06-23 22:26:15', 250.31, 5, 10),
(554, '2026-06-23 22:24:15', 260.31, 5, 10),
(555, '2026-06-23 22:22:15', 270.31, 5, 10),
(556, '2026-06-23 22:20:15', 250.31, 6, 10),
(557, '2026-06-23 22:18:15', 260.31, 6, 10),
(558, '2026-06-23 22:16:15', 270.31, 6, 10),
(559, '2026-06-23 22:14:15', 250.31, 7, 10),
(560, '2026-06-23 22:12:15', 260.31, 7, 10),
(561, '2026-06-23 22:10:15', 270.31, 7, 10),
(562, '2026-06-23 22:08:15', 250.31, 8, 10),
(563, '2026-06-23 22:06:15', 260.31, 8, 10),
(564, '2026-06-23 22:04:15', 270.31, 8, 10),
(565, '2026-06-23 22:02:15', 250.31, 9, 10),
(566, '2026-06-23 22:00:15', 260.31, 9, 10),
(567, '2026-06-23 21:58:15', 270.31, 9, 10),
(568, '2026-06-23 21:56:15', 250.31, 10, 10),
(569, '2026-06-23 21:54:15', 260.31, 10, 10),
(570, '2026-06-23 21:52:15', 270.31, 10, 10),
(571, '2026-06-23 21:50:15', 250.31, 11, 10),
(572, '2026-06-23 21:48:15', 260.31, 11, 10),
(573, '2026-06-23 21:46:15', 270.31, 11, 10),
(574, '2026-06-23 21:44:15', 250.31, 12, 10),
(575, '2026-06-23 21:42:15', 260.31, 12, 10),
(576, '2026-06-23 21:40:15', 270.31, 12, 10),
(577, '2026-06-23 21:38:15', 250.31, 13, 10),
(578, '2026-06-23 21:36:15', 260.31, 13, 10),
(579, '2026-06-23 21:34:15', 270.31, 13, 10),
(580, '2026-06-23 21:32:15', 250.31, 14, 10),
(581, '2026-06-23 21:30:15', 260.31, 14, 10),
(582, '2026-06-23 21:28:15', 270.31, 14, 10),
(583, '2026-06-23 21:26:15', 250.31, 15, 10),
(584, '2026-06-23 21:24:15', 260.31, 15, 10),
(585, '2026-06-23 21:22:15', 270.31, 15, 10),
(586, '2026-06-23 21:20:15', 250.31, 16, 10),
(587, '2026-06-23 21:18:15', 260.31, 16, 10),
(588, '2026-06-23 21:16:15', 270.31, 16, 10),
(589, '2026-06-23 21:14:15', 250.31, 17, 10),
(590, '2026-06-23 21:12:15', 260.31, 17, 10),
(591, '2026-06-23 21:10:15', 270.31, 17, 10),
(592, '2026-06-23 21:08:15', 250.31, 18, 10),
(593, '2026-06-23 21:06:15', 260.31, 18, 10),
(594, '2026-06-23 21:04:15', 270.31, 18, 10),
(595, '2026-06-23 21:02:15', 250.31, 19, 10),
(596, '2026-06-23 21:00:15', 260.31, 19, 10),
(597, '2026-06-23 20:58:15', 270.31, 19, 10),
(598, '2026-06-23 20:56:15', 250.31, 20, 10),
(599, '2026-06-23 20:54:15', 260.31, 20, 10),
(600, '2026-06-23 20:52:15', 270.31, 20, 10),
(601, '2026-06-23 20:50:15', 118.65, 1, 11),
(602, '2026-06-23 20:48:15', 128.65, 1, 11),
(603, '2026-06-23 20:46:15', 138.65, 1, 11),
(604, '2026-06-23 20:44:15', 118.65, 2, 11),
(605, '2026-06-23 20:42:15', 128.65, 2, 11),
(606, '2026-06-23 20:40:15', 138.65, 2, 11),
(607, '2026-06-23 20:38:15', 118.65, 3, 11),
(608, '2026-06-23 20:36:15', 128.65, 3, 11),
(609, '2026-06-23 20:34:15', 138.65, 3, 11),
(610, '2026-06-23 20:32:15', 118.65, 4, 11),
(611, '2026-06-23 20:30:15', 128.65, 4, 11),
(612, '2026-06-23 20:28:15', 138.65, 4, 11),
(613, '2026-06-23 20:26:15', 118.65, 5, 11),
(614, '2026-06-23 20:24:15', 128.65, 5, 11),
(615, '2026-06-23 20:22:15', 138.65, 5, 11),
(616, '2026-06-23 20:20:15', 118.65, 6, 11),
(617, '2026-06-23 20:18:15', 128.65, 6, 11),
(618, '2026-06-23 20:16:15', 138.65, 6, 11),
(619, '2026-06-23 20:14:15', 118.65, 7, 11),
(620, '2026-06-23 20:12:15', 128.65, 7, 11),
(621, '2026-06-23 20:10:15', 138.65, 7, 11),
(622, '2026-06-23 20:08:15', 118.65, 8, 11),
(623, '2026-06-23 20:06:15', 128.65, 8, 11),
(624, '2026-06-23 20:04:15', 138.65, 8, 11),
(625, '2026-06-23 20:02:15', 118.65, 9, 11),
(626, '2026-06-23 20:00:15', 128.65, 9, 11),
(627, '2026-06-23 19:58:15', 138.65, 9, 11),
(628, '2026-06-23 19:56:15', 118.65, 10, 11),
(629, '2026-06-23 19:54:15', 128.65, 10, 11),
(630, '2026-06-23 19:52:15', 138.65, 10, 11),
(631, '2026-06-23 19:50:15', 118.65, 11, 11),
(632, '2026-06-23 19:48:15', 128.65, 11, 11),
(633, '2026-06-23 19:46:15', 138.65, 11, 11),
(634, '2026-06-23 19:44:15', 118.65, 12, 11),
(635, '2026-06-23 19:42:15', 128.65, 12, 11),
(636, '2026-06-23 19:40:15', 138.65, 12, 11),
(637, '2026-06-23 19:38:15', 118.65, 13, 11),
(638, '2026-06-23 19:36:15', 128.65, 13, 11),
(639, '2026-06-23 19:34:15', 138.65, 13, 11),
(640, '2026-06-23 19:32:15', 118.65, 14, 11),
(641, '2026-06-23 19:30:15', 128.65, 14, 11),
(642, '2026-06-23 19:28:15', 138.65, 14, 11),
(643, '2026-06-23 19:26:15', 118.65, 15, 11),
(644, '2026-06-23 19:24:15', 128.65, 15, 11),
(645, '2026-06-23 19:22:15', 138.65, 15, 11),
(646, '2026-06-23 19:20:15', 118.65, 16, 11),
(647, '2026-06-23 19:18:15', 128.65, 16, 11),
(648, '2026-06-23 19:16:15', 138.65, 16, 11),
(649, '2026-06-23 19:14:15', 118.65, 17, 11),
(650, '2026-06-23 19:12:15', 128.65, 17, 11),
(651, '2026-06-23 19:10:15', 138.65, 17, 11),
(652, '2026-06-23 19:08:15', 118.65, 18, 11),
(653, '2026-06-23 19:06:15', 128.65, 18, 11),
(654, '2026-06-23 19:04:15', 138.65, 18, 11),
(655, '2026-06-23 19:02:15', 118.65, 19, 11),
(656, '2026-06-23 19:00:15', 128.65, 19, 11),
(657, '2026-06-23 18:58:15', 138.65, 19, 11),
(658, '2026-06-23 18:56:15', 118.65, 20, 11),
(659, '2026-06-23 18:54:15', 128.65, 20, 11),
(660, '2026-06-23 18:52:15', 138.65, 20, 11),
(661, '2026-06-23 18:50:15', 124.33, 1, 12),
(662, '2026-06-23 18:48:15', 134.33, 1, 12),
(663, '2026-06-23 18:46:15', 144.33, 1, 12),
(664, '2026-06-23 18:44:15', 124.33, 2, 12),
(665, '2026-06-23 18:42:15', 134.33, 2, 12),
(666, '2026-06-23 18:40:15', 144.33, 2, 12),
(667, '2026-06-23 18:38:15', 124.33, 3, 12),
(668, '2026-06-23 18:36:15', 134.33, 3, 12),
(669, '2026-06-23 18:34:15', 144.33, 3, 12),
(670, '2026-06-23 18:32:15', 124.33, 4, 12),
(671, '2026-06-23 18:30:15', 134.33, 4, 12),
(672, '2026-06-23 18:28:15', 144.33, 4, 12),
(673, '2026-06-23 18:26:15', 124.33, 5, 12),
(674, '2026-06-23 18:24:15', 134.33, 5, 12),
(675, '2026-06-23 18:22:15', 144.33, 5, 12),
(676, '2026-06-23 18:20:15', 124.33, 6, 12),
(677, '2026-06-23 18:18:15', 134.33, 6, 12),
(678, '2026-06-23 18:16:15', 144.33, 6, 12),
(679, '2026-06-23 18:14:15', 124.33, 7, 12),
(680, '2026-06-23 18:12:15', 134.33, 7, 12),
(681, '2026-06-23 18:10:15', 144.33, 7, 12),
(682, '2026-06-23 18:08:15', 124.33, 8, 12),
(683, '2026-06-23 18:06:15', 134.33, 8, 12),
(684, '2026-06-23 18:04:15', 144.33, 8, 12),
(685, '2026-06-23 18:02:15', 124.33, 9, 12),
(686, '2026-06-23 18:00:15', 134.33, 9, 12),
(687, '2026-06-23 17:58:15', 144.33, 9, 12),
(688, '2026-06-23 17:56:15', 124.33, 10, 12),
(689, '2026-06-23 17:54:15', 134.33, 10, 12),
(690, '2026-06-23 17:52:15', 144.33, 10, 12),
(691, '2026-06-23 17:50:15', 124.33, 11, 12),
(692, '2026-06-23 17:48:15', 134.33, 11, 12),
(693, '2026-06-23 17:46:15', 144.33, 11, 12),
(694, '2026-06-23 17:44:15', 124.33, 12, 12),
(695, '2026-06-23 17:42:15', 134.33, 12, 12),
(696, '2026-06-23 17:40:15', 144.33, 12, 12),
(697, '2026-06-23 17:38:15', 124.33, 13, 12),
(698, '2026-06-23 17:36:15', 134.33, 13, 12),
(699, '2026-06-23 17:34:15', 144.33, 13, 12),
(700, '2026-06-23 17:32:15', 124.33, 14, 12),
(701, '2026-06-23 17:30:15', 134.33, 14, 12),
(702, '2026-06-23 17:28:15', 144.33, 14, 12),
(703, '2026-06-23 17:26:15', 124.33, 15, 12),
(704, '2026-06-23 17:24:15', 134.33, 15, 12),
(705, '2026-06-23 17:22:15', 144.33, 15, 12),
(706, '2026-06-23 17:20:15', 124.33, 16, 12),
(707, '2026-06-23 17:18:15', 134.33, 16, 12),
(708, '2026-06-23 17:16:15', 144.33, 16, 12),
(709, '2026-06-23 17:14:15', 124.33, 17, 12),
(710, '2026-06-23 17:12:15', 134.33, 17, 12),
(711, '2026-06-23 17:10:15', 144.33, 17, 12),
(712, '2026-06-23 17:08:15', 124.33, 18, 12),
(713, '2026-06-23 17:06:15', 134.33, 18, 12),
(714, '2026-06-23 17:04:15', 144.33, 18, 12),
(715, '2026-06-23 17:02:15', 124.33, 19, 12),
(716, '2026-06-23 17:00:15', 134.33, 19, 12),
(717, '2026-06-23 16:58:15', 144.33, 19, 12),
(718, '2026-06-23 16:56:15', 124.33, 20, 12),
(719, '2026-06-23 16:54:15', 134.33, 20, 12),
(720, '2026-06-23 16:52:15', 144.33, 20, 12),
(721, '2026-06-23 16:50:15', 186.4, 1, 13),
(722, '2026-06-23 16:48:15', 196.4, 1, 13),
(723, '2026-06-23 16:46:15', 206.4, 1, 13),
(724, '2026-06-23 16:44:15', 186.4, 2, 13),
(725, '2026-06-23 16:42:15', 196.4, 2, 13),
(726, '2026-06-23 16:40:15', 206.4, 2, 13),
(727, '2026-06-23 16:38:15', 186.4, 3, 13),
(728, '2026-06-23 16:36:15', 196.4, 3, 13),
(729, '2026-06-23 16:34:15', 206.4, 3, 13),
(730, '2026-06-23 16:32:15', 186.4, 4, 13),
(731, '2026-06-23 16:30:15', 196.4, 4, 13),
(732, '2026-06-23 16:28:15', 206.4, 4, 13),
(733, '2026-06-23 16:26:15', 186.4, 5, 13),
(734, '2026-06-23 16:24:15', 196.4, 5, 13),
(735, '2026-06-23 16:22:15', 206.4, 5, 13),
(736, '2026-06-23 16:20:15', 186.4, 6, 13),
(737, '2026-06-23 16:18:15', 196.4, 6, 13),
(738, '2026-06-23 16:16:15', 206.4, 6, 13),
(739, '2026-06-23 16:14:15', 186.4, 7, 13),
(740, '2026-06-23 16:12:15', 196.4, 7, 13),
(741, '2026-06-23 16:10:15', 206.4, 7, 13),
(742, '2026-06-23 16:08:15', 186.4, 8, 13),
(743, '2026-06-23 16:06:15', 196.4, 8, 13),
(744, '2026-06-23 16:04:15', 206.4, 8, 13),
(745, '2026-06-23 16:02:15', 186.4, 9, 13),
(746, '2026-06-23 16:00:15', 196.4, 9, 13),
(747, '2026-06-23 15:58:15', 206.4, 9, 13),
(748, '2026-06-23 15:56:15', 186.4, 10, 13),
(749, '2026-06-23 15:54:15', 196.4, 10, 13),
(750, '2026-06-23 15:52:15', 206.4, 10, 13),
(751, '2026-06-23 15:50:15', 186.4, 11, 13),
(752, '2026-06-23 15:48:15', 196.4, 11, 13),
(753, '2026-06-23 15:46:15', 206.4, 11, 13),
(754, '2026-06-23 15:44:15', 186.4, 12, 13),
(755, '2026-06-23 15:42:15', 196.4, 12, 13),
(756, '2026-06-23 15:40:15', 206.4, 12, 13),
(757, '2026-06-23 15:38:15', 186.4, 13, 13),
(758, '2026-06-23 15:36:15', 196.4, 13, 13),
(759, '2026-06-23 15:34:15', 206.4, 13, 13),
(760, '2026-06-23 15:32:15', 186.4, 14, 13),
(761, '2026-06-23 15:30:15', 196.4, 14, 13),
(762, '2026-06-23 15:28:15', 206.4, 14, 13),
(763, '2026-06-23 15:26:15', 186.4, 15, 13),
(764, '2026-06-23 15:24:15', 196.4, 15, 13),
(765, '2026-06-23 15:22:15', 206.4, 15, 13),
(766, '2026-06-23 15:20:15', 186.4, 16, 13),
(767, '2026-06-23 15:18:15', 196.4, 16, 13),
(768, '2026-06-23 15:16:15', 206.4, 16, 13),
(769, '2026-06-23 15:14:15', 186.4, 17, 13),
(770, '2026-06-23 15:12:15', 196.4, 17, 13),
(771, '2026-06-23 15:10:15', 206.4, 17, 13),
(772, '2026-06-23 15:08:15', 186.4, 18, 13),
(773, '2026-06-23 15:06:15', 196.4, 18, 13),
(774, '2026-06-23 15:04:15', 206.4, 18, 13),
(775, '2026-06-23 15:02:15', 186.4, 19, 13),
(776, '2026-06-23 15:00:15', 196.4, 19, 13),
(777, '2026-06-23 14:58:15', 206.4, 19, 13),
(778, '2026-06-23 14:56:15', 186.4, 20, 13),
(779, '2026-06-23 14:54:15', 196.4, 20, 13),
(780, '2026-06-23 14:52:15', 206.4, 20, 13),
(781, '2026-06-23 14:50:15', 140.06, 1, 14),
(782, '2026-06-23 14:48:15', 150.06, 1, 14),
(783, '2026-06-23 14:46:15', 160.06, 1, 14),
(784, '2026-06-23 14:44:15', 140.06, 2, 14),
(785, '2026-06-23 14:42:15', 150.06, 2, 14),
(786, '2026-06-23 14:40:15', 160.06, 2, 14),
(787, '2026-06-23 14:38:15', 140.06, 3, 14),
(788, '2026-06-23 14:36:15', 150.06, 3, 14),
(789, '2026-06-23 14:34:15', 160.06, 3, 14),
(790, '2026-06-23 14:32:15', 140.06, 4, 14),
(791, '2026-06-23 14:30:15', 150.06, 4, 14),
(792, '2026-06-23 14:28:15', 160.06, 4, 14),
(793, '2026-06-23 14:26:15', 140.06, 5, 14),
(794, '2026-06-23 14:24:15', 150.06, 5, 14),
(795, '2026-06-23 14:22:15', 160.06, 5, 14),
(796, '2026-06-23 14:20:15', 140.06, 6, 14),
(797, '2026-06-23 14:18:15', 150.06, 6, 14),
(798, '2026-06-23 14:16:15', 160.06, 6, 14),
(799, '2026-06-23 14:14:15', 140.06, 7, 14),
(800, '2026-06-23 14:12:15', 150.06, 7, 14),
(801, '2026-06-23 14:10:15', 160.06, 7, 14),
(802, '2026-06-23 14:08:15', 140.06, 8, 14),
(803, '2026-06-23 14:06:15', 150.06, 8, 14),
(804, '2026-06-23 14:04:15', 160.06, 8, 14),
(805, '2026-06-23 14:02:15', 140.06, 9, 14),
(806, '2026-06-23 14:00:15', 150.06, 9, 14),
(807, '2026-06-23 13:58:15', 160.06, 9, 14),
(808, '2026-06-23 13:56:15', 140.06, 10, 14),
(809, '2026-06-23 13:54:15', 150.06, 10, 14),
(810, '2026-06-23 13:52:15', 160.06, 10, 14),
(811, '2026-06-23 13:50:15', 140.06, 11, 14),
(812, '2026-06-23 13:48:15', 150.06, 11, 14),
(813, '2026-06-23 13:46:15', 160.06, 11, 14),
(814, '2026-06-23 13:44:15', 140.06, 12, 14),
(815, '2026-06-23 13:42:15', 150.06, 12, 14),
(816, '2026-06-23 13:40:15', 160.06, 12, 14),
(817, '2026-06-23 13:38:15', 140.06, 13, 14),
(818, '2026-06-23 13:36:15', 150.06, 13, 14),
(819, '2026-06-23 13:34:15', 160.06, 13, 14),
(820, '2026-06-23 13:32:15', 140.06, 14, 14),
(821, '2026-06-23 13:30:15', 150.06, 14, 14),
(822, '2026-06-23 13:28:15', 160.06, 14, 14),
(823, '2026-06-23 13:26:15', 140.06, 15, 14),
(824, '2026-06-23 13:24:15', 150.06, 15, 14),
(825, '2026-06-23 13:22:15', 160.06, 15, 14),
(826, '2026-06-23 13:20:15', 140.06, 16, 14),
(827, '2026-06-23 13:18:15', 150.06, 16, 14),
(828, '2026-06-23 13:16:15', 160.06, 16, 14),
(829, '2026-06-23 13:14:15', 140.06, 17, 14),
(830, '2026-06-23 13:12:15', 150.06, 17, 14),
(831, '2026-06-23 13:10:15', 160.06, 17, 14),
(832, '2026-06-23 13:08:15', 140.06, 18, 14),
(833, '2026-06-23 13:06:15', 150.06, 18, 14),
(834, '2026-06-23 13:04:15', 160.06, 18, 14),
(835, '2026-06-23 13:02:15', 140.06, 19, 14),
(836, '2026-06-23 13:00:15', 150.06, 19, 14),
(837, '2026-06-23 12:58:15', 160.06, 19, 14),
(838, '2026-06-23 12:56:15', 140.06, 20, 14),
(839, '2026-06-23 12:54:15', 150.06, 20, 14),
(840, '2026-06-23 12:52:15', 160.06, 20, 14),
(841, '2026-06-23 12:50:15', 155.24, 1, 15),
(842, '2026-06-23 12:48:15', 165.24, 1, 15),
(843, '2026-06-23 12:46:15', 175.24, 1, 15),
(844, '2026-06-23 12:44:15', 155.24, 2, 15),
(845, '2026-06-23 12:42:15', 165.24, 2, 15),
(846, '2026-06-23 12:40:15', 175.24, 2, 15),
(847, '2026-06-23 12:38:15', 155.24, 3, 15),
(848, '2026-06-23 12:36:15', 165.24, 3, 15),
(849, '2026-06-23 12:34:15', 175.24, 3, 15),
(850, '2026-06-23 12:32:15', 155.24, 4, 15),
(851, '2026-06-23 12:30:15', 165.24, 4, 15),
(852, '2026-06-23 12:28:15', 175.24, 4, 15),
(853, '2026-06-23 12:26:15', 155.24, 5, 15),
(854, '2026-06-23 12:24:15', 165.24, 5, 15),
(855, '2026-06-23 12:22:15', 175.24, 5, 15),
(856, '2026-06-23 12:20:15', 155.24, 6, 15),
(857, '2026-06-23 12:18:15', 165.24, 6, 15),
(858, '2026-06-23 12:16:15', 175.24, 6, 15),
(859, '2026-06-23 12:14:15', 155.24, 7, 15),
(860, '2026-06-23 12:12:15', 165.24, 7, 15),
(861, '2026-06-23 12:10:15', 175.24, 7, 15),
(862, '2026-06-23 12:08:15', 155.24, 8, 15),
(863, '2026-06-23 12:06:15', 165.24, 8, 15),
(864, '2026-06-23 12:04:15', 175.24, 8, 15),
(865, '2026-06-23 12:02:15', 155.24, 9, 15),
(866, '2026-06-23 12:00:15', 165.24, 9, 15),
(867, '2026-06-23 11:58:15', 175.24, 9, 15),
(868, '2026-06-23 11:56:15', 155.24, 10, 15),
(869, '2026-06-23 11:54:15', 165.24, 10, 15),
(870, '2026-06-23 11:52:15', 175.24, 10, 15),
(871, '2026-06-23 11:50:15', 155.24, 11, 15),
(872, '2026-06-23 11:48:15', 165.24, 11, 15),
(873, '2026-06-23 11:46:15', 175.24, 11, 15),
(874, '2026-06-23 11:44:15', 155.24, 12, 15),
(875, '2026-06-23 11:42:15', 165.24, 12, 15),
(876, '2026-06-23 11:40:15', 175.24, 12, 15),
(877, '2026-06-23 11:38:15', 155.24, 13, 15),
(878, '2026-06-23 11:36:15', 165.24, 13, 15),
(879, '2026-06-23 11:34:15', 175.24, 13, 15),
(880, '2026-06-23 11:32:15', 155.24, 14, 15),
(881, '2026-06-23 11:30:15', 165.24, 14, 15),
(882, '2026-06-23 11:28:15', 175.24, 14, 15),
(883, '2026-06-23 11:26:15', 155.24, 15, 15),
(884, '2026-06-23 11:24:15', 165.24, 15, 15),
(885, '2026-06-23 11:22:15', 175.24, 15, 15),
(886, '2026-06-23 11:20:15', 155.24, 16, 15),
(887, '2026-06-23 11:18:15', 165.24, 16, 15),
(888, '2026-06-23 11:16:15', 175.24, 16, 15),
(889, '2026-06-23 11:14:15', 155.24, 17, 15),
(890, '2026-06-23 11:12:15', 165.24, 17, 15),
(891, '2026-06-23 11:10:15', 175.24, 17, 15),
(892, '2026-06-23 11:08:15', 155.24, 18, 15),
(893, '2026-06-23 11:06:15', 165.24, 18, 15),
(894, '2026-06-23 11:04:15', 175.24, 18, 15),
(895, '2026-06-23 11:02:15', 155.24, 19, 15),
(896, '2026-06-23 11:00:15', 165.24, 19, 15),
(897, '2026-06-23 10:58:15', 175.24, 19, 15),
(898, '2026-06-23 10:56:15', 155.24, 20, 15),
(899, '2026-06-23 10:54:15', 165.24, 20, 15),
(900, '2026-06-23 10:52:15', 175.24, 20, 15),
(901, '2026-06-23 10:50:15', 125.06, 1, 16),
(902, '2026-06-23 10:48:15', 135.06, 1, 16),
(903, '2026-06-23 10:46:15', 145.06, 1, 16),
(904, '2026-06-23 10:44:15', 125.06, 2, 16),
(905, '2026-06-23 10:42:15', 135.06, 2, 16),
(906, '2026-06-23 10:40:15', 145.06, 2, 16),
(907, '2026-06-23 10:38:15', 125.06, 3, 16),
(908, '2026-06-23 10:36:15', 135.06, 3, 16),
(909, '2026-06-23 10:34:15', 145.06, 3, 16),
(910, '2026-06-23 10:32:15', 125.06, 4, 16),
(911, '2026-06-23 10:30:15', 135.06, 4, 16),
(912, '2026-06-23 10:28:15', 145.06, 4, 16),
(913, '2026-06-23 10:26:15', 125.06, 5, 16),
(914, '2026-06-23 10:24:15', 135.06, 5, 16),
(915, '2026-06-23 10:22:15', 145.06, 5, 16),
(916, '2026-06-23 10:20:15', 125.06, 6, 16),
(917, '2026-06-23 10:18:15', 135.06, 6, 16),
(918, '2026-06-23 10:16:15', 145.06, 6, 16),
(919, '2026-06-23 10:14:15', 125.06, 7, 16),
(920, '2026-06-23 10:12:15', 135.06, 7, 16),
(921, '2026-06-23 10:10:15', 145.06, 7, 16),
(922, '2026-06-23 10:08:15', 125.06, 8, 16),
(923, '2026-06-23 10:06:15', 135.06, 8, 16),
(924, '2026-06-23 10:04:15', 145.06, 8, 16),
(925, '2026-06-23 10:02:15', 125.06, 9, 16),
(926, '2026-06-23 10:00:15', 135.06, 9, 16),
(927, '2026-06-23 09:58:15', 145.06, 9, 16),
(928, '2026-06-23 09:56:15', 125.06, 10, 16),
(929, '2026-06-23 09:54:15', 135.06, 10, 16),
(930, '2026-06-23 09:52:15', 145.06, 10, 16),
(931, '2026-06-23 09:50:15', 125.06, 11, 16),
(932, '2026-06-23 09:48:15', 135.06, 11, 16),
(933, '2026-06-23 09:46:15', 145.06, 11, 16),
(934, '2026-06-23 09:44:15', 125.06, 12, 16),
(935, '2026-06-23 09:42:15', 135.06, 12, 16),
(936, '2026-06-23 09:40:15', 145.06, 12, 16),
(937, '2026-06-23 09:38:15', 125.06, 13, 16),
(938, '2026-06-23 09:36:15', 135.06, 13, 16),
(939, '2026-06-23 09:34:15', 145.06, 13, 16),
(940, '2026-06-23 09:32:15', 125.06, 14, 16),
(941, '2026-06-23 09:30:15', 135.06, 14, 16),
(942, '2026-06-23 09:28:15', 145.06, 14, 16),
(943, '2026-06-23 09:26:15', 125.06, 15, 16),
(944, '2026-06-23 09:24:15', 135.06, 15, 16),
(945, '2026-06-23 09:22:15', 145.06, 15, 16),
(946, '2026-06-23 09:20:15', 125.06, 16, 16),
(947, '2026-06-23 09:18:15', 135.06, 16, 16),
(948, '2026-06-23 09:16:15', 145.06, 16, 16),
(949, '2026-06-23 09:14:15', 125.06, 17, 16),
(950, '2026-06-23 09:12:15', 135.06, 17, 16),
(951, '2026-06-23 09:10:15', 145.06, 17, 16),
(952, '2026-06-23 09:08:15', 125.06, 18, 16),
(953, '2026-06-23 09:06:15', 135.06, 18, 16),
(954, '2026-06-23 09:04:15', 145.06, 18, 16),
(955, '2026-06-23 09:02:15', 125.06, 19, 16),
(956, '2026-06-23 09:00:15', 135.06, 19, 16),
(957, '2026-06-23 08:58:15', 145.06, 19, 16),
(958, '2026-06-23 08:56:15', 125.06, 20, 16),
(959, '2026-06-23 08:54:15', 135.06, 20, 16),
(960, '2026-06-23 08:52:15', 145.06, 20, 16),
(961, '2026-06-23 08:50:15', 189.36, 1, 17),
(962, '2026-06-23 08:48:15', 199.36, 1, 17),
(963, '2026-06-23 08:46:15', 209.36, 1, 17),
(964, '2026-06-23 08:44:15', 189.36, 2, 17),
(965, '2026-06-23 08:42:15', 199.36, 2, 17),
(966, '2026-06-23 08:40:15', 209.36, 2, 17),
(967, '2026-06-23 08:38:15', 189.36, 3, 17),
(968, '2026-06-23 08:36:15', 199.36, 3, 17),
(969, '2026-06-23 08:34:15', 209.36, 3, 17),
(970, '2026-06-23 08:32:15', 189.36, 4, 17),
(971, '2026-06-23 08:30:15', 199.36, 4, 17),
(972, '2026-06-23 08:28:15', 209.36, 4, 17),
(973, '2026-06-23 08:26:15', 189.36, 5, 17),
(974, '2026-06-23 08:24:15', 199.36, 5, 17),
(975, '2026-06-23 08:22:15', 209.36, 5, 17),
(976, '2026-06-23 08:20:15', 189.36, 6, 17),
(977, '2026-06-23 08:18:15', 199.36, 6, 17),
(978, '2026-06-23 08:16:15', 209.36, 6, 17),
(979, '2026-06-23 08:14:15', 189.36, 7, 17),
(980, '2026-06-23 08:12:15', 199.36, 7, 17),
(981, '2026-06-23 08:10:15', 209.36, 7, 17),
(982, '2026-06-23 08:08:15', 189.36, 8, 17),
(983, '2026-06-23 08:06:15', 199.36, 8, 17),
(984, '2026-06-23 08:04:15', 209.36, 8, 17),
(985, '2026-06-23 08:02:15', 189.36, 9, 17),
(986, '2026-06-23 08:00:15', 199.36, 9, 17),
(987, '2026-06-23 07:58:15', 209.36, 9, 17),
(988, '2026-06-23 07:56:15', 189.36, 10, 17),
(989, '2026-06-23 07:54:15', 199.36, 10, 17),
(990, '2026-06-23 07:52:15', 209.36, 10, 17),
(991, '2026-06-23 07:50:15', 189.36, 11, 17),
(992, '2026-06-23 07:48:15', 199.36, 11, 17),
(993, '2026-06-23 07:46:15', 209.36, 11, 17),
(994, '2026-06-23 07:44:15', 189.36, 12, 17),
(995, '2026-06-23 07:42:15', 199.36, 12, 17),
(996, '2026-06-23 07:40:15', 209.36, 12, 17),
(997, '2026-06-23 07:38:15', 189.36, 13, 17),
(998, '2026-06-23 07:36:15', 199.36, 13, 17),
(999, '2026-06-23 07:34:15', 209.36, 13, 17),
(1000, '2026-06-23 07:32:15', 189.36, 14, 17),
(1001, '2026-06-23 07:30:15', 199.36, 14, 17),
(1002, '2026-06-23 07:28:15', 209.36, 14, 17),
(1003, '2026-06-23 07:26:15', 189.36, 15, 17),
(1004, '2026-06-23 07:24:15', 199.36, 15, 17),
(1005, '2026-06-23 07:22:15', 209.36, 15, 17),
(1006, '2026-06-23 07:20:15', 189.36, 16, 17),
(1007, '2026-06-23 07:18:15', 199.36, 16, 17),
(1008, '2026-06-23 07:16:15', 209.36, 16, 17),
(1009, '2026-06-23 07:14:15', 189.36, 17, 17),
(1010, '2026-06-23 07:12:15', 199.36, 17, 17),
(1011, '2026-06-23 07:10:15', 209.36, 17, 17),
(1012, '2026-06-23 07:08:15', 189.36, 18, 17),
(1013, '2026-06-23 07:06:15', 199.36, 18, 17),
(1014, '2026-06-23 07:04:15', 209.36, 18, 17),
(1015, '2026-06-23 07:02:15', 189.36, 19, 17),
(1016, '2026-06-23 07:00:15', 199.36, 19, 17),
(1017, '2026-06-23 06:58:15', 209.36, 19, 17),
(1018, '2026-06-23 06:56:15', 189.36, 20, 17),
(1019, '2026-06-23 06:54:15', 199.36, 20, 17),
(1020, '2026-06-23 06:52:15', 209.36, 20, 17),
(1021, '2026-06-23 06:50:15', 68.83, 1, 18),
(1022, '2026-06-23 06:48:15', 78.83, 1, 18),
(1023, '2026-06-23 06:46:15', 88.83, 1, 18),
(1024, '2026-06-23 06:44:15', 68.83, 2, 18),
(1025, '2026-06-23 06:42:15', 78.83, 2, 18),
(1026, '2026-06-23 06:40:15', 88.83, 2, 18),
(1027, '2026-06-23 06:38:15', 68.83, 3, 18),
(1028, '2026-06-23 06:36:15', 78.83, 3, 18),
(1029, '2026-06-23 06:34:15', 88.83, 3, 18),
(1030, '2026-06-23 06:32:15', 68.83, 4, 18),
(1031, '2026-06-23 06:30:15', 78.83, 4, 18),
(1032, '2026-06-23 06:28:15', 88.83, 4, 18),
(1033, '2026-06-23 06:26:15', 68.83, 5, 18),
(1034, '2026-06-23 06:24:15', 78.83, 5, 18),
(1035, '2026-06-23 06:22:15', 88.83, 5, 18),
(1036, '2026-06-23 06:20:15', 68.83, 6, 18),
(1037, '2026-06-23 06:18:15', 78.83, 6, 18),
(1038, '2026-06-23 06:16:15', 88.83, 6, 18),
(1039, '2026-06-23 06:14:15', 68.83, 7, 18),
(1040, '2026-06-23 06:12:15', 78.83, 7, 18),
(1041, '2026-06-23 06:10:15', 88.83, 7, 18),
(1042, '2026-06-23 06:08:15', 68.83, 8, 18),
(1043, '2026-06-23 06:06:15', 78.83, 8, 18),
(1044, '2026-06-23 06:04:15', 88.83, 8, 18),
(1045, '2026-06-23 06:02:15', 68.83, 9, 18),
(1046, '2026-06-23 06:00:15', 78.83, 9, 18),
(1047, '2026-06-23 05:58:15', 88.83, 9, 18),
(1048, '2026-06-23 05:56:15', 68.83, 10, 18),
(1049, '2026-06-23 05:54:15', 78.83, 10, 18),
(1050, '2026-06-23 05:52:15', 88.83, 10, 18),
(1051, '2026-06-23 05:50:15', 68.83, 11, 18),
(1052, '2026-06-23 05:48:15', 78.83, 11, 18),
(1053, '2026-06-23 05:46:15', 88.83, 11, 18),
(1054, '2026-06-23 05:44:15', 68.83, 12, 18),
(1055, '2026-06-23 05:42:15', 78.83, 12, 18),
(1056, '2026-06-23 05:40:15', 88.83, 12, 18),
(1057, '2026-06-23 05:38:15', 68.83, 13, 18),
(1058, '2026-06-23 05:36:15', 78.83, 13, 18),
(1059, '2026-06-23 05:34:15', 88.83, 13, 18),
(1060, '2026-06-23 05:32:15', 68.83, 14, 18),
(1061, '2026-06-23 05:30:15', 78.83, 14, 18),
(1062, '2026-06-23 05:28:15', 88.83, 14, 18),
(1063, '2026-06-23 05:26:15', 68.83, 15, 18),
(1064, '2026-06-23 05:24:15', 78.83, 15, 18),
(1065, '2026-06-23 05:22:15', 88.83, 15, 18),
(1066, '2026-06-23 05:20:15', 68.83, 16, 18),
(1067, '2026-06-23 05:18:15', 78.83, 16, 18),
(1068, '2026-06-23 05:16:15', 88.83, 16, 18),
(1069, '2026-06-23 05:14:15', 68.83, 17, 18),
(1070, '2026-06-23 05:12:15', 78.83, 17, 18),
(1071, '2026-06-23 05:10:15', 88.83, 17, 18),
(1072, '2026-06-23 05:08:15', 68.83, 18, 18),
(1073, '2026-06-23 05:06:15', 78.83, 18, 18),
(1074, '2026-06-23 05:04:15', 88.83, 18, 18),
(1075, '2026-06-23 05:02:15', 68.83, 19, 18),
(1076, '2026-06-23 05:00:15', 78.83, 19, 18),
(1077, '2026-06-23 04:58:15', 88.83, 19, 18),
(1078, '2026-06-23 04:56:15', 68.83, 20, 18),
(1079, '2026-06-23 04:54:15', 78.83, 20, 18),
(1080, '2026-06-23 04:52:15', 88.83, 20, 18),
(1081, '2026-06-23 04:50:15', 263.53, 1, 19),
(1082, '2026-06-23 04:48:15', 273.53, 1, 19),
(1083, '2026-06-23 04:46:15', 283.53, 1, 19),
(1084, '2026-06-23 04:44:15', 263.53, 2, 19),
(1085, '2026-06-23 04:42:15', 273.53, 2, 19),
(1086, '2026-06-23 04:40:15', 283.53, 2, 19),
(1087, '2026-06-23 04:38:15', 263.53, 3, 19),
(1088, '2026-06-23 04:36:15', 273.53, 3, 19),
(1089, '2026-06-23 04:34:15', 283.53, 3, 19),
(1090, '2026-06-23 04:32:15', 263.53, 4, 19),
(1091, '2026-06-23 04:30:15', 273.53, 4, 19),
(1092, '2026-06-23 04:28:15', 283.53, 4, 19),
(1093, '2026-06-23 04:26:15', 263.53, 5, 19),
(1094, '2026-06-23 04:24:15', 273.53, 5, 19),
(1095, '2026-06-23 04:22:15', 283.53, 5, 19),
(1096, '2026-06-23 04:20:15', 263.53, 6, 19),
(1097, '2026-06-23 04:18:15', 273.53, 6, 19),
(1098, '2026-06-23 04:16:15', 283.53, 6, 19),
(1099, '2026-06-23 04:14:15', 263.53, 7, 19),
(1100, '2026-06-23 04:12:15', 273.53, 7, 19),
(1101, '2026-06-23 04:10:15', 283.53, 7, 19),
(1102, '2026-06-23 04:08:15', 263.53, 8, 19),
(1103, '2026-06-23 04:06:15', 273.53, 8, 19),
(1104, '2026-06-23 04:04:15', 283.53, 8, 19),
(1105, '2026-06-23 04:02:15', 263.53, 9, 19),
(1106, '2026-06-23 04:00:15', 273.53, 9, 19),
(1107, '2026-06-23 03:58:15', 283.53, 9, 19),
(1108, '2026-06-23 03:56:15', 263.53, 10, 19),
(1109, '2026-06-23 03:54:15', 273.53, 10, 19),
(1110, '2026-06-23 03:52:15', 283.53, 10, 19),
(1111, '2026-06-23 03:50:15', 263.53, 11, 19),
(1112, '2026-06-23 03:48:15', 273.53, 11, 19),
(1113, '2026-06-23 03:46:15', 283.53, 11, 19),
(1114, '2026-06-23 03:44:15', 263.53, 12, 19),
(1115, '2026-06-23 03:42:15', 273.53, 12, 19),
(1116, '2026-06-23 03:40:15', 283.53, 12, 19),
(1117, '2026-06-23 03:38:15', 263.53, 13, 19),
(1118, '2026-06-23 03:36:15', 273.53, 13, 19),
(1119, '2026-06-23 03:34:15', 283.53, 13, 19),
(1120, '2026-06-23 03:32:15', 263.53, 14, 19),
(1121, '2026-06-23 03:30:15', 273.53, 14, 19),
(1122, '2026-06-23 03:28:15', 283.53, 14, 19),
(1123, '2026-06-23 03:26:15', 263.53, 15, 19),
(1124, '2026-06-23 03:24:15', 273.53, 15, 19),
(1125, '2026-06-23 03:22:15', 283.53, 15, 19),
(1126, '2026-06-23 03:20:15', 263.53, 16, 19),
(1127, '2026-06-23 03:18:15', 273.53, 16, 19),
(1128, '2026-06-23 03:16:15', 283.53, 16, 19),
(1129, '2026-06-23 03:14:15', 263.53, 17, 19),
(1130, '2026-06-23 03:12:15', 273.53, 17, 19),
(1131, '2026-06-23 03:10:15', 283.53, 17, 19),
(1132, '2026-06-23 03:08:15', 263.53, 18, 19),
(1133, '2026-06-23 03:06:15', 273.53, 18, 19),
(1134, '2026-06-23 03:04:15', 283.53, 18, 19),
(1135, '2026-06-23 03:02:15', 263.53, 19, 19),
(1136, '2026-06-23 03:00:15', 273.53, 19, 19),
(1137, '2026-06-23 02:58:15', 283.53, 19, 19),
(1138, '2026-06-23 02:56:15', 263.53, 20, 19),
(1139, '2026-06-23 02:54:15', 273.53, 20, 19),
(1140, '2026-06-23 02:52:15', 283.53, 20, 19),
(1141, '2026-06-23 02:50:15', 204.3, 1, 20),
(1142, '2026-06-23 02:48:15', 214.3, 1, 20),
(1143, '2026-06-23 02:46:15', 224.3, 1, 20),
(1144, '2026-06-23 02:44:15', 204.3, 2, 20),
(1145, '2026-06-23 02:42:15', 214.3, 2, 20),
(1146, '2026-06-23 02:40:15', 224.3, 2, 20),
(1147, '2026-06-23 02:38:15', 204.3, 3, 20),
(1148, '2026-06-23 02:36:15', 214.3, 3, 20),
(1149, '2026-06-23 02:34:15', 224.3, 3, 20),
(1150, '2026-06-23 02:32:15', 204.3, 4, 20),
(1151, '2026-06-23 02:30:15', 214.3, 4, 20),
(1152, '2026-06-23 02:28:15', 224.3, 4, 20),
(1153, '2026-06-23 02:26:15', 204.3, 5, 20),
(1154, '2026-06-23 02:24:15', 214.3, 5, 20),
(1155, '2026-06-23 02:22:15', 224.3, 5, 20),
(1156, '2026-06-23 02:20:15', 204.3, 6, 20),
(1157, '2026-06-23 02:18:15', 214.3, 6, 20),
(1158, '2026-06-23 02:16:15', 224.3, 6, 20),
(1159, '2026-06-23 02:14:15', 204.3, 7, 20),
(1160, '2026-06-23 02:12:15', 214.3, 7, 20),
(1161, '2026-06-23 02:10:15', 224.3, 7, 20),
(1162, '2026-06-23 02:08:15', 204.3, 8, 20),
(1163, '2026-06-23 02:06:15', 214.3, 8, 20),
(1164, '2026-06-23 02:04:15', 224.3, 8, 20),
(1165, '2026-06-23 02:02:15', 204.3, 9, 20),
(1166, '2026-06-23 02:00:15', 214.3, 9, 20),
(1167, '2026-06-23 01:58:15', 224.3, 9, 20),
(1168, '2026-06-23 01:56:15', 204.3, 10, 20),
(1169, '2026-06-23 01:54:15', 214.3, 10, 20),
(1170, '2026-06-23 01:52:15', 224.3, 10, 20),
(1171, '2026-06-23 01:50:15', 204.3, 11, 20),
(1172, '2026-06-23 01:48:15', 214.3, 11, 20),
(1173, '2026-06-23 01:46:15', 224.3, 11, 20),
(1174, '2026-06-23 01:44:15', 204.3, 12, 20),
(1175, '2026-06-23 01:42:15', 214.3, 12, 20),
(1176, '2026-06-23 01:40:15', 224.3, 12, 20),
(1177, '2026-06-23 01:38:15', 204.3, 13, 20),
(1178, '2026-06-23 01:36:15', 214.3, 13, 20),
(1179, '2026-06-23 01:34:15', 224.3, 13, 20),
(1180, '2026-06-23 01:32:15', 204.3, 14, 20),
(1181, '2026-06-23 01:30:15', 214.3, 14, 20),
(1182, '2026-06-23 01:28:15', 224.3, 14, 20),
(1183, '2026-06-23 01:26:15', 204.3, 15, 20),
(1184, '2026-06-23 01:24:15', 214.3, 15, 20),
(1185, '2026-06-23 01:22:15', 224.3, 15, 20),
(1186, '2026-06-23 01:20:15', 204.3, 16, 20),
(1187, '2026-06-23 01:18:15', 214.3, 16, 20),
(1188, '2026-06-23 01:16:15', 224.3, 16, 20),
(1189, '2026-06-23 01:14:15', 204.3, 17, 20),
(1190, '2026-06-23 01:12:15', 214.3, 17, 20),
(1191, '2026-06-23 01:10:15', 224.3, 17, 20),
(1192, '2026-06-23 01:08:15', 204.3, 18, 20),
(1193, '2026-06-23 01:06:15', 214.3, 18, 20),
(1194, '2026-06-23 01:04:15', 224.3, 18, 20),
(1195, '2026-06-23 01:02:15', 204.3, 19, 20),
(1196, '2026-06-23 01:00:15', 214.3, 19, 20),
(1197, '2026-06-23 00:58:15', 224.3, 19, 20),
(1198, '2026-06-23 00:56:15', 204.3, 20, 20),
(1199, '2026-06-23 00:54:15', 214.3, 20, 20),
(1200, '2026-06-23 00:52:15', 224.3, 20, 20),
(1201, '2026-06-23 00:50:15', 159.37, 1, 21),
(1202, '2026-06-23 00:48:15', 169.37, 1, 21),
(1203, '2026-06-23 00:46:15', 179.37, 1, 21),
(1204, '2026-06-23 00:44:15', 159.37, 2, 21),
(1205, '2026-06-23 00:42:15', 169.37, 2, 21),
(1206, '2026-06-23 00:40:15', 179.37, 2, 21),
(1207, '2026-06-23 00:38:15', 159.37, 3, 21),
(1208, '2026-06-23 00:36:15', 169.37, 3, 21),
(1209, '2026-06-23 00:34:15', 179.37, 3, 21),
(1210, '2026-06-23 00:32:15', 159.37, 4, 21),
(1211, '2026-06-23 00:30:15', 169.37, 4, 21),
(1212, '2026-06-23 00:28:15', 179.37, 4, 21),
(1213, '2026-06-23 00:26:15', 159.37, 5, 21),
(1214, '2026-06-23 00:24:15', 169.37, 5, 21),
(1215, '2026-06-23 00:22:15', 179.37, 5, 21),
(1216, '2026-06-23 00:20:15', 159.37, 6, 21),
(1217, '2026-06-23 00:18:15', 169.37, 6, 21),
(1218, '2026-06-23 00:16:15', 179.37, 6, 21),
(1219, '2026-06-23 00:14:15', 159.37, 7, 21),
(1220, '2026-06-23 00:12:15', 169.37, 7, 21),
(1221, '2026-06-23 00:10:15', 179.37, 7, 21),
(1222, '2026-06-23 00:08:15', 159.37, 8, 21),
(1223, '2026-06-23 00:06:15', 169.37, 8, 21),
(1224, '2026-06-23 00:04:15', 179.37, 8, 21),
(1225, '2026-06-23 00:02:15', 159.37, 9, 21),
(1226, '2026-06-23 00:00:15', 169.37, 9, 21),
(1227, '2026-06-22 23:58:15', 179.37, 9, 21),
(1228, '2026-06-22 23:56:15', 159.37, 10, 21),
(1229, '2026-06-22 23:54:15', 169.37, 10, 21),
(1230, '2026-06-22 23:52:15', 179.37, 10, 21),
(1231, '2026-06-22 23:50:15', 159.37, 11, 21),
(1232, '2026-06-22 23:48:15', 169.37, 11, 21),
(1233, '2026-06-22 23:46:15', 179.37, 11, 21),
(1234, '2026-06-22 23:44:15', 159.37, 12, 21),
(1235, '2026-06-22 23:42:15', 169.37, 12, 21),
(1236, '2026-06-22 23:40:15', 179.37, 12, 21),
(1237, '2026-06-22 23:38:15', 159.37, 13, 21),
(1238, '2026-06-22 23:36:15', 169.37, 13, 21),
(1239, '2026-06-22 23:34:15', 179.37, 13, 21),
(1240, '2026-06-22 23:32:15', 159.37, 14, 21),
(1241, '2026-06-22 23:30:15', 169.37, 14, 21),
(1242, '2026-06-22 23:28:15', 179.37, 14, 21),
(1243, '2026-06-22 23:26:15', 159.37, 15, 21),
(1244, '2026-06-22 23:24:15', 169.37, 15, 21),
(1245, '2026-06-22 23:22:15', 179.37, 15, 21),
(1246, '2026-06-22 23:20:15', 159.37, 16, 21),
(1247, '2026-06-22 23:18:15', 169.37, 16, 21),
(1248, '2026-06-22 23:16:15', 179.37, 16, 21),
(1249, '2026-06-22 23:14:15', 159.37, 17, 21),
(1250, '2026-06-22 23:12:15', 169.37, 17, 21),
(1251, '2026-06-22 23:10:15', 179.37, 17, 21),
(1252, '2026-06-22 23:08:15', 159.37, 18, 21),
(1253, '2026-06-22 23:06:15', 169.37, 18, 21),
(1254, '2026-06-22 23:04:15', 179.37, 18, 21),
(1255, '2026-06-22 23:02:15', 159.37, 19, 21),
(1256, '2026-06-22 23:00:15', 169.37, 19, 21),
(1257, '2026-06-22 22:58:15', 179.37, 19, 21),
(1258, '2026-06-22 22:56:15', 159.37, 20, 21),
(1259, '2026-06-22 22:54:15', 169.37, 20, 21),
(1260, '2026-06-22 22:52:15', 179.37, 20, 21),
(1261, '2026-06-22 22:50:15', 98.05, 1, 22),
(1262, '2026-06-22 22:48:15', 108.05, 1, 22),
(1263, '2026-06-22 22:46:15', 118.05, 1, 22),
(1264, '2026-06-22 22:44:15', 98.05, 2, 22),
(1265, '2026-06-22 22:42:15', 108.05, 2, 22),
(1266, '2026-06-22 22:40:15', 118.05, 2, 22),
(1267, '2026-06-22 22:38:15', 98.05, 3, 22),
(1268, '2026-06-22 22:36:15', 108.05, 3, 22),
(1269, '2026-06-22 22:34:15', 118.05, 3, 22),
(1270, '2026-06-22 22:32:15', 98.05, 4, 22),
(1271, '2026-06-22 22:30:15', 108.05, 4, 22),
(1272, '2026-06-22 22:28:15', 118.05, 4, 22),
(1273, '2026-06-22 22:26:15', 98.05, 5, 22),
(1274, '2026-06-22 22:24:15', 108.05, 5, 22),
(1275, '2026-06-22 22:22:15', 118.05, 5, 22),
(1276, '2026-06-22 22:20:15', 98.05, 6, 22),
(1277, '2026-06-22 22:18:15', 108.05, 6, 22),
(1278, '2026-06-22 22:16:15', 118.05, 6, 22),
(1279, '2026-06-22 22:14:15', 98.05, 7, 22),
(1280, '2026-06-22 22:12:15', 108.05, 7, 22),
(1281, '2026-06-22 22:10:15', 118.05, 7, 22),
(1282, '2026-06-22 22:08:15', 98.05, 8, 22),
(1283, '2026-06-22 22:06:15', 108.05, 8, 22),
(1284, '2026-06-22 22:04:15', 118.05, 8, 22),
(1285, '2026-06-22 22:02:15', 98.05, 9, 22),
(1286, '2026-06-22 22:00:15', 108.05, 9, 22),
(1287, '2026-06-22 21:58:15', 118.05, 9, 22),
(1288, '2026-06-22 21:56:15', 98.05, 10, 22),
(1289, '2026-06-22 21:54:15', 108.05, 10, 22),
(1290, '2026-06-22 21:52:15', 118.05, 10, 22),
(1291, '2026-06-22 21:50:15', 98.05, 11, 22),
(1292, '2026-06-22 21:48:15', 108.05, 11, 22),
(1293, '2026-06-22 21:46:15', 118.05, 11, 22),
(1294, '2026-06-22 21:44:15', 98.05, 12, 22),
(1295, '2026-06-22 21:42:15', 108.05, 12, 22),
(1296, '2026-06-22 21:40:15', 118.05, 12, 22),
(1297, '2026-06-22 21:38:15', 98.05, 13, 22),
(1298, '2026-06-22 21:36:15', 108.05, 13, 22),
(1299, '2026-06-22 21:34:15', 118.05, 13, 22),
(1300, '2026-06-22 21:32:15', 98.05, 14, 22),
(1301, '2026-06-22 21:30:15', 108.05, 14, 22),
(1302, '2026-06-22 21:28:15', 118.05, 14, 22),
(1303, '2026-06-22 21:26:15', 98.05, 15, 22),
(1304, '2026-06-22 21:24:15', 108.05, 15, 22),
(1305, '2026-06-22 21:22:15', 118.05, 15, 22),
(1306, '2026-06-22 21:20:15', 98.05, 16, 22),
(1307, '2026-06-22 21:18:15', 108.05, 16, 22),
(1308, '2026-06-22 21:16:15', 118.05, 16, 22),
(1309, '2026-06-22 21:14:15', 98.05, 17, 22),
(1310, '2026-06-22 21:12:15', 108.05, 17, 22),
(1311, '2026-06-22 21:10:15', 118.05, 17, 22),
(1312, '2026-06-22 21:08:15', 98.05, 18, 22),
(1313, '2026-06-22 21:06:15', 108.05, 18, 22),
(1314, '2026-06-22 21:04:15', 118.05, 18, 22),
(1315, '2026-06-22 21:02:15', 98.05, 19, 22),
(1316, '2026-06-22 21:00:15', 108.05, 19, 22),
(1317, '2026-06-22 20:58:15', 118.05, 19, 22),
(1318, '2026-06-22 20:56:15', 98.05, 20, 22),
(1319, '2026-06-22 20:54:15', 108.05, 20, 22),
(1320, '2026-06-22 20:52:15', 118.05, 20, 22),
(1321, '2026-06-22 20:50:15', 82.53, 1, 23),
(1322, '2026-06-22 20:48:15', 92.53, 1, 23),
(1323, '2026-06-22 20:46:15', 102.53, 1, 23),
(1324, '2026-06-22 20:44:15', 82.53, 2, 23),
(1325, '2026-06-22 20:42:15', 92.53, 2, 23),
(1326, '2026-06-22 20:40:15', 102.53, 2, 23),
(1327, '2026-06-22 20:38:15', 82.53, 3, 23),
(1328, '2026-06-22 20:36:15', 92.53, 3, 23),
(1329, '2026-06-22 20:34:15', 102.53, 3, 23),
(1330, '2026-06-22 20:32:15', 82.53, 4, 23),
(1331, '2026-06-22 20:30:15', 92.53, 4, 23),
(1332, '2026-06-22 20:28:15', 102.53, 4, 23),
(1333, '2026-06-22 20:26:15', 82.53, 5, 23),
(1334, '2026-06-22 20:24:15', 92.53, 5, 23),
(1335, '2026-06-22 20:22:15', 102.53, 5, 23),
(1336, '2026-06-22 20:20:15', 82.53, 6, 23),
(1337, '2026-06-22 20:18:15', 92.53, 6, 23),
(1338, '2026-06-22 20:16:15', 102.53, 6, 23),
(1339, '2026-06-22 20:14:15', 82.53, 7, 23),
(1340, '2026-06-22 20:12:15', 92.53, 7, 23),
(1341, '2026-06-22 20:10:15', 102.53, 7, 23),
(1342, '2026-06-22 20:08:15', 82.53, 8, 23),
(1343, '2026-06-22 20:06:15', 92.53, 8, 23),
(1344, '2026-06-22 20:04:15', 102.53, 8, 23),
(1345, '2026-06-22 20:02:15', 82.53, 9, 23),
(1346, '2026-06-22 20:00:15', 92.53, 9, 23),
(1347, '2026-06-22 19:58:15', 102.53, 9, 23),
(1348, '2026-06-22 19:56:15', 82.53, 10, 23),
(1349, '2026-06-22 19:54:15', 92.53, 10, 23),
(1350, '2026-06-22 19:52:15', 102.53, 10, 23),
(1351, '2026-06-22 19:50:15', 82.53, 11, 23),
(1352, '2026-06-22 19:48:15', 92.53, 11, 23),
(1353, '2026-06-22 19:46:15', 102.53, 11, 23),
(1354, '2026-06-22 19:44:15', 82.53, 12, 23),
(1355, '2026-06-22 19:42:15', 92.53, 12, 23),
(1356, '2026-06-22 19:40:15', 102.53, 12, 23),
(1357, '2026-06-22 19:38:15', 82.53, 13, 23),
(1358, '2026-06-22 19:36:15', 92.53, 13, 23),
(1359, '2026-06-22 19:34:15', 102.53, 13, 23),
(1360, '2026-06-22 19:32:15', 82.53, 14, 23),
(1361, '2026-06-22 19:30:15', 92.53, 14, 23),
(1362, '2026-06-22 19:28:15', 102.53, 14, 23),
(1363, '2026-06-22 19:26:15', 82.53, 15, 23),
(1364, '2026-06-22 19:24:15', 92.53, 15, 23),
(1365, '2026-06-22 19:22:15', 102.53, 15, 23),
(1366, '2026-06-22 19:20:15', 82.53, 16, 23),
(1367, '2026-06-22 19:18:15', 92.53, 16, 23),
(1368, '2026-06-22 19:16:15', 102.53, 16, 23),
(1369, '2026-06-22 19:14:15', 82.53, 17, 23),
(1370, '2026-06-22 19:12:15', 92.53, 17, 23),
(1371, '2026-06-22 19:10:15', 102.53, 17, 23),
(1372, '2026-06-22 19:08:15', 82.53, 18, 23),
(1373, '2026-06-22 19:06:15', 92.53, 18, 23),
(1374, '2026-06-22 19:04:15', 102.53, 18, 23),
(1375, '2026-06-22 19:02:15', 82.53, 19, 23),
(1376, '2026-06-22 19:00:15', 92.53, 19, 23),
(1377, '2026-06-22 18:58:15', 102.53, 19, 23),
(1378, '2026-06-22 18:56:15', 82.53, 20, 23),
(1379, '2026-06-22 18:54:15', 92.53, 20, 23),
(1380, '2026-06-22 18:52:15', 102.53, 20, 23),
(1381, '2026-06-22 18:50:15', 236.29, 1, 24),
(1382, '2026-06-22 18:48:15', 246.29, 1, 24),
(1383, '2026-06-22 18:46:15', 256.29, 1, 24),
(1384, '2026-06-22 18:44:15', 236.29, 2, 24),
(1385, '2026-06-22 18:42:15', 246.29, 2, 24),
(1386, '2026-06-22 18:40:15', 256.29, 2, 24),
(1387, '2026-06-22 18:38:15', 236.29, 3, 24),
(1388, '2026-06-22 18:36:15', 246.29, 3, 24),
(1389, '2026-06-22 18:34:15', 256.29, 3, 24),
(1390, '2026-06-22 18:32:15', 236.29, 4, 24),
(1391, '2026-06-22 18:30:15', 246.29, 4, 24),
(1392, '2026-06-22 18:28:15', 256.29, 4, 24),
(1393, '2026-06-22 18:26:15', 236.29, 5, 24),
(1394, '2026-06-22 18:24:15', 246.29, 5, 24),
(1395, '2026-06-22 18:22:15', 256.29, 5, 24),
(1396, '2026-06-22 18:20:15', 236.29, 6, 24),
(1397, '2026-06-22 18:18:15', 246.29, 6, 24),
(1398, '2026-06-22 18:16:15', 256.29, 6, 24),
(1399, '2026-06-22 18:14:15', 236.29, 7, 24),
(1400, '2026-06-22 18:12:15', 246.29, 7, 24),
(1401, '2026-06-22 18:10:15', 256.29, 7, 24),
(1402, '2026-06-22 18:08:15', 236.29, 8, 24),
(1403, '2026-06-22 18:06:15', 246.29, 8, 24),
(1404, '2026-06-22 18:04:15', 256.29, 8, 24),
(1405, '2026-06-22 18:02:15', 236.29, 9, 24),
(1406, '2026-06-22 18:00:15', 246.29, 9, 24),
(1407, '2026-06-22 17:58:15', 256.29, 9, 24),
(1408, '2026-06-22 17:56:15', 236.29, 10, 24),
(1409, '2026-06-22 17:54:15', 246.29, 10, 24),
(1410, '2026-06-22 17:52:15', 256.29, 10, 24),
(1411, '2026-06-22 17:50:15', 236.29, 11, 24),
(1412, '2026-06-22 17:48:15', 246.29, 11, 24),
(1413, '2026-06-22 17:46:15', 256.29, 11, 24),
(1414, '2026-06-22 17:44:15', 236.29, 12, 24),
(1415, '2026-06-22 17:42:15', 246.29, 12, 24),
(1416, '2026-06-22 17:40:15', 256.29, 12, 24),
(1417, '2026-06-22 17:38:15', 236.29, 13, 24),
(1418, '2026-06-22 17:36:15', 246.29, 13, 24),
(1419, '2026-06-22 17:34:15', 256.29, 13, 24),
(1420, '2026-06-22 17:32:15', 236.29, 14, 24),
(1421, '2026-06-22 17:30:15', 246.29, 14, 24),
(1422, '2026-06-22 17:28:15', 256.29, 14, 24),
(1423, '2026-06-22 17:26:15', 236.29, 15, 24),
(1424, '2026-06-22 17:24:15', 246.29, 15, 24),
(1425, '2026-06-22 17:22:15', 256.29, 15, 24),
(1426, '2026-06-22 17:20:15', 236.29, 16, 24),
(1427, '2026-06-22 17:18:15', 246.29, 16, 24),
(1428, '2026-06-22 17:16:15', 256.29, 16, 24),
(1429, '2026-06-22 17:14:15', 236.29, 17, 24),
(1430, '2026-06-22 17:12:15', 246.29, 17, 24),
(1431, '2026-06-22 17:10:15', 256.29, 17, 24),
(1432, '2026-06-22 17:08:15', 236.29, 18, 24),
(1433, '2026-06-22 17:06:15', 246.29, 18, 24),
(1434, '2026-06-22 17:04:15', 256.29, 18, 24),
(1435, '2026-06-22 17:02:15', 236.29, 19, 24),
(1436, '2026-06-22 17:00:15', 246.29, 19, 24),
(1437, '2026-06-22 16:58:15', 256.29, 19, 24),
(1438, '2026-06-22 16:56:15', 236.29, 20, 24),
(1439, '2026-06-22 16:54:15', 246.29, 20, 24),
(1440, '2026-06-22 16:52:15', 256.29, 20, 24),
(1441, '2026-06-22 16:50:15', 264.05, 1, 25),
(1442, '2026-06-22 16:48:15', 274.05, 1, 25),
(1443, '2026-06-22 16:46:15', 284.05, 1, 25),
(1444, '2026-06-22 16:44:15', 264.05, 2, 25),
(1445, '2026-06-22 16:42:15', 274.05, 2, 25),
(1446, '2026-06-22 16:40:15', 284.05, 2, 25),
(1447, '2026-06-22 16:38:15', 264.05, 3, 25),
(1448, '2026-06-22 16:36:15', 274.05, 3, 25),
(1449, '2026-06-22 16:34:15', 284.05, 3, 25),
(1450, '2026-06-22 16:32:15', 264.05, 4, 25),
(1451, '2026-06-22 16:30:15', 274.05, 4, 25),
(1452, '2026-06-22 16:28:15', 284.05, 4, 25),
(1453, '2026-06-22 16:26:15', 264.05, 5, 25),
(1454, '2026-06-22 16:24:15', 274.05, 5, 25),
(1455, '2026-06-22 16:22:15', 284.05, 5, 25),
(1456, '2026-06-22 16:20:15', 264.05, 6, 25),
(1457, '2026-06-22 16:18:15', 274.05, 6, 25),
(1458, '2026-06-22 16:16:15', 284.05, 6, 25),
(1459, '2026-06-22 16:14:15', 264.05, 7, 25),
(1460, '2026-06-22 16:12:15', 274.05, 7, 25),
(1461, '2026-06-22 16:10:15', 284.05, 7, 25),
(1462, '2026-06-22 16:08:15', 264.05, 8, 25),
(1463, '2026-06-22 16:06:15', 274.05, 8, 25),
(1464, '2026-06-22 16:04:15', 284.05, 8, 25),
(1465, '2026-06-22 16:02:15', 264.05, 9, 25),
(1466, '2026-06-22 16:00:15', 274.05, 9, 25),
(1467, '2026-06-22 15:58:15', 284.05, 9, 25),
(1468, '2026-06-22 15:56:15', 264.05, 10, 25),
(1469, '2026-06-22 15:54:15', 274.05, 10, 25),
(1470, '2026-06-22 15:52:15', 284.05, 10, 25),
(1471, '2026-06-22 15:50:15', 264.05, 11, 25),
(1472, '2026-06-22 15:48:15', 274.05, 11, 25),
(1473, '2026-06-22 15:46:15', 284.05, 11, 25),
(1474, '2026-06-22 15:44:15', 264.05, 12, 25),
(1475, '2026-06-22 15:42:15', 274.05, 12, 25),
(1476, '2026-06-22 15:40:15', 284.05, 12, 25),
(1477, '2026-06-22 15:38:15', 264.05, 13, 25),
(1478, '2026-06-22 15:36:15', 274.05, 13, 25),
(1479, '2026-06-22 15:34:15', 284.05, 13, 25),
(1480, '2026-06-22 15:32:15', 264.05, 14, 25),
(1481, '2026-06-22 15:30:15', 274.05, 14, 25),
(1482, '2026-06-22 15:28:15', 284.05, 14, 25),
(1483, '2026-06-22 15:26:15', 264.05, 15, 25),
(1484, '2026-06-22 15:24:15', 274.05, 15, 25),
(1485, '2026-06-22 15:22:15', 284.05, 15, 25),
(1486, '2026-06-22 15:20:15', 264.05, 16, 25),
(1487, '2026-06-22 15:18:15', 274.05, 16, 25),
(1488, '2026-06-22 15:16:15', 284.05, 16, 25),
(1489, '2026-06-22 15:14:15', 264.05, 17, 25),
(1490, '2026-06-22 15:12:15', 274.05, 17, 25),
(1491, '2026-06-22 15:10:15', 284.05, 17, 25),
(1492, '2026-06-22 15:08:15', 264.05, 18, 25),
(1493, '2026-06-22 15:06:15', 274.05, 18, 25),
(1494, '2026-06-22 15:04:15', 284.05, 18, 25),
(1495, '2026-06-22 15:02:15', 264.05, 19, 25),
(1496, '2026-06-22 15:00:15', 274.05, 19, 25),
(1497, '2026-06-22 14:58:15', 284.05, 19, 25),
(1498, '2026-06-22 14:56:15', 264.05, 20, 25),
(1499, '2026-06-22 14:54:15', 274.05, 20, 25),
(1500, '2026-06-22 14:52:15', 284.05, 20, 25),
(1501, '2026-06-22 14:50:15', 194.99, 1, 26),
(1502, '2026-06-22 14:48:15', 204.99, 1, 26),
(1503, '2026-06-22 14:46:15', 214.99, 1, 26),
(1504, '2026-06-22 14:44:15', 194.99, 2, 26),
(1505, '2026-06-22 14:42:15', 204.99, 2, 26),
(1506, '2026-06-22 14:40:15', 214.99, 2, 26),
(1507, '2026-06-22 14:38:15', 194.99, 3, 26),
(1508, '2026-06-22 14:36:15', 204.99, 3, 26),
(1509, '2026-06-22 14:34:15', 214.99, 3, 26),
(1510, '2026-06-22 14:32:15', 194.99, 4, 26),
(1511, '2026-06-22 14:30:15', 204.99, 4, 26),
(1512, '2026-06-22 14:28:15', 214.99, 4, 26),
(1513, '2026-06-22 14:26:15', 194.99, 5, 26),
(1514, '2026-06-22 14:24:15', 204.99, 5, 26),
(1515, '2026-06-22 14:22:15', 214.99, 5, 26),
(1516, '2026-06-22 14:20:15', 194.99, 6, 26),
(1517, '2026-06-22 14:18:15', 204.99, 6, 26),
(1518, '2026-06-22 14:16:15', 214.99, 6, 26),
(1519, '2026-06-22 14:14:15', 194.99, 7, 26),
(1520, '2026-06-22 14:12:15', 204.99, 7, 26),
(1521, '2026-06-22 14:10:15', 214.99, 7, 26),
(1522, '2026-06-22 14:08:15', 194.99, 8, 26),
(1523, '2026-06-22 14:06:15', 204.99, 8, 26),
(1524, '2026-06-22 14:04:15', 214.99, 8, 26),
(1525, '2026-06-22 14:02:15', 194.99, 9, 26),
(1526, '2026-06-22 14:00:15', 204.99, 9, 26),
(1527, '2026-06-22 13:58:15', 214.99, 9, 26),
(1528, '2026-06-22 13:56:15', 194.99, 10, 26),
(1529, '2026-06-22 13:54:15', 204.99, 10, 26),
(1530, '2026-06-22 13:52:15', 214.99, 10, 26),
(1531, '2026-06-22 13:50:15', 194.99, 11, 26),
(1532, '2026-06-22 13:48:15', 204.99, 11, 26),
(1533, '2026-06-22 13:46:15', 214.99, 11, 26),
(1534, '2026-06-22 13:44:15', 194.99, 12, 26),
(1535, '2026-06-22 13:42:15', 204.99, 12, 26),
(1536, '2026-06-22 13:40:15', 214.99, 12, 26),
(1537, '2026-06-22 13:38:15', 194.99, 13, 26),
(1538, '2026-06-22 13:36:15', 204.99, 13, 26),
(1539, '2026-06-22 13:34:15', 214.99, 13, 26),
(1540, '2026-06-22 13:32:15', 194.99, 14, 26),
(1541, '2026-06-22 13:30:15', 204.99, 14, 26),
(1542, '2026-06-22 13:28:15', 214.99, 14, 26),
(1543, '2026-06-22 13:26:15', 194.99, 15, 26),
(1544, '2026-06-22 13:24:15', 204.99, 15, 26),
(1545, '2026-06-22 13:22:15', 214.99, 15, 26),
(1546, '2026-06-22 13:20:15', 194.99, 16, 26),
(1547, '2026-06-22 13:18:15', 204.99, 16, 26),
(1548, '2026-06-22 13:16:15', 214.99, 16, 26),
(1549, '2026-06-22 13:14:15', 194.99, 17, 26),
(1550, '2026-06-22 13:12:15', 204.99, 17, 26),
(1551, '2026-06-22 13:10:15', 214.99, 17, 26),
(1552, '2026-06-22 13:08:15', 194.99, 18, 26),
(1553, '2026-06-22 13:06:15', 204.99, 18, 26),
(1554, '2026-06-22 13:04:15', 214.99, 18, 26),
(1555, '2026-06-22 13:02:15', 194.99, 19, 26),
(1556, '2026-06-22 13:00:15', 204.99, 19, 26),
(1557, '2026-06-22 12:58:15', 214.99, 19, 26),
(1558, '2026-06-22 12:56:15', 194.99, 20, 26),
(1559, '2026-06-22 12:54:15', 204.99, 20, 26),
(1560, '2026-06-22 12:52:15', 214.99, 20, 26),
(1561, '2026-06-22 12:50:15', 71.04, 1, 27),
(1562, '2026-06-22 12:48:15', 81.04, 1, 27),
(1563, '2026-06-22 12:46:15', 91.04, 1, 27),
(1564, '2026-06-22 12:44:15', 71.04, 2, 27),
(1565, '2026-06-22 12:42:15', 81.04, 2, 27),
(1566, '2026-06-22 12:40:15', 91.04, 2, 27),
(1567, '2026-06-22 12:38:15', 71.04, 3, 27),
(1568, '2026-06-22 12:36:15', 81.04, 3, 27),
(1569, '2026-06-22 12:34:15', 91.04, 3, 27),
(1570, '2026-06-22 12:32:15', 71.04, 4, 27),
(1571, '2026-06-22 12:30:15', 81.04, 4, 27),
(1572, '2026-06-22 12:28:15', 91.04, 4, 27),
(1573, '2026-06-22 12:26:15', 71.04, 5, 27),
(1574, '2026-06-22 12:24:15', 81.04, 5, 27),
(1575, '2026-06-22 12:22:15', 91.04, 5, 27),
(1576, '2026-06-22 12:20:15', 71.04, 6, 27),
(1577, '2026-06-22 12:18:15', 81.04, 6, 27),
(1578, '2026-06-22 12:16:15', 91.04, 6, 27),
(1579, '2026-06-22 12:14:15', 71.04, 7, 27),
(1580, '2026-06-22 12:12:15', 81.04, 7, 27),
(1581, '2026-06-22 12:10:15', 91.04, 7, 27),
(1582, '2026-06-22 12:08:15', 71.04, 8, 27),
(1583, '2026-06-22 12:06:15', 81.04, 8, 27),
(1584, '2026-06-22 12:04:15', 91.04, 8, 27),
(1585, '2026-06-22 12:02:15', 71.04, 9, 27),
(1586, '2026-06-22 12:00:15', 81.04, 9, 27),
(1587, '2026-06-22 11:58:15', 91.04, 9, 27),
(1588, '2026-06-22 11:56:15', 71.04, 10, 27),
(1589, '2026-06-22 11:54:15', 81.04, 10, 27),
(1590, '2026-06-22 11:52:15', 91.04, 10, 27),
(1591, '2026-06-22 11:50:15', 71.04, 11, 27),
(1592, '2026-06-22 11:48:15', 81.04, 11, 27),
(1593, '2026-06-22 11:46:15', 91.04, 11, 27),
(1594, '2026-06-22 11:44:15', 71.04, 12, 27),
(1595, '2026-06-22 11:42:15', 81.04, 12, 27),
(1596, '2026-06-22 11:40:15', 91.04, 12, 27),
(1597, '2026-06-22 11:38:15', 71.04, 13, 27),
(1598, '2026-06-22 11:36:15', 81.04, 13, 27),
(1599, '2026-06-22 11:34:15', 91.04, 13, 27),
(1600, '2026-06-22 11:32:15', 71.04, 14, 27),
(1601, '2026-06-22 11:30:15', 81.04, 14, 27),
(1602, '2026-06-22 11:28:15', 91.04, 14, 27),
(1603, '2026-06-22 11:26:15', 71.04, 15, 27),
(1604, '2026-06-22 11:24:15', 81.04, 15, 27),
(1605, '2026-06-22 11:22:15', 91.04, 15, 27),
(1606, '2026-06-22 11:20:15', 71.04, 16, 27),
(1607, '2026-06-22 11:18:15', 81.04, 16, 27),
(1608, '2026-06-22 11:16:15', 91.04, 16, 27),
(1609, '2026-06-22 11:14:15', 71.04, 17, 27),
(1610, '2026-06-22 11:12:15', 81.04, 17, 27),
(1611, '2026-06-22 11:10:15', 91.04, 17, 27),
(1612, '2026-06-22 11:08:15', 71.04, 18, 27),
(1613, '2026-06-22 11:06:15', 81.04, 18, 27),
(1614, '2026-06-22 11:04:15', 91.04, 18, 27),
(1615, '2026-06-22 11:02:15', 71.04, 19, 27),
(1616, '2026-06-22 11:00:15', 81.04, 19, 27),
(1617, '2026-06-22 10:58:15', 91.04, 19, 27),
(1618, '2026-06-22 10:56:15', 71.04, 20, 27),
(1619, '2026-06-22 10:54:15', 81.04, 20, 27),
(1620, '2026-06-22 10:52:15', 91.04, 20, 27),
(1621, '2026-06-22 10:50:15', 237.79, 1, 28),
(1622, '2026-06-22 10:48:15', 247.79, 1, 28),
(1623, '2026-06-22 10:46:15', 257.79, 1, 28),
(1624, '2026-06-22 10:44:15', 237.79, 2, 28),
(1625, '2026-06-22 10:42:15', 247.79, 2, 28),
(1626, '2026-06-22 10:40:15', 257.79, 2, 28),
(1627, '2026-06-22 10:38:15', 237.79, 3, 28),
(1628, '2026-06-22 10:36:15', 247.79, 3, 28),
(1629, '2026-06-22 10:34:15', 257.79, 3, 28),
(1630, '2026-06-22 10:32:15', 237.79, 4, 28),
(1631, '2026-06-22 10:30:15', 247.79, 4, 28),
(1632, '2026-06-22 10:28:15', 257.79, 4, 28),
(1633, '2026-06-22 10:26:15', 237.79, 5, 28),
(1634, '2026-06-22 10:24:15', 247.79, 5, 28),
(1635, '2026-06-22 10:22:15', 257.79, 5, 28),
(1636, '2026-06-22 10:20:15', 237.79, 6, 28),
(1637, '2026-06-22 10:18:15', 247.79, 6, 28),
(1638, '2026-06-22 10:16:15', 257.79, 6, 28),
(1639, '2026-06-22 10:14:15', 237.79, 7, 28),
(1640, '2026-06-22 10:12:15', 247.79, 7, 28),
(1641, '2026-06-22 10:10:15', 257.79, 7, 28),
(1642, '2026-06-22 10:08:15', 237.79, 8, 28),
(1643, '2026-06-22 10:06:15', 247.79, 8, 28),
(1644, '2026-06-22 10:04:15', 257.79, 8, 28),
(1645, '2026-06-22 10:02:15', 237.79, 9, 28),
(1646, '2026-06-22 10:00:15', 247.79, 9, 28),
(1647, '2026-06-22 09:58:15', 257.79, 9, 28),
(1648, '2026-06-22 09:56:15', 237.79, 10, 28),
(1649, '2026-06-22 09:54:15', 247.79, 10, 28),
(1650, '2026-06-22 09:52:15', 257.79, 10, 28),
(1651, '2026-06-22 09:50:15', 237.79, 11, 28),
(1652, '2026-06-22 09:48:15', 247.79, 11, 28),
(1653, '2026-06-22 09:46:15', 257.79, 11, 28),
(1654, '2026-06-22 09:44:15', 237.79, 12, 28),
(1655, '2026-06-22 09:42:15', 247.79, 12, 28),
(1656, '2026-06-22 09:40:15', 257.79, 12, 28),
(1657, '2026-06-22 09:38:15', 237.79, 13, 28),
(1658, '2026-06-22 09:36:15', 247.79, 13, 28),
(1659, '2026-06-22 09:34:15', 257.79, 13, 28),
(1660, '2026-06-22 09:32:15', 237.79, 14, 28),
(1661, '2026-06-22 09:30:15', 247.79, 14, 28),
(1662, '2026-06-22 09:28:15', 257.79, 14, 28),
(1663, '2026-06-22 09:26:15', 237.79, 15, 28),
(1664, '2026-06-22 09:24:15', 247.79, 15, 28),
(1665, '2026-06-22 09:22:15', 257.79, 15, 28),
(1666, '2026-06-22 09:20:15', 237.79, 16, 28),
(1667, '2026-06-22 09:18:15', 247.79, 16, 28),
(1668, '2026-06-22 09:16:15', 257.79, 16, 28),
(1669, '2026-06-22 09:14:15', 237.79, 17, 28),
(1670, '2026-06-22 09:12:15', 247.79, 17, 28),
(1671, '2026-06-22 09:10:15', 257.79, 17, 28),
(1672, '2026-06-22 09:08:15', 237.79, 18, 28),
(1673, '2026-06-22 09:06:15', 247.79, 18, 28),
(1674, '2026-06-22 09:04:15', 257.79, 18, 28),
(1675, '2026-06-22 09:02:15', 237.79, 19, 28),
(1676, '2026-06-22 09:00:15', 247.79, 19, 28),
(1677, '2026-06-22 08:58:15', 257.79, 19, 28),
(1678, '2026-06-22 08:56:15', 237.79, 20, 28),
(1679, '2026-06-22 08:54:15', 247.79, 20, 28),
(1680, '2026-06-22 08:52:15', 257.79, 20, 28),
(1681, '2026-06-22 08:50:15', 96.94, 1, 29),
(1682, '2026-06-22 08:48:15', 106.94, 1, 29),
(1683, '2026-06-22 08:46:15', 116.94, 1, 29),
(1684, '2026-06-22 08:44:15', 96.94, 2, 29),
(1685, '2026-06-22 08:42:15', 106.94, 2, 29),
(1686, '2026-06-22 08:40:15', 116.94, 2, 29),
(1687, '2026-06-22 08:38:15', 96.94, 3, 29),
(1688, '2026-06-22 08:36:15', 106.94, 3, 29),
(1689, '2026-06-22 08:34:15', 116.94, 3, 29),
(1690, '2026-06-22 08:32:15', 96.94, 4, 29),
(1691, '2026-06-22 08:30:15', 106.94, 4, 29),
(1692, '2026-06-22 08:28:15', 116.94, 4, 29),
(1693, '2026-06-22 08:26:15', 96.94, 5, 29),
(1694, '2026-06-22 08:24:15', 106.94, 5, 29),
(1695, '2026-06-22 08:22:15', 116.94, 5, 29),
(1696, '2026-06-22 08:20:15', 96.94, 6, 29),
(1697, '2026-06-22 08:18:15', 106.94, 6, 29),
(1698, '2026-06-22 08:16:15', 116.94, 6, 29),
(1699, '2026-06-22 08:14:15', 96.94, 7, 29),
(1700, '2026-06-22 08:12:15', 106.94, 7, 29),
(1701, '2026-06-22 08:10:15', 116.94, 7, 29),
(1702, '2026-06-22 08:08:15', 96.94, 8, 29),
(1703, '2026-06-22 08:06:15', 106.94, 8, 29),
(1704, '2026-06-22 08:04:15', 116.94, 8, 29),
(1705, '2026-06-22 08:02:15', 96.94, 9, 29),
(1706, '2026-06-22 08:00:15', 106.94, 9, 29),
(1707, '2026-06-22 07:58:15', 116.94, 9, 29),
(1708, '2026-06-22 07:56:15', 96.94, 10, 29),
(1709, '2026-06-22 07:54:15', 106.94, 10, 29),
(1710, '2026-06-22 07:52:15', 116.94, 10, 29),
(1711, '2026-06-22 07:50:15', 96.94, 11, 29),
(1712, '2026-06-22 07:48:15', 106.94, 11, 29),
(1713, '2026-06-22 07:46:15', 116.94, 11, 29),
(1714, '2026-06-22 07:44:15', 96.94, 12, 29),
(1715, '2026-06-22 07:42:15', 106.94, 12, 29),
(1716, '2026-06-22 07:40:15', 116.94, 12, 29),
(1717, '2026-06-22 07:38:15', 96.94, 13, 29),
(1718, '2026-06-22 07:36:15', 106.94, 13, 29),
(1719, '2026-06-22 07:34:15', 116.94, 13, 29),
(1720, '2026-06-22 07:32:15', 96.94, 14, 29),
(1721, '2026-06-22 07:30:15', 106.94, 14, 29),
(1722, '2026-06-22 07:28:15', 116.94, 14, 29),
(1723, '2026-06-22 07:26:15', 96.94, 15, 29),
(1724, '2026-06-22 07:24:15', 106.94, 15, 29),
(1725, '2026-06-22 07:22:15', 116.94, 15, 29),
(1726, '2026-06-22 07:20:15', 96.94, 16, 29),
(1727, '2026-06-22 07:18:15', 106.94, 16, 29),
(1728, '2026-06-22 07:16:15', 116.94, 16, 29),
(1729, '2026-06-22 07:14:15', 96.94, 17, 29),
(1730, '2026-06-22 07:12:15', 106.94, 17, 29),
(1731, '2026-06-22 07:10:15', 116.94, 17, 29),
(1732, '2026-06-22 07:08:15', 96.94, 18, 29),
(1733, '2026-06-22 07:06:15', 106.94, 18, 29),
(1734, '2026-06-22 07:04:15', 116.94, 18, 29),
(1735, '2026-06-22 07:02:15', 96.94, 19, 29),
(1736, '2026-06-22 07:00:15', 106.94, 19, 29),
(1737, '2026-06-22 06:58:15', 116.94, 19, 29),
(1738, '2026-06-22 06:56:15', 96.94, 20, 29),
(1739, '2026-06-22 06:54:15', 106.94, 20, 29),
(1740, '2026-06-22 06:52:15', 116.94, 20, 29),
(1741, '2026-06-22 06:50:15', 286.55, 1, 30),
(1742, '2026-06-22 06:48:15', 296.55, 1, 30),
(1743, '2026-06-22 06:46:15', 306.55, 1, 30),
(1744, '2026-06-22 06:44:15', 286.55, 2, 30),
(1745, '2026-06-22 06:42:15', 296.55, 2, 30),
(1746, '2026-06-22 06:40:15', 306.55, 2, 30),
(1747, '2026-06-22 06:38:15', 286.55, 3, 30),
(1748, '2026-06-22 06:36:15', 296.55, 3, 30),
(1749, '2026-06-22 06:34:15', 306.55, 3, 30),
(1750, '2026-06-22 06:32:15', 286.55, 4, 30),
(1751, '2026-06-22 06:30:15', 296.55, 4, 30),
(1752, '2026-06-22 06:28:15', 306.55, 4, 30),
(1753, '2026-06-22 06:26:15', 286.55, 5, 30),
(1754, '2026-06-22 06:24:15', 296.55, 5, 30),
(1755, '2026-06-22 06:22:15', 306.55, 5, 30),
(1756, '2026-06-22 06:20:15', 286.55, 6, 30),
(1757, '2026-06-22 06:18:15', 296.55, 6, 30),
(1758, '2026-06-22 06:16:15', 306.55, 6, 30),
(1759, '2026-06-22 06:14:15', 286.55, 7, 30),
(1760, '2026-06-22 06:12:15', 296.55, 7, 30),
(1761, '2026-06-22 06:10:15', 306.55, 7, 30),
(1762, '2026-06-22 06:08:15', 286.55, 8, 30),
(1763, '2026-06-22 06:06:15', 296.55, 8, 30),
(1764, '2026-06-22 06:04:15', 306.55, 8, 30),
(1765, '2026-06-22 06:02:15', 286.55, 9, 30),
(1766, '2026-06-22 06:00:15', 296.55, 9, 30),
(1767, '2026-06-22 05:58:15', 306.55, 9, 30),
(1768, '2026-06-22 05:56:15', 286.55, 10, 30),
(1769, '2026-06-22 05:54:15', 296.55, 10, 30),
(1770, '2026-06-22 05:52:15', 306.55, 10, 30),
(1771, '2026-06-22 05:50:15', 286.55, 11, 30),
(1772, '2026-06-22 05:48:15', 296.55, 11, 30),
(1773, '2026-06-22 05:46:15', 306.55, 11, 30),
(1774, '2026-06-22 05:44:15', 286.55, 12, 30),
(1775, '2026-06-22 05:42:15', 296.55, 12, 30),
(1776, '2026-06-22 05:40:15', 306.55, 12, 30),
(1777, '2026-06-22 05:38:15', 286.55, 13, 30),
(1778, '2026-06-22 05:36:15', 296.55, 13, 30),
(1779, '2026-06-22 05:34:15', 306.55, 13, 30),
(1780, '2026-06-22 05:32:15', 286.55, 14, 30),
(1781, '2026-06-22 05:30:15', 296.55, 14, 30),
(1782, '2026-06-22 05:28:15', 306.55, 14, 30),
(1783, '2026-06-22 05:26:15', 286.55, 15, 30),
(1784, '2026-06-22 05:24:15', 296.55, 15, 30),
(1785, '2026-06-22 05:22:15', 306.55, 15, 30),
(1786, '2026-06-22 05:20:15', 286.55, 16, 30),
(1787, '2026-06-22 05:18:15', 296.55, 16, 30),
(1788, '2026-06-22 05:16:15', 306.55, 16, 30),
(1789, '2026-06-22 05:14:15', 286.55, 17, 30),
(1790, '2026-06-22 05:12:15', 296.55, 17, 30),
(1791, '2026-06-22 05:10:15', 306.55, 17, 30),
(1792, '2026-06-22 05:08:15', 286.55, 18, 30),
(1793, '2026-06-22 05:06:15', 296.55, 18, 30),
(1794, '2026-06-22 05:04:15', 306.55, 18, 30),
(1795, '2026-06-22 05:02:15', 286.55, 19, 30),
(1796, '2026-06-22 05:00:15', 296.55, 19, 30),
(1797, '2026-06-22 04:58:15', 306.55, 19, 30),
(1798, '2026-06-22 04:56:15', 286.55, 20, 30),
(1799, '2026-06-22 04:54:15', 296.55, 20, 30),
(1800, '2026-06-22 04:52:15', 306.55, 20, 30),
(1801, '2026-06-22 04:50:15', 233.15, 1, 31),
(1802, '2026-06-22 04:48:15', 243.15, 1, 31),
(1803, '2026-06-22 04:46:15', 253.15, 1, 31),
(1804, '2026-06-22 04:44:15', 233.15, 2, 31),
(1805, '2026-06-22 04:42:15', 243.15, 2, 31),
(1806, '2026-06-22 04:40:15', 253.15, 2, 31),
(1807, '2026-06-22 04:38:15', 233.15, 3, 31),
(1808, '2026-06-22 04:36:15', 243.15, 3, 31),
(1809, '2026-06-22 04:34:15', 253.15, 3, 31),
(1810, '2026-06-22 04:32:15', 233.15, 4, 31),
(1811, '2026-06-22 04:30:15', 243.15, 4, 31),
(1812, '2026-06-22 04:28:15', 253.15, 4, 31),
(1813, '2026-06-22 04:26:15', 233.15, 5, 31),
(1814, '2026-06-22 04:24:15', 243.15, 5, 31),
(1815, '2026-06-22 04:22:15', 253.15, 5, 31),
(1816, '2026-06-22 04:20:15', 233.15, 6, 31),
(1817, '2026-06-22 04:18:15', 243.15, 6, 31),
(1818, '2026-06-22 04:16:15', 253.15, 6, 31),
(1819, '2026-06-22 04:14:15', 233.15, 7, 31),
(1820, '2026-06-22 04:12:15', 243.15, 7, 31),
(1821, '2026-06-22 04:10:15', 253.15, 7, 31),
(1822, '2026-06-22 04:08:15', 233.15, 8, 31),
(1823, '2026-06-22 04:06:15', 243.15, 8, 31),
(1824, '2026-06-22 04:04:15', 253.15, 8, 31),
(1825, '2026-06-22 04:02:15', 233.15, 9, 31),
(1826, '2026-06-22 04:00:15', 243.15, 9, 31),
(1827, '2026-06-22 03:58:15', 253.15, 9, 31),
(1828, '2026-06-22 03:56:15', 233.15, 10, 31),
(1829, '2026-06-22 03:54:15', 243.15, 10, 31),
(1830, '2026-06-22 03:52:15', 253.15, 10, 31),
(1831, '2026-06-22 03:50:15', 233.15, 11, 31),
(1832, '2026-06-22 03:48:15', 243.15, 11, 31),
(1833, '2026-06-22 03:46:15', 253.15, 11, 31),
(1834, '2026-06-22 03:44:15', 233.15, 12, 31),
(1835, '2026-06-22 03:42:15', 243.15, 12, 31),
(1836, '2026-06-22 03:40:15', 253.15, 12, 31),
(1837, '2026-06-22 03:38:15', 233.15, 13, 31),
(1838, '2026-06-22 03:36:15', 243.15, 13, 31),
(1839, '2026-06-22 03:34:15', 253.15, 13, 31),
(1840, '2026-06-22 03:32:15', 233.15, 14, 31),
(1841, '2026-06-22 03:30:15', 243.15, 14, 31),
(1842, '2026-06-22 03:28:15', 253.15, 14, 31),
(1843, '2026-06-22 03:26:15', 233.15, 15, 31),
(1844, '2026-06-22 03:24:15', 243.15, 15, 31),
(1845, '2026-06-22 03:22:15', 253.15, 15, 31),
(1846, '2026-06-22 03:20:15', 233.15, 16, 31),
(1847, '2026-06-22 03:18:15', 243.15, 16, 31),
(1848, '2026-06-22 03:16:15', 253.15, 16, 31),
(1849, '2026-06-22 03:14:15', 233.15, 17, 31),
(1850, '2026-06-22 03:12:15', 243.15, 17, 31),
(1851, '2026-06-22 03:10:15', 253.15, 17, 31),
(1852, '2026-06-22 03:08:15', 233.15, 18, 31),
(1853, '2026-06-22 03:06:15', 243.15, 18, 31),
(1854, '2026-06-22 03:04:15', 253.15, 18, 31),
(1855, '2026-06-22 03:02:15', 233.15, 19, 31),
(1856, '2026-06-22 03:00:15', 243.15, 19, 31),
(1857, '2026-06-22 02:58:15', 253.15, 19, 31),
(1858, '2026-06-22 02:56:15', 233.15, 20, 31),
(1859, '2026-06-22 02:54:15', 243.15, 20, 31),
(1860, '2026-06-22 02:52:15', 253.15, 20, 31),
(1861, '2026-06-22 02:50:15', 189.1, 1, 32),
(1862, '2026-06-22 02:48:15', 199.1, 1, 32),
(1863, '2026-06-22 02:46:15', 209.1, 1, 32),
(1864, '2026-06-22 02:44:15', 189.1, 2, 32),
(1865, '2026-06-22 02:42:15', 199.1, 2, 32),
(1866, '2026-06-22 02:40:15', 209.1, 2, 32),
(1867, '2026-06-22 02:38:15', 189.1, 3, 32),
(1868, '2026-06-22 02:36:15', 199.1, 3, 32),
(1869, '2026-06-22 02:34:15', 209.1, 3, 32),
(1870, '2026-06-22 02:32:15', 189.1, 4, 32),
(1871, '2026-06-22 02:30:15', 199.1, 4, 32),
(1872, '2026-06-22 02:28:15', 209.1, 4, 32),
(1873, '2026-06-22 02:26:15', 189.1, 5, 32),
(1874, '2026-06-22 02:24:15', 199.1, 5, 32),
(1875, '2026-06-22 02:22:15', 209.1, 5, 32),
(1876, '2026-06-22 02:20:15', 189.1, 6, 32),
(1877, '2026-06-22 02:18:15', 199.1, 6, 32),
(1878, '2026-06-22 02:16:15', 209.1, 6, 32),
(1879, '2026-06-22 02:14:15', 189.1, 7, 32),
(1880, '2026-06-22 02:12:15', 199.1, 7, 32),
(1881, '2026-06-22 02:10:15', 209.1, 7, 32),
(1882, '2026-06-22 02:08:15', 189.1, 8, 32),
(1883, '2026-06-22 02:06:15', 199.1, 8, 32),
(1884, '2026-06-22 02:04:15', 209.1, 8, 32),
(1885, '2026-06-22 02:02:15', 189.1, 9, 32),
(1886, '2026-06-22 02:00:15', 199.1, 9, 32),
(1887, '2026-06-22 01:58:15', 209.1, 9, 32),
(1888, '2026-06-22 01:56:15', 189.1, 10, 32),
(1889, '2026-06-22 01:54:15', 199.1, 10, 32),
(1890, '2026-06-22 01:52:15', 209.1, 10, 32),
(1891, '2026-06-22 01:50:15', 189.1, 11, 32),
(1892, '2026-06-22 01:48:15', 199.1, 11, 32),
(1893, '2026-06-22 01:46:15', 209.1, 11, 32),
(1894, '2026-06-22 01:44:15', 189.1, 12, 32),
(1895, '2026-06-22 01:42:15', 199.1, 12, 32),
(1896, '2026-06-22 01:40:15', 209.1, 12, 32),
(1897, '2026-06-22 01:38:15', 189.1, 13, 32),
(1898, '2026-06-22 01:36:15', 199.1, 13, 32),
(1899, '2026-06-22 01:34:15', 209.1, 13, 32),
(1900, '2026-06-22 01:32:15', 189.1, 14, 32),
(1901, '2026-06-22 01:30:15', 199.1, 14, 32),
(1902, '2026-06-22 01:28:15', 209.1, 14, 32),
(1903, '2026-06-22 01:26:15', 189.1, 15, 32),
(1904, '2026-06-22 01:24:15', 199.1, 15, 32),
(1905, '2026-06-22 01:22:15', 209.1, 15, 32),
(1906, '2026-06-22 01:20:15', 189.1, 16, 32),
(1907, '2026-06-22 01:18:15', 199.1, 16, 32),
(1908, '2026-06-22 01:16:15', 209.1, 16, 32),
(1909, '2026-06-22 01:14:15', 189.1, 17, 32),
(1910, '2026-06-22 01:12:15', 199.1, 17, 32),
(1911, '2026-06-22 01:10:15', 209.1, 17, 32),
(1912, '2026-06-22 01:08:15', 189.1, 18, 32),
(1913, '2026-06-22 01:06:15', 199.1, 18, 32),
(1914, '2026-06-22 01:04:15', 209.1, 18, 32),
(1915, '2026-06-22 01:02:15', 189.1, 19, 32),
(1916, '2026-06-22 01:00:15', 199.1, 19, 32),
(1917, '2026-06-22 00:58:15', 209.1, 19, 32),
(1918, '2026-06-22 00:56:15', 189.1, 20, 32),
(1919, '2026-06-22 00:54:15', 199.1, 20, 32),
(1920, '2026-06-22 00:52:15', 209.1, 20, 32),
(1921, '2026-06-22 00:50:15', 106.59, 1, 33),
(1922, '2026-06-22 00:48:15', 116.59, 1, 33),
(1923, '2026-06-22 00:46:15', 126.59, 1, 33),
(1924, '2026-06-22 00:44:15', 106.59, 2, 33),
(1925, '2026-06-22 00:42:15', 116.59, 2, 33),
(1926, '2026-06-22 00:40:15', 126.59, 2, 33),
(1927, '2026-06-22 00:38:15', 106.59, 3, 33),
(1928, '2026-06-22 00:36:15', 116.59, 3, 33),
(1929, '2026-06-22 00:34:15', 126.59, 3, 33),
(1930, '2026-06-22 00:32:15', 106.59, 4, 33),
(1931, '2026-06-22 00:30:15', 116.59, 4, 33),
(1932, '2026-06-22 00:28:15', 126.59, 4, 33),
(1933, '2026-06-22 00:26:15', 106.59, 5, 33),
(1934, '2026-06-22 00:24:15', 116.59, 5, 33),
(1935, '2026-06-22 00:22:15', 126.59, 5, 33),
(1936, '2026-06-22 00:20:15', 106.59, 6, 33),
(1937, '2026-06-22 00:18:15', 116.59, 6, 33),
(1938, '2026-06-22 00:16:15', 126.59, 6, 33),
(1939, '2026-06-22 00:14:15', 106.59, 7, 33),
(1940, '2026-06-22 00:12:15', 116.59, 7, 33),
(1941, '2026-06-22 00:10:15', 126.59, 7, 33),
(1942, '2026-06-22 00:08:15', 106.59, 8, 33),
(1943, '2026-06-22 00:06:15', 116.59, 8, 33),
(1944, '2026-06-22 00:04:15', 126.59, 8, 33),
(1945, '2026-06-22 00:02:15', 106.59, 9, 33),
(1946, '2026-06-22 00:00:15', 116.59, 9, 33),
(1947, '2026-06-21 23:58:15', 126.59, 9, 33),
(1948, '2026-06-21 23:56:15', 106.59, 10, 33),
(1949, '2026-06-21 23:54:15', 116.59, 10, 33),
(1950, '2026-06-21 23:52:15', 126.59, 10, 33),
(1951, '2026-06-21 23:50:15', 106.59, 11, 33),
(1952, '2026-06-21 23:48:15', 116.59, 11, 33),
(1953, '2026-06-21 23:46:15', 126.59, 11, 33),
(1954, '2026-06-21 23:44:15', 106.59, 12, 33),
(1955, '2026-06-21 23:42:15', 116.59, 12, 33),
(1956, '2026-06-21 23:40:15', 126.59, 12, 33),
(1957, '2026-06-21 23:38:15', 106.59, 13, 33),
(1958, '2026-06-21 23:36:15', 116.59, 13, 33),
(1959, '2026-06-21 23:34:15', 126.59, 13, 33),
(1960, '2026-06-21 23:32:15', 106.59, 14, 33),
(1961, '2026-06-21 23:30:15', 116.59, 14, 33),
(1962, '2026-06-21 23:28:15', 126.59, 14, 33),
(1963, '2026-06-21 23:26:15', 106.59, 15, 33),
(1964, '2026-06-21 23:24:15', 116.59, 15, 33),
(1965, '2026-06-21 23:22:15', 126.59, 15, 33),
(1966, '2026-06-21 23:20:15', 106.59, 16, 33),
(1967, '2026-06-21 23:18:15', 116.59, 16, 33),
(1968, '2026-06-21 23:16:15', 126.59, 16, 33),
(1969, '2026-06-21 23:14:15', 106.59, 17, 33),
(1970, '2026-06-21 23:12:15', 116.59, 17, 33),
(1971, '2026-06-21 23:10:15', 126.59, 17, 33),
(1972, '2026-06-21 23:08:15', 106.59, 18, 33),
(1973, '2026-06-21 23:06:15', 116.59, 18, 33),
(1974, '2026-06-21 23:04:15', 126.59, 18, 33),
(1975, '2026-06-21 23:02:15', 106.59, 19, 33),
(1976, '2026-06-21 23:00:15', 116.59, 19, 33),
(1977, '2026-06-21 22:58:15', 126.59, 19, 33),
(1978, '2026-06-21 22:56:15', 106.59, 20, 33),
(1979, '2026-06-21 22:54:15', 116.59, 20, 33),
(1980, '2026-06-21 22:52:15', 126.59, 20, 33),
(1981, '2026-06-21 22:50:15', 70.38, 1, 34),
(1982, '2026-06-21 22:48:15', 80.38, 1, 34),
(1983, '2026-06-21 22:46:15', 90.38, 1, 34),
(1984, '2026-06-21 22:44:15', 70.38, 2, 34),
(1985, '2026-06-21 22:42:15', 80.38, 2, 34),
(1986, '2026-06-21 22:40:15', 90.38, 2, 34),
(1987, '2026-06-21 22:38:15', 70.38, 3, 34),
(1988, '2026-06-21 22:36:15', 80.38, 3, 34),
(1989, '2026-06-21 22:34:15', 90.38, 3, 34),
(1990, '2026-06-21 22:32:15', 70.38, 4, 34),
(1991, '2026-06-21 22:30:15', 80.38, 4, 34),
(1992, '2026-06-21 22:28:15', 90.38, 4, 34),
(1993, '2026-06-21 22:26:15', 70.38, 5, 34),
(1994, '2026-06-21 22:24:15', 80.38, 5, 34),
(1995, '2026-06-21 22:22:15', 90.38, 5, 34),
(1996, '2026-06-21 22:20:15', 70.38, 6, 34),
(1997, '2026-06-21 22:18:15', 80.38, 6, 34),
(1998, '2026-06-21 22:16:15', 90.38, 6, 34),
(1999, '2026-06-21 22:14:15', 70.38, 7, 34),
(2000, '2026-06-21 22:12:15', 80.38, 7, 34),
(2001, '2026-06-21 22:10:15', 90.38, 7, 34),
(2002, '2026-06-21 22:08:15', 70.38, 8, 34),
(2003, '2026-06-21 22:06:15', 80.38, 8, 34),
(2004, '2026-06-21 22:04:15', 90.38, 8, 34),
(2005, '2026-06-21 22:02:15', 70.38, 9, 34),
(2006, '2026-06-21 22:00:15', 80.38, 9, 34),
(2007, '2026-06-21 21:58:15', 90.38, 9, 34),
(2008, '2026-06-21 21:56:15', 70.38, 10, 34),
(2009, '2026-06-21 21:54:15', 80.38, 10, 34),
(2010, '2026-06-21 21:52:15', 90.38, 10, 34),
(2011, '2026-06-21 21:50:15', 70.38, 11, 34),
(2012, '2026-06-21 21:48:15', 80.38, 11, 34),
(2013, '2026-06-21 21:46:15', 90.38, 11, 34),
(2014, '2026-06-21 21:44:15', 70.38, 12, 34),
(2015, '2026-06-21 21:42:15', 80.38, 12, 34),
(2016, '2026-06-21 21:40:15', 90.38, 12, 34),
(2017, '2026-06-21 21:38:15', 70.38, 13, 34),
(2018, '2026-06-21 21:36:15', 80.38, 13, 34),
(2019, '2026-06-21 21:34:15', 90.38, 13, 34),
(2020, '2026-06-21 21:32:15', 70.38, 14, 34),
(2021, '2026-06-21 21:30:15', 80.38, 14, 34),
(2022, '2026-06-21 21:28:15', 90.38, 14, 34),
(2023, '2026-06-21 21:26:15', 70.38, 15, 34),
(2024, '2026-06-21 21:24:15', 80.38, 15, 34),
(2025, '2026-06-21 21:22:15', 90.38, 15, 34),
(2026, '2026-06-21 21:20:15', 70.38, 16, 34),
(2027, '2026-06-21 21:18:15', 80.38, 16, 34),
(2028, '2026-06-21 21:16:15', 90.38, 16, 34),
(2029, '2026-06-21 21:14:15', 70.38, 17, 34),
(2030, '2026-06-21 21:12:15', 80.38, 17, 34),
(2031, '2026-06-21 21:10:15', 90.38, 17, 34),
(2032, '2026-06-21 21:08:15', 70.38, 18, 34),
(2033, '2026-06-21 21:06:15', 80.38, 18, 34),
(2034, '2026-06-21 21:04:15', 90.38, 18, 34),
(2035, '2026-06-21 21:02:15', 70.38, 19, 34),
(2036, '2026-06-21 21:00:15', 80.38, 19, 34),
(2037, '2026-06-21 20:58:15', 90.38, 19, 34),
(2038, '2026-06-21 20:56:15', 70.38, 20, 34),
(2039, '2026-06-21 20:54:15', 80.38, 20, 34),
(2040, '2026-06-21 20:52:15', 90.38, 20, 34),
(2041, '2026-06-21 20:50:15', 137.05, 1, 35),
(2042, '2026-06-21 20:48:15', 147.05, 1, 35),
(2043, '2026-06-21 20:46:15', 157.05, 1, 35),
(2044, '2026-06-21 20:44:15', 137.05, 2, 35),
(2045, '2026-06-21 20:42:15', 147.05, 2, 35),
(2046, '2026-06-21 20:40:15', 157.05, 2, 35),
(2047, '2026-06-21 20:38:15', 137.05, 3, 35),
(2048, '2026-06-21 20:36:15', 147.05, 3, 35),
(2049, '2026-06-21 20:34:15', 157.05, 3, 35),
(2050, '2026-06-21 20:32:15', 137.05, 4, 35),
(2051, '2026-06-21 20:30:15', 147.05, 4, 35),
(2052, '2026-06-21 20:28:15', 157.05, 4, 35),
(2053, '2026-06-21 20:26:15', 137.05, 5, 35),
(2054, '2026-06-21 20:24:15', 147.05, 5, 35),
(2055, '2026-06-21 20:22:15', 157.05, 5, 35),
(2056, '2026-06-21 20:20:15', 137.05, 6, 35),
(2057, '2026-06-21 20:18:15', 147.05, 6, 35),
(2058, '2026-06-21 20:16:15', 157.05, 6, 35),
(2059, '2026-06-21 20:14:15', 137.05, 7, 35),
(2060, '2026-06-21 20:12:15', 147.05, 7, 35),
(2061, '2026-06-21 20:10:15', 157.05, 7, 35),
(2062, '2026-06-21 20:08:15', 137.05, 8, 35),
(2063, '2026-06-21 20:06:15', 147.05, 8, 35),
(2064, '2026-06-21 20:04:15', 157.05, 8, 35),
(2065, '2026-06-21 20:02:15', 137.05, 9, 35),
(2066, '2026-06-21 20:00:15', 147.05, 9, 35),
(2067, '2026-06-21 19:58:15', 157.05, 9, 35),
(2068, '2026-06-21 19:56:15', 137.05, 10, 35),
(2069, '2026-06-21 19:54:15', 147.05, 10, 35),
(2070, '2026-06-21 19:52:15', 157.05, 10, 35),
(2071, '2026-06-21 19:50:15', 137.05, 11, 35),
(2072, '2026-06-21 19:48:15', 147.05, 11, 35),
(2073, '2026-06-21 19:46:15', 157.05, 11, 35),
(2074, '2026-06-21 19:44:15', 137.05, 12, 35),
(2075, '2026-06-21 19:42:15', 147.05, 12, 35),
(2076, '2026-06-21 19:40:15', 157.05, 12, 35),
(2077, '2026-06-21 19:38:15', 137.05, 13, 35),
(2078, '2026-06-21 19:36:15', 147.05, 13, 35),
(2079, '2026-06-21 19:34:15', 157.05, 13, 35),
(2080, '2026-06-21 19:32:15', 137.05, 14, 35),
(2081, '2026-06-21 19:30:15', 147.05, 14, 35),
(2082, '2026-06-21 19:28:15', 157.05, 14, 35),
(2083, '2026-06-21 19:26:15', 137.05, 15, 35),
(2084, '2026-06-21 19:24:15', 147.05, 15, 35),
(2085, '2026-06-21 19:22:15', 157.05, 15, 35),
(2086, '2026-06-21 19:20:15', 137.05, 16, 35),
(2087, '2026-06-21 19:18:15', 147.05, 16, 35),
(2088, '2026-06-21 19:16:15', 157.05, 16, 35),
(2089, '2026-06-21 19:14:15', 137.05, 17, 35),
(2090, '2026-06-21 19:12:15', 147.05, 17, 35),
(2091, '2026-06-21 19:10:15', 157.05, 17, 35),
(2092, '2026-06-21 19:08:15', 137.05, 18, 35),
(2093, '2026-06-21 19:06:15', 147.05, 18, 35),
(2094, '2026-06-21 19:04:15', 157.05, 18, 35),
(2095, '2026-06-21 19:02:15', 137.05, 19, 35),
(2096, '2026-06-21 19:00:15', 147.05, 19, 35),
(2097, '2026-06-21 18:58:15', 157.05, 19, 35),
(2098, '2026-06-21 18:56:15', 137.05, 20, 35),
(2099, '2026-06-21 18:54:15', 147.05, 20, 35),
(2100, '2026-06-21 18:52:15', 157.05, 20, 35),
(2101, '2026-06-21 18:50:15', 205.79, 1, 36),
(2102, '2026-06-21 18:48:15', 215.79, 1, 36),
(2103, '2026-06-21 18:46:15', 225.79, 1, 36),
(2104, '2026-06-21 18:44:15', 205.79, 2, 36),
(2105, '2026-06-21 18:42:15', 215.79, 2, 36),
(2106, '2026-06-21 18:40:15', 225.79, 2, 36),
(2107, '2026-06-21 18:38:15', 205.79, 3, 36),
(2108, '2026-06-21 18:36:15', 215.79, 3, 36),
(2109, '2026-06-21 18:34:15', 225.79, 3, 36),
(2110, '2026-06-21 18:32:15', 205.79, 4, 36),
(2111, '2026-06-21 18:30:15', 215.79, 4, 36),
(2112, '2026-06-21 18:28:15', 225.79, 4, 36),
(2113, '2026-06-21 18:26:15', 205.79, 5, 36),
(2114, '2026-06-21 18:24:15', 215.79, 5, 36),
(2115, '2026-06-21 18:22:15', 225.79, 5, 36),
(2116, '2026-06-21 18:20:15', 205.79, 6, 36),
(2117, '2026-06-21 18:18:15', 215.79, 6, 36),
(2118, '2026-06-21 18:16:15', 225.79, 6, 36),
(2119, '2026-06-21 18:14:15', 205.79, 7, 36),
(2120, '2026-06-21 18:12:15', 215.79, 7, 36),
(2121, '2026-06-21 18:10:15', 225.79, 7, 36),
(2122, '2026-06-21 18:08:15', 205.79, 8, 36),
(2123, '2026-06-21 18:06:15', 215.79, 8, 36),
(2124, '2026-06-21 18:04:15', 225.79, 8, 36),
(2125, '2026-06-21 18:02:15', 205.79, 9, 36),
(2126, '2026-06-21 18:00:15', 215.79, 9, 36),
(2127, '2026-06-21 17:58:15', 225.79, 9, 36),
(2128, '2026-06-21 17:56:15', 205.79, 10, 36),
(2129, '2026-06-21 17:54:15', 215.79, 10, 36),
(2130, '2026-06-21 17:52:15', 225.79, 10, 36),
(2131, '2026-06-21 17:50:15', 205.79, 11, 36),
(2132, '2026-06-21 17:48:15', 215.79, 11, 36),
(2133, '2026-06-21 17:46:15', 225.79, 11, 36),
(2134, '2026-06-21 17:44:15', 205.79, 12, 36),
(2135, '2026-06-21 17:42:15', 215.79, 12, 36),
(2136, '2026-06-21 17:40:15', 225.79, 12, 36),
(2137, '2026-06-21 17:38:15', 205.79, 13, 36),
(2138, '2026-06-21 17:36:15', 215.79, 13, 36),
(2139, '2026-06-21 17:34:15', 225.79, 13, 36),
(2140, '2026-06-21 17:32:15', 205.79, 14, 36),
(2141, '2026-06-21 17:30:15', 215.79, 14, 36),
(2142, '2026-06-21 17:28:15', 225.79, 14, 36),
(2143, '2026-06-21 17:26:15', 205.79, 15, 36),
(2144, '2026-06-21 17:24:15', 215.79, 15, 36),
(2145, '2026-06-21 17:22:15', 225.79, 15, 36),
(2146, '2026-06-21 17:20:15', 205.79, 16, 36),
(2147, '2026-06-21 17:18:15', 215.79, 16, 36),
(2148, '2026-06-21 17:16:15', 225.79, 16, 36),
(2149, '2026-06-21 17:14:15', 205.79, 17, 36),
(2150, '2026-06-21 17:12:15', 215.79, 17, 36),
(2151, '2026-06-21 17:10:15', 225.79, 17, 36),
(2152, '2026-06-21 17:08:15', 205.79, 18, 36),
(2153, '2026-06-21 17:06:15', 215.79, 18, 36),
(2154, '2026-06-21 17:04:15', 225.79, 18, 36),
(2155, '2026-06-21 17:02:15', 205.79, 19, 36),
(2156, '2026-06-21 17:00:15', 215.79, 19, 36),
(2157, '2026-06-21 16:58:15', 225.79, 19, 36),
(2158, '2026-06-21 16:56:15', 205.79, 20, 36),
(2159, '2026-06-21 16:54:15', 215.79, 20, 36),
(2160, '2026-06-21 16:52:15', 225.79, 20, 36),
(2161, '2026-06-21 16:50:15', 265.27, 1, 37),
(2162, '2026-06-21 16:48:15', 275.27, 1, 37),
(2163, '2026-06-21 16:46:15', 285.27, 1, 37),
(2164, '2026-06-21 16:44:15', 265.27, 2, 37),
(2165, '2026-06-21 16:42:15', 275.27, 2, 37),
(2166, '2026-06-21 16:40:15', 285.27, 2, 37),
(2167, '2026-06-21 16:38:15', 265.27, 3, 37),
(2168, '2026-06-21 16:36:15', 275.27, 3, 37),
(2169, '2026-06-21 16:34:15', 285.27, 3, 37),
(2170, '2026-06-21 16:32:15', 265.27, 4, 37),
(2171, '2026-06-21 16:30:15', 275.27, 4, 37),
(2172, '2026-06-21 16:28:15', 285.27, 4, 37),
(2173, '2026-06-21 16:26:15', 265.27, 5, 37),
(2174, '2026-06-21 16:24:15', 275.27, 5, 37),
(2175, '2026-06-21 16:22:15', 285.27, 5, 37),
(2176, '2026-06-21 16:20:15', 265.27, 6, 37),
(2177, '2026-06-21 16:18:15', 275.27, 6, 37),
(2178, '2026-06-21 16:16:15', 285.27, 6, 37),
(2179, '2026-06-21 16:14:15', 265.27, 7, 37),
(2180, '2026-06-21 16:12:15', 275.27, 7, 37),
(2181, '2026-06-21 16:10:15', 285.27, 7, 37),
(2182, '2026-06-21 16:08:15', 265.27, 8, 37),
(2183, '2026-06-21 16:06:15', 275.27, 8, 37),
(2184, '2026-06-21 16:04:15', 285.27, 8, 37),
(2185, '2026-06-21 16:02:15', 265.27, 9, 37),
(2186, '2026-06-21 16:00:15', 275.27, 9, 37),
(2187, '2026-06-21 15:58:15', 285.27, 9, 37),
(2188, '2026-06-21 15:56:15', 265.27, 10, 37),
(2189, '2026-06-21 15:54:15', 275.27, 10, 37),
(2190, '2026-06-21 15:52:15', 285.27, 10, 37),
(2191, '2026-06-21 15:50:15', 265.27, 11, 37),
(2192, '2026-06-21 15:48:15', 275.27, 11, 37),
(2193, '2026-06-21 15:46:15', 285.27, 11, 37),
(2194, '2026-06-21 15:44:15', 265.27, 12, 37),
(2195, '2026-06-21 15:42:15', 275.27, 12, 37),
(2196, '2026-06-21 15:40:15', 285.27, 12, 37),
(2197, '2026-06-21 15:38:15', 265.27, 13, 37),
(2198, '2026-06-21 15:36:15', 275.27, 13, 37),
(2199, '2026-06-21 15:34:15', 285.27, 13, 37),
(2200, '2026-06-21 15:32:15', 265.27, 14, 37),
(2201, '2026-06-21 15:30:15', 275.27, 14, 37),
(2202, '2026-06-21 15:28:15', 285.27, 14, 37),
(2203, '2026-06-21 15:26:15', 265.27, 15, 37),
(2204, '2026-06-21 15:24:15', 275.27, 15, 37),
(2205, '2026-06-21 15:22:15', 285.27, 15, 37),
(2206, '2026-06-21 15:20:15', 265.27, 16, 37),
(2207, '2026-06-21 15:18:15', 275.27, 16, 37),
(2208, '2026-06-21 15:16:15', 285.27, 16, 37),
(2209, '2026-06-21 15:14:15', 265.27, 17, 37),
(2210, '2026-06-21 15:12:15', 275.27, 17, 37),
(2211, '2026-06-21 15:10:15', 285.27, 17, 37),
(2212, '2026-06-21 15:08:15', 265.27, 18, 37),
(2213, '2026-06-21 15:06:15', 275.27, 18, 37),
(2214, '2026-06-21 15:04:15', 285.27, 18, 37),
(2215, '2026-06-21 15:02:15', 265.27, 19, 37),
(2216, '2026-06-21 15:00:15', 275.27, 19, 37),
(2217, '2026-06-21 14:58:15', 285.27, 19, 37),
(2218, '2026-06-21 14:56:15', 265.27, 20, 37),
(2219, '2026-06-21 14:54:15', 275.27, 20, 37),
(2220, '2026-06-21 14:52:15', 285.27, 20, 37),
(2221, '2026-06-21 14:50:15', 60.99, 1, 38),
(2222, '2026-06-21 14:48:15', 70.99, 1, 38),
(2223, '2026-06-21 14:46:15', 80.99, 1, 38),
(2224, '2026-06-21 14:44:15', 60.99, 2, 38),
(2225, '2026-06-21 14:42:15', 70.99, 2, 38),
(2226, '2026-06-21 14:40:15', 80.99, 2, 38),
(2227, '2026-06-21 14:38:15', 60.99, 3, 38),
(2228, '2026-06-21 14:36:15', 70.99, 3, 38),
(2229, '2026-06-21 14:34:15', 80.99, 3, 38),
(2230, '2026-06-21 14:32:15', 60.99, 4, 38),
(2231, '2026-06-21 14:30:15', 70.99, 4, 38),
(2232, '2026-06-21 14:28:15', 80.99, 4, 38),
(2233, '2026-06-21 14:26:15', 60.99, 5, 38),
(2234, '2026-06-21 14:24:15', 70.99, 5, 38),
(2235, '2026-06-21 14:22:15', 80.99, 5, 38),
(2236, '2026-06-21 14:20:15', 60.99, 6, 38),
(2237, '2026-06-21 14:18:15', 70.99, 6, 38),
(2238, '2026-06-21 14:16:15', 80.99, 6, 38),
(2239, '2026-06-21 14:14:15', 60.99, 7, 38),
(2240, '2026-06-21 14:12:15', 70.99, 7, 38),
(2241, '2026-06-21 14:10:15', 80.99, 7, 38),
(2242, '2026-06-21 14:08:15', 60.99, 8, 38),
(2243, '2026-06-21 14:06:15', 70.99, 8, 38),
(2244, '2026-06-21 14:04:15', 80.99, 8, 38),
(2245, '2026-06-21 14:02:15', 60.99, 9, 38),
(2246, '2026-06-21 14:00:15', 70.99, 9, 38),
(2247, '2026-06-21 13:58:15', 80.99, 9, 38),
(2248, '2026-06-21 13:56:15', 60.99, 10, 38),
(2249, '2026-06-21 13:54:15', 70.99, 10, 38),
(2250, '2026-06-21 13:52:15', 80.99, 10, 38),
(2251, '2026-06-21 13:50:15', 60.99, 11, 38),
(2252, '2026-06-21 13:48:15', 70.99, 11, 38),
(2253, '2026-06-21 13:46:15', 80.99, 11, 38),
(2254, '2026-06-21 13:44:15', 60.99, 12, 38),
(2255, '2026-06-21 13:42:15', 70.99, 12, 38),
(2256, '2026-06-21 13:40:15', 80.99, 12, 38),
(2257, '2026-06-21 13:38:15', 60.99, 13, 38),
(2258, '2026-06-21 13:36:15', 70.99, 13, 38),
(2259, '2026-06-21 13:34:15', 80.99, 13, 38),
(2260, '2026-06-21 13:32:15', 60.99, 14, 38),
(2261, '2026-06-21 13:30:15', 70.99, 14, 38),
(2262, '2026-06-21 13:28:15', 80.99, 14, 38),
(2263, '2026-06-21 13:26:15', 60.99, 15, 38),
(2264, '2026-06-21 13:24:15', 70.99, 15, 38),
(2265, '2026-06-21 13:22:15', 80.99, 15, 38),
(2266, '2026-06-21 13:20:15', 60.99, 16, 38),
(2267, '2026-06-21 13:18:15', 70.99, 16, 38),
(2268, '2026-06-21 13:16:15', 80.99, 16, 38),
(2269, '2026-06-21 13:14:15', 60.99, 17, 38),
(2270, '2026-06-21 13:12:15', 70.99, 17, 38),
(2271, '2026-06-21 13:10:15', 80.99, 17, 38),
(2272, '2026-06-21 13:08:15', 60.99, 18, 38),
(2273, '2026-06-21 13:06:15', 70.99, 18, 38),
(2274, '2026-06-21 13:04:15', 80.99, 18, 38),
(2275, '2026-06-21 13:02:15', 60.99, 19, 38),
(2276, '2026-06-21 13:00:15', 70.99, 19, 38),
(2277, '2026-06-21 12:58:15', 80.99, 19, 38),
(2278, '2026-06-21 12:56:15', 60.99, 20, 38),
(2279, '2026-06-21 12:54:15', 70.99, 20, 38),
(2280, '2026-06-21 12:52:15', 80.99, 20, 38),
(2281, '2026-06-21 12:50:15', 193.93, 1, 39),
(2282, '2026-06-21 12:48:15', 203.93, 1, 39),
(2283, '2026-06-21 12:46:15', 213.93, 1, 39),
(2284, '2026-06-21 12:44:15', 193.93, 2, 39),
(2285, '2026-06-21 12:42:15', 203.93, 2, 39),
(2286, '2026-06-21 12:40:15', 213.93, 2, 39),
(2287, '2026-06-21 12:38:15', 193.93, 3, 39),
(2288, '2026-06-21 12:36:15', 203.93, 3, 39),
(2289, '2026-06-21 12:34:15', 213.93, 3, 39),
(2290, '2026-06-21 12:32:15', 193.93, 4, 39),
(2291, '2026-06-21 12:30:15', 203.93, 4, 39),
(2292, '2026-06-21 12:28:15', 213.93, 4, 39),
(2293, '2026-06-21 12:26:15', 193.93, 5, 39),
(2294, '2026-06-21 12:24:15', 203.93, 5, 39),
(2295, '2026-06-21 12:22:15', 213.93, 5, 39),
(2296, '2026-06-21 12:20:15', 193.93, 6, 39),
(2297, '2026-06-21 12:18:15', 203.93, 6, 39),
(2298, '2026-06-21 12:16:15', 213.93, 6, 39),
(2299, '2026-06-21 12:14:15', 193.93, 7, 39),
(2300, '2026-06-21 12:12:15', 203.93, 7, 39),
(2301, '2026-06-21 12:10:15', 213.93, 7, 39),
(2302, '2026-06-21 12:08:15', 193.93, 8, 39),
(2303, '2026-06-21 12:06:15', 203.93, 8, 39),
(2304, '2026-06-21 12:04:15', 213.93, 8, 39),
(2305, '2026-06-21 12:02:15', 193.93, 9, 39),
(2306, '2026-06-21 12:00:15', 203.93, 9, 39),
(2307, '2026-06-21 11:58:15', 213.93, 9, 39),
(2308, '2026-06-21 11:56:15', 193.93, 10, 39),
(2309, '2026-06-21 11:54:15', 203.93, 10, 39),
(2310, '2026-06-21 11:52:15', 213.93, 10, 39),
(2311, '2026-06-21 11:50:15', 193.93, 11, 39),
(2312, '2026-06-21 11:48:15', 203.93, 11, 39),
(2313, '2026-06-21 11:46:15', 213.93, 11, 39),
(2314, '2026-06-21 11:44:15', 193.93, 12, 39),
(2315, '2026-06-21 11:42:15', 203.93, 12, 39),
(2316, '2026-06-21 11:40:15', 213.93, 12, 39),
(2317, '2026-06-21 11:38:15', 193.93, 13, 39),
(2318, '2026-06-21 11:36:15', 203.93, 13, 39),
(2319, '2026-06-21 11:34:15', 213.93, 13, 39),
(2320, '2026-06-21 11:32:15', 193.93, 14, 39),
(2321, '2026-06-21 11:30:15', 203.93, 14, 39),
(2322, '2026-06-21 11:28:15', 213.93, 14, 39),
(2323, '2026-06-21 11:26:15', 193.93, 15, 39),
(2324, '2026-06-21 11:24:15', 203.93, 15, 39),
(2325, '2026-06-21 11:22:15', 213.93, 15, 39),
(2326, '2026-06-21 11:20:15', 193.93, 16, 39),
(2327, '2026-06-21 11:18:15', 203.93, 16, 39),
(2328, '2026-06-21 11:16:15', 213.93, 16, 39),
(2329, '2026-06-21 11:14:15', 193.93, 17, 39),
(2330, '2026-06-21 11:12:15', 203.93, 17, 39),
(2331, '2026-06-21 11:10:15', 213.93, 17, 39),
(2332, '2026-06-21 11:08:15', 193.93, 18, 39),
(2333, '2026-06-21 11:06:15', 203.93, 18, 39),
(2334, '2026-06-21 11:04:15', 213.93, 18, 39),
(2335, '2026-06-21 11:02:15', 193.93, 19, 39),
(2336, '2026-06-21 11:00:15', 203.93, 19, 39),
(2337, '2026-06-21 10:58:15', 213.93, 19, 39),
(2338, '2026-06-21 10:56:15', 193.93, 20, 39),
(2339, '2026-06-21 10:54:15', 203.93, 20, 39),
(2340, '2026-06-21 10:52:15', 213.93, 20, 39),
(2341, '2026-06-21 10:50:15', 261.3, 1, 40),
(2342, '2026-06-21 10:48:15', 271.3, 1, 40),
(2343, '2026-06-21 10:46:15', 281.3, 1, 40),
(2344, '2026-06-21 10:44:15', 261.3, 2, 40),
(2345, '2026-06-21 10:42:15', 271.3, 2, 40),
(2346, '2026-06-21 10:40:15', 281.3, 2, 40),
(2347, '2026-06-21 10:38:15', 261.3, 3, 40),
(2348, '2026-06-21 10:36:15', 271.3, 3, 40),
(2349, '2026-06-21 10:34:15', 281.3, 3, 40),
(2350, '2026-06-21 10:32:15', 261.3, 4, 40),
(2351, '2026-06-21 10:30:15', 271.3, 4, 40),
(2352, '2026-06-21 10:28:15', 281.3, 4, 40),
(2353, '2026-06-21 10:26:15', 261.3, 5, 40),
(2354, '2026-06-21 10:24:15', 271.3, 5, 40),
(2355, '2026-06-21 10:22:15', 281.3, 5, 40),
(2356, '2026-06-21 10:20:15', 261.3, 6, 40),
(2357, '2026-06-21 10:18:15', 271.3, 6, 40),
(2358, '2026-06-21 10:16:15', 281.3, 6, 40),
(2359, '2026-06-21 10:14:15', 261.3, 7, 40),
(2360, '2026-06-21 10:12:15', 271.3, 7, 40),
(2361, '2026-06-21 10:10:15', 281.3, 7, 40),
(2362, '2026-06-21 10:08:15', 261.3, 8, 40),
(2363, '2026-06-21 10:06:15', 271.3, 8, 40),
(2364, '2026-06-21 10:04:15', 281.3, 8, 40),
(2365, '2026-06-21 10:02:15', 261.3, 9, 40),
(2366, '2026-06-21 10:00:15', 271.3, 9, 40),
(2367, '2026-06-21 09:58:15', 281.3, 9, 40),
(2368, '2026-06-21 09:56:15', 261.3, 10, 40),
(2369, '2026-06-21 09:54:15', 271.3, 10, 40),
(2370, '2026-06-21 09:52:15', 281.3, 10, 40),
(2371, '2026-06-21 09:50:15', 261.3, 11, 40),
(2372, '2026-06-21 09:48:15', 271.3, 11, 40),
(2373, '2026-06-21 09:46:15', 281.3, 11, 40),
(2374, '2026-06-21 09:44:15', 261.3, 12, 40),
(2375, '2026-06-21 09:42:15', 271.3, 12, 40),
(2376, '2026-06-21 09:40:15', 281.3, 12, 40),
(2377, '2026-06-21 09:38:15', 261.3, 13, 40),
(2378, '2026-06-21 09:36:15', 271.3, 13, 40),
(2379, '2026-06-21 09:34:15', 281.3, 13, 40),
(2380, '2026-06-21 09:32:15', 261.3, 14, 40),
(2381, '2026-06-21 09:30:15', 271.3, 14, 40),
(2382, '2026-06-21 09:28:15', 281.3, 14, 40),
(2383, '2026-06-21 09:26:15', 261.3, 15, 40),
(2384, '2026-06-21 09:24:15', 271.3, 15, 40),
(2385, '2026-06-21 09:22:15', 281.3, 15, 40),
(2386, '2026-06-21 09:20:15', 261.3, 16, 40),
(2387, '2026-06-21 09:18:15', 271.3, 16, 40),
(2388, '2026-06-21 09:16:15', 281.3, 16, 40),
(2389, '2026-06-21 09:14:15', 261.3, 17, 40),
(2390, '2026-06-21 09:12:15', 271.3, 17, 40),
(2391, '2026-06-21 09:10:15', 281.3, 17, 40),
(2392, '2026-06-21 09:08:15', 261.3, 18, 40),
(2393, '2026-06-21 09:06:15', 271.3, 18, 40),
(2394, '2026-06-21 09:04:15', 281.3, 18, 40),
(2395, '2026-06-21 09:02:15', 261.3, 19, 40),
(2396, '2026-06-21 09:00:15', 271.3, 19, 40),
(2397, '2026-06-21 08:58:15', 281.3, 19, 40),
(2398, '2026-06-21 08:56:15', 261.3, 20, 40),
(2399, '2026-06-21 08:54:15', 271.3, 20, 40),
(2400, '2026-06-21 08:52:15', 281.3, 20, 40),
(2401, '2026-06-21 08:50:15', 247.09, 1, 41),
(2402, '2026-06-21 08:48:15', 257.09, 1, 41),
(2403, '2026-06-21 08:46:15', 267.09, 1, 41),
(2404, '2026-06-21 08:44:15', 247.09, 2, 41),
(2405, '2026-06-21 08:42:15', 257.09, 2, 41),
(2406, '2026-06-21 08:40:15', 267.09, 2, 41),
(2407, '2026-06-21 08:38:15', 247.09, 3, 41),
(2408, '2026-06-21 08:36:15', 257.09, 3, 41),
(2409, '2026-06-21 08:34:15', 267.09, 3, 41),
(2410, '2026-06-21 08:32:15', 247.09, 4, 41),
(2411, '2026-06-21 08:30:15', 257.09, 4, 41),
(2412, '2026-06-21 08:28:15', 267.09, 4, 41),
(2413, '2026-06-21 08:26:15', 247.09, 5, 41),
(2414, '2026-06-21 08:24:15', 257.09, 5, 41),
(2415, '2026-06-21 08:22:15', 267.09, 5, 41),
(2416, '2026-06-21 08:20:15', 247.09, 6, 41),
(2417, '2026-06-21 08:18:15', 257.09, 6, 41),
(2418, '2026-06-21 08:16:15', 267.09, 6, 41),
(2419, '2026-06-21 08:14:15', 247.09, 7, 41),
(2420, '2026-06-21 08:12:15', 257.09, 7, 41),
(2421, '2026-06-21 08:10:15', 267.09, 7, 41),
(2422, '2026-06-21 08:08:15', 247.09, 8, 41),
(2423, '2026-06-21 08:06:15', 257.09, 8, 41),
(2424, '2026-06-21 08:04:15', 267.09, 8, 41),
(2425, '2026-06-21 08:02:15', 247.09, 9, 41),
(2426, '2026-06-21 08:00:15', 257.09, 9, 41),
(2427, '2026-06-21 07:58:15', 267.09, 9, 41),
(2428, '2026-06-21 07:56:15', 247.09, 10, 41),
(2429, '2026-06-21 07:54:15', 257.09, 10, 41),
(2430, '2026-06-21 07:52:15', 267.09, 10, 41),
(2431, '2026-06-21 07:50:15', 247.09, 11, 41),
(2432, '2026-06-21 07:48:15', 257.09, 11, 41),
(2433, '2026-06-21 07:46:15', 267.09, 11, 41),
(2434, '2026-06-21 07:44:15', 247.09, 12, 41),
(2435, '2026-06-21 07:42:15', 257.09, 12, 41),
(2436, '2026-06-21 07:40:15', 267.09, 12, 41),
(2437, '2026-06-21 07:38:15', 247.09, 13, 41),
(2438, '2026-06-21 07:36:15', 257.09, 13, 41),
(2439, '2026-06-21 07:34:15', 267.09, 13, 41),
(2440, '2026-06-21 07:32:15', 247.09, 14, 41),
(2441, '2026-06-21 07:30:15', 257.09, 14, 41),
(2442, '2026-06-21 07:28:15', 267.09, 14, 41),
(2443, '2026-06-21 07:26:15', 247.09, 15, 41),
(2444, '2026-06-21 07:24:15', 257.09, 15, 41),
(2445, '2026-06-21 07:22:15', 267.09, 15, 41),
(2446, '2026-06-21 07:20:15', 247.09, 16, 41),
(2447, '2026-06-21 07:18:15', 257.09, 16, 41),
(2448, '2026-06-21 07:16:15', 267.09, 16, 41),
(2449, '2026-06-21 07:14:15', 247.09, 17, 41),
(2450, '2026-06-21 07:12:15', 257.09, 17, 41),
(2451, '2026-06-21 07:10:15', 267.09, 17, 41),
(2452, '2026-06-21 07:08:15', 247.09, 18, 41),
(2453, '2026-06-21 07:06:15', 257.09, 18, 41),
(2454, '2026-06-21 07:04:15', 267.09, 18, 41),
(2455, '2026-06-21 07:02:15', 247.09, 19, 41),
(2456, '2026-06-21 07:00:15', 257.09, 19, 41),
(2457, '2026-06-21 06:58:15', 267.09, 19, 41),
(2458, '2026-06-21 06:56:15', 247.09, 20, 41),
(2459, '2026-06-21 06:54:15', 257.09, 20, 41),
(2460, '2026-06-21 06:52:15', 267.09, 20, 41),
(2461, '2026-06-21 06:50:15', 156.14, 1, 42),
(2462, '2026-06-21 06:48:15', 166.14, 1, 42),
(2463, '2026-06-21 06:46:15', 176.14, 1, 42),
(2464, '2026-06-21 06:44:15', 156.14, 2, 42),
(2465, '2026-06-21 06:42:15', 166.14, 2, 42),
(2466, '2026-06-21 06:40:15', 176.14, 2, 42),
(2467, '2026-06-21 06:38:15', 156.14, 3, 42),
(2468, '2026-06-21 06:36:15', 166.14, 3, 42),
(2469, '2026-06-21 06:34:15', 176.14, 3, 42),
(2470, '2026-06-21 06:32:15', 156.14, 4, 42),
(2471, '2026-06-21 06:30:15', 166.14, 4, 42),
(2472, '2026-06-21 06:28:15', 176.14, 4, 42),
(2473, '2026-06-21 06:26:15', 156.14, 5, 42),
(2474, '2026-06-21 06:24:15', 166.14, 5, 42),
(2475, '2026-06-21 06:22:15', 176.14, 5, 42),
(2476, '2026-06-21 06:20:15', 156.14, 6, 42),
(2477, '2026-06-21 06:18:15', 166.14, 6, 42),
(2478, '2026-06-21 06:16:15', 176.14, 6, 42),
(2479, '2026-06-21 06:14:15', 156.14, 7, 42),
(2480, '2026-06-21 06:12:15', 166.14, 7, 42),
(2481, '2026-06-21 06:10:15', 176.14, 7, 42),
(2482, '2026-06-21 06:08:15', 156.14, 8, 42),
(2483, '2026-06-21 06:06:15', 166.14, 8, 42),
(2484, '2026-06-21 06:04:15', 176.14, 8, 42),
(2485, '2026-06-21 06:02:15', 156.14, 9, 42),
(2486, '2026-06-21 06:00:15', 166.14, 9, 42),
(2487, '2026-06-21 05:58:15', 176.14, 9, 42),
(2488, '2026-06-21 05:56:15', 156.14, 10, 42),
(2489, '2026-06-21 05:54:15', 166.14, 10, 42),
(2490, '2026-06-21 05:52:15', 176.14, 10, 42),
(2491, '2026-06-21 05:50:15', 156.14, 11, 42),
(2492, '2026-06-21 05:48:15', 166.14, 11, 42),
(2493, '2026-06-21 05:46:15', 176.14, 11, 42),
(2494, '2026-06-21 05:44:15', 156.14, 12, 42),
(2495, '2026-06-21 05:42:15', 166.14, 12, 42),
(2496, '2026-06-21 05:40:15', 176.14, 12, 42),
(2497, '2026-06-21 05:38:15', 156.14, 13, 42),
(2498, '2026-06-21 05:36:15', 166.14, 13, 42),
(2499, '2026-06-21 05:34:15', 176.14, 13, 42),
(2500, '2026-06-21 05:32:15', 156.14, 14, 42),
(2501, '2026-06-21 05:30:15', 166.14, 14, 42),
(2502, '2026-06-21 05:28:15', 176.14, 14, 42),
(2503, '2026-06-21 05:26:15', 156.14, 15, 42),
(2504, '2026-06-21 05:24:15', 166.14, 15, 42),
(2505, '2026-06-21 05:22:15', 176.14, 15, 42),
(2506, '2026-06-21 05:20:15', 156.14, 16, 42),
(2507, '2026-06-21 05:18:15', 166.14, 16, 42),
(2508, '2026-06-21 05:16:15', 176.14, 16, 42),
(2509, '2026-06-21 05:14:15', 156.14, 17, 42),
(2510, '2026-06-21 05:12:15', 166.14, 17, 42),
(2511, '2026-06-21 05:10:15', 176.14, 17, 42),
(2512, '2026-06-21 05:08:15', 156.14, 18, 42),
(2513, '2026-06-21 05:06:15', 166.14, 18, 42),
(2514, '2026-06-21 05:04:15', 176.14, 18, 42),
(2515, '2026-06-21 05:02:15', 156.14, 19, 42),
(2516, '2026-06-21 05:00:15', 166.14, 19, 42),
(2517, '2026-06-21 04:58:15', 176.14, 19, 42),
(2518, '2026-06-21 04:56:15', 156.14, 20, 42),
(2519, '2026-06-21 04:54:15', 166.14, 20, 42),
(2520, '2026-06-21 04:52:15', 176.14, 20, 42),
(2521, '2026-06-21 04:50:15', 97.28, 1, 43),
(2522, '2026-06-21 04:48:15', 107.28, 1, 43),
(2523, '2026-06-21 04:46:15', 117.28, 1, 43),
(2524, '2026-06-21 04:44:15', 97.28, 2, 43),
(2525, '2026-06-21 04:42:15', 107.28, 2, 43),
(2526, '2026-06-21 04:40:15', 117.28, 2, 43),
(2527, '2026-06-21 04:38:15', 97.28, 3, 43),
(2528, '2026-06-21 04:36:15', 107.28, 3, 43),
(2529, '2026-06-21 04:34:15', 117.28, 3, 43),
(2530, '2026-06-21 04:32:15', 97.28, 4, 43),
(2531, '2026-06-21 04:30:15', 107.28, 4, 43),
(2532, '2026-06-21 04:28:15', 117.28, 4, 43),
(2533, '2026-06-21 04:26:15', 97.28, 5, 43),
(2534, '2026-06-21 04:24:15', 107.28, 5, 43),
(2535, '2026-06-21 04:22:15', 117.28, 5, 43),
(2536, '2026-06-21 04:20:15', 97.28, 6, 43),
(2537, '2026-06-21 04:18:15', 107.28, 6, 43),
(2538, '2026-06-21 04:16:15', 117.28, 6, 43),
(2539, '2026-06-21 04:14:15', 97.28, 7, 43),
(2540, '2026-06-21 04:12:15', 107.28, 7, 43),
(2541, '2026-06-21 04:10:15', 117.28, 7, 43),
(2542, '2026-06-21 04:08:15', 97.28, 8, 43),
(2543, '2026-06-21 04:06:15', 107.28, 8, 43),
(2544, '2026-06-21 04:04:15', 117.28, 8, 43),
(2545, '2026-06-21 04:02:15', 97.28, 9, 43),
(2546, '2026-06-21 04:00:15', 107.28, 9, 43),
(2547, '2026-06-21 03:58:15', 117.28, 9, 43),
(2548, '2026-06-21 03:56:15', 97.28, 10, 43),
(2549, '2026-06-21 03:54:15', 107.28, 10, 43),
(2550, '2026-06-21 03:52:15', 117.28, 10, 43),
(2551, '2026-06-21 03:50:15', 97.28, 11, 43),
(2552, '2026-06-21 03:48:15', 107.28, 11, 43),
(2553, '2026-06-21 03:46:15', 117.28, 11, 43),
(2554, '2026-06-21 03:44:15', 97.28, 12, 43),
(2555, '2026-06-21 03:42:15', 107.28, 12, 43),
(2556, '2026-06-21 03:40:15', 117.28, 12, 43),
(2557, '2026-06-21 03:38:15', 97.28, 13, 43),
(2558, '2026-06-21 03:36:15', 107.28, 13, 43),
(2559, '2026-06-21 03:34:15', 117.28, 13, 43),
(2560, '2026-06-21 03:32:15', 97.28, 14, 43),
(2561, '2026-06-21 03:30:15', 107.28, 14, 43),
(2562, '2026-06-21 03:28:15', 117.28, 14, 43),
(2563, '2026-06-21 03:26:15', 97.28, 15, 43),
(2564, '2026-06-21 03:24:15', 107.28, 15, 43),
(2565, '2026-06-21 03:22:15', 117.28, 15, 43),
(2566, '2026-06-21 03:20:15', 97.28, 16, 43),
(2567, '2026-06-21 03:18:15', 107.28, 16, 43),
(2568, '2026-06-21 03:16:15', 117.28, 16, 43),
(2569, '2026-06-21 03:14:15', 97.28, 17, 43),
(2570, '2026-06-21 03:12:15', 107.28, 17, 43),
(2571, '2026-06-21 03:10:15', 117.28, 17, 43),
(2572, '2026-06-21 03:08:15', 97.28, 18, 43),
(2573, '2026-06-21 03:06:15', 107.28, 18, 43),
(2574, '2026-06-21 03:04:15', 117.28, 18, 43),
(2575, '2026-06-21 03:02:15', 97.28, 19, 43),
(2576, '2026-06-21 03:00:15', 107.28, 19, 43),
(2577, '2026-06-21 02:58:15', 117.28, 19, 43),
(2578, '2026-06-21 02:56:15', 97.28, 20, 43),
(2579, '2026-06-21 02:54:15', 107.28, 20, 43),
(2580, '2026-06-21 02:52:15', 117.28, 20, 43),
(2581, '2026-06-21 02:50:15', 66.58, 1, 44),
(2582, '2026-06-21 02:48:15', 76.58, 1, 44),
(2583, '2026-06-21 02:46:15', 86.58, 1, 44),
(2584, '2026-06-21 02:44:15', 66.58, 2, 44),
(2585, '2026-06-21 02:42:15', 76.58, 2, 44),
(2586, '2026-06-21 02:40:15', 86.58, 2, 44),
(2587, '2026-06-21 02:38:15', 66.58, 3, 44),
(2588, '2026-06-21 02:36:15', 76.58, 3, 44),
(2589, '2026-06-21 02:34:15', 86.58, 3, 44),
(2590, '2026-06-21 02:32:15', 66.58, 4, 44),
(2591, '2026-06-21 02:30:15', 76.58, 4, 44),
(2592, '2026-06-21 02:28:15', 86.58, 4, 44),
(2593, '2026-06-21 02:26:15', 66.58, 5, 44),
(2594, '2026-06-21 02:24:15', 76.58, 5, 44),
(2595, '2026-06-21 02:22:15', 86.58, 5, 44),
(2596, '2026-06-21 02:20:15', 66.58, 6, 44),
(2597, '2026-06-21 02:18:15', 76.58, 6, 44),
(2598, '2026-06-21 02:16:15', 86.58, 6, 44),
(2599, '2026-06-21 02:14:15', 66.58, 7, 44),
(2600, '2026-06-21 02:12:15', 76.58, 7, 44),
(2601, '2026-06-21 02:10:15', 86.58, 7, 44),
(2602, '2026-06-21 02:08:15', 66.58, 8, 44),
(2603, '2026-06-21 02:06:15', 76.58, 8, 44),
(2604, '2026-06-21 02:04:15', 86.58, 8, 44),
(2605, '2026-06-21 02:02:15', 66.58, 9, 44),
(2606, '2026-06-21 02:00:15', 76.58, 9, 44),
(2607, '2026-06-21 01:58:15', 86.58, 9, 44),
(2608, '2026-06-21 01:56:15', 66.58, 10, 44),
(2609, '2026-06-21 01:54:15', 76.58, 10, 44),
(2610, '2026-06-21 01:52:15', 86.58, 10, 44),
(2611, '2026-06-21 01:50:15', 66.58, 11, 44),
(2612, '2026-06-21 01:48:15', 76.58, 11, 44),
(2613, '2026-06-21 01:46:15', 86.58, 11, 44),
(2614, '2026-06-21 01:44:15', 66.58, 12, 44),
(2615, '2026-06-21 01:42:15', 76.58, 12, 44),
(2616, '2026-06-21 01:40:15', 86.58, 12, 44),
(2617, '2026-06-21 01:38:15', 66.58, 13, 44),
(2618, '2026-06-21 01:36:15', 76.58, 13, 44),
(2619, '2026-06-21 01:34:15', 86.58, 13, 44),
(2620, '2026-06-21 01:32:15', 66.58, 14, 44),
(2621, '2026-06-21 01:30:15', 76.58, 14, 44),
(2622, '2026-06-21 01:28:15', 86.58, 14, 44),
(2623, '2026-06-21 01:26:15', 66.58, 15, 44),
(2624, '2026-06-21 01:24:15', 76.58, 15, 44),
(2625, '2026-06-21 01:22:15', 86.58, 15, 44),
(2626, '2026-06-21 01:20:15', 66.58, 16, 44),
(2627, '2026-06-21 01:18:15', 76.58, 16, 44),
(2628, '2026-06-21 01:16:15', 86.58, 16, 44),
(2629, '2026-06-21 01:14:15', 66.58, 17, 44),
(2630, '2026-06-21 01:12:15', 76.58, 17, 44),
(2631, '2026-06-21 01:10:15', 86.58, 17, 44),
(2632, '2026-06-21 01:08:15', 66.58, 18, 44),
(2633, '2026-06-21 01:06:15', 76.58, 18, 44),
(2634, '2026-06-21 01:04:15', 86.58, 18, 44),
(2635, '2026-06-21 01:02:15', 66.58, 19, 44),
(2636, '2026-06-21 01:00:15', 76.58, 19, 44),
(2637, '2026-06-21 00:58:15', 86.58, 19, 44),
(2638, '2026-06-21 00:56:15', 66.58, 20, 44),
(2639, '2026-06-21 00:54:15', 76.58, 20, 44),
(2640, '2026-06-21 00:52:15', 86.58, 20, 44),
(2641, '2026-06-21 00:50:15', 72.75, 1, 45),
(2642, '2026-06-21 00:48:15', 82.75, 1, 45),
(2643, '2026-06-21 00:46:15', 92.75, 1, 45),
(2644, '2026-06-21 00:44:15', 72.75, 2, 45),
(2645, '2026-06-21 00:42:15', 82.75, 2, 45),
(2646, '2026-06-21 00:40:15', 92.75, 2, 45),
(2647, '2026-06-21 00:38:15', 72.75, 3, 45),
(2648, '2026-06-21 00:36:15', 82.75, 3, 45),
(2649, '2026-06-21 00:34:15', 92.75, 3, 45),
(2650, '2026-06-21 00:32:15', 72.75, 4, 45),
(2651, '2026-06-21 00:30:15', 82.75, 4, 45),
(2652, '2026-06-21 00:28:15', 92.75, 4, 45),
(2653, '2026-06-21 00:26:15', 72.75, 5, 45),
(2654, '2026-06-21 00:24:15', 82.75, 5, 45),
(2655, '2026-06-21 00:22:15', 92.75, 5, 45),
(2656, '2026-06-21 00:20:15', 72.75, 6, 45),
(2657, '2026-06-21 00:18:15', 82.75, 6, 45),
(2658, '2026-06-21 00:16:15', 92.75, 6, 45),
(2659, '2026-06-21 00:14:15', 72.75, 7, 45),
(2660, '2026-06-21 00:12:15', 82.75, 7, 45),
(2661, '2026-06-21 00:10:15', 92.75, 7, 45),
(2662, '2026-06-21 00:08:15', 72.75, 8, 45),
(2663, '2026-06-21 00:06:15', 82.75, 8, 45),
(2664, '2026-06-21 00:04:15', 92.75, 8, 45),
(2665, '2026-06-21 00:02:15', 72.75, 9, 45),
(2666, '2026-06-21 00:00:15', 82.75, 9, 45),
(2667, '2026-06-20 23:58:15', 92.75, 9, 45),
(2668, '2026-06-20 23:56:15', 72.75, 10, 45),
(2669, '2026-06-20 23:54:15', 82.75, 10, 45),
(2670, '2026-06-20 23:52:15', 92.75, 10, 45),
(2671, '2026-06-20 23:50:15', 72.75, 11, 45),
(2672, '2026-06-20 23:48:15', 82.75, 11, 45),
(2673, '2026-06-20 23:46:15', 92.75, 11, 45),
(2674, '2026-06-20 23:44:15', 72.75, 12, 45),
(2675, '2026-06-20 23:42:15', 82.75, 12, 45),
(2676, '2026-06-20 23:40:15', 92.75, 12, 45),
(2677, '2026-06-20 23:38:15', 72.75, 13, 45),
(2678, '2026-06-20 23:36:15', 82.75, 13, 45),
(2679, '2026-06-20 23:34:15', 92.75, 13, 45),
(2680, '2026-06-20 23:32:15', 72.75, 14, 45),
(2681, '2026-06-20 23:30:15', 82.75, 14, 45),
(2682, '2026-06-20 23:28:15', 92.75, 14, 45),
(2683, '2026-06-20 23:26:15', 72.75, 15, 45),
(2684, '2026-06-20 23:24:15', 82.75, 15, 45),
(2685, '2026-06-20 23:22:15', 92.75, 15, 45),
(2686, '2026-06-20 23:20:15', 72.75, 16, 45),
(2687, '2026-06-20 23:18:15', 82.75, 16, 45),
(2688, '2026-06-20 23:16:15', 92.75, 16, 45),
(2689, '2026-06-20 23:14:15', 72.75, 17, 45),
(2690, '2026-06-20 23:12:15', 82.75, 17, 45),
(2691, '2026-06-20 23:10:15', 92.75, 17, 45),
(2692, '2026-06-20 23:08:15', 72.75, 18, 45),
(2693, '2026-06-20 23:06:15', 82.75, 18, 45),
(2694, '2026-06-20 23:04:15', 92.75, 18, 45),
(2695, '2026-06-20 23:02:15', 72.75, 19, 45),
(2696, '2026-06-20 23:00:15', 82.75, 19, 45),
(2697, '2026-06-20 22:58:15', 92.75, 19, 45),
(2698, '2026-06-20 22:56:15', 72.75, 20, 45),
(2699, '2026-06-20 22:54:15', 82.75, 20, 45),
(2700, '2026-06-20 22:52:15', 92.75, 20, 45),
(2701, '2026-06-20 22:50:15', 255.41, 1, 46),
(2702, '2026-06-20 22:48:15', 265.41, 1, 46),
(2703, '2026-06-20 22:46:15', 275.41, 1, 46),
(2704, '2026-06-20 22:44:15', 255.41, 2, 46),
(2705, '2026-06-20 22:42:15', 265.41, 2, 46),
(2706, '2026-06-20 22:40:15', 275.41, 2, 46),
(2707, '2026-06-20 22:38:15', 255.41, 3, 46),
(2708, '2026-06-20 22:36:15', 265.41, 3, 46),
(2709, '2026-06-20 22:34:15', 275.41, 3, 46),
(2710, '2026-06-20 22:32:15', 255.41, 4, 46),
(2711, '2026-06-20 22:30:15', 265.41, 4, 46),
(2712, '2026-06-20 22:28:15', 275.41, 4, 46),
(2713, '2026-06-20 22:26:15', 255.41, 5, 46),
(2714, '2026-06-20 22:24:15', 265.41, 5, 46),
(2715, '2026-06-20 22:22:15', 275.41, 5, 46),
(2716, '2026-06-20 22:20:15', 255.41, 6, 46),
(2717, '2026-06-20 22:18:15', 265.41, 6, 46),
(2718, '2026-06-20 22:16:15', 275.41, 6, 46),
(2719, '2026-06-20 22:14:15', 255.41, 7, 46),
(2720, '2026-06-20 22:12:15', 265.41, 7, 46),
(2721, '2026-06-20 22:10:15', 275.41, 7, 46),
(2722, '2026-06-20 22:08:15', 255.41, 8, 46),
(2723, '2026-06-20 22:06:15', 265.41, 8, 46),
(2724, '2026-06-20 22:04:15', 275.41, 8, 46),
(2725, '2026-06-20 22:02:15', 255.41, 9, 46),
(2726, '2026-06-20 22:00:15', 265.41, 9, 46),
(2727, '2026-06-20 21:58:15', 275.41, 9, 46),
(2728, '2026-06-20 21:56:15', 255.41, 10, 46),
(2729, '2026-06-20 21:54:15', 265.41, 10, 46),
(2730, '2026-06-20 21:52:15', 275.41, 10, 46),
(2731, '2026-06-20 21:50:15', 255.41, 11, 46),
(2732, '2026-06-20 21:48:15', 265.41, 11, 46),
(2733, '2026-06-20 21:46:15', 275.41, 11, 46),
(2734, '2026-06-20 21:44:15', 255.41, 12, 46),
(2735, '2026-06-20 21:42:15', 265.41, 12, 46),
(2736, '2026-06-20 21:40:15', 275.41, 12, 46),
(2737, '2026-06-20 21:38:15', 255.41, 13, 46),
(2738, '2026-06-20 21:36:15', 265.41, 13, 46),
(2739, '2026-06-20 21:34:15', 275.41, 13, 46),
(2740, '2026-06-20 21:32:15', 255.41, 14, 46),
(2741, '2026-06-20 21:30:15', 265.41, 14, 46),
(2742, '2026-06-20 21:28:15', 275.41, 14, 46),
(2743, '2026-06-20 21:26:15', 255.41, 15, 46),
(2744, '2026-06-20 21:24:15', 265.41, 15, 46),
(2745, '2026-06-20 21:22:15', 275.41, 15, 46),
(2746, '2026-06-20 21:20:15', 255.41, 16, 46),
(2747, '2026-06-20 21:18:15', 265.41, 16, 46),
(2748, '2026-06-20 21:16:15', 275.41, 16, 46),
(2749, '2026-06-20 21:14:15', 255.41, 17, 46),
(2750, '2026-06-20 21:12:15', 265.41, 17, 46),
(2751, '2026-06-20 21:10:15', 275.41, 17, 46),
(2752, '2026-06-20 21:08:15', 255.41, 18, 46),
(2753, '2026-06-20 21:06:15', 265.41, 18, 46),
(2754, '2026-06-20 21:04:15', 275.41, 18, 46),
(2755, '2026-06-20 21:02:15', 255.41, 19, 46),
(2756, '2026-06-20 21:00:15', 265.41, 19, 46),
(2757, '2026-06-20 20:58:15', 275.41, 19, 46),
(2758, '2026-06-20 20:56:15', 255.41, 20, 46),
(2759, '2026-06-20 20:54:15', 265.41, 20, 46),
(2760, '2026-06-20 20:52:15', 275.41, 20, 46),
(2761, '2026-06-20 20:50:15', 216.61, 1, 47),
(2762, '2026-06-20 20:48:15', 226.61, 1, 47),
(2763, '2026-06-20 20:46:15', 236.61, 1, 47),
(2764, '2026-06-20 20:44:15', 216.61, 2, 47),
(2765, '2026-06-20 20:42:15', 226.61, 2, 47),
(2766, '2026-06-20 20:40:15', 236.61, 2, 47),
(2767, '2026-06-20 20:38:15', 216.61, 3, 47),
(2768, '2026-06-20 20:36:15', 226.61, 3, 47),
(2769, '2026-06-20 20:34:15', 236.61, 3, 47),
(2770, '2026-06-20 20:32:15', 216.61, 4, 47),
(2771, '2026-06-20 20:30:15', 226.61, 4, 47),
(2772, '2026-06-20 20:28:15', 236.61, 4, 47),
(2773, '2026-06-20 20:26:15', 216.61, 5, 47),
(2774, '2026-06-20 20:24:15', 226.61, 5, 47),
(2775, '2026-06-20 20:22:15', 236.61, 5, 47),
(2776, '2026-06-20 20:20:15', 216.61, 6, 47),
(2777, '2026-06-20 20:18:15', 226.61, 6, 47),
(2778, '2026-06-20 20:16:15', 236.61, 6, 47),
(2779, '2026-06-20 20:14:15', 216.61, 7, 47),
(2780, '2026-06-20 20:12:15', 226.61, 7, 47),
(2781, '2026-06-20 20:10:15', 236.61, 7, 47),
(2782, '2026-06-20 20:08:15', 216.61, 8, 47),
(2783, '2026-06-20 20:06:15', 226.61, 8, 47),
(2784, '2026-06-20 20:04:15', 236.61, 8, 47),
(2785, '2026-06-20 20:02:15', 216.61, 9, 47),
(2786, '2026-06-20 20:00:15', 226.61, 9, 47),
(2787, '2026-06-20 19:58:15', 236.61, 9, 47),
(2788, '2026-06-20 19:56:15', 216.61, 10, 47),
(2789, '2026-06-20 19:54:15', 226.61, 10, 47),
(2790, '2026-06-20 19:52:15', 236.61, 10, 47),
(2791, '2026-06-20 19:50:15', 216.61, 11, 47),
(2792, '2026-06-20 19:48:15', 226.61, 11, 47),
(2793, '2026-06-20 19:46:15', 236.61, 11, 47),
(2794, '2026-06-20 19:44:15', 216.61, 12, 47),
(2795, '2026-06-20 19:42:15', 226.61, 12, 47),
(2796, '2026-06-20 19:40:15', 236.61, 12, 47),
(2797, '2026-06-20 19:38:15', 216.61, 13, 47),
(2798, '2026-06-20 19:36:15', 226.61, 13, 47),
(2799, '2026-06-20 19:34:15', 236.61, 13, 47),
(2800, '2026-06-20 19:32:15', 216.61, 14, 47),
(2801, '2026-06-20 19:30:15', 226.61, 14, 47),
(2802, '2026-06-20 19:28:15', 236.61, 14, 47),
(2803, '2026-06-20 19:26:15', 216.61, 15, 47),
(2804, '2026-06-20 19:24:15', 226.61, 15, 47),
(2805, '2026-06-20 19:22:15', 236.61, 15, 47),
(2806, '2026-06-20 19:20:15', 216.61, 16, 47),
(2807, '2026-06-20 19:18:15', 226.61, 16, 47),
(2808, '2026-06-20 19:16:15', 236.61, 16, 47),
(2809, '2026-06-20 19:14:15', 216.61, 17, 47),
(2810, '2026-06-20 19:12:15', 226.61, 17, 47),
(2811, '2026-06-20 19:10:15', 236.61, 17, 47),
(2812, '2026-06-20 19:08:15', 216.61, 18, 47),
(2813, '2026-06-20 19:06:15', 226.61, 18, 47),
(2814, '2026-06-20 19:04:15', 236.61, 18, 47),
(2815, '2026-06-20 19:02:15', 216.61, 19, 47),
(2816, '2026-06-20 19:00:15', 226.61, 19, 47),
(2817, '2026-06-20 18:58:15', 236.61, 19, 47),
(2818, '2026-06-20 18:56:15', 216.61, 20, 47),
(2819, '2026-06-20 18:54:15', 226.61, 20, 47),
(2820, '2026-06-20 18:52:15', 236.61, 20, 47),
(2821, '2026-06-20 18:50:15', 88.79, 1, 48),
(2822, '2026-06-20 18:48:15', 98.79, 1, 48),
(2823, '2026-06-20 18:46:15', 108.79, 1, 48),
(2824, '2026-06-20 18:44:15', 88.79, 2, 48),
(2825, '2026-06-20 18:42:15', 98.79, 2, 48),
(2826, '2026-06-20 18:40:15', 108.79, 2, 48),
(2827, '2026-06-20 18:38:15', 88.79, 3, 48),
(2828, '2026-06-20 18:36:15', 98.79, 3, 48),
(2829, '2026-06-20 18:34:15', 108.79, 3, 48),
(2830, '2026-06-20 18:32:15', 88.79, 4, 48),
(2831, '2026-06-20 18:30:15', 98.79, 4, 48),
(2832, '2026-06-20 18:28:15', 108.79, 4, 48),
(2833, '2026-06-20 18:26:15', 88.79, 5, 48),
(2834, '2026-06-20 18:24:15', 98.79, 5, 48),
(2835, '2026-06-20 18:22:15', 108.79, 5, 48),
(2836, '2026-06-20 18:20:15', 88.79, 6, 48),
(2837, '2026-06-20 18:18:15', 98.79, 6, 48),
(2838, '2026-06-20 18:16:15', 108.79, 6, 48),
(2839, '2026-06-20 18:14:15', 88.79, 7, 48),
(2840, '2026-06-20 18:12:15', 98.79, 7, 48),
(2841, '2026-06-20 18:10:15', 108.79, 7, 48),
(2842, '2026-06-20 18:08:15', 88.79, 8, 48),
(2843, '2026-06-20 18:06:15', 98.79, 8, 48),
(2844, '2026-06-20 18:04:15', 108.79, 8, 48),
(2845, '2026-06-20 18:02:15', 88.79, 9, 48),
(2846, '2026-06-20 18:00:15', 98.79, 9, 48),
(2847, '2026-06-20 17:58:15', 108.79, 9, 48),
(2848, '2026-06-20 17:56:15', 88.79, 10, 48),
(2849, '2026-06-20 17:54:15', 98.79, 10, 48),
(2850, '2026-06-20 17:52:15', 108.79, 10, 48),
(2851, '2026-06-20 17:50:15', 88.79, 11, 48),
(2852, '2026-06-20 17:48:15', 98.79, 11, 48),
(2853, '2026-06-20 17:46:15', 108.79, 11, 48),
(2854, '2026-06-20 17:44:15', 88.79, 12, 48),
(2855, '2026-06-20 17:42:15', 98.79, 12, 48),
(2856, '2026-06-20 17:40:15', 108.79, 12, 48),
(2857, '2026-06-20 17:38:15', 88.79, 13, 48),
(2858, '2026-06-20 17:36:15', 98.79, 13, 48),
(2859, '2026-06-20 17:34:15', 108.79, 13, 48),
(2860, '2026-06-20 17:32:15', 88.79, 14, 48),
(2861, '2026-06-20 17:30:15', 98.79, 14, 48),
(2862, '2026-06-20 17:28:15', 108.79, 14, 48),
(2863, '2026-06-20 17:26:15', 88.79, 15, 48),
(2864, '2026-06-20 17:24:15', 98.79, 15, 48),
(2865, '2026-06-20 17:22:15', 108.79, 15, 48),
(2866, '2026-06-20 17:20:15', 88.79, 16, 48),
(2867, '2026-06-20 17:18:15', 98.79, 16, 48),
(2868, '2026-06-20 17:16:15', 108.79, 16, 48),
(2869, '2026-06-20 17:14:15', 88.79, 17, 48),
(2870, '2026-06-20 17:12:15', 98.79, 17, 48),
(2871, '2026-06-20 17:10:15', 108.79, 17, 48),
(2872, '2026-06-20 17:08:15', 88.79, 18, 48),
(2873, '2026-06-20 17:06:15', 98.79, 18, 48),
(2874, '2026-06-20 17:04:15', 108.79, 18, 48),
(2875, '2026-06-20 17:02:15', 88.79, 19, 48),
(2876, '2026-06-20 17:00:15', 98.79, 19, 48),
(2877, '2026-06-20 16:58:15', 108.79, 19, 48),
(2878, '2026-06-20 16:56:15', 88.79, 20, 48),
(2879, '2026-06-20 16:54:15', 98.79, 20, 48),
(2880, '2026-06-20 16:52:15', 108.79, 20, 48),
(2881, '2026-06-20 16:50:15', 122.49, 1, 49),
(2882, '2026-06-20 16:48:15', 132.49, 1, 49),
(2883, '2026-06-20 16:46:15', 142.49, 1, 49),
(2884, '2026-06-20 16:44:15', 122.49, 2, 49),
(2885, '2026-06-20 16:42:15', 132.49, 2, 49),
(2886, '2026-06-20 16:40:15', 142.49, 2, 49),
(2887, '2026-06-20 16:38:15', 122.49, 3, 49),
(2888, '2026-06-20 16:36:15', 132.49, 3, 49),
(2889, '2026-06-20 16:34:15', 142.49, 3, 49),
(2890, '2026-06-20 16:32:15', 122.49, 4, 49),
(2891, '2026-06-20 16:30:15', 132.49, 4, 49),
(2892, '2026-06-20 16:28:15', 142.49, 4, 49),
(2893, '2026-06-20 16:26:15', 122.49, 5, 49),
(2894, '2026-06-20 16:24:15', 132.49, 5, 49),
(2895, '2026-06-20 16:22:15', 142.49, 5, 49),
(2896, '2026-06-20 16:20:15', 122.49, 6, 49),
(2897, '2026-06-20 16:18:15', 132.49, 6, 49),
(2898, '2026-06-20 16:16:15', 142.49, 6, 49),
(2899, '2026-06-20 16:14:15', 122.49, 7, 49),
(2900, '2026-06-20 16:12:15', 132.49, 7, 49),
(2901, '2026-06-20 16:10:15', 142.49, 7, 49),
(2902, '2026-06-20 16:08:15', 122.49, 8, 49),
(2903, '2026-06-20 16:06:15', 132.49, 8, 49),
(2904, '2026-06-20 16:04:15', 142.49, 8, 49),
(2905, '2026-06-20 16:02:15', 122.49, 9, 49),
(2906, '2026-06-20 16:00:15', 132.49, 9, 49),
(2907, '2026-06-20 15:58:15', 142.49, 9, 49),
(2908, '2026-06-20 15:56:15', 122.49, 10, 49),
(2909, '2026-06-20 15:54:15', 132.49, 10, 49),
(2910, '2026-06-20 15:52:15', 142.49, 10, 49),
(2911, '2026-06-20 15:50:15', 122.49, 11, 49),
(2912, '2026-06-20 15:48:15', 132.49, 11, 49),
(2913, '2026-06-20 15:46:15', 142.49, 11, 49),
(2914, '2026-06-20 15:44:15', 122.49, 12, 49),
(2915, '2026-06-20 15:42:15', 132.49, 12, 49),
(2916, '2026-06-20 15:40:15', 142.49, 12, 49),
(2917, '2026-06-20 15:38:15', 122.49, 13, 49),
(2918, '2026-06-20 15:36:15', 132.49, 13, 49),
(2919, '2026-06-20 15:34:15', 142.49, 13, 49),
(2920, '2026-06-20 15:32:15', 122.49, 14, 49),
(2921, '2026-06-20 15:30:15', 132.49, 14, 49),
(2922, '2026-06-20 15:28:15', 142.49, 14, 49),
(2923, '2026-06-20 15:26:15', 122.49, 15, 49),
(2924, '2026-06-20 15:24:15', 132.49, 15, 49),
(2925, '2026-06-20 15:22:15', 142.49, 15, 49),
(2926, '2026-06-20 15:20:15', 122.49, 16, 49),
(2927, '2026-06-20 15:18:15', 132.49, 16, 49),
(2928, '2026-06-20 15:16:15', 142.49, 16, 49),
(2929, '2026-06-20 15:14:15', 122.49, 17, 49),
(2930, '2026-06-20 15:12:15', 132.49, 17, 49),
(2931, '2026-06-20 15:10:15', 142.49, 17, 49),
(2932, '2026-06-20 15:08:15', 122.49, 18, 49),
(2933, '2026-06-20 15:06:15', 132.49, 18, 49),
(2934, '2026-06-20 15:04:15', 142.49, 18, 49),
(2935, '2026-06-20 15:02:15', 122.49, 19, 49),
(2936, '2026-06-20 15:00:15', 132.49, 19, 49),
(2937, '2026-06-20 14:58:15', 142.49, 19, 49),
(2938, '2026-06-20 14:56:15', 122.49, 20, 49),
(2939, '2026-06-20 14:54:15', 132.49, 20, 49),
(2940, '2026-06-20 14:52:15', 142.49, 20, 49),
(2941, '2026-06-20 14:50:15', 253.11, 1, 50),
(2942, '2026-06-20 14:48:15', 263.11, 1, 50),
(2943, '2026-06-20 14:46:15', 273.11, 1, 50),
(2944, '2026-06-20 14:44:15', 253.11, 2, 50),
(2945, '2026-06-20 14:42:15', 263.11, 2, 50),
(2946, '2026-06-20 14:40:15', 273.11, 2, 50),
(2947, '2026-06-20 14:38:15', 253.11, 3, 50),
(2948, '2026-06-20 14:36:15', 263.11, 3, 50),
(2949, '2026-06-20 14:34:15', 273.11, 3, 50),
(2950, '2026-06-20 14:32:15', 253.11, 4, 50),
(2951, '2026-06-20 14:30:15', 263.11, 4, 50),
(2952, '2026-06-20 14:28:15', 273.11, 4, 50),
(2953, '2026-06-20 14:26:15', 253.11, 5, 50),
(2954, '2026-06-20 14:24:15', 263.11, 5, 50),
(2955, '2026-06-20 14:22:15', 273.11, 5, 50),
(2956, '2026-06-20 14:20:15', 253.11, 6, 50),
(2957, '2026-06-20 14:18:15', 263.11, 6, 50),
(2958, '2026-06-20 14:16:15', 273.11, 6, 50),
(2959, '2026-06-20 14:14:15', 253.11, 7, 50),
(2960, '2026-06-20 14:12:15', 263.11, 7, 50),
(2961, '2026-06-20 14:10:15', 273.11, 7, 50),
(2962, '2026-06-20 14:08:15', 253.11, 8, 50),
(2963, '2026-06-20 14:06:15', 263.11, 8, 50),
(2964, '2026-06-20 14:04:15', 273.11, 8, 50),
(2965, '2026-06-20 14:02:15', 253.11, 9, 50),
(2966, '2026-06-20 14:00:15', 263.11, 9, 50),
(2967, '2026-06-20 13:58:15', 273.11, 9, 50),
(2968, '2026-06-20 13:56:15', 253.11, 10, 50),
(2969, '2026-06-20 13:54:15', 263.11, 10, 50),
(2970, '2026-06-20 13:52:15', 273.11, 10, 50),
(2971, '2026-06-20 13:50:15', 253.11, 11, 50),
(2972, '2026-06-20 13:48:15', 263.11, 11, 50),
(2973, '2026-06-20 13:46:15', 273.11, 11, 50),
(2974, '2026-06-20 13:44:15', 253.11, 12, 50),
(2975, '2026-06-20 13:42:15', 263.11, 12, 50),
(2976, '2026-06-20 13:40:15', 273.11, 12, 50),
(2977, '2026-06-20 13:38:15', 253.11, 13, 50),
(2978, '2026-06-20 13:36:15', 263.11, 13, 50),
(2979, '2026-06-20 13:34:15', 273.11, 13, 50),
(2980, '2026-06-20 13:32:15', 253.11, 14, 50),
(2981, '2026-06-20 13:30:15', 263.11, 14, 50),
(2982, '2026-06-20 13:28:15', 273.11, 14, 50),
(2983, '2026-06-20 13:26:15', 253.11, 15, 50),
(2984, '2026-06-20 13:24:15', 263.11, 15, 50),
(2985, '2026-06-20 13:22:15', 273.11, 15, 50),
(2986, '2026-06-20 13:20:15', 253.11, 16, 50),
(2987, '2026-06-20 13:18:15', 263.11, 16, 50),
(2988, '2026-06-20 13:16:15', 273.11, 16, 50),
(2989, '2026-06-20 13:14:15', 253.11, 17, 50),
(2990, '2026-06-20 13:12:15', 263.11, 17, 50),
(2991, '2026-06-20 13:10:15', 273.11, 17, 50),
(2992, '2026-06-20 13:08:15', 253.11, 18, 50),
(2993, '2026-06-20 13:06:15', 263.11, 18, 50),
(2994, '2026-06-20 13:04:15', 273.11, 18, 50),
(2995, '2026-06-20 13:02:15', 253.11, 19, 50),
(2996, '2026-06-20 13:00:15', 263.11, 19, 50),
(2997, '2026-06-20 12:58:15', 273.11, 19, 50),
(2998, '2026-06-20 12:56:15', 253.11, 20, 50),
(2999, '2026-06-20 12:54:15', 263.11, 20, 50),
(3000, '2026-06-20 12:52:15', 273.11, 20, 50),
(3001, '2026-06-20 12:50:15', 132.4, 1, 51),
(3002, '2026-06-20 12:48:15', 142.4, 1, 51),
(3003, '2026-06-20 12:46:15', 152.4, 1, 51),
(3004, '2026-06-20 12:44:15', 132.4, 2, 51),
(3005, '2026-06-20 12:42:15', 142.4, 2, 51),
(3006, '2026-06-20 12:40:15', 152.4, 2, 51),
(3007, '2026-06-20 12:38:15', 132.4, 3, 51),
(3008, '2026-06-20 12:36:15', 142.4, 3, 51),
(3009, '2026-06-20 12:34:15', 152.4, 3, 51),
(3010, '2026-06-20 12:32:15', 132.4, 4, 51),
(3011, '2026-06-20 12:30:15', 142.4, 4, 51),
(3012, '2026-06-20 12:28:15', 152.4, 4, 51),
(3013, '2026-06-20 12:26:15', 132.4, 5, 51),
(3014, '2026-06-20 12:24:15', 142.4, 5, 51),
(3015, '2026-06-20 12:22:15', 152.4, 5, 51),
(3016, '2026-06-20 12:20:15', 132.4, 6, 51),
(3017, '2026-06-20 12:18:15', 142.4, 6, 51),
(3018, '2026-06-20 12:16:15', 152.4, 6, 51),
(3019, '2026-06-20 12:14:15', 132.4, 7, 51),
(3020, '2026-06-20 12:12:15', 142.4, 7, 51),
(3021, '2026-06-20 12:10:15', 152.4, 7, 51),
(3022, '2026-06-20 12:08:15', 132.4, 8, 51),
(3023, '2026-06-20 12:06:15', 142.4, 8, 51),
(3024, '2026-06-20 12:04:15', 152.4, 8, 51),
(3025, '2026-06-20 12:02:15', 132.4, 9, 51),
(3026, '2026-06-20 12:00:15', 142.4, 9, 51),
(3027, '2026-06-20 11:58:15', 152.4, 9, 51),
(3028, '2026-06-20 11:56:15', 132.4, 10, 51),
(3029, '2026-06-20 11:54:15', 142.4, 10, 51),
(3030, '2026-06-20 11:52:15', 152.4, 10, 51),
(3031, '2026-06-20 11:50:15', 132.4, 11, 51),
(3032, '2026-06-20 11:48:15', 142.4, 11, 51),
(3033, '2026-06-20 11:46:15', 152.4, 11, 51),
(3034, '2026-06-20 11:44:15', 132.4, 12, 51),
(3035, '2026-06-20 11:42:15', 142.4, 12, 51),
(3036, '2026-06-20 11:40:15', 152.4, 12, 51),
(3037, '2026-06-20 11:38:15', 132.4, 13, 51),
(3038, '2026-06-20 11:36:15', 142.4, 13, 51),
(3039, '2026-06-20 11:34:15', 152.4, 13, 51),
(3040, '2026-06-20 11:32:15', 132.4, 14, 51),
(3041, '2026-06-20 11:30:15', 142.4, 14, 51),
(3042, '2026-06-20 11:28:15', 152.4, 14, 51),
(3043, '2026-06-20 11:26:15', 132.4, 15, 51),
(3044, '2026-06-20 11:24:15', 142.4, 15, 51),
(3045, '2026-06-20 11:22:15', 152.4, 15, 51),
(3046, '2026-06-20 11:20:15', 132.4, 16, 51),
(3047, '2026-06-20 11:18:15', 142.4, 16, 51),
(3048, '2026-06-20 11:16:15', 152.4, 16, 51),
(3049, '2026-06-20 11:14:15', 132.4, 17, 51),
(3050, '2026-06-20 11:12:15', 142.4, 17, 51),
(3051, '2026-06-20 11:10:15', 152.4, 17, 51),
(3052, '2026-06-20 11:08:15', 132.4, 18, 51),
(3053, '2026-06-20 11:06:15', 142.4, 18, 51),
(3054, '2026-06-20 11:04:15', 152.4, 18, 51),
(3055, '2026-06-20 11:02:15', 132.4, 19, 51),
(3056, '2026-06-20 11:00:15', 142.4, 19, 51),
(3057, '2026-06-20 10:58:15', 152.4, 19, 51),
(3058, '2026-06-20 10:56:15', 132.4, 20, 51),
(3059, '2026-06-20 10:54:15', 142.4, 20, 51),
(3060, '2026-06-20 10:52:15', 152.4, 20, 51),
(3061, '2026-06-20 10:50:15', 222.04, 1, 52),
(3062, '2026-06-20 10:48:15', 232.04, 1, 52),
(3063, '2026-06-20 10:46:15', 242.04, 1, 52),
(3064, '2026-06-20 10:44:15', 222.04, 2, 52),
(3065, '2026-06-20 10:42:15', 232.04, 2, 52),
(3066, '2026-06-20 10:40:15', 242.04, 2, 52),
(3067, '2026-06-20 10:38:15', 222.04, 3, 52),
(3068, '2026-06-20 10:36:15', 232.04, 3, 52),
(3069, '2026-06-20 10:34:15', 242.04, 3, 52),
(3070, '2026-06-20 10:32:15', 222.04, 4, 52),
(3071, '2026-06-20 10:30:15', 232.04, 4, 52),
(3072, '2026-06-20 10:28:15', 242.04, 4, 52),
(3073, '2026-06-20 10:26:15', 222.04, 5, 52),
(3074, '2026-06-20 10:24:15', 232.04, 5, 52),
(3075, '2026-06-20 10:22:15', 242.04, 5, 52),
(3076, '2026-06-20 10:20:15', 222.04, 6, 52),
(3077, '2026-06-20 10:18:15', 232.04, 6, 52),
(3078, '2026-06-20 10:16:15', 242.04, 6, 52),
(3079, '2026-06-20 10:14:15', 222.04, 7, 52),
(3080, '2026-06-20 10:12:15', 232.04, 7, 52),
(3081, '2026-06-20 10:10:15', 242.04, 7, 52),
(3082, '2026-06-20 10:08:15', 222.04, 8, 52),
(3083, '2026-06-20 10:06:15', 232.04, 8, 52),
(3084, '2026-06-20 10:04:15', 242.04, 8, 52),
(3085, '2026-06-20 10:02:15', 222.04, 9, 52),
(3086, '2026-06-20 10:00:15', 232.04, 9, 52),
(3087, '2026-06-20 09:58:15', 242.04, 9, 52),
(3088, '2026-06-20 09:56:15', 222.04, 10, 52),
(3089, '2026-06-20 09:54:15', 232.04, 10, 52),
(3090, '2026-06-20 09:52:15', 242.04, 10, 52),
(3091, '2026-06-20 09:50:15', 222.04, 11, 52),
(3092, '2026-06-20 09:48:15', 232.04, 11, 52),
(3093, '2026-06-20 09:46:15', 242.04, 11, 52),
(3094, '2026-06-20 09:44:15', 222.04, 12, 52),
(3095, '2026-06-20 09:42:15', 232.04, 12, 52),
(3096, '2026-06-20 09:40:15', 242.04, 12, 52),
(3097, '2026-06-20 09:38:15', 222.04, 13, 52),
(3098, '2026-06-20 09:36:15', 232.04, 13, 52),
(3099, '2026-06-20 09:34:15', 242.04, 13, 52),
(3100, '2026-06-20 09:32:15', 222.04, 14, 52),
(3101, '2026-06-20 09:30:15', 232.04, 14, 52),
(3102, '2026-06-20 09:28:15', 242.04, 14, 52),
(3103, '2026-06-20 09:26:15', 222.04, 15, 52),
(3104, '2026-06-20 09:24:15', 232.04, 15, 52),
(3105, '2026-06-20 09:22:15', 242.04, 15, 52),
(3106, '2026-06-20 09:20:15', 222.04, 16, 52),
(3107, '2026-06-20 09:18:15', 232.04, 16, 52),
(3108, '2026-06-20 09:16:15', 242.04, 16, 52),
(3109, '2026-06-20 09:14:15', 222.04, 17, 52),
(3110, '2026-06-20 09:12:15', 232.04, 17, 52),
(3111, '2026-06-20 09:10:15', 242.04, 17, 52),
(3112, '2026-06-20 09:08:15', 222.04, 18, 52),
(3113, '2026-06-20 09:06:15', 232.04, 18, 52),
(3114, '2026-06-20 09:04:15', 242.04, 18, 52),
(3115, '2026-06-20 09:02:15', 222.04, 19, 52),
(3116, '2026-06-20 09:00:15', 232.04, 19, 52),
(3117, '2026-06-20 08:58:15', 242.04, 19, 52),
(3118, '2026-06-20 08:56:15', 222.04, 20, 52),
(3119, '2026-06-20 08:54:15', 232.04, 20, 52),
(3120, '2026-06-20 08:52:15', 242.04, 20, 52),
(3121, '2026-06-20 08:50:15', 95.91, 1, 53),
(3122, '2026-06-20 08:48:15', 105.91, 1, 53),
(3123, '2026-06-20 08:46:15', 115.91, 1, 53),
(3124, '2026-06-20 08:44:15', 95.91, 2, 53),
(3125, '2026-06-20 08:42:15', 105.91, 2, 53),
(3126, '2026-06-20 08:40:15', 115.91, 2, 53),
(3127, '2026-06-20 08:38:15', 95.91, 3, 53),
(3128, '2026-06-20 08:36:15', 105.91, 3, 53),
(3129, '2026-06-20 08:34:15', 115.91, 3, 53),
(3130, '2026-06-20 08:32:15', 95.91, 4, 53),
(3131, '2026-06-20 08:30:15', 105.91, 4, 53),
(3132, '2026-06-20 08:28:15', 115.91, 4, 53),
(3133, '2026-06-20 08:26:15', 95.91, 5, 53),
(3134, '2026-06-20 08:24:15', 105.91, 5, 53),
(3135, '2026-06-20 08:22:15', 115.91, 5, 53),
(3136, '2026-06-20 08:20:15', 95.91, 6, 53),
(3137, '2026-06-20 08:18:15', 105.91, 6, 53),
(3138, '2026-06-20 08:16:15', 115.91, 6, 53),
(3139, '2026-06-20 08:14:15', 95.91, 7, 53),
(3140, '2026-06-20 08:12:15', 105.91, 7, 53),
(3141, '2026-06-20 08:10:15', 115.91, 7, 53),
(3142, '2026-06-20 08:08:15', 95.91, 8, 53),
(3143, '2026-06-20 08:06:15', 105.91, 8, 53),
(3144, '2026-06-20 08:04:15', 115.91, 8, 53),
(3145, '2026-06-20 08:02:15', 95.91, 9, 53),
(3146, '2026-06-20 08:00:15', 105.91, 9, 53),
(3147, '2026-06-20 07:58:15', 115.91, 9, 53),
(3148, '2026-06-20 07:56:15', 95.91, 10, 53),
(3149, '2026-06-20 07:54:15', 105.91, 10, 53),
(3150, '2026-06-20 07:52:15', 115.91, 10, 53),
(3151, '2026-06-20 07:50:15', 95.91, 11, 53),
(3152, '2026-06-20 07:48:15', 105.91, 11, 53),
(3153, '2026-06-20 07:46:15', 115.91, 11, 53),
(3154, '2026-06-20 07:44:15', 95.91, 12, 53),
(3155, '2026-06-20 07:42:15', 105.91, 12, 53),
(3156, '2026-06-20 07:40:15', 115.91, 12, 53),
(3157, '2026-06-20 07:38:15', 95.91, 13, 53),
(3158, '2026-06-20 07:36:15', 105.91, 13, 53),
(3159, '2026-06-20 07:34:15', 115.91, 13, 53),
(3160, '2026-06-20 07:32:15', 95.91, 14, 53),
(3161, '2026-06-20 07:30:15', 105.91, 14, 53),
(3162, '2026-06-20 07:28:15', 115.91, 14, 53),
(3163, '2026-06-20 07:26:15', 95.91, 15, 53),
(3164, '2026-06-20 07:24:15', 105.91, 15, 53),
(3165, '2026-06-20 07:22:15', 115.91, 15, 53),
(3166, '2026-06-20 07:20:15', 95.91, 16, 53),
(3167, '2026-06-20 07:18:15', 105.91, 16, 53),
(3168, '2026-06-20 07:16:15', 115.91, 16, 53),
(3169, '2026-06-20 07:14:15', 95.91, 17, 53),
(3170, '2026-06-20 07:12:15', 105.91, 17, 53),
(3171, '2026-06-20 07:10:15', 115.91, 17, 53),
(3172, '2026-06-20 07:08:15', 95.91, 18, 53),
(3173, '2026-06-20 07:06:15', 105.91, 18, 53),
(3174, '2026-06-20 07:04:15', 115.91, 18, 53),
(3175, '2026-06-20 07:02:15', 95.91, 19, 53),
(3176, '2026-06-20 07:00:15', 105.91, 19, 53),
(3177, '2026-06-20 06:58:15', 115.91, 19, 53),
(3178, '2026-06-20 06:56:15', 95.91, 20, 53),
(3179, '2026-06-20 06:54:15', 105.91, 20, 53),
(3180, '2026-06-20 06:52:15', 115.91, 20, 53),
(3181, '2026-06-20 06:50:15', 71.12, 1, 54),
(3182, '2026-06-20 06:48:15', 81.12, 1, 54),
(3183, '2026-06-20 06:46:15', 91.12, 1, 54),
(3184, '2026-06-20 06:44:15', 71.12, 2, 54),
(3185, '2026-06-20 06:42:15', 81.12, 2, 54),
(3186, '2026-06-20 06:40:15', 91.12, 2, 54),
(3187, '2026-06-20 06:38:15', 71.12, 3, 54),
(3188, '2026-06-20 06:36:15', 81.12, 3, 54),
(3189, '2026-06-20 06:34:15', 91.12, 3, 54),
(3190, '2026-06-20 06:32:15', 71.12, 4, 54),
(3191, '2026-06-20 06:30:15', 81.12, 4, 54),
(3192, '2026-06-20 06:28:15', 91.12, 4, 54),
(3193, '2026-06-20 06:26:15', 71.12, 5, 54),
(3194, '2026-06-20 06:24:15', 81.12, 5, 54),
(3195, '2026-06-20 06:22:15', 91.12, 5, 54),
(3196, '2026-06-20 06:20:15', 71.12, 6, 54),
(3197, '2026-06-20 06:18:15', 81.12, 6, 54),
(3198, '2026-06-20 06:16:15', 91.12, 6, 54),
(3199, '2026-06-20 06:14:15', 71.12, 7, 54),
(3200, '2026-06-20 06:12:15', 81.12, 7, 54),
(3201, '2026-06-20 06:10:15', 91.12, 7, 54),
(3202, '2026-06-20 06:08:15', 71.12, 8, 54),
(3203, '2026-06-20 06:06:15', 81.12, 8, 54),
(3204, '2026-06-20 06:04:15', 91.12, 8, 54),
(3205, '2026-06-20 06:02:15', 71.12, 9, 54),
(3206, '2026-06-20 06:00:15', 81.12, 9, 54),
(3207, '2026-06-20 05:58:15', 91.12, 9, 54),
(3208, '2026-06-20 05:56:15', 71.12, 10, 54),
(3209, '2026-06-20 05:54:15', 81.12, 10, 54),
(3210, '2026-06-20 05:52:15', 91.12, 10, 54),
(3211, '2026-06-20 05:50:15', 71.12, 11, 54),
(3212, '2026-06-20 05:48:15', 81.12, 11, 54),
(3213, '2026-06-20 05:46:15', 91.12, 11, 54),
(3214, '2026-06-20 05:44:15', 71.12, 12, 54),
(3215, '2026-06-20 05:42:15', 81.12, 12, 54),
(3216, '2026-06-20 05:40:15', 91.12, 12, 54),
(3217, '2026-06-20 05:38:15', 71.12, 13, 54),
(3218, '2026-06-20 05:36:15', 81.12, 13, 54),
(3219, '2026-06-20 05:34:15', 91.12, 13, 54),
(3220, '2026-06-20 05:32:15', 71.12, 14, 54),
(3221, '2026-06-20 05:30:15', 81.12, 14, 54),
(3222, '2026-06-20 05:28:15', 91.12, 14, 54),
(3223, '2026-06-20 05:26:15', 71.12, 15, 54),
(3224, '2026-06-20 05:24:15', 81.12, 15, 54),
(3225, '2026-06-20 05:22:15', 91.12, 15, 54),
(3226, '2026-06-20 05:20:15', 71.12, 16, 54),
(3227, '2026-06-20 05:18:15', 81.12, 16, 54),
(3228, '2026-06-20 05:16:15', 91.12, 16, 54),
(3229, '2026-06-20 05:14:15', 71.12, 17, 54),
(3230, '2026-06-20 05:12:15', 81.12, 17, 54),
(3231, '2026-06-20 05:10:15', 91.12, 17, 54),
(3232, '2026-06-20 05:08:15', 71.12, 18, 54),
(3233, '2026-06-20 05:06:15', 81.12, 18, 54),
(3234, '2026-06-20 05:04:15', 91.12, 18, 54),
(3235, '2026-06-20 05:02:15', 71.12, 19, 54),
(3236, '2026-06-20 05:00:15', 81.12, 19, 54),
(3237, '2026-06-20 04:58:15', 91.12, 19, 54),
(3238, '2026-06-20 04:56:15', 71.12, 20, 54),
(3239, '2026-06-20 04:54:15', 81.12, 20, 54),
(3240, '2026-06-20 04:52:15', 91.12, 20, 54),
(3241, '2026-06-20 04:50:15', 211.14, 1, 55),
(3242, '2026-06-20 04:48:15', 221.14, 1, 55),
(3243, '2026-06-20 04:46:15', 231.14, 1, 55),
(3244, '2026-06-20 04:44:15', 211.14, 2, 55),
(3245, '2026-06-20 04:42:15', 221.14, 2, 55),
(3246, '2026-06-20 04:40:15', 231.14, 2, 55),
(3247, '2026-06-20 04:38:15', 211.14, 3, 55),
(3248, '2026-06-20 04:36:15', 221.14, 3, 55),
(3249, '2026-06-20 04:34:15', 231.14, 3, 55),
(3250, '2026-06-20 04:32:15', 211.14, 4, 55),
(3251, '2026-06-20 04:30:15', 221.14, 4, 55),
(3252, '2026-06-20 04:28:15', 231.14, 4, 55),
(3253, '2026-06-20 04:26:15', 211.14, 5, 55),
(3254, '2026-06-20 04:24:15', 221.14, 5, 55),
(3255, '2026-06-20 04:22:15', 231.14, 5, 55),
(3256, '2026-06-20 04:20:15', 211.14, 6, 55),
(3257, '2026-06-20 04:18:15', 221.14, 6, 55),
(3258, '2026-06-20 04:16:15', 231.14, 6, 55),
(3259, '2026-06-20 04:14:15', 211.14, 7, 55),
(3260, '2026-06-20 04:12:15', 221.14, 7, 55),
(3261, '2026-06-20 04:10:15', 231.14, 7, 55),
(3262, '2026-06-20 04:08:15', 211.14, 8, 55),
(3263, '2026-06-20 04:06:15', 221.14, 8, 55),
(3264, '2026-06-20 04:04:15', 231.14, 8, 55),
(3265, '2026-06-20 04:02:15', 211.14, 9, 55),
(3266, '2026-06-20 04:00:15', 221.14, 9, 55),
(3267, '2026-06-20 03:58:15', 231.14, 9, 55),
(3268, '2026-06-20 03:56:15', 211.14, 10, 55),
(3269, '2026-06-20 03:54:15', 221.14, 10, 55),
(3270, '2026-06-20 03:52:15', 231.14, 10, 55),
(3271, '2026-06-20 03:50:15', 211.14, 11, 55),
(3272, '2026-06-20 03:48:15', 221.14, 11, 55),
(3273, '2026-06-20 03:46:15', 231.14, 11, 55),
(3274, '2026-06-20 03:44:15', 211.14, 12, 55),
(3275, '2026-06-20 03:42:15', 221.14, 12, 55),
(3276, '2026-06-20 03:40:15', 231.14, 12, 55),
(3277, '2026-06-20 03:38:15', 211.14, 13, 55),
(3278, '2026-06-20 03:36:15', 221.14, 13, 55),
(3279, '2026-06-20 03:34:15', 231.14, 13, 55),
(3280, '2026-06-20 03:32:15', 211.14, 14, 55),
(3281, '2026-06-20 03:30:15', 221.14, 14, 55),
(3282, '2026-06-20 03:28:15', 231.14, 14, 55),
(3283, '2026-06-20 03:26:15', 211.14, 15, 55),
(3284, '2026-06-20 03:24:15', 221.14, 15, 55),
(3285, '2026-06-20 03:22:15', 231.14, 15, 55),
(3286, '2026-06-20 03:20:15', 211.14, 16, 55),
(3287, '2026-06-20 03:18:15', 221.14, 16, 55),
(3288, '2026-06-20 03:16:15', 231.14, 16, 55),
(3289, '2026-06-20 03:14:15', 211.14, 17, 55),
(3290, '2026-06-20 03:12:15', 221.14, 17, 55),
(3291, '2026-06-20 03:10:15', 231.14, 17, 55),
(3292, '2026-06-20 03:08:15', 211.14, 18, 55),
(3293, '2026-06-20 03:06:15', 221.14, 18, 55),
(3294, '2026-06-20 03:04:15', 231.14, 18, 55),
(3295, '2026-06-20 03:02:15', 211.14, 19, 55),
(3296, '2026-06-20 03:00:15', 221.14, 19, 55),
(3297, '2026-06-20 02:58:15', 231.14, 19, 55),
(3298, '2026-06-20 02:56:15', 211.14, 20, 55),
(3299, '2026-06-20 02:54:15', 221.14, 20, 55),
(3300, '2026-06-20 02:52:15', 231.14, 20, 55),
(3301, '2026-06-20 02:50:15', 188.98, 1, 56),
(3302, '2026-06-20 02:48:15', 198.98, 1, 56),
(3303, '2026-06-20 02:46:15', 208.98, 1, 56),
(3304, '2026-06-20 02:44:15', 188.98, 2, 56),
(3305, '2026-06-20 02:42:15', 198.98, 2, 56),
(3306, '2026-06-20 02:40:15', 208.98, 2, 56),
(3307, '2026-06-20 02:38:15', 188.98, 3, 56),
(3308, '2026-06-20 02:36:15', 198.98, 3, 56),
(3309, '2026-06-20 02:34:15', 208.98, 3, 56),
(3310, '2026-06-20 02:32:15', 188.98, 4, 56),
(3311, '2026-06-20 02:30:15', 198.98, 4, 56),
(3312, '2026-06-20 02:28:15', 208.98, 4, 56),
(3313, '2026-06-20 02:26:15', 188.98, 5, 56),
(3314, '2026-06-20 02:24:15', 198.98, 5, 56),
(3315, '2026-06-20 02:22:15', 208.98, 5, 56),
(3316, '2026-06-20 02:20:15', 188.98, 6, 56),
(3317, '2026-06-20 02:18:15', 198.98, 6, 56),
(3318, '2026-06-20 02:16:15', 208.98, 6, 56),
(3319, '2026-06-20 02:14:15', 188.98, 7, 56),
(3320, '2026-06-20 02:12:15', 198.98, 7, 56),
(3321, '2026-06-20 02:10:15', 208.98, 7, 56),
(3322, '2026-06-20 02:08:15', 188.98, 8, 56),
(3323, '2026-06-20 02:06:15', 198.98, 8, 56),
(3324, '2026-06-20 02:04:15', 208.98, 8, 56),
(3325, '2026-06-20 02:02:15', 188.98, 9, 56),
(3326, '2026-06-20 02:00:15', 198.98, 9, 56),
(3327, '2026-06-20 01:58:15', 208.98, 9, 56),
(3328, '2026-06-20 01:56:15', 188.98, 10, 56),
(3329, '2026-06-20 01:54:15', 198.98, 10, 56),
(3330, '2026-06-20 01:52:15', 208.98, 10, 56),
(3331, '2026-06-20 01:50:15', 188.98, 11, 56),
(3332, '2026-06-20 01:48:15', 198.98, 11, 56),
(3333, '2026-06-20 01:46:15', 208.98, 11, 56),
(3334, '2026-06-20 01:44:15', 188.98, 12, 56),
(3335, '2026-06-20 01:42:15', 198.98, 12, 56),
(3336, '2026-06-20 01:40:15', 208.98, 12, 56),
(3337, '2026-06-20 01:38:15', 188.98, 13, 56),
(3338, '2026-06-20 01:36:15', 198.98, 13, 56),
(3339, '2026-06-20 01:34:15', 208.98, 13, 56),
(3340, '2026-06-20 01:32:15', 188.98, 14, 56),
(3341, '2026-06-20 01:30:15', 198.98, 14, 56),
(3342, '2026-06-20 01:28:15', 208.98, 14, 56),
(3343, '2026-06-20 01:26:15', 188.98, 15, 56),
(3344, '2026-06-20 01:24:15', 198.98, 15, 56),
(3345, '2026-06-20 01:22:15', 208.98, 15, 56),
(3346, '2026-06-20 01:20:15', 188.98, 16, 56),
(3347, '2026-06-20 01:18:15', 198.98, 16, 56),
(3348, '2026-06-20 01:16:15', 208.98, 16, 56),
(3349, '2026-06-20 01:14:15', 188.98, 17, 56),
(3350, '2026-06-20 01:12:15', 198.98, 17, 56),
(3351, '2026-06-20 01:10:15', 208.98, 17, 56),
(3352, '2026-06-20 01:08:15', 188.98, 18, 56),
(3353, '2026-06-20 01:06:15', 198.98, 18, 56),
(3354, '2026-06-20 01:04:15', 208.98, 18, 56),
(3355, '2026-06-20 01:02:15', 188.98, 19, 56),
(3356, '2026-06-20 01:00:15', 198.98, 19, 56),
(3357, '2026-06-20 00:58:15', 208.98, 19, 56),
(3358, '2026-06-20 00:56:15', 188.98, 20, 56),
(3359, '2026-06-20 00:54:15', 198.98, 20, 56),
(3360, '2026-06-20 00:52:15', 208.98, 20, 56),
(3361, '2026-06-20 00:50:15', 72.7, 1, 57),
(3362, '2026-06-20 00:48:15', 82.7, 1, 57),
(3363, '2026-06-20 00:46:15', 92.7, 1, 57),
(3364, '2026-06-20 00:44:15', 72.7, 2, 57),
(3365, '2026-06-20 00:42:15', 82.7, 2, 57),
(3366, '2026-06-20 00:40:15', 92.7, 2, 57),
(3367, '2026-06-20 00:38:15', 72.7, 3, 57),
(3368, '2026-06-20 00:36:15', 82.7, 3, 57),
(3369, '2026-06-20 00:34:15', 92.7, 3, 57),
(3370, '2026-06-20 00:32:15', 72.7, 4, 57),
(3371, '2026-06-20 00:30:15', 82.7, 4, 57),
(3372, '2026-06-20 00:28:15', 92.7, 4, 57),
(3373, '2026-06-20 00:26:15', 72.7, 5, 57),
(3374, '2026-06-20 00:24:15', 82.7, 5, 57),
(3375, '2026-06-20 00:22:15', 92.7, 5, 57),
(3376, '2026-06-20 00:20:15', 72.7, 6, 57),
(3377, '2026-06-20 00:18:15', 82.7, 6, 57),
(3378, '2026-06-20 00:16:15', 92.7, 6, 57),
(3379, '2026-06-20 00:14:15', 72.7, 7, 57),
(3380, '2026-06-20 00:12:15', 82.7, 7, 57),
(3381, '2026-06-20 00:10:15', 92.7, 7, 57),
(3382, '2026-06-20 00:08:15', 72.7, 8, 57),
(3383, '2026-06-20 00:06:15', 82.7, 8, 57),
(3384, '2026-06-20 00:04:15', 92.7, 8, 57),
(3385, '2026-06-20 00:02:15', 72.7, 9, 57),
(3386, '2026-06-20 00:00:15', 82.7, 9, 57),
(3387, '2026-06-19 23:58:15', 92.7, 9, 57),
(3388, '2026-06-19 23:56:15', 72.7, 10, 57),
(3389, '2026-06-19 23:54:15', 82.7, 10, 57),
(3390, '2026-06-19 23:52:15', 92.7, 10, 57),
(3391, '2026-06-19 23:50:15', 72.7, 11, 57),
(3392, '2026-06-19 23:48:15', 82.7, 11, 57),
(3393, '2026-06-19 23:46:15', 92.7, 11, 57),
(3394, '2026-06-19 23:44:15', 72.7, 12, 57),
(3395, '2026-06-19 23:42:15', 82.7, 12, 57),
(3396, '2026-06-19 23:40:15', 92.7, 12, 57),
(3397, '2026-06-19 23:38:15', 72.7, 13, 57),
(3398, '2026-06-19 23:36:15', 82.7, 13, 57),
(3399, '2026-06-19 23:34:15', 92.7, 13, 57),
(3400, '2026-06-19 23:32:15', 72.7, 14, 57),
(3401, '2026-06-19 23:30:15', 82.7, 14, 57),
(3402, '2026-06-19 23:28:15', 92.7, 14, 57),
(3403, '2026-06-19 23:26:15', 72.7, 15, 57),
(3404, '2026-06-19 23:24:15', 82.7, 15, 57),
(3405, '2026-06-19 23:22:15', 92.7, 15, 57),
(3406, '2026-06-19 23:20:15', 72.7, 16, 57),
(3407, '2026-06-19 23:18:15', 82.7, 16, 57),
(3408, '2026-06-19 23:16:15', 92.7, 16, 57),
(3409, '2026-06-19 23:14:15', 72.7, 17, 57),
(3410, '2026-06-19 23:12:15', 82.7, 17, 57),
(3411, '2026-06-19 23:10:15', 92.7, 17, 57),
(3412, '2026-06-19 23:08:15', 72.7, 18, 57),
(3413, '2026-06-19 23:06:15', 82.7, 18, 57),
(3414, '2026-06-19 23:04:15', 92.7, 18, 57),
(3415, '2026-06-19 23:02:15', 72.7, 19, 57),
(3416, '2026-06-19 23:00:15', 82.7, 19, 57),
(3417, '2026-06-19 22:58:15', 92.7, 19, 57),
(3418, '2026-06-19 22:56:15', 72.7, 20, 57),
(3419, '2026-06-19 22:54:15', 82.7, 20, 57),
(3420, '2026-06-19 22:52:15', 92.7, 20, 57),
(3421, '2026-06-19 22:50:15', 165.09, 1, 58),
(3422, '2026-06-19 22:48:15', 175.09, 1, 58),
(3423, '2026-06-19 22:46:15', 185.09, 1, 58),
(3424, '2026-06-19 22:44:15', 165.09, 2, 58),
(3425, '2026-06-19 22:42:15', 175.09, 2, 58),
(3426, '2026-06-19 22:40:15', 185.09, 2, 58),
(3427, '2026-06-19 22:38:15', 165.09, 3, 58),
(3428, '2026-06-19 22:36:15', 175.09, 3, 58),
(3429, '2026-06-19 22:34:15', 185.09, 3, 58),
(3430, '2026-06-19 22:32:15', 165.09, 4, 58),
(3431, '2026-06-19 22:30:15', 175.09, 4, 58),
(3432, '2026-06-19 22:28:15', 185.09, 4, 58),
(3433, '2026-06-19 22:26:15', 165.09, 5, 58),
(3434, '2026-06-19 22:24:15', 175.09, 5, 58),
(3435, '2026-06-19 22:22:15', 185.09, 5, 58),
(3436, '2026-06-19 22:20:15', 165.09, 6, 58),
(3437, '2026-06-19 22:18:15', 175.09, 6, 58),
(3438, '2026-06-19 22:16:15', 185.09, 6, 58),
(3439, '2026-06-19 22:14:15', 165.09, 7, 58),
(3440, '2026-06-19 22:12:15', 175.09, 7, 58),
(3441, '2026-06-19 22:10:15', 185.09, 7, 58),
(3442, '2026-06-19 22:08:15', 165.09, 8, 58),
(3443, '2026-06-19 22:06:15', 175.09, 8, 58),
(3444, '2026-06-19 22:04:15', 185.09, 8, 58),
(3445, '2026-06-19 22:02:15', 165.09, 9, 58),
(3446, '2026-06-19 22:00:15', 175.09, 9, 58),
(3447, '2026-06-19 21:58:15', 185.09, 9, 58),
(3448, '2026-06-19 21:56:15', 165.09, 10, 58),
(3449, '2026-06-19 21:54:15', 175.09, 10, 58),
(3450, '2026-06-19 21:52:15', 185.09, 10, 58),
(3451, '2026-06-19 21:50:15', 165.09, 11, 58),
(3452, '2026-06-19 21:48:15', 175.09, 11, 58),
(3453, '2026-06-19 21:46:15', 185.09, 11, 58),
(3454, '2026-06-19 21:44:15', 165.09, 12, 58),
(3455, '2026-06-19 21:42:15', 175.09, 12, 58),
(3456, '2026-06-19 21:40:15', 185.09, 12, 58),
(3457, '2026-06-19 21:38:15', 165.09, 13, 58),
(3458, '2026-06-19 21:36:15', 175.09, 13, 58),
(3459, '2026-06-19 21:34:15', 185.09, 13, 58),
(3460, '2026-06-19 21:32:15', 165.09, 14, 58),
(3461, '2026-06-19 21:30:15', 175.09, 14, 58),
(3462, '2026-06-19 21:28:15', 185.09, 14, 58),
(3463, '2026-06-19 21:26:15', 165.09, 15, 58),
(3464, '2026-06-19 21:24:15', 175.09, 15, 58),
(3465, '2026-06-19 21:22:15', 185.09, 15, 58),
(3466, '2026-06-19 21:20:15', 165.09, 16, 58),
(3467, '2026-06-19 21:18:15', 175.09, 16, 58),
(3468, '2026-06-19 21:16:15', 185.09, 16, 58),
(3469, '2026-06-19 21:14:15', 165.09, 17, 58),
(3470, '2026-06-19 21:12:15', 175.09, 17, 58),
(3471, '2026-06-19 21:10:15', 185.09, 17, 58),
(3472, '2026-06-19 21:08:15', 165.09, 18, 58),
(3473, '2026-06-19 21:06:15', 175.09, 18, 58),
(3474, '2026-06-19 21:04:15', 185.09, 18, 58),
(3475, '2026-06-19 21:02:15', 165.09, 19, 58),
(3476, '2026-06-19 21:00:15', 175.09, 19, 58),
(3477, '2026-06-19 20:58:15', 185.09, 19, 58),
(3478, '2026-06-19 20:56:15', 165.09, 20, 58),
(3479, '2026-06-19 20:54:15', 175.09, 20, 58),
(3480, '2026-06-19 20:52:15', 185.09, 20, 58),
(3481, '2026-06-19 20:50:15', 236.65, 1, 59),
(3482, '2026-06-19 20:48:15', 246.65, 1, 59),
(3483, '2026-06-19 20:46:15', 256.65, 1, 59),
(3484, '2026-06-19 20:44:15', 236.65, 2, 59),
(3485, '2026-06-19 20:42:15', 246.65, 2, 59),
(3486, '2026-06-19 20:40:15', 256.65, 2, 59),
(3487, '2026-06-19 20:38:15', 236.65, 3, 59),
(3488, '2026-06-19 20:36:15', 246.65, 3, 59),
(3489, '2026-06-19 20:34:15', 256.65, 3, 59),
(3490, '2026-06-19 20:32:15', 236.65, 4, 59),
(3491, '2026-06-19 20:30:15', 246.65, 4, 59),
(3492, '2026-06-19 20:28:15', 256.65, 4, 59),
(3493, '2026-06-19 20:26:15', 236.65, 5, 59),
(3494, '2026-06-19 20:24:15', 246.65, 5, 59),
(3495, '2026-06-19 20:22:15', 256.65, 5, 59),
(3496, '2026-06-19 20:20:15', 236.65, 6, 59),
(3497, '2026-06-19 20:18:15', 246.65, 6, 59),
(3498, '2026-06-19 20:16:15', 256.65, 6, 59),
(3499, '2026-06-19 20:14:15', 236.65, 7, 59),
(3500, '2026-06-19 20:12:15', 246.65, 7, 59),
(3501, '2026-06-19 20:10:15', 256.65, 7, 59),
(3502, '2026-06-19 20:08:15', 236.65, 8, 59),
(3503, '2026-06-19 20:06:15', 246.65, 8, 59),
(3504, '2026-06-19 20:04:15', 256.65, 8, 59),
(3505, '2026-06-19 20:02:15', 236.65, 9, 59),
(3506, '2026-06-19 20:00:15', 246.65, 9, 59),
(3507, '2026-06-19 19:58:15', 256.65, 9, 59),
(3508, '2026-06-19 19:56:15', 236.65, 10, 59),
(3509, '2026-06-19 19:54:15', 246.65, 10, 59),
(3510, '2026-06-19 19:52:15', 256.65, 10, 59),
(3511, '2026-06-19 19:50:15', 236.65, 11, 59),
(3512, '2026-06-19 19:48:15', 246.65, 11, 59),
(3513, '2026-06-19 19:46:15', 256.65, 11, 59),
(3514, '2026-06-19 19:44:15', 236.65, 12, 59),
(3515, '2026-06-19 19:42:15', 246.65, 12, 59),
(3516, '2026-06-19 19:40:15', 256.65, 12, 59),
(3517, '2026-06-19 19:38:15', 236.65, 13, 59),
(3518, '2026-06-19 19:36:15', 246.65, 13, 59),
(3519, '2026-06-19 19:34:15', 256.65, 13, 59),
(3520, '2026-06-19 19:32:15', 236.65, 14, 59),
(3521, '2026-06-19 19:30:15', 246.65, 14, 59),
(3522, '2026-06-19 19:28:15', 256.65, 14, 59),
(3523, '2026-06-19 19:26:15', 236.65, 15, 59),
(3524, '2026-06-19 19:24:15', 246.65, 15, 59),
(3525, '2026-06-19 19:22:15', 256.65, 15, 59),
(3526, '2026-06-19 19:20:15', 236.65, 16, 59),
(3527, '2026-06-19 19:18:15', 246.65, 16, 59),
(3528, '2026-06-19 19:16:15', 256.65, 16, 59),
(3529, '2026-06-19 19:14:15', 236.65, 17, 59),
(3530, '2026-06-19 19:12:15', 246.65, 17, 59),
(3531, '2026-06-19 19:10:15', 256.65, 17, 59),
(3532, '2026-06-19 19:08:15', 236.65, 18, 59),
(3533, '2026-06-19 19:06:15', 246.65, 18, 59),
(3534, '2026-06-19 19:04:15', 256.65, 18, 59),
(3535, '2026-06-19 19:02:15', 236.65, 19, 59),
(3536, '2026-06-19 19:00:15', 246.65, 19, 59),
(3537, '2026-06-19 18:58:15', 256.65, 19, 59),
(3538, '2026-06-19 18:56:15', 236.65, 20, 59),
(3539, '2026-06-19 18:54:15', 246.65, 20, 59),
(3540, '2026-06-19 18:52:15', 256.65, 20, 59),
(3541, '2026-06-19 18:50:15', 217.12, 1, 60),
(3542, '2026-06-19 18:48:15', 227.12, 1, 60),
(3543, '2026-06-19 18:46:15', 237.12, 1, 60),
(3544, '2026-06-19 18:44:15', 217.12, 2, 60),
(3545, '2026-06-19 18:42:15', 227.12, 2, 60),
(3546, '2026-06-19 18:40:15', 237.12, 2, 60),
(3547, '2026-06-19 18:38:15', 217.12, 3, 60),
(3548, '2026-06-19 18:36:15', 227.12, 3, 60),
(3549, '2026-06-19 18:34:15', 237.12, 3, 60),
(3550, '2026-06-19 18:32:15', 217.12, 4, 60),
(3551, '2026-06-19 18:30:15', 227.12, 4, 60),
(3552, '2026-06-19 18:28:15', 237.12, 4, 60),
(3553, '2026-06-19 18:26:15', 217.12, 5, 60),
(3554, '2026-06-19 18:24:15', 227.12, 5, 60),
(3555, '2026-06-19 18:22:15', 237.12, 5, 60),
(3556, '2026-06-19 18:20:15', 217.12, 6, 60),
(3557, '2026-06-19 18:18:15', 227.12, 6, 60),
(3558, '2026-06-19 18:16:15', 237.12, 6, 60),
(3559, '2026-06-19 18:14:15', 217.12, 7, 60),
(3560, '2026-06-19 18:12:15', 227.12, 7, 60),
(3561, '2026-06-19 18:10:15', 237.12, 7, 60),
(3562, '2026-06-19 18:08:15', 217.12, 8, 60),
(3563, '2026-06-19 18:06:15', 227.12, 8, 60),
(3564, '2026-06-19 18:04:15', 237.12, 8, 60),
(3565, '2026-06-19 18:02:15', 217.12, 9, 60),
(3566, '2026-06-19 18:00:15', 227.12, 9, 60),
(3567, '2026-06-19 17:58:15', 237.12, 9, 60),
(3568, '2026-06-19 17:56:15', 217.12, 10, 60),
(3569, '2026-06-19 17:54:15', 227.12, 10, 60),
(3570, '2026-06-19 17:52:15', 237.12, 10, 60),
(3571, '2026-06-19 17:50:15', 217.12, 11, 60),
(3572, '2026-06-19 17:48:15', 227.12, 11, 60),
(3573, '2026-06-19 17:46:15', 237.12, 11, 60),
(3574, '2026-06-19 17:44:15', 217.12, 12, 60),
(3575, '2026-06-19 17:42:15', 227.12, 12, 60),
(3576, '2026-06-19 17:40:15', 237.12, 12, 60),
(3577, '2026-06-19 17:38:15', 217.12, 13, 60),
(3578, '2026-06-19 17:36:15', 227.12, 13, 60),
(3579, '2026-06-19 17:34:15', 237.12, 13, 60),
(3580, '2026-06-19 17:32:15', 217.12, 14, 60),
(3581, '2026-06-19 17:30:15', 227.12, 14, 60),
(3582, '2026-06-19 17:28:15', 237.12, 14, 60),
(3583, '2026-06-19 17:26:15', 217.12, 15, 60),
(3584, '2026-06-19 17:24:15', 227.12, 15, 60),
(3585, '2026-06-19 17:22:15', 237.12, 15, 60),
(3586, '2026-06-19 17:20:15', 217.12, 16, 60),
(3587, '2026-06-19 17:18:15', 227.12, 16, 60),
(3588, '2026-06-19 17:16:15', 237.12, 16, 60),
(3589, '2026-06-19 17:14:15', 217.12, 17, 60),
(3590, '2026-06-19 17:12:15', 227.12, 17, 60),
(3591, '2026-06-19 17:10:15', 237.12, 17, 60),
(3592, '2026-06-19 17:08:15', 217.12, 18, 60),
(3593, '2026-06-19 17:06:15', 227.12, 18, 60),
(3594, '2026-06-19 17:04:15', 237.12, 18, 60),
(3595, '2026-06-19 17:02:15', 217.12, 19, 60),
(3596, '2026-06-19 17:00:15', 227.12, 19, 60),
(3597, '2026-06-19 16:58:15', 237.12, 19, 60),
(3598, '2026-06-19 16:56:15', 217.12, 20, 60),
(3599, '2026-06-19 16:54:15', 227.12, 20, 60),
(3600, '2026-06-19 16:52:15', 237.12, 20, 60),
(3601, '2026-06-19 16:50:15', 114.61, 1, 61),
(3602, '2026-06-19 16:48:15', 124.61, 1, 61),
(3603, '2026-06-19 16:46:15', 134.61, 1, 61),
(3604, '2026-06-19 16:44:15', 114.61, 2, 61),
(3605, '2026-06-19 16:42:15', 124.61, 2, 61),
(3606, '2026-06-19 16:40:15', 134.61, 2, 61),
(3607, '2026-06-19 16:38:15', 114.61, 3, 61),
(3608, '2026-06-19 16:36:15', 124.61, 3, 61),
(3609, '2026-06-19 16:34:15', 134.61, 3, 61),
(3610, '2026-06-19 16:32:15', 114.61, 4, 61),
(3611, '2026-06-19 16:30:15', 124.61, 4, 61),
(3612, '2026-06-19 16:28:15', 134.61, 4, 61),
(3613, '2026-06-19 16:26:15', 114.61, 5, 61),
(3614, '2026-06-19 16:24:15', 124.61, 5, 61),
(3615, '2026-06-19 16:22:15', 134.61, 5, 61),
(3616, '2026-06-19 16:20:15', 114.61, 6, 61),
(3617, '2026-06-19 16:18:15', 124.61, 6, 61),
(3618, '2026-06-19 16:16:15', 134.61, 6, 61),
(3619, '2026-06-19 16:14:15', 114.61, 7, 61),
(3620, '2026-06-19 16:12:15', 124.61, 7, 61),
(3621, '2026-06-19 16:10:15', 134.61, 7, 61),
(3622, '2026-06-19 16:08:15', 114.61, 8, 61),
(3623, '2026-06-19 16:06:15', 124.61, 8, 61),
(3624, '2026-06-19 16:04:15', 134.61, 8, 61),
(3625, '2026-06-19 16:02:15', 114.61, 9, 61),
(3626, '2026-06-19 16:00:15', 124.61, 9, 61),
(3627, '2026-06-19 15:58:15', 134.61, 9, 61),
(3628, '2026-06-19 15:56:15', 114.61, 10, 61),
(3629, '2026-06-19 15:54:15', 124.61, 10, 61),
(3630, '2026-06-19 15:52:15', 134.61, 10, 61),
(3631, '2026-06-19 15:50:15', 114.61, 11, 61),
(3632, '2026-06-19 15:48:15', 124.61, 11, 61),
(3633, '2026-06-19 15:46:15', 134.61, 11, 61),
(3634, '2026-06-19 15:44:15', 114.61, 12, 61),
(3635, '2026-06-19 15:42:15', 124.61, 12, 61),
(3636, '2026-06-19 15:40:15', 134.61, 12, 61),
(3637, '2026-06-19 15:38:15', 114.61, 13, 61),
(3638, '2026-06-19 15:36:15', 124.61, 13, 61),
(3639, '2026-06-19 15:34:15', 134.61, 13, 61),
(3640, '2026-06-19 15:32:15', 114.61, 14, 61),
(3641, '2026-06-19 15:30:15', 124.61, 14, 61),
(3642, '2026-06-19 15:28:15', 134.61, 14, 61),
(3643, '2026-06-19 15:26:15', 114.61, 15, 61),
(3644, '2026-06-19 15:24:15', 124.61, 15, 61),
(3645, '2026-06-19 15:22:15', 134.61, 15, 61),
(3646, '2026-06-19 15:20:15', 114.61, 16, 61),
(3647, '2026-06-19 15:18:15', 124.61, 16, 61),
(3648, '2026-06-19 15:16:15', 134.61, 16, 61),
(3649, '2026-06-19 15:14:15', 114.61, 17, 61),
(3650, '2026-06-19 15:12:15', 124.61, 17, 61),
(3651, '2026-06-19 15:10:15', 134.61, 17, 61),
(3652, '2026-06-19 15:08:15', 114.61, 18, 61),
(3653, '2026-06-19 15:06:15', 124.61, 18, 61),
(3654, '2026-06-19 15:04:15', 134.61, 18, 61),
(3655, '2026-06-19 15:02:15', 114.61, 19, 61),
(3656, '2026-06-19 15:00:15', 124.61, 19, 61),
(3657, '2026-06-19 14:58:15', 134.61, 19, 61),
(3658, '2026-06-19 14:56:15', 114.61, 20, 61),
(3659, '2026-06-19 14:54:15', 124.61, 20, 61),
(3660, '2026-06-19 14:52:15', 134.61, 20, 61),
(3661, '2026-06-19 14:50:15', 63.31, 1, 62),
(3662, '2026-06-19 14:48:15', 73.31, 1, 62),
(3663, '2026-06-19 14:46:15', 83.31, 1, 62),
(3664, '2026-06-19 14:44:15', 63.31, 2, 62),
(3665, '2026-06-19 14:42:15', 73.31, 2, 62),
(3666, '2026-06-19 14:40:15', 83.31, 2, 62),
(3667, '2026-06-19 14:38:15', 63.31, 3, 62),
(3668, '2026-06-19 14:36:15', 73.31, 3, 62),
(3669, '2026-06-19 14:34:15', 83.31, 3, 62),
(3670, '2026-06-19 14:32:15', 63.31, 4, 62),
(3671, '2026-06-19 14:30:15', 73.31, 4, 62),
(3672, '2026-06-19 14:28:15', 83.31, 4, 62),
(3673, '2026-06-19 14:26:15', 63.31, 5, 62),
(3674, '2026-06-19 14:24:15', 73.31, 5, 62),
(3675, '2026-06-19 14:22:15', 83.31, 5, 62),
(3676, '2026-06-19 14:20:15', 63.31, 6, 62),
(3677, '2026-06-19 14:18:15', 73.31, 6, 62),
(3678, '2026-06-19 14:16:15', 83.31, 6, 62),
(3679, '2026-06-19 14:14:15', 63.31, 7, 62),
(3680, '2026-06-19 14:12:15', 73.31, 7, 62),
(3681, '2026-06-19 14:10:15', 83.31, 7, 62),
(3682, '2026-06-19 14:08:15', 63.31, 8, 62),
(3683, '2026-06-19 14:06:15', 73.31, 8, 62),
(3684, '2026-06-19 14:04:15', 83.31, 8, 62),
(3685, '2026-06-19 14:02:15', 63.31, 9, 62),
(3686, '2026-06-19 14:00:15', 73.31, 9, 62),
(3687, '2026-06-19 13:58:15', 83.31, 9, 62),
(3688, '2026-06-19 13:56:15', 63.31, 10, 62),
(3689, '2026-06-19 13:54:15', 73.31, 10, 62),
(3690, '2026-06-19 13:52:15', 83.31, 10, 62),
(3691, '2026-06-19 13:50:15', 63.31, 11, 62),
(3692, '2026-06-19 13:48:15', 73.31, 11, 62),
(3693, '2026-06-19 13:46:15', 83.31, 11, 62),
(3694, '2026-06-19 13:44:15', 63.31, 12, 62),
(3695, '2026-06-19 13:42:15', 73.31, 12, 62),
(3696, '2026-06-19 13:40:15', 83.31, 12, 62),
(3697, '2026-06-19 13:38:15', 63.31, 13, 62),
(3698, '2026-06-19 13:36:15', 73.31, 13, 62),
(3699, '2026-06-19 13:34:15', 83.31, 13, 62),
(3700, '2026-06-19 13:32:15', 63.31, 14, 62),
(3701, '2026-06-19 13:30:15', 73.31, 14, 62),
(3702, '2026-06-19 13:28:15', 83.31, 14, 62),
(3703, '2026-06-19 13:26:15', 63.31, 15, 62),
(3704, '2026-06-19 13:24:15', 73.31, 15, 62),
(3705, '2026-06-19 13:22:15', 83.31, 15, 62),
(3706, '2026-06-19 13:20:15', 63.31, 16, 62),
(3707, '2026-06-19 13:18:15', 73.31, 16, 62),
(3708, '2026-06-19 13:16:15', 83.31, 16, 62),
(3709, '2026-06-19 13:14:15', 63.31, 17, 62),
(3710, '2026-06-19 13:12:15', 73.31, 17, 62),
(3711, '2026-06-19 13:10:15', 83.31, 17, 62),
(3712, '2026-06-19 13:08:15', 63.31, 18, 62),
(3713, '2026-06-19 13:06:15', 73.31, 18, 62),
(3714, '2026-06-19 13:04:15', 83.31, 18, 62),
(3715, '2026-06-19 13:02:15', 63.31, 19, 62),
(3716, '2026-06-19 13:00:15', 73.31, 19, 62),
(3717, '2026-06-19 12:58:15', 83.31, 19, 62),
(3718, '2026-06-19 12:56:15', 63.31, 20, 62),
(3719, '2026-06-19 12:54:15', 73.31, 20, 62),
(3720, '2026-06-19 12:52:15', 83.31, 20, 62),
(3721, '2026-06-19 12:50:15', 151.29, 1, 63),
(3722, '2026-06-19 12:48:15', 161.29, 1, 63),
(3723, '2026-06-19 12:46:15', 171.29, 1, 63),
(3724, '2026-06-19 12:44:15', 151.29, 2, 63),
(3725, '2026-06-19 12:42:15', 161.29, 2, 63),
(3726, '2026-06-19 12:40:15', 171.29, 2, 63),
(3727, '2026-06-19 12:38:15', 151.29, 3, 63),
(3728, '2026-06-19 12:36:15', 161.29, 3, 63),
(3729, '2026-06-19 12:34:15', 171.29, 3, 63),
(3730, '2026-06-19 12:32:15', 151.29, 4, 63),
(3731, '2026-06-19 12:30:15', 161.29, 4, 63),
(3732, '2026-06-19 12:28:15', 171.29, 4, 63),
(3733, '2026-06-19 12:26:15', 151.29, 5, 63),
(3734, '2026-06-19 12:24:15', 161.29, 5, 63),
(3735, '2026-06-19 12:22:15', 171.29, 5, 63),
(3736, '2026-06-19 12:20:15', 151.29, 6, 63),
(3737, '2026-06-19 12:18:15', 161.29, 6, 63),
(3738, '2026-06-19 12:16:15', 171.29, 6, 63),
(3739, '2026-06-19 12:14:15', 151.29, 7, 63),
(3740, '2026-06-19 12:12:15', 161.29, 7, 63),
(3741, '2026-06-19 12:10:15', 171.29, 7, 63),
(3742, '2026-06-19 12:08:15', 151.29, 8, 63),
(3743, '2026-06-19 12:06:15', 161.29, 8, 63),
(3744, '2026-06-19 12:04:15', 171.29, 8, 63),
(3745, '2026-06-19 12:02:15', 151.29, 9, 63),
(3746, '2026-06-19 12:00:15', 161.29, 9, 63),
(3747, '2026-06-19 11:58:15', 171.29, 9, 63),
(3748, '2026-06-19 11:56:15', 151.29, 10, 63),
(3749, '2026-06-19 11:54:15', 161.29, 10, 63),
(3750, '2026-06-19 11:52:15', 171.29, 10, 63),
(3751, '2026-06-19 11:50:15', 151.29, 11, 63),
(3752, '2026-06-19 11:48:15', 161.29, 11, 63),
(3753, '2026-06-19 11:46:15', 171.29, 11, 63),
(3754, '2026-06-19 11:44:15', 151.29, 12, 63),
(3755, '2026-06-19 11:42:15', 161.29, 12, 63),
(3756, '2026-06-19 11:40:15', 171.29, 12, 63),
(3757, '2026-06-19 11:38:15', 151.29, 13, 63),
(3758, '2026-06-19 11:36:15', 161.29, 13, 63),
(3759, '2026-06-19 11:34:15', 171.29, 13, 63),
(3760, '2026-06-19 11:32:15', 151.29, 14, 63),
(3761, '2026-06-19 11:30:15', 161.29, 14, 63),
(3762, '2026-06-19 11:28:15', 171.29, 14, 63),
(3763, '2026-06-19 11:26:15', 151.29, 15, 63),
(3764, '2026-06-19 11:24:15', 161.29, 15, 63),
(3765, '2026-06-19 11:22:15', 171.29, 15, 63),
(3766, '2026-06-19 11:20:15', 151.29, 16, 63),
(3767, '2026-06-19 11:18:15', 161.29, 16, 63),
(3768, '2026-06-19 11:16:15', 171.29, 16, 63),
(3769, '2026-06-19 11:14:15', 151.29, 17, 63),
(3770, '2026-06-19 11:12:15', 161.29, 17, 63),
(3771, '2026-06-19 11:10:15', 171.29, 17, 63),
(3772, '2026-06-19 11:08:15', 151.29, 18, 63),
(3773, '2026-06-19 11:06:15', 161.29, 18, 63),
(3774, '2026-06-19 11:04:15', 171.29, 18, 63),
(3775, '2026-06-19 11:02:15', 151.29, 19, 63),
(3776, '2026-06-19 11:00:15', 161.29, 19, 63),
(3777, '2026-06-19 10:58:15', 171.29, 19, 63),
(3778, '2026-06-19 10:56:15', 151.29, 20, 63),
(3779, '2026-06-19 10:54:15', 161.29, 20, 63),
(3780, '2026-06-19 10:52:15', 171.29, 20, 63),
(3781, '2026-06-19 10:50:15', 126.86, 1, 64),
(3782, '2026-06-19 10:48:15', 136.86, 1, 64),
(3783, '2026-06-19 10:46:15', 146.86, 1, 64),
(3784, '2026-06-19 10:44:15', 126.86, 2, 64),
(3785, '2026-06-19 10:42:15', 136.86, 2, 64),
(3786, '2026-06-19 10:40:15', 146.86, 2, 64),
(3787, '2026-06-19 10:38:15', 126.86, 3, 64),
(3788, '2026-06-19 10:36:15', 136.86, 3, 64),
(3789, '2026-06-19 10:34:15', 146.86, 3, 64),
(3790, '2026-06-19 10:32:15', 126.86, 4, 64),
(3791, '2026-06-19 10:30:15', 136.86, 4, 64),
(3792, '2026-06-19 10:28:15', 146.86, 4, 64),
(3793, '2026-06-19 10:26:15', 126.86, 5, 64),
(3794, '2026-06-19 10:24:15', 136.86, 5, 64),
(3795, '2026-06-19 10:22:15', 146.86, 5, 64),
(3796, '2026-06-19 10:20:15', 126.86, 6, 64),
(3797, '2026-06-19 10:18:15', 136.86, 6, 64),
(3798, '2026-06-19 10:16:15', 146.86, 6, 64),
(3799, '2026-06-19 10:14:15', 126.86, 7, 64),
(3800, '2026-06-19 10:12:15', 136.86, 7, 64),
(3801, '2026-06-19 10:10:15', 146.86, 7, 64),
(3802, '2026-06-19 10:08:15', 126.86, 8, 64),
(3803, '2026-06-19 10:06:15', 136.86, 8, 64),
(3804, '2026-06-19 10:04:15', 146.86, 8, 64),
(3805, '2026-06-19 10:02:15', 126.86, 9, 64),
(3806, '2026-06-19 10:00:15', 136.86, 9, 64),
(3807, '2026-06-19 09:58:15', 146.86, 9, 64),
(3808, '2026-06-19 09:56:15', 126.86, 10, 64),
(3809, '2026-06-19 09:54:15', 136.86, 10, 64),
(3810, '2026-06-19 09:52:15', 146.86, 10, 64),
(3811, '2026-06-19 09:50:15', 126.86, 11, 64),
(3812, '2026-06-19 09:48:15', 136.86, 11, 64),
(3813, '2026-06-19 09:46:15', 146.86, 11, 64),
(3814, '2026-06-19 09:44:15', 126.86, 12, 64),
(3815, '2026-06-19 09:42:15', 136.86, 12, 64),
(3816, '2026-06-19 09:40:15', 146.86, 12, 64),
(3817, '2026-06-19 09:38:15', 126.86, 13, 64),
(3818, '2026-06-19 09:36:15', 136.86, 13, 64),
(3819, '2026-06-19 09:34:15', 146.86, 13, 64),
(3820, '2026-06-19 09:32:15', 126.86, 14, 64),
(3821, '2026-06-19 09:30:15', 136.86, 14, 64),
(3822, '2026-06-19 09:28:15', 146.86, 14, 64),
(3823, '2026-06-19 09:26:15', 126.86, 15, 64),
(3824, '2026-06-19 09:24:15', 136.86, 15, 64),
(3825, '2026-06-19 09:22:15', 146.86, 15, 64),
(3826, '2026-06-19 09:20:15', 126.86, 16, 64),
(3827, '2026-06-19 09:18:15', 136.86, 16, 64),
(3828, '2026-06-19 09:16:15', 146.86, 16, 64),
(3829, '2026-06-19 09:14:15', 126.86, 17, 64),
(3830, '2026-06-19 09:12:15', 136.86, 17, 64),
(3831, '2026-06-19 09:10:15', 146.86, 17, 64),
(3832, '2026-06-19 09:08:15', 126.86, 18, 64),
(3833, '2026-06-19 09:06:15', 136.86, 18, 64),
(3834, '2026-06-19 09:04:15', 146.86, 18, 64),
(3835, '2026-06-19 09:02:15', 126.86, 19, 64),
(3836, '2026-06-19 09:00:15', 136.86, 19, 64),
(3837, '2026-06-19 08:58:15', 146.86, 19, 64),
(3838, '2026-06-19 08:56:15', 126.86, 20, 64),
(3839, '2026-06-19 08:54:15', 136.86, 20, 64),
(3840, '2026-06-19 08:52:15', 146.86, 20, 64),
(3841, '2026-06-19 08:50:15', 77.17, 1, 65),
(3842, '2026-06-19 08:48:15', 87.17, 1, 65),
(3843, '2026-06-19 08:46:15', 97.17, 1, 65),
(3844, '2026-06-19 08:44:15', 77.17, 2, 65),
(3845, '2026-06-19 08:42:15', 87.17, 2, 65),
(3846, '2026-06-19 08:40:15', 97.17, 2, 65),
(3847, '2026-06-19 08:38:15', 77.17, 3, 65),
(3848, '2026-06-19 08:36:15', 87.17, 3, 65),
(3849, '2026-06-19 08:34:15', 97.17, 3, 65),
(3850, '2026-06-19 08:32:15', 77.17, 4, 65),
(3851, '2026-06-19 08:30:15', 87.17, 4, 65),
(3852, '2026-06-19 08:28:15', 97.17, 4, 65),
(3853, '2026-06-19 08:26:15', 77.17, 5, 65),
(3854, '2026-06-19 08:24:15', 87.17, 5, 65),
(3855, '2026-06-19 08:22:15', 97.17, 5, 65),
(3856, '2026-06-19 08:20:15', 77.17, 6, 65),
(3857, '2026-06-19 08:18:15', 87.17, 6, 65),
(3858, '2026-06-19 08:16:15', 97.17, 6, 65),
(3859, '2026-06-19 08:14:15', 77.17, 7, 65),
(3860, '2026-06-19 08:12:15', 87.17, 7, 65),
(3861, '2026-06-19 08:10:15', 97.17, 7, 65),
(3862, '2026-06-19 08:08:15', 77.17, 8, 65),
(3863, '2026-06-19 08:06:15', 87.17, 8, 65),
(3864, '2026-06-19 08:04:15', 97.17, 8, 65),
(3865, '2026-06-19 08:02:15', 77.17, 9, 65),
(3866, '2026-06-19 08:00:15', 87.17, 9, 65),
(3867, '2026-06-19 07:58:15', 97.17, 9, 65),
(3868, '2026-06-19 07:56:15', 77.17, 10, 65),
(3869, '2026-06-19 07:54:15', 87.17, 10, 65),
(3870, '2026-06-19 07:52:15', 97.17, 10, 65),
(3871, '2026-06-19 07:50:15', 77.17, 11, 65),
(3872, '2026-06-19 07:48:15', 87.17, 11, 65),
(3873, '2026-06-19 07:46:15', 97.17, 11, 65),
(3874, '2026-06-19 07:44:15', 77.17, 12, 65),
(3875, '2026-06-19 07:42:15', 87.17, 12, 65),
(3876, '2026-06-19 07:40:15', 97.17, 12, 65),
(3877, '2026-06-19 07:38:15', 77.17, 13, 65),
(3878, '2026-06-19 07:36:15', 87.17, 13, 65),
(3879, '2026-06-19 07:34:15', 97.17, 13, 65),
(3880, '2026-06-19 07:32:15', 77.17, 14, 65),
(3881, '2026-06-19 07:30:15', 87.17, 14, 65),
(3882, '2026-06-19 07:28:15', 97.17, 14, 65),
(3883, '2026-06-19 07:26:15', 77.17, 15, 65),
(3884, '2026-06-19 07:24:15', 87.17, 15, 65),
(3885, '2026-06-19 07:22:15', 97.17, 15, 65),
(3886, '2026-06-19 07:20:15', 77.17, 16, 65),
(3887, '2026-06-19 07:18:15', 87.17, 16, 65),
(3888, '2026-06-19 07:16:15', 97.17, 16, 65),
(3889, '2026-06-19 07:14:15', 77.17, 17, 65),
(3890, '2026-06-19 07:12:15', 87.17, 17, 65),
(3891, '2026-06-19 07:10:15', 97.17, 17, 65),
(3892, '2026-06-19 07:08:15', 77.17, 18, 65),
(3893, '2026-06-19 07:06:15', 87.17, 18, 65),
(3894, '2026-06-19 07:04:15', 97.17, 18, 65),
(3895, '2026-06-19 07:02:15', 77.17, 19, 65),
(3896, '2026-06-19 07:00:15', 87.17, 19, 65),
(3897, '2026-06-19 06:58:15', 97.17, 19, 65),
(3898, '2026-06-19 06:56:15', 77.17, 20, 65),
(3899, '2026-06-19 06:54:15', 87.17, 20, 65),
(3900, '2026-06-19 06:52:15', 97.17, 20, 65),
(3901, '2026-06-19 06:50:15', 239.54, 1, 66),
(3902, '2026-06-19 06:48:15', 249.54, 1, 66),
(3903, '2026-06-19 06:46:15', 259.54, 1, 66),
(3904, '2026-06-19 06:44:15', 239.54, 2, 66),
(3905, '2026-06-19 06:42:15', 249.54, 2, 66),
(3906, '2026-06-19 06:40:15', 259.54, 2, 66),
(3907, '2026-06-19 06:38:15', 239.54, 3, 66),
(3908, '2026-06-19 06:36:15', 249.54, 3, 66),
(3909, '2026-06-19 06:34:15', 259.54, 3, 66),
(3910, '2026-06-19 06:32:15', 239.54, 4, 66),
(3911, '2026-06-19 06:30:15', 249.54, 4, 66),
(3912, '2026-06-19 06:28:15', 259.54, 4, 66),
(3913, '2026-06-19 06:26:15', 239.54, 5, 66),
(3914, '2026-06-19 06:24:15', 249.54, 5, 66),
(3915, '2026-06-19 06:22:15', 259.54, 5, 66),
(3916, '2026-06-19 06:20:15', 239.54, 6, 66),
(3917, '2026-06-19 06:18:15', 249.54, 6, 66),
(3918, '2026-06-19 06:16:15', 259.54, 6, 66),
(3919, '2026-06-19 06:14:15', 239.54, 7, 66),
(3920, '2026-06-19 06:12:15', 249.54, 7, 66),
(3921, '2026-06-19 06:10:15', 259.54, 7, 66),
(3922, '2026-06-19 06:08:15', 239.54, 8, 66),
(3923, '2026-06-19 06:06:15', 249.54, 8, 66),
(3924, '2026-06-19 06:04:15', 259.54, 8, 66),
(3925, '2026-06-19 06:02:15', 239.54, 9, 66),
(3926, '2026-06-19 06:00:15', 249.54, 9, 66),
(3927, '2026-06-19 05:58:15', 259.54, 9, 66),
(3928, '2026-06-19 05:56:15', 239.54, 10, 66),
(3929, '2026-06-19 05:54:15', 249.54, 10, 66),
(3930, '2026-06-19 05:52:15', 259.54, 10, 66),
(3931, '2026-06-19 05:50:15', 239.54, 11, 66),
(3932, '2026-06-19 05:48:15', 249.54, 11, 66),
(3933, '2026-06-19 05:46:15', 259.54, 11, 66),
(3934, '2026-06-19 05:44:15', 239.54, 12, 66),
(3935, '2026-06-19 05:42:15', 249.54, 12, 66),
(3936, '2026-06-19 05:40:15', 259.54, 12, 66),
(3937, '2026-06-19 05:38:15', 239.54, 13, 66),
(3938, '2026-06-19 05:36:15', 249.54, 13, 66),
(3939, '2026-06-19 05:34:15', 259.54, 13, 66),
(3940, '2026-06-19 05:32:15', 239.54, 14, 66),
(3941, '2026-06-19 05:30:15', 249.54, 14, 66),
(3942, '2026-06-19 05:28:15', 259.54, 14, 66),
(3943, '2026-06-19 05:26:15', 239.54, 15, 66),
(3944, '2026-06-19 05:24:15', 249.54, 15, 66),
(3945, '2026-06-19 05:22:15', 259.54, 15, 66),
(3946, '2026-06-19 05:20:15', 239.54, 16, 66),
(3947, '2026-06-19 05:18:15', 249.54, 16, 66),
(3948, '2026-06-19 05:16:15', 259.54, 16, 66),
(3949, '2026-06-19 05:14:15', 239.54, 17, 66),
(3950, '2026-06-19 05:12:15', 249.54, 17, 66),
(3951, '2026-06-19 05:10:15', 259.54, 17, 66),
(3952, '2026-06-19 05:08:15', 239.54, 18, 66),
(3953, '2026-06-19 05:06:15', 249.54, 18, 66),
(3954, '2026-06-19 05:04:15', 259.54, 18, 66),
(3955, '2026-06-19 05:02:15', 239.54, 19, 66),
(3956, '2026-06-19 05:00:15', 249.54, 19, 66),
(3957, '2026-06-19 04:58:15', 259.54, 19, 66),
(3958, '2026-06-19 04:56:15', 239.54, 20, 66),
(3959, '2026-06-19 04:54:15', 249.54, 20, 66),
(3960, '2026-06-19 04:52:15', 259.54, 20, 66),
(3961, '2026-06-19 04:50:15', 77.74, 1, 67),
(3962, '2026-06-19 04:48:15', 87.74, 1, 67),
(3963, '2026-06-19 04:46:15', 97.74, 1, 67),
(3964, '2026-06-19 04:44:15', 77.74, 2, 67),
(3965, '2026-06-19 04:42:15', 87.74, 2, 67),
(3966, '2026-06-19 04:40:15', 97.74, 2, 67),
(3967, '2026-06-19 04:38:15', 77.74, 3, 67),
(3968, '2026-06-19 04:36:15', 87.74, 3, 67),
(3969, '2026-06-19 04:34:15', 97.74, 3, 67),
(3970, '2026-06-19 04:32:15', 77.74, 4, 67),
(3971, '2026-06-19 04:30:15', 87.74, 4, 67),
(3972, '2026-06-19 04:28:15', 97.74, 4, 67),
(3973, '2026-06-19 04:26:15', 77.74, 5, 67),
(3974, '2026-06-19 04:24:15', 87.74, 5, 67),
(3975, '2026-06-19 04:22:15', 97.74, 5, 67),
(3976, '2026-06-19 04:20:15', 77.74, 6, 67),
(3977, '2026-06-19 04:18:15', 87.74, 6, 67),
(3978, '2026-06-19 04:16:15', 97.74, 6, 67),
(3979, '2026-06-19 04:14:15', 77.74, 7, 67),
(3980, '2026-06-19 04:12:15', 87.74, 7, 67),
(3981, '2026-06-19 04:10:15', 97.74, 7, 67),
(3982, '2026-06-19 04:08:15', 77.74, 8, 67),
(3983, '2026-06-19 04:06:15', 87.74, 8, 67),
(3984, '2026-06-19 04:04:15', 97.74, 8, 67),
(3985, '2026-06-19 04:02:15', 77.74, 9, 67),
(3986, '2026-06-19 04:00:15', 87.74, 9, 67),
(3987, '2026-06-19 03:58:15', 97.74, 9, 67),
(3988, '2026-06-19 03:56:15', 77.74, 10, 67),
(3989, '2026-06-19 03:54:15', 87.74, 10, 67),
(3990, '2026-06-19 03:52:15', 97.74, 10, 67),
(3991, '2026-06-19 03:50:15', 77.74, 11, 67),
(3992, '2026-06-19 03:48:15', 87.74, 11, 67),
(3993, '2026-06-19 03:46:15', 97.74, 11, 67),
(3994, '2026-06-19 03:44:15', 77.74, 12, 67),
(3995, '2026-06-19 03:42:15', 87.74, 12, 67),
(3996, '2026-06-19 03:40:15', 97.74, 12, 67),
(3997, '2026-06-19 03:38:15', 77.74, 13, 67),
(3998, '2026-06-19 03:36:15', 87.74, 13, 67),
(3999, '2026-06-19 03:34:15', 97.74, 13, 67),
(4000, '2026-06-19 03:32:15', 77.74, 14, 67),
(4001, '2026-06-19 03:30:15', 87.74, 14, 67),
(4002, '2026-06-19 03:28:15', 97.74, 14, 67),
(4003, '2026-06-19 03:26:15', 77.74, 15, 67),
(4004, '2026-06-19 03:24:15', 87.74, 15, 67),
(4005, '2026-06-19 03:22:15', 97.74, 15, 67),
(4006, '2026-06-19 03:20:15', 77.74, 16, 67),
(4007, '2026-06-19 03:18:15', 87.74, 16, 67),
(4008, '2026-06-19 03:16:15', 97.74, 16, 67),
(4009, '2026-06-19 03:14:15', 77.74, 17, 67),
(4010, '2026-06-19 03:12:15', 87.74, 17, 67),
(4011, '2026-06-19 03:10:15', 97.74, 17, 67),
(4012, '2026-06-19 03:08:15', 77.74, 18, 67),
(4013, '2026-06-19 03:06:15', 87.74, 18, 67),
(4014, '2026-06-19 03:04:15', 97.74, 18, 67),
(4015, '2026-06-19 03:02:15', 77.74, 19, 67),
(4016, '2026-06-19 03:00:15', 87.74, 19, 67),
(4017, '2026-06-19 02:58:15', 97.74, 19, 67),
(4018, '2026-06-19 02:56:15', 77.74, 20, 67),
(4019, '2026-06-19 02:54:15', 87.74, 20, 67),
(4020, '2026-06-19 02:52:15', 97.74, 20, 67),
(4021, '2026-06-19 02:50:15', 176.02, 1, 68),
(4022, '2026-06-19 02:48:15', 186.02, 1, 68),
(4023, '2026-06-19 02:46:15', 196.02, 1, 68),
(4024, '2026-06-19 02:44:15', 176.02, 2, 68),
(4025, '2026-06-19 02:42:15', 186.02, 2, 68),
(4026, '2026-06-19 02:40:15', 196.02, 2, 68),
(4027, '2026-06-19 02:38:15', 176.02, 3, 68),
(4028, '2026-06-19 02:36:15', 186.02, 3, 68),
(4029, '2026-06-19 02:34:15', 196.02, 3, 68),
(4030, '2026-06-19 02:32:15', 176.02, 4, 68),
(4031, '2026-06-19 02:30:15', 186.02, 4, 68),
(4032, '2026-06-19 02:28:15', 196.02, 4, 68),
(4033, '2026-06-19 02:26:15', 176.02, 5, 68),
(4034, '2026-06-19 02:24:15', 186.02, 5, 68),
(4035, '2026-06-19 02:22:15', 196.02, 5, 68),
(4036, '2026-06-19 02:20:15', 176.02, 6, 68),
(4037, '2026-06-19 02:18:15', 186.02, 6, 68),
(4038, '2026-06-19 02:16:15', 196.02, 6, 68),
(4039, '2026-06-19 02:14:15', 176.02, 7, 68),
(4040, '2026-06-19 02:12:15', 186.02, 7, 68),
(4041, '2026-06-19 02:10:15', 196.02, 7, 68),
(4042, '2026-06-19 02:08:15', 176.02, 8, 68),
(4043, '2026-06-19 02:06:15', 186.02, 8, 68),
(4044, '2026-06-19 02:04:15', 196.02, 8, 68),
(4045, '2026-06-19 02:02:15', 176.02, 9, 68),
(4046, '2026-06-19 02:00:15', 186.02, 9, 68),
(4047, '2026-06-19 01:58:15', 196.02, 9, 68),
(4048, '2026-06-19 01:56:15', 176.02, 10, 68),
(4049, '2026-06-19 01:54:15', 186.02, 10, 68),
(4050, '2026-06-19 01:52:15', 196.02, 10, 68),
(4051, '2026-06-19 01:50:15', 176.02, 11, 68),
(4052, '2026-06-19 01:48:15', 186.02, 11, 68),
(4053, '2026-06-19 01:46:15', 196.02, 11, 68),
(4054, '2026-06-19 01:44:15', 176.02, 12, 68),
(4055, '2026-06-19 01:42:15', 186.02, 12, 68),
(4056, '2026-06-19 01:40:15', 196.02, 12, 68),
(4057, '2026-06-19 01:38:15', 176.02, 13, 68),
(4058, '2026-06-19 01:36:15', 186.02, 13, 68),
(4059, '2026-06-19 01:34:15', 196.02, 13, 68),
(4060, '2026-06-19 01:32:15', 176.02, 14, 68),
(4061, '2026-06-19 01:30:15', 186.02, 14, 68),
(4062, '2026-06-19 01:28:15', 196.02, 14, 68),
(4063, '2026-06-19 01:26:15', 176.02, 15, 68),
(4064, '2026-06-19 01:24:15', 186.02, 15, 68),
(4065, '2026-06-19 01:22:15', 196.02, 15, 68),
(4066, '2026-06-19 01:20:15', 176.02, 16, 68),
(4067, '2026-06-19 01:18:15', 186.02, 16, 68),
(4068, '2026-06-19 01:16:15', 196.02, 16, 68),
(4069, '2026-06-19 01:14:15', 176.02, 17, 68),
(4070, '2026-06-19 01:12:15', 186.02, 17, 68),
(4071, '2026-06-19 01:10:15', 196.02, 17, 68),
(4072, '2026-06-19 01:08:15', 176.02, 18, 68),
(4073, '2026-06-19 01:06:15', 186.02, 18, 68),
(4074, '2026-06-19 01:04:15', 196.02, 18, 68),
(4075, '2026-06-19 01:02:15', 176.02, 19, 68),
(4076, '2026-06-19 01:00:15', 186.02, 19, 68),
(4077, '2026-06-19 00:58:15', 196.02, 19, 68),
(4078, '2026-06-19 00:56:15', 176.02, 20, 68),
(4079, '2026-06-19 00:54:15', 186.02, 20, 68),
(4080, '2026-06-19 00:52:15', 196.02, 20, 68),
(4081, '2026-06-19 00:50:15', 63.01, 1, 69),
(4082, '2026-06-19 00:48:15', 73.01, 1, 69),
(4083, '2026-06-19 00:46:15', 83.01, 1, 69),
(4084, '2026-06-19 00:44:15', 63.01, 2, 69),
(4085, '2026-06-19 00:42:15', 73.01, 2, 69),
(4086, '2026-06-19 00:40:15', 83.01, 2, 69),
(4087, '2026-06-19 00:38:15', 63.01, 3, 69),
(4088, '2026-06-19 00:36:15', 73.01, 3, 69),
(4089, '2026-06-19 00:34:15', 83.01, 3, 69),
(4090, '2026-06-19 00:32:15', 63.01, 4, 69),
(4091, '2026-06-19 00:30:15', 73.01, 4, 69),
(4092, '2026-06-19 00:28:15', 83.01, 4, 69),
(4093, '2026-06-19 00:26:15', 63.01, 5, 69),
(4094, '2026-06-19 00:24:15', 73.01, 5, 69),
(4095, '2026-06-19 00:22:15', 83.01, 5, 69),
(4096, '2026-06-19 00:20:15', 63.01, 6, 69),
(4097, '2026-06-19 00:18:15', 73.01, 6, 69),
(4098, '2026-06-19 00:16:15', 83.01, 6, 69),
(4099, '2026-06-19 00:14:15', 63.01, 7, 69),
(4100, '2026-06-19 00:12:15', 73.01, 7, 69),
(4101, '2026-06-19 00:10:15', 83.01, 7, 69),
(4102, '2026-06-19 00:08:15', 63.01, 8, 69),
(4103, '2026-06-19 00:06:15', 73.01, 8, 69),
(4104, '2026-06-19 00:04:15', 83.01, 8, 69),
(4105, '2026-06-19 00:02:15', 63.01, 9, 69),
(4106, '2026-06-19 00:00:15', 73.01, 9, 69),
(4107, '2026-06-18 23:58:15', 83.01, 9, 69),
(4108, '2026-06-18 23:56:15', 63.01, 10, 69),
(4109, '2026-06-18 23:54:15', 73.01, 10, 69),
(4110, '2026-06-18 23:52:15', 83.01, 10, 69),
(4111, '2026-06-18 23:50:15', 63.01, 11, 69),
(4112, '2026-06-18 23:48:15', 73.01, 11, 69),
(4113, '2026-06-18 23:46:15', 83.01, 11, 69),
(4114, '2026-06-18 23:44:15', 63.01, 12, 69),
(4115, '2026-06-18 23:42:15', 73.01, 12, 69),
(4116, '2026-06-18 23:40:15', 83.01, 12, 69),
(4117, '2026-06-18 23:38:15', 63.01, 13, 69),
(4118, '2026-06-18 23:36:15', 73.01, 13, 69),
(4119, '2026-06-18 23:34:15', 83.01, 13, 69),
(4120, '2026-06-18 23:32:15', 63.01, 14, 69),
(4121, '2026-06-18 23:30:15', 73.01, 14, 69),
(4122, '2026-06-18 23:28:15', 83.01, 14, 69),
(4123, '2026-06-18 23:26:15', 63.01, 15, 69),
(4124, '2026-06-18 23:24:15', 73.01, 15, 69),
(4125, '2026-06-18 23:22:15', 83.01, 15, 69),
(4126, '2026-06-18 23:20:15', 63.01, 16, 69),
(4127, '2026-06-18 23:18:15', 73.01, 16, 69),
(4128, '2026-06-18 23:16:15', 83.01, 16, 69),
(4129, '2026-06-18 23:14:15', 63.01, 17, 69),
(4130, '2026-06-18 23:12:15', 73.01, 17, 69),
(4131, '2026-06-18 23:10:15', 83.01, 17, 69),
(4132, '2026-06-18 23:08:15', 63.01, 18, 69),
(4133, '2026-06-18 23:06:15', 73.01, 18, 69),
(4134, '2026-06-18 23:04:15', 83.01, 18, 69),
(4135, '2026-06-18 23:02:15', 63.01, 19, 69),
(4136, '2026-06-18 23:00:15', 73.01, 19, 69),
(4137, '2026-06-18 22:58:15', 83.01, 19, 69),
(4138, '2026-06-18 22:56:15', 63.01, 20, 69),
(4139, '2026-06-18 22:54:15', 73.01, 20, 69),
(4140, '2026-06-18 22:52:15', 83.01, 20, 69),
(4141, '2026-06-18 22:50:15', 259.45, 1, 70),
(4142, '2026-06-18 22:48:15', 269.45, 1, 70),
(4143, '2026-06-18 22:46:15', 279.45, 1, 70),
(4144, '2026-06-18 22:44:15', 259.45, 2, 70),
(4145, '2026-06-18 22:42:15', 269.45, 2, 70),
(4146, '2026-06-18 22:40:15', 279.45, 2, 70),
(4147, '2026-06-18 22:38:15', 259.45, 3, 70),
(4148, '2026-06-18 22:36:15', 269.45, 3, 70),
(4149, '2026-06-18 22:34:15', 279.45, 3, 70),
(4150, '2026-06-18 22:32:15', 259.45, 4, 70),
(4151, '2026-06-18 22:30:15', 269.45, 4, 70),
(4152, '2026-06-18 22:28:15', 279.45, 4, 70),
(4153, '2026-06-18 22:26:15', 259.45, 5, 70),
(4154, '2026-06-18 22:24:15', 269.45, 5, 70),
(4155, '2026-06-18 22:22:15', 279.45, 5, 70),
(4156, '2026-06-18 22:20:15', 259.45, 6, 70),
(4157, '2026-06-18 22:18:15', 269.45, 6, 70),
(4158, '2026-06-18 22:16:15', 279.45, 6, 70),
(4159, '2026-06-18 22:14:15', 259.45, 7, 70),
(4160, '2026-06-18 22:12:15', 269.45, 7, 70),
(4161, '2026-06-18 22:10:15', 279.45, 7, 70),
(4162, '2026-06-18 22:08:15', 259.45, 8, 70),
(4163, '2026-06-18 22:06:15', 269.45, 8, 70),
(4164, '2026-06-18 22:04:15', 279.45, 8, 70),
(4165, '2026-06-18 22:02:15', 259.45, 9, 70),
(4166, '2026-06-18 22:00:15', 269.45, 9, 70),
(4167, '2026-06-18 21:58:15', 279.45, 9, 70),
(4168, '2026-06-18 21:56:15', 259.45, 10, 70),
(4169, '2026-06-18 21:54:15', 269.45, 10, 70),
(4170, '2026-06-18 21:52:15', 279.45, 10, 70),
(4171, '2026-06-18 21:50:15', 259.45, 11, 70),
(4172, '2026-06-18 21:48:15', 269.45, 11, 70),
(4173, '2026-06-18 21:46:15', 279.45, 11, 70),
(4174, '2026-06-18 21:44:15', 259.45, 12, 70),
(4175, '2026-06-18 21:42:15', 269.45, 12, 70),
(4176, '2026-06-18 21:40:15', 279.45, 12, 70),
(4177, '2026-06-18 21:38:15', 259.45, 13, 70),
(4178, '2026-06-18 21:36:15', 269.45, 13, 70),
(4179, '2026-06-18 21:34:15', 279.45, 13, 70),
(4180, '2026-06-18 21:32:15', 259.45, 14, 70),
(4181, '2026-06-18 21:30:15', 269.45, 14, 70),
(4182, '2026-06-18 21:28:15', 279.45, 14, 70),
(4183, '2026-06-18 21:26:15', 259.45, 15, 70),
(4184, '2026-06-18 21:24:15', 269.45, 15, 70),
(4185, '2026-06-18 21:22:15', 279.45, 15, 70),
(4186, '2026-06-18 21:20:15', 259.45, 16, 70),
(4187, '2026-06-18 21:18:15', 269.45, 16, 70),
(4188, '2026-06-18 21:16:15', 279.45, 16, 70),
(4189, '2026-06-18 21:14:15', 259.45, 17, 70),
(4190, '2026-06-18 21:12:15', 269.45, 17, 70),
(4191, '2026-06-18 21:10:15', 279.45, 17, 70),
(4192, '2026-06-18 21:08:15', 259.45, 18, 70),
(4193, '2026-06-18 21:06:15', 269.45, 18, 70),
(4194, '2026-06-18 21:04:15', 279.45, 18, 70),
(4195, '2026-06-18 21:02:15', 259.45, 19, 70),
(4196, '2026-06-18 21:00:15', 269.45, 19, 70),
(4197, '2026-06-18 20:58:15', 279.45, 19, 70),
(4198, '2026-06-18 20:56:15', 259.45, 20, 70),
(4199, '2026-06-18 20:54:15', 269.45, 20, 70),
(4200, '2026-06-18 20:52:15', 279.45, 20, 70),
(4201, '2026-06-18 20:50:15', 169.79, 1, 71),
(4202, '2026-06-18 20:48:15', 179.79, 1, 71),
(4203, '2026-06-18 20:46:15', 189.79, 1, 71),
(4204, '2026-06-18 20:44:15', 169.79, 2, 71),
(4205, '2026-06-18 20:42:15', 179.79, 2, 71),
(4206, '2026-06-18 20:40:15', 189.79, 2, 71),
(4207, '2026-06-18 20:38:15', 169.79, 3, 71),
(4208, '2026-06-18 20:36:15', 179.79, 3, 71),
(4209, '2026-06-18 20:34:15', 189.79, 3, 71),
(4210, '2026-06-18 20:32:15', 169.79, 4, 71),
(4211, '2026-06-18 20:30:15', 179.79, 4, 71),
(4212, '2026-06-18 20:28:15', 189.79, 4, 71),
(4213, '2026-06-18 20:26:15', 169.79, 5, 71),
(4214, '2026-06-18 20:24:15', 179.79, 5, 71),
(4215, '2026-06-18 20:22:15', 189.79, 5, 71),
(4216, '2026-06-18 20:20:15', 169.79, 6, 71),
(4217, '2026-06-18 20:18:15', 179.79, 6, 71),
(4218, '2026-06-18 20:16:15', 189.79, 6, 71),
(4219, '2026-06-18 20:14:15', 169.79, 7, 71),
(4220, '2026-06-18 20:12:15', 179.79, 7, 71),
(4221, '2026-06-18 20:10:15', 189.79, 7, 71),
(4222, '2026-06-18 20:08:15', 169.79, 8, 71),
(4223, '2026-06-18 20:06:15', 179.79, 8, 71),
(4224, '2026-06-18 20:04:15', 189.79, 8, 71),
(4225, '2026-06-18 20:02:15', 169.79, 9, 71),
(4226, '2026-06-18 20:00:15', 179.79, 9, 71),
(4227, '2026-06-18 19:58:15', 189.79, 9, 71),
(4228, '2026-06-18 19:56:15', 169.79, 10, 71),
(4229, '2026-06-18 19:54:15', 179.79, 10, 71),
(4230, '2026-06-18 19:52:15', 189.79, 10, 71),
(4231, '2026-06-18 19:50:15', 169.79, 11, 71),
(4232, '2026-06-18 19:48:15', 179.79, 11, 71),
(4233, '2026-06-18 19:46:15', 189.79, 11, 71),
(4234, '2026-06-18 19:44:15', 169.79, 12, 71),
(4235, '2026-06-18 19:42:15', 179.79, 12, 71),
(4236, '2026-06-18 19:40:15', 189.79, 12, 71),
(4237, '2026-06-18 19:38:15', 169.79, 13, 71),
(4238, '2026-06-18 19:36:15', 179.79, 13, 71),
(4239, '2026-06-18 19:34:15', 189.79, 13, 71),
(4240, '2026-06-18 19:32:15', 169.79, 14, 71),
(4241, '2026-06-18 19:30:15', 179.79, 14, 71),
(4242, '2026-06-18 19:28:15', 189.79, 14, 71),
(4243, '2026-06-18 19:26:15', 169.79, 15, 71),
(4244, '2026-06-18 19:24:15', 179.79, 15, 71),
(4245, '2026-06-18 19:22:15', 189.79, 15, 71),
(4246, '2026-06-18 19:20:15', 169.79, 16, 71),
(4247, '2026-06-18 19:18:15', 179.79, 16, 71),
(4248, '2026-06-18 19:16:15', 189.79, 16, 71),
(4249, '2026-06-18 19:14:15', 169.79, 17, 71),
(4250, '2026-06-18 19:12:15', 179.79, 17, 71),
(4251, '2026-06-18 19:10:15', 189.79, 17, 71),
(4252, '2026-06-18 19:08:15', 169.79, 18, 71),
(4253, '2026-06-18 19:06:15', 179.79, 18, 71),
(4254, '2026-06-18 19:04:15', 189.79, 18, 71),
(4255, '2026-06-18 19:02:15', 169.79, 19, 71),
(4256, '2026-06-18 19:00:15', 179.79, 19, 71),
(4257, '2026-06-18 18:58:15', 189.79, 19, 71),
(4258, '2026-06-18 18:56:15', 169.79, 20, 71),
(4259, '2026-06-18 18:54:15', 179.79, 20, 71),
(4260, '2026-06-18 18:52:15', 189.79, 20, 71),
(4261, '2026-06-18 18:50:15', 188.37, 1, 72),
(4262, '2026-06-18 18:48:15', 198.37, 1, 72),
(4263, '2026-06-18 18:46:15', 208.37, 1, 72),
(4264, '2026-06-18 18:44:15', 188.37, 2, 72),
(4265, '2026-06-18 18:42:15', 198.37, 2, 72),
(4266, '2026-06-18 18:40:15', 208.37, 2, 72),
(4267, '2026-06-18 18:38:15', 188.37, 3, 72),
(4268, '2026-06-18 18:36:15', 198.37, 3, 72),
(4269, '2026-06-18 18:34:15', 208.37, 3, 72),
(4270, '2026-06-18 18:32:15', 188.37, 4, 72),
(4271, '2026-06-18 18:30:15', 198.37, 4, 72),
(4272, '2026-06-18 18:28:15', 208.37, 4, 72),
(4273, '2026-06-18 18:26:15', 188.37, 5, 72),
(4274, '2026-06-18 18:24:15', 198.37, 5, 72),
(4275, '2026-06-18 18:22:15', 208.37, 5, 72),
(4276, '2026-06-18 18:20:15', 188.37, 6, 72),
(4277, '2026-06-18 18:18:15', 198.37, 6, 72),
(4278, '2026-06-18 18:16:15', 208.37, 6, 72),
(4279, '2026-06-18 18:14:15', 188.37, 7, 72),
(4280, '2026-06-18 18:12:15', 198.37, 7, 72),
(4281, '2026-06-18 18:10:15', 208.37, 7, 72),
(4282, '2026-06-18 18:08:15', 188.37, 8, 72),
(4283, '2026-06-18 18:06:15', 198.37, 8, 72),
(4284, '2026-06-18 18:04:15', 208.37, 8, 72),
(4285, '2026-06-18 18:02:15', 188.37, 9, 72),
(4286, '2026-06-18 18:00:15', 198.37, 9, 72),
(4287, '2026-06-18 17:58:15', 208.37, 9, 72),
(4288, '2026-06-18 17:56:15', 188.37, 10, 72),
(4289, '2026-06-18 17:54:15', 198.37, 10, 72),
(4290, '2026-06-18 17:52:15', 208.37, 10, 72),
(4291, '2026-06-18 17:50:15', 188.37, 11, 72),
(4292, '2026-06-18 17:48:15', 198.37, 11, 72),
(4293, '2026-06-18 17:46:15', 208.37, 11, 72),
(4294, '2026-06-18 17:44:15', 188.37, 12, 72),
(4295, '2026-06-18 17:42:15', 198.37, 12, 72),
(4296, '2026-06-18 17:40:15', 208.37, 12, 72),
(4297, '2026-06-18 17:38:15', 188.37, 13, 72),
(4298, '2026-06-18 17:36:15', 198.37, 13, 72),
(4299, '2026-06-18 17:34:15', 208.37, 13, 72),
(4300, '2026-06-18 17:32:15', 188.37, 14, 72),
(4301, '2026-06-18 17:30:15', 198.37, 14, 72),
(4302, '2026-06-18 17:28:15', 208.37, 14, 72),
(4303, '2026-06-18 17:26:15', 188.37, 15, 72),
(4304, '2026-06-18 17:24:15', 198.37, 15, 72),
(4305, '2026-06-18 17:22:15', 208.37, 15, 72),
(4306, '2026-06-18 17:20:15', 188.37, 16, 72),
(4307, '2026-06-18 17:18:15', 198.37, 16, 72),
(4308, '2026-06-18 17:16:15', 208.37, 16, 72),
(4309, '2026-06-18 17:14:15', 188.37, 17, 72),
(4310, '2026-06-18 17:12:15', 198.37, 17, 72),
(4311, '2026-06-18 17:10:15', 208.37, 17, 72),
(4312, '2026-06-18 17:08:15', 188.37, 18, 72),
(4313, '2026-06-18 17:06:15', 198.37, 18, 72),
(4314, '2026-06-18 17:04:15', 208.37, 18, 72),
(4315, '2026-06-18 17:02:15', 188.37, 19, 72),
(4316, '2026-06-18 17:00:15', 198.37, 19, 72),
(4317, '2026-06-18 16:58:15', 208.37, 19, 72),
(4318, '2026-06-18 16:56:15', 188.37, 20, 72),
(4319, '2026-06-18 16:54:15', 198.37, 20, 72),
(4320, '2026-06-18 16:52:15', 208.37, 20, 72),
(4321, '2026-06-18 16:50:15', 184.9, 1, 73),
(4322, '2026-06-18 16:48:15', 194.9, 1, 73),
(4323, '2026-06-18 16:46:15', 204.9, 1, 73),
(4324, '2026-06-18 16:44:15', 184.9, 2, 73),
(4325, '2026-06-18 16:42:15', 194.9, 2, 73),
(4326, '2026-06-18 16:40:15', 204.9, 2, 73),
(4327, '2026-06-18 16:38:15', 184.9, 3, 73),
(4328, '2026-06-18 16:36:15', 194.9, 3, 73),
(4329, '2026-06-18 16:34:15', 204.9, 3, 73),
(4330, '2026-06-18 16:32:15', 184.9, 4, 73),
(4331, '2026-06-18 16:30:15', 194.9, 4, 73),
(4332, '2026-06-18 16:28:15', 204.9, 4, 73),
(4333, '2026-06-18 16:26:15', 184.9, 5, 73),
(4334, '2026-06-18 16:24:15', 194.9, 5, 73),
(4335, '2026-06-18 16:22:15', 204.9, 5, 73),
(4336, '2026-06-18 16:20:15', 184.9, 6, 73),
(4337, '2026-06-18 16:18:15', 194.9, 6, 73),
(4338, '2026-06-18 16:16:15', 204.9, 6, 73),
(4339, '2026-06-18 16:14:15', 184.9, 7, 73),
(4340, '2026-06-18 16:12:15', 194.9, 7, 73),
(4341, '2026-06-18 16:10:15', 204.9, 7, 73),
(4342, '2026-06-18 16:08:15', 184.9, 8, 73),
(4343, '2026-06-18 16:06:15', 194.9, 8, 73),
(4344, '2026-06-18 16:04:15', 204.9, 8, 73),
(4345, '2026-06-18 16:02:15', 184.9, 9, 73),
(4346, '2026-06-18 16:00:15', 194.9, 9, 73),
(4347, '2026-06-18 15:58:15', 204.9, 9, 73),
(4348, '2026-06-18 15:56:15', 184.9, 10, 73),
(4349, '2026-06-18 15:54:15', 194.9, 10, 73),
(4350, '2026-06-18 15:52:15', 204.9, 10, 73),
(4351, '2026-06-18 15:50:15', 184.9, 11, 73),
(4352, '2026-06-18 15:48:15', 194.9, 11, 73),
(4353, '2026-06-18 15:46:15', 204.9, 11, 73),
(4354, '2026-06-18 15:44:15', 184.9, 12, 73),
(4355, '2026-06-18 15:42:15', 194.9, 12, 73),
(4356, '2026-06-18 15:40:15', 204.9, 12, 73),
(4357, '2026-06-18 15:38:15', 184.9, 13, 73),
(4358, '2026-06-18 15:36:15', 194.9, 13, 73),
(4359, '2026-06-18 15:34:15', 204.9, 13, 73),
(4360, '2026-06-18 15:32:15', 184.9, 14, 73),
(4361, '2026-06-18 15:30:15', 194.9, 14, 73),
(4362, '2026-06-18 15:28:15', 204.9, 14, 73),
(4363, '2026-06-18 15:26:15', 184.9, 15, 73),
(4364, '2026-06-18 15:24:15', 194.9, 15, 73),
(4365, '2026-06-18 15:22:15', 204.9, 15, 73),
(4366, '2026-06-18 15:20:15', 184.9, 16, 73),
(4367, '2026-06-18 15:18:15', 194.9, 16, 73),
(4368, '2026-06-18 15:16:15', 204.9, 16, 73),
(4369, '2026-06-18 15:14:15', 184.9, 17, 73),
(4370, '2026-06-18 15:12:15', 194.9, 17, 73),
(4371, '2026-06-18 15:10:15', 204.9, 17, 73),
(4372, '2026-06-18 15:08:15', 184.9, 18, 73),
(4373, '2026-06-18 15:06:15', 194.9, 18, 73),
(4374, '2026-06-18 15:04:15', 204.9, 18, 73),
(4375, '2026-06-18 15:02:15', 184.9, 19, 73),
(4376, '2026-06-18 15:00:15', 194.9, 19, 73),
(4377, '2026-06-18 14:58:15', 204.9, 19, 73),
(4378, '2026-06-18 14:56:15', 184.9, 20, 73),
(4379, '2026-06-18 14:54:15', 194.9, 20, 73),
(4380, '2026-06-18 14:52:15', 204.9, 20, 73),
(4381, '2026-06-18 14:50:15', 62.24, 1, 74),
(4382, '2026-06-18 14:48:15', 72.24, 1, 74),
(4383, '2026-06-18 14:46:15', 82.24, 1, 74),
(4384, '2026-06-18 14:44:15', 62.24, 2, 74),
(4385, '2026-06-18 14:42:15', 72.24, 2, 74),
(4386, '2026-06-18 14:40:15', 82.24, 2, 74),
(4387, '2026-06-18 14:38:15', 62.24, 3, 74),
(4388, '2026-06-18 14:36:15', 72.24, 3, 74),
(4389, '2026-06-18 14:34:15', 82.24, 3, 74),
(4390, '2026-06-18 14:32:15', 62.24, 4, 74),
(4391, '2026-06-18 14:30:15', 72.24, 4, 74),
(4392, '2026-06-18 14:28:15', 82.24, 4, 74),
(4393, '2026-06-18 14:26:15', 62.24, 5, 74),
(4394, '2026-06-18 14:24:15', 72.24, 5, 74),
(4395, '2026-06-18 14:22:15', 82.24, 5, 74),
(4396, '2026-06-18 14:20:15', 62.24, 6, 74),
(4397, '2026-06-18 14:18:15', 72.24, 6, 74),
(4398, '2026-06-18 14:16:15', 82.24, 6, 74),
(4399, '2026-06-18 14:14:15', 62.24, 7, 74),
(4400, '2026-06-18 14:12:15', 72.24, 7, 74),
(4401, '2026-06-18 14:10:15', 82.24, 7, 74),
(4402, '2026-06-18 14:08:15', 62.24, 8, 74),
(4403, '2026-06-18 14:06:15', 72.24, 8, 74),
(4404, '2026-06-18 14:04:15', 82.24, 8, 74),
(4405, '2026-06-18 14:02:15', 62.24, 9, 74),
(4406, '2026-06-18 14:00:15', 72.24, 9, 74),
(4407, '2026-06-18 13:58:15', 82.24, 9, 74),
(4408, '2026-06-18 13:56:15', 62.24, 10, 74),
(4409, '2026-06-18 13:54:15', 72.24, 10, 74),
(4410, '2026-06-18 13:52:15', 82.24, 10, 74),
(4411, '2026-06-18 13:50:15', 62.24, 11, 74),
(4412, '2026-06-18 13:48:15', 72.24, 11, 74),
(4413, '2026-06-18 13:46:15', 82.24, 11, 74),
(4414, '2026-06-18 13:44:15', 62.24, 12, 74),
(4415, '2026-06-18 13:42:15', 72.24, 12, 74),
(4416, '2026-06-18 13:40:15', 82.24, 12, 74),
(4417, '2026-06-18 13:38:15', 62.24, 13, 74),
(4418, '2026-06-18 13:36:15', 72.24, 13, 74),
(4419, '2026-06-18 13:34:15', 82.24, 13, 74),
(4420, '2026-06-18 13:32:15', 62.24, 14, 74),
(4421, '2026-06-18 13:30:15', 72.24, 14, 74),
(4422, '2026-06-18 13:28:15', 82.24, 14, 74),
(4423, '2026-06-18 13:26:15', 62.24, 15, 74),
(4424, '2026-06-18 13:24:15', 72.24, 15, 74),
(4425, '2026-06-18 13:22:15', 82.24, 15, 74),
(4426, '2026-06-18 13:20:15', 62.24, 16, 74),
(4427, '2026-06-18 13:18:15', 72.24, 16, 74),
(4428, '2026-06-18 13:16:15', 82.24, 16, 74),
(4429, '2026-06-18 13:14:15', 62.24, 17, 74),
(4430, '2026-06-18 13:12:15', 72.24, 17, 74),
(4431, '2026-06-18 13:10:15', 82.24, 17, 74),
(4432, '2026-06-18 13:08:15', 62.24, 18, 74),
(4433, '2026-06-18 13:06:15', 72.24, 18, 74),
(4434, '2026-06-18 13:04:15', 82.24, 18, 74),
(4435, '2026-06-18 13:02:15', 62.24, 19, 74),
(4436, '2026-06-18 13:00:15', 72.24, 19, 74),
(4437, '2026-06-18 12:58:15', 82.24, 19, 74),
(4438, '2026-06-18 12:56:15', 62.24, 20, 74),
(4439, '2026-06-18 12:54:15', 72.24, 20, 74),
(4440, '2026-06-18 12:52:15', 82.24, 20, 74),
(4441, '2026-06-18 12:50:15', 267.21, 1, 75),
(4442, '2026-06-18 12:48:15', 277.21, 1, 75),
(4443, '2026-06-18 12:46:15', 287.21, 1, 75),
(4444, '2026-06-18 12:44:15', 267.21, 2, 75),
(4445, '2026-06-18 12:42:15', 277.21, 2, 75),
(4446, '2026-06-18 12:40:15', 287.21, 2, 75),
(4447, '2026-06-18 12:38:15', 267.21, 3, 75),
(4448, '2026-06-18 12:36:15', 277.21, 3, 75),
(4449, '2026-06-18 12:34:15', 287.21, 3, 75),
(4450, '2026-06-18 12:32:15', 267.21, 4, 75),
(4451, '2026-06-18 12:30:15', 277.21, 4, 75),
(4452, '2026-06-18 12:28:15', 287.21, 4, 75),
(4453, '2026-06-18 12:26:15', 267.21, 5, 75),
(4454, '2026-06-18 12:24:15', 277.21, 5, 75),
(4455, '2026-06-18 12:22:15', 287.21, 5, 75),
(4456, '2026-06-18 12:20:15', 267.21, 6, 75),
(4457, '2026-06-18 12:18:15', 277.21, 6, 75),
(4458, '2026-06-18 12:16:15', 287.21, 6, 75),
(4459, '2026-06-18 12:14:15', 267.21, 7, 75),
(4460, '2026-06-18 12:12:15', 277.21, 7, 75),
(4461, '2026-06-18 12:10:15', 287.21, 7, 75),
(4462, '2026-06-18 12:08:15', 267.21, 8, 75),
(4463, '2026-06-18 12:06:15', 277.21, 8, 75),
(4464, '2026-06-18 12:04:15', 287.21, 8, 75),
(4465, '2026-06-18 12:02:15', 267.21, 9, 75),
(4466, '2026-06-18 12:00:15', 277.21, 9, 75),
(4467, '2026-06-18 11:58:15', 287.21, 9, 75),
(4468, '2026-06-18 11:56:15', 267.21, 10, 75),
(4469, '2026-06-18 11:54:15', 277.21, 10, 75),
(4470, '2026-06-18 11:52:15', 287.21, 10, 75),
(4471, '2026-06-18 11:50:15', 267.21, 11, 75),
(4472, '2026-06-18 11:48:15', 277.21, 11, 75),
(4473, '2026-06-18 11:46:15', 287.21, 11, 75),
(4474, '2026-06-18 11:44:15', 267.21, 12, 75),
(4475, '2026-06-18 11:42:15', 277.21, 12, 75),
(4476, '2026-06-18 11:40:15', 287.21, 12, 75),
(4477, '2026-06-18 11:38:15', 267.21, 13, 75),
(4478, '2026-06-18 11:36:15', 277.21, 13, 75),
(4479, '2026-06-18 11:34:15', 287.21, 13, 75),
(4480, '2026-06-18 11:32:15', 267.21, 14, 75),
(4481, '2026-06-18 11:30:15', 277.21, 14, 75),
(4482, '2026-06-18 11:28:15', 287.21, 14, 75),
(4483, '2026-06-18 11:26:15', 267.21, 15, 75),
(4484, '2026-06-18 11:24:15', 277.21, 15, 75),
(4485, '2026-06-18 11:22:15', 287.21, 15, 75),
(4486, '2026-06-18 11:20:15', 267.21, 16, 75),
(4487, '2026-06-18 11:18:15', 277.21, 16, 75),
(4488, '2026-06-18 11:16:15', 287.21, 16, 75),
(4489, '2026-06-18 11:14:15', 267.21, 17, 75),
(4490, '2026-06-18 11:12:15', 277.21, 17, 75),
(4491, '2026-06-18 11:10:15', 287.21, 17, 75),
(4492, '2026-06-18 11:08:15', 267.21, 18, 75),
(4493, '2026-06-18 11:06:15', 277.21, 18, 75),
(4494, '2026-06-18 11:04:15', 287.21, 18, 75),
(4495, '2026-06-18 11:02:15', 267.21, 19, 75),
(4496, '2026-06-18 11:00:15', 277.21, 19, 75),
(4497, '2026-06-18 10:58:15', 287.21, 19, 75),
(4498, '2026-06-18 10:56:15', 267.21, 20, 75),
(4499, '2026-06-18 10:54:15', 277.21, 20, 75),
(4500, '2026-06-18 10:52:15', 287.21, 20, 75),
(4501, '2026-06-18 10:50:15', 63.22, 1, 76),
(4502, '2026-06-18 10:48:15', 73.22, 1, 76),
(4503, '2026-06-18 10:46:15', 83.22, 1, 76),
(4504, '2026-06-18 10:44:15', 63.22, 2, 76),
(4505, '2026-06-18 10:42:15', 73.22, 2, 76),
(4506, '2026-06-18 10:40:15', 83.22, 2, 76),
(4507, '2026-06-18 10:38:15', 63.22, 3, 76),
(4508, '2026-06-18 10:36:15', 73.22, 3, 76),
(4509, '2026-06-18 10:34:15', 83.22, 3, 76),
(4510, '2026-06-18 10:32:15', 63.22, 4, 76),
(4511, '2026-06-18 10:30:15', 73.22, 4, 76),
(4512, '2026-06-18 10:28:15', 83.22, 4, 76),
(4513, '2026-06-18 10:26:15', 63.22, 5, 76),
(4514, '2026-06-18 10:24:15', 73.22, 5, 76),
(4515, '2026-06-18 10:22:15', 83.22, 5, 76),
(4516, '2026-06-18 10:20:15', 63.22, 6, 76),
(4517, '2026-06-18 10:18:15', 73.22, 6, 76),
(4518, '2026-06-18 10:16:15', 83.22, 6, 76),
(4519, '2026-06-18 10:14:15', 63.22, 7, 76),
(4520, '2026-06-18 10:12:15', 73.22, 7, 76),
(4521, '2026-06-18 10:10:15', 83.22, 7, 76),
(4522, '2026-06-18 10:08:15', 63.22, 8, 76),
(4523, '2026-06-18 10:06:15', 73.22, 8, 76),
(4524, '2026-06-18 10:04:15', 83.22, 8, 76),
(4525, '2026-06-18 10:02:15', 63.22, 9, 76),
(4526, '2026-06-18 10:00:15', 73.22, 9, 76),
(4527, '2026-06-18 09:58:15', 83.22, 9, 76),
(4528, '2026-06-18 09:56:15', 63.22, 10, 76),
(4529, '2026-06-18 09:54:15', 73.22, 10, 76),
(4530, '2026-06-18 09:52:15', 83.22, 10, 76),
(4531, '2026-06-18 09:50:15', 63.22, 11, 76),
(4532, '2026-06-18 09:48:15', 73.22, 11, 76),
(4533, '2026-06-18 09:46:15', 83.22, 11, 76),
(4534, '2026-06-18 09:44:15', 63.22, 12, 76),
(4535, '2026-06-18 09:42:15', 73.22, 12, 76),
(4536, '2026-06-18 09:40:15', 83.22, 12, 76),
(4537, '2026-06-18 09:38:15', 63.22, 13, 76),
(4538, '2026-06-18 09:36:15', 73.22, 13, 76),
(4539, '2026-06-18 09:34:15', 83.22, 13, 76),
(4540, '2026-06-18 09:32:15', 63.22, 14, 76),
(4541, '2026-06-18 09:30:15', 73.22, 14, 76),
(4542, '2026-06-18 09:28:15', 83.22, 14, 76),
(4543, '2026-06-18 09:26:15', 63.22, 15, 76),
(4544, '2026-06-18 09:24:15', 73.22, 15, 76),
(4545, '2026-06-18 09:22:15', 83.22, 15, 76),
(4546, '2026-06-18 09:20:15', 63.22, 16, 76),
(4547, '2026-06-18 09:18:15', 73.22, 16, 76),
(4548, '2026-06-18 09:16:15', 83.22, 16, 76),
(4549, '2026-06-18 09:14:15', 63.22, 17, 76),
(4550, '2026-06-18 09:12:15', 73.22, 17, 76),
(4551, '2026-06-18 09:10:15', 83.22, 17, 76),
(4552, '2026-06-18 09:08:15', 63.22, 18, 76),
(4553, '2026-06-18 09:06:15', 73.22, 18, 76),
(4554, '2026-06-18 09:04:15', 83.22, 18, 76),
(4555, '2026-06-18 09:02:15', 63.22, 19, 76),
(4556, '2026-06-18 09:00:15', 73.22, 19, 76),
(4557, '2026-06-18 08:58:15', 83.22, 19, 76),
(4558, '2026-06-18 08:56:15', 63.22, 20, 76),
(4559, '2026-06-18 08:54:15', 73.22, 20, 76),
(4560, '2026-06-18 08:52:15', 83.22, 20, 76),
(4561, '2026-06-18 08:50:15', 60.77, 1, 77),
(4562, '2026-06-18 08:48:15', 70.77, 1, 77),
(4563, '2026-06-18 08:46:15', 80.77, 1, 77),
(4564, '2026-06-18 08:44:15', 60.77, 2, 77),
(4565, '2026-06-18 08:42:15', 70.77, 2, 77),
(4566, '2026-06-18 08:40:15', 80.77, 2, 77),
(4567, '2026-06-18 08:38:15', 60.77, 3, 77),
(4568, '2026-06-18 08:36:15', 70.77, 3, 77),
(4569, '2026-06-18 08:34:15', 80.77, 3, 77),
(4570, '2026-06-18 08:32:15', 60.77, 4, 77),
(4571, '2026-06-18 08:30:15', 70.77, 4, 77),
(4572, '2026-06-18 08:28:15', 80.77, 4, 77),
(4573, '2026-06-18 08:26:15', 60.77, 5, 77),
(4574, '2026-06-18 08:24:15', 70.77, 5, 77),
(4575, '2026-06-18 08:22:15', 80.77, 5, 77),
(4576, '2026-06-18 08:20:15', 60.77, 6, 77),
(4577, '2026-06-18 08:18:15', 70.77, 6, 77),
(4578, '2026-06-18 08:16:15', 80.77, 6, 77),
(4579, '2026-06-18 08:14:15', 60.77, 7, 77),
(4580, '2026-06-18 08:12:15', 70.77, 7, 77),
(4581, '2026-06-18 08:10:15', 80.77, 7, 77),
(4582, '2026-06-18 08:08:15', 60.77, 8, 77),
(4583, '2026-06-18 08:06:15', 70.77, 8, 77),
(4584, '2026-06-18 08:04:15', 80.77, 8, 77),
(4585, '2026-06-18 08:02:15', 60.77, 9, 77),
(4586, '2026-06-18 08:00:15', 70.77, 9, 77),
(4587, '2026-06-18 07:58:15', 80.77, 9, 77),
(4588, '2026-06-18 07:56:15', 60.77, 10, 77),
(4589, '2026-06-18 07:54:15', 70.77, 10, 77),
(4590, '2026-06-18 07:52:15', 80.77, 10, 77),
(4591, '2026-06-18 07:50:15', 60.77, 11, 77),
(4592, '2026-06-18 07:48:15', 70.77, 11, 77),
(4593, '2026-06-18 07:46:15', 80.77, 11, 77),
(4594, '2026-06-18 07:44:15', 60.77, 12, 77),
(4595, '2026-06-18 07:42:15', 70.77, 12, 77),
(4596, '2026-06-18 07:40:15', 80.77, 12, 77),
(4597, '2026-06-18 07:38:15', 60.77, 13, 77),
(4598, '2026-06-18 07:36:15', 70.77, 13, 77),
(4599, '2026-06-18 07:34:15', 80.77, 13, 77),
(4600, '2026-06-18 07:32:15', 60.77, 14, 77),
(4601, '2026-06-18 07:30:15', 70.77, 14, 77),
(4602, '2026-06-18 07:28:15', 80.77, 14, 77),
(4603, '2026-06-18 07:26:15', 60.77, 15, 77),
(4604, '2026-06-18 07:24:15', 70.77, 15, 77),
(4605, '2026-06-18 07:22:15', 80.77, 15, 77),
(4606, '2026-06-18 07:20:15', 60.77, 16, 77),
(4607, '2026-06-18 07:18:15', 70.77, 16, 77),
(4608, '2026-06-18 07:16:15', 80.77, 16, 77),
(4609, '2026-06-18 07:14:15', 60.77, 17, 77),
(4610, '2026-06-18 07:12:15', 70.77, 17, 77),
(4611, '2026-06-18 07:10:15', 80.77, 17, 77),
(4612, '2026-06-18 07:08:15', 60.77, 18, 77),
(4613, '2026-06-18 07:06:15', 70.77, 18, 77),
(4614, '2026-06-18 07:04:15', 80.77, 18, 77),
(4615, '2026-06-18 07:02:15', 60.77, 19, 77),
(4616, '2026-06-18 07:00:15', 70.77, 19, 77),
(4617, '2026-06-18 06:58:15', 80.77, 19, 77),
(4618, '2026-06-18 06:56:15', 60.77, 20, 77),
(4619, '2026-06-18 06:54:15', 70.77, 20, 77),
(4620, '2026-06-18 06:52:15', 80.77, 20, 77),
(4621, '2026-06-18 06:50:15', 75.94, 1, 78),
(4622, '2026-06-18 06:48:15', 85.94, 1, 78),
(4623, '2026-06-18 06:46:15', 95.94, 1, 78),
(4624, '2026-06-18 06:44:15', 75.94, 2, 78),
(4625, '2026-06-18 06:42:15', 85.94, 2, 78),
(4626, '2026-06-18 06:40:15', 95.94, 2, 78),
(4627, '2026-06-18 06:38:15', 75.94, 3, 78),
(4628, '2026-06-18 06:36:15', 85.94, 3, 78),
(4629, '2026-06-18 06:34:15', 95.94, 3, 78),
(4630, '2026-06-18 06:32:15', 75.94, 4, 78),
(4631, '2026-06-18 06:30:15', 85.94, 4, 78),
(4632, '2026-06-18 06:28:15', 95.94, 4, 78),
(4633, '2026-06-18 06:26:15', 75.94, 5, 78),
(4634, '2026-06-18 06:24:15', 85.94, 5, 78),
(4635, '2026-06-18 06:22:15', 95.94, 5, 78),
(4636, '2026-06-18 06:20:15', 75.94, 6, 78),
(4637, '2026-06-18 06:18:15', 85.94, 6, 78),
(4638, '2026-06-18 06:16:15', 95.94, 6, 78),
(4639, '2026-06-18 06:14:15', 75.94, 7, 78),
(4640, '2026-06-18 06:12:15', 85.94, 7, 78),
(4641, '2026-06-18 06:10:15', 95.94, 7, 78),
(4642, '2026-06-18 06:08:15', 75.94, 8, 78),
(4643, '2026-06-18 06:06:15', 85.94, 8, 78),
(4644, '2026-06-18 06:04:15', 95.94, 8, 78),
(4645, '2026-06-18 06:02:15', 75.94, 9, 78),
(4646, '2026-06-18 06:00:15', 85.94, 9, 78),
(4647, '2026-06-18 05:58:15', 95.94, 9, 78),
(4648, '2026-06-18 05:56:15', 75.94, 10, 78),
(4649, '2026-06-18 05:54:15', 85.94, 10, 78),
(4650, '2026-06-18 05:52:15', 95.94, 10, 78),
(4651, '2026-06-18 05:50:15', 75.94, 11, 78),
(4652, '2026-06-18 05:48:15', 85.94, 11, 78),
(4653, '2026-06-18 05:46:15', 95.94, 11, 78),
(4654, '2026-06-18 05:44:15', 75.94, 12, 78),
(4655, '2026-06-18 05:42:15', 85.94, 12, 78),
(4656, '2026-06-18 05:40:15', 95.94, 12, 78),
(4657, '2026-06-18 05:38:15', 75.94, 13, 78),
(4658, '2026-06-18 05:36:15', 85.94, 13, 78),
(4659, '2026-06-18 05:34:15', 95.94, 13, 78),
(4660, '2026-06-18 05:32:15', 75.94, 14, 78),
(4661, '2026-06-18 05:30:15', 85.94, 14, 78),
(4662, '2026-06-18 05:28:15', 95.94, 14, 78),
(4663, '2026-06-18 05:26:15', 75.94, 15, 78),
(4664, '2026-06-18 05:24:15', 85.94, 15, 78),
(4665, '2026-06-18 05:22:15', 95.94, 15, 78),
(4666, '2026-06-18 05:20:15', 75.94, 16, 78),
(4667, '2026-06-18 05:18:15', 85.94, 16, 78),
(4668, '2026-06-18 05:16:15', 95.94, 16, 78),
(4669, '2026-06-18 05:14:15', 75.94, 17, 78),
(4670, '2026-06-18 05:12:15', 85.94, 17, 78),
(4671, '2026-06-18 05:10:15', 95.94, 17, 78),
(4672, '2026-06-18 05:08:15', 75.94, 18, 78),
(4673, '2026-06-18 05:06:15', 85.94, 18, 78),
(4674, '2026-06-18 05:04:15', 95.94, 18, 78),
(4675, '2026-06-18 05:02:15', 75.94, 19, 78),
(4676, '2026-06-18 05:00:15', 85.94, 19, 78),
(4677, '2026-06-18 04:58:15', 95.94, 19, 78),
(4678, '2026-06-18 04:56:15', 75.94, 20, 78),
(4679, '2026-06-18 04:54:15', 85.94, 20, 78),
(4680, '2026-06-18 04:52:15', 95.94, 20, 78),
(4681, '2026-06-18 04:50:15', 223.54, 1, 79),
(4682, '2026-06-18 04:48:15', 233.54, 1, 79),
(4683, '2026-06-18 04:46:15', 243.54, 1, 79),
(4684, '2026-06-18 04:44:15', 223.54, 2, 79),
(4685, '2026-06-18 04:42:15', 233.54, 2, 79),
(4686, '2026-06-18 04:40:15', 243.54, 2, 79),
(4687, '2026-06-18 04:38:15', 223.54, 3, 79),
(4688, '2026-06-18 04:36:15', 233.54, 3, 79),
(4689, '2026-06-18 04:34:15', 243.54, 3, 79),
(4690, '2026-06-18 04:32:15', 223.54, 4, 79),
(4691, '2026-06-18 04:30:15', 233.54, 4, 79),
(4692, '2026-06-18 04:28:15', 243.54, 4, 79),
(4693, '2026-06-18 04:26:15', 223.54, 5, 79),
(4694, '2026-06-18 04:24:15', 233.54, 5, 79),
(4695, '2026-06-18 04:22:15', 243.54, 5, 79),
(4696, '2026-06-18 04:20:15', 223.54, 6, 79),
(4697, '2026-06-18 04:18:15', 233.54, 6, 79),
(4698, '2026-06-18 04:16:15', 243.54, 6, 79),
(4699, '2026-06-18 04:14:15', 223.54, 7, 79),
(4700, '2026-06-18 04:12:15', 233.54, 7, 79),
(4701, '2026-06-18 04:10:15', 243.54, 7, 79),
(4702, '2026-06-18 04:08:15', 223.54, 8, 79),
(4703, '2026-06-18 04:06:15', 233.54, 8, 79),
(4704, '2026-06-18 04:04:15', 243.54, 8, 79),
(4705, '2026-06-18 04:02:15', 223.54, 9, 79),
(4706, '2026-06-18 04:00:15', 233.54, 9, 79),
(4707, '2026-06-18 03:58:15', 243.54, 9, 79),
(4708, '2026-06-18 03:56:15', 223.54, 10, 79),
(4709, '2026-06-18 03:54:15', 233.54, 10, 79),
(4710, '2026-06-18 03:52:15', 243.54, 10, 79),
(4711, '2026-06-18 03:50:15', 223.54, 11, 79),
(4712, '2026-06-18 03:48:15', 233.54, 11, 79),
(4713, '2026-06-18 03:46:15', 243.54, 11, 79),
(4714, '2026-06-18 03:44:15', 223.54, 12, 79),
(4715, '2026-06-18 03:42:15', 233.54, 12, 79),
(4716, '2026-06-18 03:40:15', 243.54, 12, 79),
(4717, '2026-06-18 03:38:15', 223.54, 13, 79),
(4718, '2026-06-18 03:36:15', 233.54, 13, 79),
(4719, '2026-06-18 03:34:15', 243.54, 13, 79),
(4720, '2026-06-18 03:32:15', 223.54, 14, 79),
(4721, '2026-06-18 03:30:15', 233.54, 14, 79),
(4722, '2026-06-18 03:28:15', 243.54, 14, 79),
(4723, '2026-06-18 03:26:15', 223.54, 15, 79),
(4724, '2026-06-18 03:24:15', 233.54, 15, 79),
(4725, '2026-06-18 03:22:15', 243.54, 15, 79),
(4726, '2026-06-18 03:20:15', 223.54, 16, 79),
(4727, '2026-06-18 03:18:15', 233.54, 16, 79),
(4728, '2026-06-18 03:16:15', 243.54, 16, 79),
(4729, '2026-06-18 03:14:15', 223.54, 17, 79),
(4730, '2026-06-18 03:12:15', 233.54, 17, 79),
(4731, '2026-06-18 03:10:15', 243.54, 17, 79),
(4732, '2026-06-18 03:08:15', 223.54, 18, 79),
(4733, '2026-06-18 03:06:15', 233.54, 18, 79),
(4734, '2026-06-18 03:04:15', 243.54, 18, 79),
(4735, '2026-06-18 03:02:15', 223.54, 19, 79),
(4736, '2026-06-18 03:00:15', 233.54, 19, 79),
(4737, '2026-06-18 02:58:15', 243.54, 19, 79),
(4738, '2026-06-18 02:56:15', 223.54, 20, 79),
(4739, '2026-06-18 02:54:15', 233.54, 20, 79),
(4740, '2026-06-18 02:52:15', 243.54, 20, 79),
(4741, '2026-06-18 02:50:15', 68.63, 1, 80),
(4742, '2026-06-18 02:48:15', 78.63, 1, 80),
(4743, '2026-06-18 02:46:15', 88.63, 1, 80),
(4744, '2026-06-18 02:44:15', 68.63, 2, 80),
(4745, '2026-06-18 02:42:15', 78.63, 2, 80),
(4746, '2026-06-18 02:40:15', 88.63, 2, 80),
(4747, '2026-06-18 02:38:15', 68.63, 3, 80),
(4748, '2026-06-18 02:36:15', 78.63, 3, 80),
(4749, '2026-06-18 02:34:15', 88.63, 3, 80),
(4750, '2026-06-18 02:32:15', 68.63, 4, 80),
(4751, '2026-06-18 02:30:15', 78.63, 4, 80),
(4752, '2026-06-18 02:28:15', 88.63, 4, 80),
(4753, '2026-06-18 02:26:15', 68.63, 5, 80),
(4754, '2026-06-18 02:24:15', 78.63, 5, 80),
(4755, '2026-06-18 02:22:15', 88.63, 5, 80),
(4756, '2026-06-18 02:20:15', 68.63, 6, 80),
(4757, '2026-06-18 02:18:15', 78.63, 6, 80),
(4758, '2026-06-18 02:16:15', 88.63, 6, 80),
(4759, '2026-06-18 02:14:15', 68.63, 7, 80),
(4760, '2026-06-18 02:12:15', 78.63, 7, 80),
(4761, '2026-06-18 02:10:15', 88.63, 7, 80),
(4762, '2026-06-18 02:08:15', 68.63, 8, 80),
(4763, '2026-06-18 02:06:15', 78.63, 8, 80),
(4764, '2026-06-18 02:04:15', 88.63, 8, 80),
(4765, '2026-06-18 02:02:15', 68.63, 9, 80),
(4766, '2026-06-18 02:00:15', 78.63, 9, 80),
(4767, '2026-06-18 01:58:15', 88.63, 9, 80),
(4768, '2026-06-18 01:56:15', 68.63, 10, 80),
(4769, '2026-06-18 01:54:15', 78.63, 10, 80),
(4770, '2026-06-18 01:52:15', 88.63, 10, 80),
(4771, '2026-06-18 01:50:15', 68.63, 11, 80),
(4772, '2026-06-18 01:48:15', 78.63, 11, 80),
(4773, '2026-06-18 01:46:15', 88.63, 11, 80),
(4774, '2026-06-18 01:44:15', 68.63, 12, 80),
(4775, '2026-06-18 01:42:15', 78.63, 12, 80),
(4776, '2026-06-18 01:40:15', 88.63, 12, 80),
(4777, '2026-06-18 01:38:15', 68.63, 13, 80),
(4778, '2026-06-18 01:36:15', 78.63, 13, 80),
(4779, '2026-06-18 01:34:15', 88.63, 13, 80),
(4780, '2026-06-18 01:32:15', 68.63, 14, 80),
(4781, '2026-06-18 01:30:15', 78.63, 14, 80),
(4782, '2026-06-18 01:28:15', 88.63, 14, 80),
(4783, '2026-06-18 01:26:15', 68.63, 15, 80),
(4784, '2026-06-18 01:24:15', 78.63, 15, 80),
(4785, '2026-06-18 01:22:15', 88.63, 15, 80),
(4786, '2026-06-18 01:20:15', 68.63, 16, 80),
(4787, '2026-06-18 01:18:15', 78.63, 16, 80),
(4788, '2026-06-18 01:16:15', 88.63, 16, 80),
(4789, '2026-06-18 01:14:15', 68.63, 17, 80),
(4790, '2026-06-18 01:12:15', 78.63, 17, 80),
(4791, '2026-06-18 01:10:15', 88.63, 17, 80),
(4792, '2026-06-18 01:08:15', 68.63, 18, 80),
(4793, '2026-06-18 01:06:15', 78.63, 18, 80),
(4794, '2026-06-18 01:04:15', 88.63, 18, 80),
(4795, '2026-06-18 01:02:15', 68.63, 19, 80),
(4796, '2026-06-18 01:00:15', 78.63, 19, 80),
(4797, '2026-06-18 00:58:15', 88.63, 19, 80),
(4798, '2026-06-18 00:56:15', 68.63, 20, 80),
(4799, '2026-06-18 00:54:15', 78.63, 20, 80),
(4800, '2026-06-18 00:52:15', 88.63, 20, 80),
(4801, '2026-06-18 00:50:15', 288.38, 1, 81),
(4802, '2026-06-18 00:48:15', 298.38, 1, 81),
(4803, '2026-06-18 00:46:15', 308.38, 1, 81),
(4804, '2026-06-18 00:44:15', 288.38, 2, 81),
(4805, '2026-06-18 00:42:15', 298.38, 2, 81),
(4806, '2026-06-18 00:40:15', 308.38, 2, 81),
(4807, '2026-06-18 00:38:15', 288.38, 3, 81),
(4808, '2026-06-18 00:36:15', 298.38, 3, 81),
(4809, '2026-06-18 00:34:15', 308.38, 3, 81),
(4810, '2026-06-18 00:32:15', 288.38, 4, 81),
(4811, '2026-06-18 00:30:15', 298.38, 4, 81),
(4812, '2026-06-18 00:28:15', 308.38, 4, 81),
(4813, '2026-06-18 00:26:15', 288.38, 5, 81),
(4814, '2026-06-18 00:24:15', 298.38, 5, 81),
(4815, '2026-06-18 00:22:15', 308.38, 5, 81),
(4816, '2026-06-18 00:20:15', 288.38, 6, 81),
(4817, '2026-06-18 00:18:15', 298.38, 6, 81),
(4818, '2026-06-18 00:16:15', 308.38, 6, 81),
(4819, '2026-06-18 00:14:15', 288.38, 7, 81),
(4820, '2026-06-18 00:12:15', 298.38, 7, 81),
(4821, '2026-06-18 00:10:15', 308.38, 7, 81),
(4822, '2026-06-18 00:08:15', 288.38, 8, 81),
(4823, '2026-06-18 00:06:15', 298.38, 8, 81),
(4824, '2026-06-18 00:04:15', 308.38, 8, 81),
(4825, '2026-06-18 00:02:15', 288.38, 9, 81),
(4826, '2026-06-18 00:00:15', 298.38, 9, 81),
(4827, '2026-06-17 23:58:15', 308.38, 9, 81),
(4828, '2026-06-17 23:56:15', 288.38, 10, 81),
(4829, '2026-06-17 23:54:15', 298.38, 10, 81),
(4830, '2026-06-17 23:52:15', 308.38, 10, 81),
(4831, '2026-06-17 23:50:15', 288.38, 11, 81),
(4832, '2026-06-17 23:48:15', 298.38, 11, 81),
(4833, '2026-06-17 23:46:15', 308.38, 11, 81),
(4834, '2026-06-17 23:44:15', 288.38, 12, 81),
(4835, '2026-06-17 23:42:15', 298.38, 12, 81),
(4836, '2026-06-17 23:40:15', 308.38, 12, 81),
(4837, '2026-06-17 23:38:15', 288.38, 13, 81),
(4838, '2026-06-17 23:36:15', 298.38, 13, 81),
(4839, '2026-06-17 23:34:15', 308.38, 13, 81),
(4840, '2026-06-17 23:32:15', 288.38, 14, 81),
(4841, '2026-06-17 23:30:15', 298.38, 14, 81),
(4842, '2026-06-17 23:28:15', 308.38, 14, 81),
(4843, '2026-06-17 23:26:15', 288.38, 15, 81),
(4844, '2026-06-17 23:24:15', 298.38, 15, 81),
(4845, '2026-06-17 23:22:15', 308.38, 15, 81),
(4846, '2026-06-17 23:20:15', 288.38, 16, 81),
(4847, '2026-06-17 23:18:15', 298.38, 16, 81),
(4848, '2026-06-17 23:16:15', 308.38, 16, 81),
(4849, '2026-06-17 23:14:15', 288.38, 17, 81),
(4850, '2026-06-17 23:12:15', 298.38, 17, 81),
(4851, '2026-06-17 23:10:15', 308.38, 17, 81),
(4852, '2026-06-17 23:08:15', 288.38, 18, 81),
(4853, '2026-06-17 23:06:15', 298.38, 18, 81),
(4854, '2026-06-17 23:04:15', 308.38, 18, 81),
(4855, '2026-06-17 23:02:15', 288.38, 19, 81),
(4856, '2026-06-17 23:00:15', 298.38, 19, 81),
(4857, '2026-06-17 22:58:15', 308.38, 19, 81),
(4858, '2026-06-17 22:56:15', 288.38, 20, 81),
(4859, '2026-06-17 22:54:15', 298.38, 20, 81),
(4860, '2026-06-17 22:52:15', 308.38, 20, 81),
(4861, '2026-06-17 22:50:15', 292.24, 1, 82),
(4862, '2026-06-17 22:48:15', 302.24, 1, 82),
(4863, '2026-06-17 22:46:15', 312.24, 1, 82),
(4864, '2026-06-17 22:44:15', 292.24, 2, 82),
(4865, '2026-06-17 22:42:15', 302.24, 2, 82),
(4866, '2026-06-17 22:40:15', 312.24, 2, 82),
(4867, '2026-06-17 22:38:15', 292.24, 3, 82),
(4868, '2026-06-17 22:36:15', 302.24, 3, 82),
(4869, '2026-06-17 22:34:15', 312.24, 3, 82),
(4870, '2026-06-17 22:32:15', 292.24, 4, 82),
(4871, '2026-06-17 22:30:15', 302.24, 4, 82),
(4872, '2026-06-17 22:28:15', 312.24, 4, 82),
(4873, '2026-06-17 22:26:15', 292.24, 5, 82),
(4874, '2026-06-17 22:24:15', 302.24, 5, 82),
(4875, '2026-06-17 22:22:15', 312.24, 5, 82),
(4876, '2026-06-17 22:20:15', 292.24, 6, 82),
(4877, '2026-06-17 22:18:15', 302.24, 6, 82),
(4878, '2026-06-17 22:16:15', 312.24, 6, 82),
(4879, '2026-06-17 22:14:15', 292.24, 7, 82),
(4880, '2026-06-17 22:12:15', 302.24, 7, 82),
(4881, '2026-06-17 22:10:15', 312.24, 7, 82),
(4882, '2026-06-17 22:08:15', 292.24, 8, 82),
(4883, '2026-06-17 22:06:15', 302.24, 8, 82),
(4884, '2026-06-17 22:04:15', 312.24, 8, 82),
(4885, '2026-06-17 22:02:15', 292.24, 9, 82),
(4886, '2026-06-17 22:00:15', 302.24, 9, 82),
(4887, '2026-06-17 21:58:15', 312.24, 9, 82),
(4888, '2026-06-17 21:56:15', 292.24, 10, 82),
(4889, '2026-06-17 21:54:15', 302.24, 10, 82),
(4890, '2026-06-17 21:52:15', 312.24, 10, 82),
(4891, '2026-06-17 21:50:15', 292.24, 11, 82),
(4892, '2026-06-17 21:48:15', 302.24, 11, 82),
(4893, '2026-06-17 21:46:15', 312.24, 11, 82),
(4894, '2026-06-17 21:44:15', 292.24, 12, 82),
(4895, '2026-06-17 21:42:15', 302.24, 12, 82),
(4896, '2026-06-17 21:40:15', 312.24, 12, 82),
(4897, '2026-06-17 21:38:15', 292.24, 13, 82),
(4898, '2026-06-17 21:36:15', 302.24, 13, 82),
(4899, '2026-06-17 21:34:15', 312.24, 13, 82),
(4900, '2026-06-17 21:32:15', 292.24, 14, 82),
(4901, '2026-06-17 21:30:15', 302.24, 14, 82),
(4902, '2026-06-17 21:28:15', 312.24, 14, 82),
(4903, '2026-06-17 21:26:15', 292.24, 15, 82),
(4904, '2026-06-17 21:24:15', 302.24, 15, 82),
(4905, '2026-06-17 21:22:15', 312.24, 15, 82),
(4906, '2026-06-17 21:20:15', 292.24, 16, 82),
(4907, '2026-06-17 21:18:15', 302.24, 16, 82),
(4908, '2026-06-17 21:16:15', 312.24, 16, 82),
(4909, '2026-06-17 21:14:15', 292.24, 17, 82),
(4910, '2026-06-17 21:12:15', 302.24, 17, 82),
(4911, '2026-06-17 21:10:15', 312.24, 17, 82),
(4912, '2026-06-17 21:08:15', 292.24, 18, 82),
(4913, '2026-06-17 21:06:15', 302.24, 18, 82),
(4914, '2026-06-17 21:04:15', 312.24, 18, 82),
(4915, '2026-06-17 21:02:15', 292.24, 19, 82),
(4916, '2026-06-17 21:00:15', 302.24, 19, 82),
(4917, '2026-06-17 20:58:15', 312.24, 19, 82),
(4918, '2026-06-17 20:56:15', 292.24, 20, 82),
(4919, '2026-06-17 20:54:15', 302.24, 20, 82),
(4920, '2026-06-17 20:52:15', 312.24, 20, 82),
(4921, '2026-06-17 20:50:15', 175.3, 1, 83),
(4922, '2026-06-17 20:48:15', 185.3, 1, 83),
(4923, '2026-06-17 20:46:15', 195.3, 1, 83),
(4924, '2026-06-17 20:44:15', 175.3, 2, 83),
(4925, '2026-06-17 20:42:15', 185.3, 2, 83),
(4926, '2026-06-17 20:40:15', 195.3, 2, 83),
(4927, '2026-06-17 20:38:15', 175.3, 3, 83),
(4928, '2026-06-17 20:36:15', 185.3, 3, 83),
(4929, '2026-06-17 20:34:15', 195.3, 3, 83),
(4930, '2026-06-17 20:32:15', 175.3, 4, 83),
(4931, '2026-06-17 20:30:15', 185.3, 4, 83),
(4932, '2026-06-17 20:28:15', 195.3, 4, 83),
(4933, '2026-06-17 20:26:15', 175.3, 5, 83),
(4934, '2026-06-17 20:24:15', 185.3, 5, 83),
(4935, '2026-06-17 20:22:15', 195.3, 5, 83),
(4936, '2026-06-17 20:20:15', 175.3, 6, 83),
(4937, '2026-06-17 20:18:15', 185.3, 6, 83),
(4938, '2026-06-17 20:16:15', 195.3, 6, 83),
(4939, '2026-06-17 20:14:15', 175.3, 7, 83),
(4940, '2026-06-17 20:12:15', 185.3, 7, 83),
(4941, '2026-06-17 20:10:15', 195.3, 7, 83),
(4942, '2026-06-17 20:08:15', 175.3, 8, 83),
(4943, '2026-06-17 20:06:15', 185.3, 8, 83),
(4944, '2026-06-17 20:04:15', 195.3, 8, 83),
(4945, '2026-06-17 20:02:15', 175.3, 9, 83),
(4946, '2026-06-17 20:00:15', 185.3, 9, 83),
(4947, '2026-06-17 19:58:15', 195.3, 9, 83),
(4948, '2026-06-17 19:56:15', 175.3, 10, 83),
(4949, '2026-06-17 19:54:15', 185.3, 10, 83),
(4950, '2026-06-17 19:52:15', 195.3, 10, 83),
(4951, '2026-06-17 19:50:15', 175.3, 11, 83),
(4952, '2026-06-17 19:48:15', 185.3, 11, 83),
(4953, '2026-06-17 19:46:15', 195.3, 11, 83),
(4954, '2026-06-17 19:44:15', 175.3, 12, 83),
(4955, '2026-06-17 19:42:15', 185.3, 12, 83),
(4956, '2026-06-17 19:40:15', 195.3, 12, 83),
(4957, '2026-06-17 19:38:15', 175.3, 13, 83),
(4958, '2026-06-17 19:36:15', 185.3, 13, 83),
(4959, '2026-06-17 19:34:15', 195.3, 13, 83),
(4960, '2026-06-17 19:32:15', 175.3, 14, 83),
(4961, '2026-06-17 19:30:15', 185.3, 14, 83),
(4962, '2026-06-17 19:28:15', 195.3, 14, 83),
(4963, '2026-06-17 19:26:15', 175.3, 15, 83),
(4964, '2026-06-17 19:24:15', 185.3, 15, 83),
(4965, '2026-06-17 19:22:15', 195.3, 15, 83),
(4966, '2026-06-17 19:20:15', 175.3, 16, 83),
(4967, '2026-06-17 19:18:15', 185.3, 16, 83),
(4968, '2026-06-17 19:16:15', 195.3, 16, 83),
(4969, '2026-06-17 19:14:15', 175.3, 17, 83),
(4970, '2026-06-17 19:12:15', 185.3, 17, 83),
(4971, '2026-06-17 19:10:15', 195.3, 17, 83),
(4972, '2026-06-17 19:08:15', 175.3, 18, 83),
(4973, '2026-06-17 19:06:15', 185.3, 18, 83),
(4974, '2026-06-17 19:04:15', 195.3, 18, 83),
(4975, '2026-06-17 19:02:15', 175.3, 19, 83),
(4976, '2026-06-17 19:00:15', 185.3, 19, 83),
(4977, '2026-06-17 18:58:15', 195.3, 19, 83),
(4978, '2026-06-17 18:56:15', 175.3, 20, 83),
(4979, '2026-06-17 18:54:15', 185.3, 20, 83),
(4980, '2026-06-17 18:52:15', 195.3, 20, 83),
(4981, '2026-06-17 18:50:15', 153.83, 1, 84),
(4982, '2026-06-17 18:48:15', 163.83, 1, 84),
(4983, '2026-06-17 18:46:15', 173.83, 1, 84),
(4984, '2026-06-17 18:44:15', 153.83, 2, 84),
(4985, '2026-06-17 18:42:15', 163.83, 2, 84),
(4986, '2026-06-17 18:40:15', 173.83, 2, 84),
(4987, '2026-06-17 18:38:15', 153.83, 3, 84),
(4988, '2026-06-17 18:36:15', 163.83, 3, 84),
(4989, '2026-06-17 18:34:15', 173.83, 3, 84),
(4990, '2026-06-17 18:32:15', 153.83, 4, 84),
(4991, '2026-06-17 18:30:15', 163.83, 4, 84),
(4992, '2026-06-17 18:28:15', 173.83, 4, 84),
(4993, '2026-06-17 18:26:15', 153.83, 5, 84),
(4994, '2026-06-17 18:24:15', 163.83, 5, 84),
(4995, '2026-06-17 18:22:15', 173.83, 5, 84),
(4996, '2026-06-17 18:20:15', 153.83, 6, 84),
(4997, '2026-06-17 18:18:15', 163.83, 6, 84),
(4998, '2026-06-17 18:16:15', 173.83, 6, 84),
(4999, '2026-06-17 18:14:15', 153.83, 7, 84),
(5000, '2026-06-17 18:12:15', 163.83, 7, 84),
(5001, '2026-06-17 18:10:15', 173.83, 7, 84),
(5002, '2026-06-17 18:08:15', 153.83, 8, 84),
(5003, '2026-06-17 18:06:15', 163.83, 8, 84),
(5004, '2026-06-17 18:04:15', 173.83, 8, 84),
(5005, '2026-06-17 18:02:15', 153.83, 9, 84),
(5006, '2026-06-17 18:00:15', 163.83, 9, 84),
(5007, '2026-06-17 17:58:15', 173.83, 9, 84),
(5008, '2026-06-17 17:56:15', 153.83, 10, 84),
(5009, '2026-06-17 17:54:15', 163.83, 10, 84),
(5010, '2026-06-17 17:52:15', 173.83, 10, 84),
(5011, '2026-06-17 17:50:15', 153.83, 11, 84),
(5012, '2026-06-17 17:48:15', 163.83, 11, 84),
(5013, '2026-06-17 17:46:15', 173.83, 11, 84),
(5014, '2026-06-17 17:44:15', 153.83, 12, 84),
(5015, '2026-06-17 17:42:15', 163.83, 12, 84),
(5016, '2026-06-17 17:40:15', 173.83, 12, 84),
(5017, '2026-06-17 17:38:15', 153.83, 13, 84),
(5018, '2026-06-17 17:36:15', 163.83, 13, 84),
(5019, '2026-06-17 17:34:15', 173.83, 13, 84),
(5020, '2026-06-17 17:32:15', 153.83, 14, 84),
(5021, '2026-06-17 17:30:15', 163.83, 14, 84),
(5022, '2026-06-17 17:28:15', 173.83, 14, 84),
(5023, '2026-06-17 17:26:15', 153.83, 15, 84),
(5024, '2026-06-17 17:24:15', 163.83, 15, 84),
(5025, '2026-06-17 17:22:15', 173.83, 15, 84),
(5026, '2026-06-17 17:20:15', 153.83, 16, 84),
(5027, '2026-06-17 17:18:15', 163.83, 16, 84),
(5028, '2026-06-17 17:16:15', 173.83, 16, 84),
(5029, '2026-06-17 17:14:15', 153.83, 17, 84),
(5030, '2026-06-17 17:12:15', 163.83, 17, 84),
(5031, '2026-06-17 17:10:15', 173.83, 17, 84),
(5032, '2026-06-17 17:08:15', 153.83, 18, 84),
(5033, '2026-06-17 17:06:15', 163.83, 18, 84),
(5034, '2026-06-17 17:04:15', 173.83, 18, 84),
(5035, '2026-06-17 17:02:15', 153.83, 19, 84),
(5036, '2026-06-17 17:00:15', 163.83, 19, 84),
(5037, '2026-06-17 16:58:15', 173.83, 19, 84),
(5038, '2026-06-17 16:56:15', 153.83, 20, 84),
(5039, '2026-06-17 16:54:15', 163.83, 20, 84),
(5040, '2026-06-17 16:52:15', 173.83, 20, 84),
(5041, '2026-06-17 16:50:15', 214.15, 1, 85),
(5042, '2026-06-17 16:48:15', 224.15, 1, 85),
(5043, '2026-06-17 16:46:15', 234.15, 1, 85),
(5044, '2026-06-17 16:44:15', 214.15, 2, 85),
(5045, '2026-06-17 16:42:15', 224.15, 2, 85),
(5046, '2026-06-17 16:40:15', 234.15, 2, 85),
(5047, '2026-06-17 16:38:15', 214.15, 3, 85),
(5048, '2026-06-17 16:36:15', 224.15, 3, 85),
(5049, '2026-06-17 16:34:15', 234.15, 3, 85),
(5050, '2026-06-17 16:32:15', 214.15, 4, 85),
(5051, '2026-06-17 16:30:15', 224.15, 4, 85),
(5052, '2026-06-17 16:28:15', 234.15, 4, 85),
(5053, '2026-06-17 16:26:15', 214.15, 5, 85),
(5054, '2026-06-17 16:24:15', 224.15, 5, 85),
(5055, '2026-06-17 16:22:15', 234.15, 5, 85),
(5056, '2026-06-17 16:20:15', 214.15, 6, 85),
(5057, '2026-06-17 16:18:15', 224.15, 6, 85),
(5058, '2026-06-17 16:16:15', 234.15, 6, 85),
(5059, '2026-06-17 16:14:15', 214.15, 7, 85),
(5060, '2026-06-17 16:12:15', 224.15, 7, 85),
(5061, '2026-06-17 16:10:15', 234.15, 7, 85),
(5062, '2026-06-17 16:08:15', 214.15, 8, 85),
(5063, '2026-06-17 16:06:15', 224.15, 8, 85),
(5064, '2026-06-17 16:04:15', 234.15, 8, 85),
(5065, '2026-06-17 16:02:15', 214.15, 9, 85),
(5066, '2026-06-17 16:00:15', 224.15, 9, 85),
(5067, '2026-06-17 15:58:15', 234.15, 9, 85),
(5068, '2026-06-17 15:56:15', 214.15, 10, 85),
(5069, '2026-06-17 15:54:15', 224.15, 10, 85),
(5070, '2026-06-17 15:52:15', 234.15, 10, 85),
(5071, '2026-06-17 15:50:15', 214.15, 11, 85),
(5072, '2026-06-17 15:48:15', 224.15, 11, 85),
(5073, '2026-06-17 15:46:15', 234.15, 11, 85),
(5074, '2026-06-17 15:44:15', 214.15, 12, 85),
(5075, '2026-06-17 15:42:15', 224.15, 12, 85),
(5076, '2026-06-17 15:40:15', 234.15, 12, 85),
(5077, '2026-06-17 15:38:15', 214.15, 13, 85),
(5078, '2026-06-17 15:36:15', 224.15, 13, 85),
(5079, '2026-06-17 15:34:15', 234.15, 13, 85),
(5080, '2026-06-17 15:32:15', 214.15, 14, 85),
(5081, '2026-06-17 15:30:15', 224.15, 14, 85),
(5082, '2026-06-17 15:28:15', 234.15, 14, 85),
(5083, '2026-06-17 15:26:15', 214.15, 15, 85),
(5084, '2026-06-17 15:24:15', 224.15, 15, 85),
(5085, '2026-06-17 15:22:15', 234.15, 15, 85),
(5086, '2026-06-17 15:20:15', 214.15, 16, 85),
(5087, '2026-06-17 15:18:15', 224.15, 16, 85),
(5088, '2026-06-17 15:16:15', 234.15, 16, 85),
(5089, '2026-06-17 15:14:15', 214.15, 17, 85),
(5090, '2026-06-17 15:12:15', 224.15, 17, 85),
(5091, '2026-06-17 15:10:15', 234.15, 17, 85),
(5092, '2026-06-17 15:08:15', 214.15, 18, 85),
(5093, '2026-06-17 15:06:15', 224.15, 18, 85),
(5094, '2026-06-17 15:04:15', 234.15, 18, 85),
(5095, '2026-06-17 15:02:15', 214.15, 19, 85),
(5096, '2026-06-17 15:00:15', 224.15, 19, 85),
(5097, '2026-06-17 14:58:15', 234.15, 19, 85),
(5098, '2026-06-17 14:56:15', 214.15, 20, 85),
(5099, '2026-06-17 14:54:15', 224.15, 20, 85),
(5100, '2026-06-17 14:52:15', 234.15, 20, 85),
(5101, '2026-06-17 14:50:15', 71.11, 1, 86),
(5102, '2026-06-17 14:48:15', 81.11, 1, 86),
(5103, '2026-06-17 14:46:15', 91.11, 1, 86),
(5104, '2026-06-17 14:44:15', 71.11, 2, 86),
(5105, '2026-06-17 14:42:15', 81.11, 2, 86),
(5106, '2026-06-17 14:40:15', 91.11, 2, 86),
(5107, '2026-06-17 14:38:15', 71.11, 3, 86),
(5108, '2026-06-17 14:36:15', 81.11, 3, 86),
(5109, '2026-06-17 14:34:15', 91.11, 3, 86),
(5110, '2026-06-17 14:32:15', 71.11, 4, 86),
(5111, '2026-06-17 14:30:15', 81.11, 4, 86),
(5112, '2026-06-17 14:28:15', 91.11, 4, 86),
(5113, '2026-06-17 14:26:15', 71.11, 5, 86),
(5114, '2026-06-17 14:24:15', 81.11, 5, 86),
(5115, '2026-06-17 14:22:15', 91.11, 5, 86),
(5116, '2026-06-17 14:20:15', 71.11, 6, 86),
(5117, '2026-06-17 14:18:15', 81.11, 6, 86),
(5118, '2026-06-17 14:16:15', 91.11, 6, 86),
(5119, '2026-06-17 14:14:15', 71.11, 7, 86),
(5120, '2026-06-17 14:12:15', 81.11, 7, 86),
(5121, '2026-06-17 14:10:15', 91.11, 7, 86),
(5122, '2026-06-17 14:08:15', 71.11, 8, 86),
(5123, '2026-06-17 14:06:15', 81.11, 8, 86),
(5124, '2026-06-17 14:04:15', 91.11, 8, 86),
(5125, '2026-06-17 14:02:15', 71.11, 9, 86),
(5126, '2026-06-17 14:00:15', 81.11, 9, 86),
(5127, '2026-06-17 13:58:15', 91.11, 9, 86),
(5128, '2026-06-17 13:56:15', 71.11, 10, 86),
(5129, '2026-06-17 13:54:15', 81.11, 10, 86),
(5130, '2026-06-17 13:52:15', 91.11, 10, 86),
(5131, '2026-06-17 13:50:15', 71.11, 11, 86),
(5132, '2026-06-17 13:48:15', 81.11, 11, 86),
(5133, '2026-06-17 13:46:15', 91.11, 11, 86),
(5134, '2026-06-17 13:44:15', 71.11, 12, 86),
(5135, '2026-06-17 13:42:15', 81.11, 12, 86),
(5136, '2026-06-17 13:40:15', 91.11, 12, 86),
(5137, '2026-06-17 13:38:15', 71.11, 13, 86),
(5138, '2026-06-17 13:36:15', 81.11, 13, 86),
(5139, '2026-06-17 13:34:15', 91.11, 13, 86),
(5140, '2026-06-17 13:32:15', 71.11, 14, 86),
(5141, '2026-06-17 13:30:15', 81.11, 14, 86),
(5142, '2026-06-17 13:28:15', 91.11, 14, 86),
(5143, '2026-06-17 13:26:15', 71.11, 15, 86),
(5144, '2026-06-17 13:24:15', 81.11, 15, 86),
(5145, '2026-06-17 13:22:15', 91.11, 15, 86),
(5146, '2026-06-17 13:20:15', 71.11, 16, 86),
(5147, '2026-06-17 13:18:15', 81.11, 16, 86),
(5148, '2026-06-17 13:16:15', 91.11, 16, 86),
(5149, '2026-06-17 13:14:15', 71.11, 17, 86),
(5150, '2026-06-17 13:12:15', 81.11, 17, 86),
(5151, '2026-06-17 13:10:15', 91.11, 17, 86),
(5152, '2026-06-17 13:08:15', 71.11, 18, 86),
(5153, '2026-06-17 13:06:15', 81.11, 18, 86),
(5154, '2026-06-17 13:04:15', 91.11, 18, 86),
(5155, '2026-06-17 13:02:15', 71.11, 19, 86),
(5156, '2026-06-17 13:00:15', 81.11, 19, 86),
(5157, '2026-06-17 12:58:15', 91.11, 19, 86),
(5158, '2026-06-17 12:56:15', 71.11, 20, 86),
(5159, '2026-06-17 12:54:15', 81.11, 20, 86),
(5160, '2026-06-17 12:52:15', 91.11, 20, 86),
(5161, '2026-06-17 12:50:15', 153.19, 1, 87),
(5162, '2026-06-17 12:48:15', 163.19, 1, 87),
(5163, '2026-06-17 12:46:15', 173.19, 1, 87),
(5164, '2026-06-17 12:44:15', 153.19, 2, 87),
(5165, '2026-06-17 12:42:15', 163.19, 2, 87),
(5166, '2026-06-17 12:40:15', 173.19, 2, 87),
(5167, '2026-06-17 12:38:15', 153.19, 3, 87),
(5168, '2026-06-17 12:36:15', 163.19, 3, 87),
(5169, '2026-06-17 12:34:15', 173.19, 3, 87),
(5170, '2026-06-17 12:32:15', 153.19, 4, 87),
(5171, '2026-06-17 12:30:15', 163.19, 4, 87),
(5172, '2026-06-17 12:28:15', 173.19, 4, 87),
(5173, '2026-06-17 12:26:15', 153.19, 5, 87),
(5174, '2026-06-17 12:24:15', 163.19, 5, 87),
(5175, '2026-06-17 12:22:15', 173.19, 5, 87),
(5176, '2026-06-17 12:20:15', 153.19, 6, 87),
(5177, '2026-06-17 12:18:15', 163.19, 6, 87),
(5178, '2026-06-17 12:16:15', 173.19, 6, 87),
(5179, '2026-06-17 12:14:15', 153.19, 7, 87),
(5180, '2026-06-17 12:12:15', 163.19, 7, 87),
(5181, '2026-06-17 12:10:15', 173.19, 7, 87),
(5182, '2026-06-17 12:08:15', 153.19, 8, 87),
(5183, '2026-06-17 12:06:15', 163.19, 8, 87),
(5184, '2026-06-17 12:04:15', 173.19, 8, 87),
(5185, '2026-06-17 12:02:15', 153.19, 9, 87),
(5186, '2026-06-17 12:00:15', 163.19, 9, 87),
(5187, '2026-06-17 11:58:15', 173.19, 9, 87),
(5188, '2026-06-17 11:56:15', 153.19, 10, 87),
(5189, '2026-06-17 11:54:15', 163.19, 10, 87),
(5190, '2026-06-17 11:52:15', 173.19, 10, 87),
(5191, '2026-06-17 11:50:15', 153.19, 11, 87),
(5192, '2026-06-17 11:48:15', 163.19, 11, 87),
(5193, '2026-06-17 11:46:15', 173.19, 11, 87),
(5194, '2026-06-17 11:44:15', 153.19, 12, 87),
(5195, '2026-06-17 11:42:15', 163.19, 12, 87),
(5196, '2026-06-17 11:40:15', 173.19, 12, 87),
(5197, '2026-06-17 11:38:15', 153.19, 13, 87),
(5198, '2026-06-17 11:36:15', 163.19, 13, 87),
(5199, '2026-06-17 11:34:15', 173.19, 13, 87),
(5200, '2026-06-17 11:32:15', 153.19, 14, 87),
(5201, '2026-06-17 11:30:15', 163.19, 14, 87),
(5202, '2026-06-17 11:28:15', 173.19, 14, 87),
(5203, '2026-06-17 11:26:15', 153.19, 15, 87),
(5204, '2026-06-17 11:24:15', 163.19, 15, 87),
(5205, '2026-06-17 11:22:15', 173.19, 15, 87),
(5206, '2026-06-17 11:20:15', 153.19, 16, 87),
(5207, '2026-06-17 11:18:15', 163.19, 16, 87),
(5208, '2026-06-17 11:16:15', 173.19, 16, 87),
(5209, '2026-06-17 11:14:15', 153.19, 17, 87),
(5210, '2026-06-17 11:12:15', 163.19, 17, 87),
(5211, '2026-06-17 11:10:15', 173.19, 17, 87),
(5212, '2026-06-17 11:08:15', 153.19, 18, 87),
(5213, '2026-06-17 11:06:15', 163.19, 18, 87),
(5214, '2026-06-17 11:04:15', 173.19, 18, 87),
(5215, '2026-06-17 11:02:15', 153.19, 19, 87),
(5216, '2026-06-17 11:00:15', 163.19, 19, 87),
(5217, '2026-06-17 10:58:15', 173.19, 19, 87),
(5218, '2026-06-17 10:56:15', 153.19, 20, 87),
(5219, '2026-06-17 10:54:15', 163.19, 20, 87),
(5220, '2026-06-17 10:52:15', 173.19, 20, 87),
(5221, '2026-06-17 10:50:15', 95.47, 1, 88),
(5222, '2026-06-17 10:48:15', 105.47, 1, 88),
(5223, '2026-06-17 10:46:15', 115.47, 1, 88),
(5224, '2026-06-17 10:44:15', 95.47, 2, 88),
(5225, '2026-06-17 10:42:15', 105.47, 2, 88),
(5226, '2026-06-17 10:40:15', 115.47, 2, 88),
(5227, '2026-06-17 10:38:15', 95.47, 3, 88),
(5228, '2026-06-17 10:36:15', 105.47, 3, 88),
(5229, '2026-06-17 10:34:15', 115.47, 3, 88),
(5230, '2026-06-17 10:32:15', 95.47, 4, 88),
(5231, '2026-06-17 10:30:15', 105.47, 4, 88),
(5232, '2026-06-17 10:28:15', 115.47, 4, 88),
(5233, '2026-06-17 10:26:15', 95.47, 5, 88),
(5234, '2026-06-17 10:24:15', 105.47, 5, 88),
(5235, '2026-06-17 10:22:15', 115.47, 5, 88),
(5236, '2026-06-17 10:20:15', 95.47, 6, 88),
(5237, '2026-06-17 10:18:15', 105.47, 6, 88),
(5238, '2026-06-17 10:16:15', 115.47, 6, 88),
(5239, '2026-06-17 10:14:15', 95.47, 7, 88),
(5240, '2026-06-17 10:12:15', 105.47, 7, 88),
(5241, '2026-06-17 10:10:15', 115.47, 7, 88),
(5242, '2026-06-17 10:08:15', 95.47, 8, 88),
(5243, '2026-06-17 10:06:15', 105.47, 8, 88),
(5244, '2026-06-17 10:04:15', 115.47, 8, 88),
(5245, '2026-06-17 10:02:15', 95.47, 9, 88),
(5246, '2026-06-17 10:00:15', 105.47, 9, 88),
(5247, '2026-06-17 09:58:15', 115.47, 9, 88),
(5248, '2026-06-17 09:56:15', 95.47, 10, 88),
(5249, '2026-06-17 09:54:15', 105.47, 10, 88),
(5250, '2026-06-17 09:52:15', 115.47, 10, 88),
(5251, '2026-06-17 09:50:15', 95.47, 11, 88),
(5252, '2026-06-17 09:48:15', 105.47, 11, 88),
(5253, '2026-06-17 09:46:15', 115.47, 11, 88),
(5254, '2026-06-17 09:44:15', 95.47, 12, 88),
(5255, '2026-06-17 09:42:15', 105.47, 12, 88),
(5256, '2026-06-17 09:40:15', 115.47, 12, 88),
(5257, '2026-06-17 09:38:15', 95.47, 13, 88),
(5258, '2026-06-17 09:36:15', 105.47, 13, 88),
(5259, '2026-06-17 09:34:15', 115.47, 13, 88),
(5260, '2026-06-17 09:32:15', 95.47, 14, 88),
(5261, '2026-06-17 09:30:15', 105.47, 14, 88),
(5262, '2026-06-17 09:28:15', 115.47, 14, 88),
(5263, '2026-06-17 09:26:15', 95.47, 15, 88),
(5264, '2026-06-17 09:24:15', 105.47, 15, 88),
(5265, '2026-06-17 09:22:15', 115.47, 15, 88),
(5266, '2026-06-17 09:20:15', 95.47, 16, 88),
(5267, '2026-06-17 09:18:15', 105.47, 16, 88),
(5268, '2026-06-17 09:16:15', 115.47, 16, 88),
(5269, '2026-06-17 09:14:15', 95.47, 17, 88),
(5270, '2026-06-17 09:12:15', 105.47, 17, 88),
(5271, '2026-06-17 09:10:15', 115.47, 17, 88),
(5272, '2026-06-17 09:08:15', 95.47, 18, 88),
(5273, '2026-06-17 09:06:15', 105.47, 18, 88),
(5274, '2026-06-17 09:04:15', 115.47, 18, 88),
(5275, '2026-06-17 09:02:15', 95.47, 19, 88),
(5276, '2026-06-17 09:00:15', 105.47, 19, 88),
(5277, '2026-06-17 08:58:15', 115.47, 19, 88),
(5278, '2026-06-17 08:56:15', 95.47, 20, 88),
(5279, '2026-06-17 08:54:15', 105.47, 20, 88),
(5280, '2026-06-17 08:52:15', 115.47, 20, 88),
(5281, '2026-06-17 08:50:15', 169.24, 1, 89),
(5282, '2026-06-17 08:48:15', 179.24, 1, 89),
(5283, '2026-06-17 08:46:15', 189.24, 1, 89),
(5284, '2026-06-17 08:44:15', 169.24, 2, 89),
(5285, '2026-06-17 08:42:15', 179.24, 2, 89),
(5286, '2026-06-17 08:40:15', 189.24, 2, 89),
(5287, '2026-06-17 08:38:15', 169.24, 3, 89),
(5288, '2026-06-17 08:36:15', 179.24, 3, 89),
(5289, '2026-06-17 08:34:15', 189.24, 3, 89),
(5290, '2026-06-17 08:32:15', 169.24, 4, 89),
(5291, '2026-06-17 08:30:15', 179.24, 4, 89),
(5292, '2026-06-17 08:28:15', 189.24, 4, 89),
(5293, '2026-06-17 08:26:15', 169.24, 5, 89),
(5294, '2026-06-17 08:24:15', 179.24, 5, 89),
(5295, '2026-06-17 08:22:15', 189.24, 5, 89),
(5296, '2026-06-17 08:20:15', 169.24, 6, 89),
(5297, '2026-06-17 08:18:15', 179.24, 6, 89),
(5298, '2026-06-17 08:16:15', 189.24, 6, 89),
(5299, '2026-06-17 08:14:15', 169.24, 7, 89),
(5300, '2026-06-17 08:12:15', 179.24, 7, 89),
(5301, '2026-06-17 08:10:15', 189.24, 7, 89),
(5302, '2026-06-17 08:08:15', 169.24, 8, 89),
(5303, '2026-06-17 08:06:15', 179.24, 8, 89),
(5304, '2026-06-17 08:04:15', 189.24, 8, 89),
(5305, '2026-06-17 08:02:15', 169.24, 9, 89),
(5306, '2026-06-17 08:00:15', 179.24, 9, 89),
(5307, '2026-06-17 07:58:15', 189.24, 9, 89),
(5308, '2026-06-17 07:56:15', 169.24, 10, 89),
(5309, '2026-06-17 07:54:15', 179.24, 10, 89),
(5310, '2026-06-17 07:52:15', 189.24, 10, 89),
(5311, '2026-06-17 07:50:15', 169.24, 11, 89),
(5312, '2026-06-17 07:48:15', 179.24, 11, 89),
(5313, '2026-06-17 07:46:15', 189.24, 11, 89),
(5314, '2026-06-17 07:44:15', 169.24, 12, 89),
(5315, '2026-06-17 07:42:15', 179.24, 12, 89),
(5316, '2026-06-17 07:40:15', 189.24, 12, 89),
(5317, '2026-06-17 07:38:15', 169.24, 13, 89),
(5318, '2026-06-17 07:36:15', 179.24, 13, 89),
(5319, '2026-06-17 07:34:15', 189.24, 13, 89),
(5320, '2026-06-17 07:32:15', 169.24, 14, 89),
(5321, '2026-06-17 07:30:15', 179.24, 14, 89),
(5322, '2026-06-17 07:28:15', 189.24, 14, 89),
(5323, '2026-06-17 07:26:15', 169.24, 15, 89),
(5324, '2026-06-17 07:24:15', 179.24, 15, 89),
(5325, '2026-06-17 07:22:15', 189.24, 15, 89),
(5326, '2026-06-17 07:20:15', 169.24, 16, 89),
(5327, '2026-06-17 07:18:15', 179.24, 16, 89),
(5328, '2026-06-17 07:16:15', 189.24, 16, 89),
(5329, '2026-06-17 07:14:15', 169.24, 17, 89),
(5330, '2026-06-17 07:12:15', 179.24, 17, 89),
(5331, '2026-06-17 07:10:15', 189.24, 17, 89),
(5332, '2026-06-17 07:08:15', 169.24, 18, 89),
(5333, '2026-06-17 07:06:15', 179.24, 18, 89),
(5334, '2026-06-17 07:04:15', 189.24, 18, 89),
(5335, '2026-06-17 07:02:15', 169.24, 19, 89),
(5336, '2026-06-17 07:00:15', 179.24, 19, 89),
(5337, '2026-06-17 06:58:15', 189.24, 19, 89),
(5338, '2026-06-17 06:56:15', 169.24, 20, 89),
(5339, '2026-06-17 06:54:15', 179.24, 20, 89),
(5340, '2026-06-17 06:52:15', 189.24, 20, 89),
(5341, '2026-06-17 06:50:15', 258.07, 1, 90),
(5342, '2026-06-17 06:48:15', 268.07, 1, 90),
(5343, '2026-06-17 06:46:15', 278.07, 1, 90),
(5344, '2026-06-17 06:44:15', 258.07, 2, 90),
(5345, '2026-06-17 06:42:15', 268.07, 2, 90),
(5346, '2026-06-17 06:40:15', 278.07, 2, 90),
(5347, '2026-06-17 06:38:15', 258.07, 3, 90),
(5348, '2026-06-17 06:36:15', 268.07, 3, 90),
(5349, '2026-06-17 06:34:15', 278.07, 3, 90),
(5350, '2026-06-17 06:32:15', 258.07, 4, 90),
(5351, '2026-06-17 06:30:15', 268.07, 4, 90),
(5352, '2026-06-17 06:28:15', 278.07, 4, 90),
(5353, '2026-06-17 06:26:15', 258.07, 5, 90),
(5354, '2026-06-17 06:24:15', 268.07, 5, 90),
(5355, '2026-06-17 06:22:15', 278.07, 5, 90),
(5356, '2026-06-17 06:20:15', 258.07, 6, 90),
(5357, '2026-06-17 06:18:15', 268.07, 6, 90),
(5358, '2026-06-17 06:16:15', 278.07, 6, 90),
(5359, '2026-06-17 06:14:15', 258.07, 7, 90),
(5360, '2026-06-17 06:12:15', 268.07, 7, 90),
(5361, '2026-06-17 06:10:15', 278.07, 7, 90),
(5362, '2026-06-17 06:08:15', 258.07, 8, 90),
(5363, '2026-06-17 06:06:15', 268.07, 8, 90),
(5364, '2026-06-17 06:04:15', 278.07, 8, 90),
(5365, '2026-06-17 06:02:15', 258.07, 9, 90),
(5366, '2026-06-17 06:00:15', 268.07, 9, 90),
(5367, '2026-06-17 05:58:15', 278.07, 9, 90),
(5368, '2026-06-17 05:56:15', 258.07, 10, 90),
(5369, '2026-06-17 05:54:15', 268.07, 10, 90),
(5370, '2026-06-17 05:52:15', 278.07, 10, 90),
(5371, '2026-06-17 05:50:15', 258.07, 11, 90),
(5372, '2026-06-17 05:48:15', 268.07, 11, 90),
(5373, '2026-06-17 05:46:15', 278.07, 11, 90),
(5374, '2026-06-17 05:44:15', 258.07, 12, 90),
(5375, '2026-06-17 05:42:15', 268.07, 12, 90),
(5376, '2026-06-17 05:40:15', 278.07, 12, 90),
(5377, '2026-06-17 05:38:15', 258.07, 13, 90),
(5378, '2026-06-17 05:36:15', 268.07, 13, 90),
(5379, '2026-06-17 05:34:15', 278.07, 13, 90),
(5380, '2026-06-17 05:32:15', 258.07, 14, 90),
(5381, '2026-06-17 05:30:15', 268.07, 14, 90),
(5382, '2026-06-17 05:28:15', 278.07, 14, 90),
(5383, '2026-06-17 05:26:15', 258.07, 15, 90),
(5384, '2026-06-17 05:24:15', 268.07, 15, 90),
(5385, '2026-06-17 05:22:15', 278.07, 15, 90),
(5386, '2026-06-17 05:20:15', 258.07, 16, 90),
(5387, '2026-06-17 05:18:15', 268.07, 16, 90),
(5388, '2026-06-17 05:16:15', 278.07, 16, 90),
(5389, '2026-06-17 05:14:15', 258.07, 17, 90),
(5390, '2026-06-17 05:12:15', 268.07, 17, 90),
(5391, '2026-06-17 05:10:15', 278.07, 17, 90),
(5392, '2026-06-17 05:08:15', 258.07, 18, 90),
(5393, '2026-06-17 05:06:15', 268.07, 18, 90),
(5394, '2026-06-17 05:04:15', 278.07, 18, 90),
(5395, '2026-06-17 05:02:15', 258.07, 19, 90),
(5396, '2026-06-17 05:00:15', 268.07, 19, 90),
(5397, '2026-06-17 04:58:15', 278.07, 19, 90),
(5398, '2026-06-17 04:56:15', 258.07, 20, 90),
(5399, '2026-06-17 04:54:15', 268.07, 20, 90),
(5400, '2026-06-17 04:52:15', 278.07, 20, 90),
(5401, '2026-06-17 04:50:15', 193.09, 1, 91),
(5402, '2026-06-17 04:48:15', 203.09, 1, 91),
(5403, '2026-06-17 04:46:15', 213.09, 1, 91),
(5404, '2026-06-17 04:44:15', 193.09, 2, 91),
(5405, '2026-06-17 04:42:15', 203.09, 2, 91),
(5406, '2026-06-17 04:40:15', 213.09, 2, 91),
(5407, '2026-06-17 04:38:15', 193.09, 3, 91),
(5408, '2026-06-17 04:36:15', 203.09, 3, 91),
(5409, '2026-06-17 04:34:15', 213.09, 3, 91),
(5410, '2026-06-17 04:32:15', 193.09, 4, 91),
(5411, '2026-06-17 04:30:15', 203.09, 4, 91),
(5412, '2026-06-17 04:28:15', 213.09, 4, 91),
(5413, '2026-06-17 04:26:15', 193.09, 5, 91),
(5414, '2026-06-17 04:24:15', 203.09, 5, 91),
(5415, '2026-06-17 04:22:15', 213.09, 5, 91),
(5416, '2026-06-17 04:20:15', 193.09, 6, 91),
(5417, '2026-06-17 04:18:15', 203.09, 6, 91),
(5418, '2026-06-17 04:16:15', 213.09, 6, 91),
(5419, '2026-06-17 04:14:15', 193.09, 7, 91),
(5420, '2026-06-17 04:12:15', 203.09, 7, 91),
(5421, '2026-06-17 04:10:15', 213.09, 7, 91),
(5422, '2026-06-17 04:08:15', 193.09, 8, 91),
(5423, '2026-06-17 04:06:15', 203.09, 8, 91),
(5424, '2026-06-17 04:04:15', 213.09, 8, 91),
(5425, '2026-06-17 04:02:15', 193.09, 9, 91),
(5426, '2026-06-17 04:00:15', 203.09, 9, 91),
(5427, '2026-06-17 03:58:15', 213.09, 9, 91),
(5428, '2026-06-17 03:56:15', 193.09, 10, 91),
(5429, '2026-06-17 03:54:15', 203.09, 10, 91),
(5430, '2026-06-17 03:52:15', 213.09, 10, 91),
(5431, '2026-06-17 03:50:15', 193.09, 11, 91),
(5432, '2026-06-17 03:48:15', 203.09, 11, 91),
(5433, '2026-06-17 03:46:15', 213.09, 11, 91),
(5434, '2026-06-17 03:44:15', 193.09, 12, 91),
(5435, '2026-06-17 03:42:15', 203.09, 12, 91),
(5436, '2026-06-17 03:40:15', 213.09, 12, 91),
(5437, '2026-06-17 03:38:15', 193.09, 13, 91),
(5438, '2026-06-17 03:36:15', 203.09, 13, 91),
(5439, '2026-06-17 03:34:15', 213.09, 13, 91),
(5440, '2026-06-17 03:32:15', 193.09, 14, 91),
(5441, '2026-06-17 03:30:15', 203.09, 14, 91),
(5442, '2026-06-17 03:28:15', 213.09, 14, 91),
(5443, '2026-06-17 03:26:15', 193.09, 15, 91),
(5444, '2026-06-17 03:24:15', 203.09, 15, 91),
(5445, '2026-06-17 03:22:15', 213.09, 15, 91),
(5446, '2026-06-17 03:20:15', 193.09, 16, 91),
(5447, '2026-06-17 03:18:15', 203.09, 16, 91),
(5448, '2026-06-17 03:16:15', 213.09, 16, 91),
(5449, '2026-06-17 03:14:15', 193.09, 17, 91),
(5450, '2026-06-17 03:12:15', 203.09, 17, 91),
(5451, '2026-06-17 03:10:15', 213.09, 17, 91),
(5452, '2026-06-17 03:08:15', 193.09, 18, 91),
(5453, '2026-06-17 03:06:15', 203.09, 18, 91),
(5454, '2026-06-17 03:04:15', 213.09, 18, 91),
(5455, '2026-06-17 03:02:15', 193.09, 19, 91),
(5456, '2026-06-17 03:00:15', 203.09, 19, 91),
(5457, '2026-06-17 02:58:15', 213.09, 19, 91),
(5458, '2026-06-17 02:56:15', 193.09, 20, 91),
(5459, '2026-06-17 02:54:15', 203.09, 20, 91),
(5460, '2026-06-17 02:52:15', 213.09, 20, 91),
(5461, '2026-06-17 02:50:15', 160.17, 1, 92),
(5462, '2026-06-17 02:48:15', 170.17, 1, 92),
(5463, '2026-06-17 02:46:15', 180.17, 1, 92),
(5464, '2026-06-17 02:44:15', 160.17, 2, 92),
(5465, '2026-06-17 02:42:15', 170.17, 2, 92),
(5466, '2026-06-17 02:40:15', 180.17, 2, 92),
(5467, '2026-06-17 02:38:15', 160.17, 3, 92),
(5468, '2026-06-17 02:36:15', 170.17, 3, 92),
(5469, '2026-06-17 02:34:15', 180.17, 3, 92),
(5470, '2026-06-17 02:32:15', 160.17, 4, 92),
(5471, '2026-06-17 02:30:15', 170.17, 4, 92),
(5472, '2026-06-17 02:28:15', 180.17, 4, 92),
(5473, '2026-06-17 02:26:15', 160.17, 5, 92),
(5474, '2026-06-17 02:24:15', 170.17, 5, 92),
(5475, '2026-06-17 02:22:15', 180.17, 5, 92),
(5476, '2026-06-17 02:20:15', 160.17, 6, 92),
(5477, '2026-06-17 02:18:15', 170.17, 6, 92),
(5478, '2026-06-17 02:16:15', 180.17, 6, 92),
(5479, '2026-06-17 02:14:15', 160.17, 7, 92),
(5480, '2026-06-17 02:12:15', 170.17, 7, 92),
(5481, '2026-06-17 02:10:15', 180.17, 7, 92),
(5482, '2026-06-17 02:08:15', 160.17, 8, 92),
(5483, '2026-06-17 02:06:15', 170.17, 8, 92),
(5484, '2026-06-17 02:04:15', 180.17, 8, 92),
(5485, '2026-06-17 02:02:15', 160.17, 9, 92),
(5486, '2026-06-17 02:00:15', 170.17, 9, 92),
(5487, '2026-06-17 01:58:15', 180.17, 9, 92),
(5488, '2026-06-17 01:56:15', 160.17, 10, 92),
(5489, '2026-06-17 01:54:15', 170.17, 10, 92),
(5490, '2026-06-17 01:52:15', 180.17, 10, 92),
(5491, '2026-06-17 01:50:15', 160.17, 11, 92),
(5492, '2026-06-17 01:48:15', 170.17, 11, 92),
(5493, '2026-06-17 01:46:15', 180.17, 11, 92),
(5494, '2026-06-17 01:44:15', 160.17, 12, 92),
(5495, '2026-06-17 01:42:15', 170.17, 12, 92),
(5496, '2026-06-17 01:40:15', 180.17, 12, 92),
(5497, '2026-06-17 01:38:15', 160.17, 13, 92),
(5498, '2026-06-17 01:36:15', 170.17, 13, 92),
(5499, '2026-06-17 01:34:15', 180.17, 13, 92),
(5500, '2026-06-17 01:32:15', 160.17, 14, 92),
(5501, '2026-06-17 01:30:15', 170.17, 14, 92),
(5502, '2026-06-17 01:28:15', 180.17, 14, 92),
(5503, '2026-06-17 01:26:15', 160.17, 15, 92),
(5504, '2026-06-17 01:24:15', 170.17, 15, 92),
(5505, '2026-06-17 01:22:15', 180.17, 15, 92),
(5506, '2026-06-17 01:20:15', 160.17, 16, 92),
(5507, '2026-06-17 01:18:15', 170.17, 16, 92),
(5508, '2026-06-17 01:16:15', 180.17, 16, 92),
(5509, '2026-06-17 01:14:15', 160.17, 17, 92),
(5510, '2026-06-17 01:12:15', 170.17, 17, 92),
(5511, '2026-06-17 01:10:15', 180.17, 17, 92),
(5512, '2026-06-17 01:08:15', 160.17, 18, 92),
(5513, '2026-06-17 01:06:15', 170.17, 18, 92),
(5514, '2026-06-17 01:04:15', 180.17, 18, 92),
(5515, '2026-06-17 01:02:15', 160.17, 19, 92),
(5516, '2026-06-17 01:00:15', 170.17, 19, 92),
(5517, '2026-06-17 00:58:15', 180.17, 19, 92),
(5518, '2026-06-17 00:56:15', 160.17, 20, 92),
(5519, '2026-06-17 00:54:15', 170.17, 20, 92),
(5520, '2026-06-17 00:52:15', 180.17, 20, 92),
(5521, '2026-06-17 00:50:15', 134.34, 1, 93),
(5522, '2026-06-17 00:48:15', 144.34, 1, 93),
(5523, '2026-06-17 00:46:15', 154.34, 1, 93),
(5524, '2026-06-17 00:44:15', 134.34, 2, 93),
(5525, '2026-06-17 00:42:15', 144.34, 2, 93),
(5526, '2026-06-17 00:40:15', 154.34, 2, 93),
(5527, '2026-06-17 00:38:15', 134.34, 3, 93),
(5528, '2026-06-17 00:36:15', 144.34, 3, 93),
(5529, '2026-06-17 00:34:15', 154.34, 3, 93),
(5530, '2026-06-17 00:32:15', 134.34, 4, 93),
(5531, '2026-06-17 00:30:15', 144.34, 4, 93),
(5532, '2026-06-17 00:28:15', 154.34, 4, 93),
(5533, '2026-06-17 00:26:15', 134.34, 5, 93),
(5534, '2026-06-17 00:24:15', 144.34, 5, 93),
(5535, '2026-06-17 00:22:15', 154.34, 5, 93),
(5536, '2026-06-17 00:20:15', 134.34, 6, 93),
(5537, '2026-06-17 00:18:15', 144.34, 6, 93),
(5538, '2026-06-17 00:16:15', 154.34, 6, 93),
(5539, '2026-06-17 00:14:15', 134.34, 7, 93),
(5540, '2026-06-17 00:12:15', 144.34, 7, 93),
(5541, '2026-06-17 00:10:15', 154.34, 7, 93),
(5542, '2026-06-17 00:08:15', 134.34, 8, 93),
(5543, '2026-06-17 00:06:15', 144.34, 8, 93),
(5544, '2026-06-17 00:04:15', 154.34, 8, 93),
(5545, '2026-06-17 00:02:15', 134.34, 9, 93),
(5546, '2026-06-17 00:00:15', 144.34, 9, 93),
(5547, '2026-06-16 23:58:15', 154.34, 9, 93),
(5548, '2026-06-16 23:56:15', 134.34, 10, 93),
(5549, '2026-06-16 23:54:15', 144.34, 10, 93),
(5550, '2026-06-16 23:52:15', 154.34, 10, 93),
(5551, '2026-06-16 23:50:15', 134.34, 11, 93),
(5552, '2026-06-16 23:48:15', 144.34, 11, 93),
(5553, '2026-06-16 23:46:15', 154.34, 11, 93),
(5554, '2026-06-16 23:44:15', 134.34, 12, 93),
(5555, '2026-06-16 23:42:15', 144.34, 12, 93),
(5556, '2026-06-16 23:40:15', 154.34, 12, 93),
(5557, '2026-06-16 23:38:15', 134.34, 13, 93),
(5558, '2026-06-16 23:36:15', 144.34, 13, 93),
(5559, '2026-06-16 23:34:15', 154.34, 13, 93),
(5560, '2026-06-16 23:32:15', 134.34, 14, 93),
(5561, '2026-06-16 23:30:15', 144.34, 14, 93),
(5562, '2026-06-16 23:28:15', 154.34, 14, 93),
(5563, '2026-06-16 23:26:15', 134.34, 15, 93),
(5564, '2026-06-16 23:24:15', 144.34, 15, 93),
(5565, '2026-06-16 23:22:15', 154.34, 15, 93),
(5566, '2026-06-16 23:20:15', 134.34, 16, 93),
(5567, '2026-06-16 23:18:15', 144.34, 16, 93),
(5568, '2026-06-16 23:16:15', 154.34, 16, 93),
(5569, '2026-06-16 23:14:15', 134.34, 17, 93),
(5570, '2026-06-16 23:12:15', 144.34, 17, 93),
(5571, '2026-06-16 23:10:15', 154.34, 17, 93),
(5572, '2026-06-16 23:08:15', 134.34, 18, 93),
(5573, '2026-06-16 23:06:15', 144.34, 18, 93),
(5574, '2026-06-16 23:04:15', 154.34, 18, 93),
(5575, '2026-06-16 23:02:15', 134.34, 19, 93),
(5576, '2026-06-16 23:00:15', 144.34, 19, 93),
(5577, '2026-06-16 22:58:15', 154.34, 19, 93),
(5578, '2026-06-16 22:56:15', 134.34, 20, 93),
(5579, '2026-06-16 22:54:15', 144.34, 20, 93),
(5580, '2026-06-16 22:52:15', 154.34, 20, 93),
(5581, '2026-06-16 22:50:15', 286.81, 1, 94),
(5582, '2026-06-16 22:48:15', 296.81, 1, 94),
(5583, '2026-06-16 22:46:15', 306.81, 1, 94),
(5584, '2026-06-16 22:44:15', 286.81, 2, 94),
(5585, '2026-06-16 22:42:15', 296.81, 2, 94),
(5586, '2026-06-16 22:40:15', 306.81, 2, 94),
(5587, '2026-06-16 22:38:15', 286.81, 3, 94),
(5588, '2026-06-16 22:36:15', 296.81, 3, 94),
(5589, '2026-06-16 22:34:15', 306.81, 3, 94),
(5590, '2026-06-16 22:32:15', 286.81, 4, 94),
(5591, '2026-06-16 22:30:15', 296.81, 4, 94),
(5592, '2026-06-16 22:28:15', 306.81, 4, 94),
(5593, '2026-06-16 22:26:15', 286.81, 5, 94),
(5594, '2026-06-16 22:24:15', 296.81, 5, 94),
(5595, '2026-06-16 22:22:15', 306.81, 5, 94),
(5596, '2026-06-16 22:20:15', 286.81, 6, 94),
(5597, '2026-06-16 22:18:15', 296.81, 6, 94),
(5598, '2026-06-16 22:16:15', 306.81, 6, 94),
(5599, '2026-06-16 22:14:15', 286.81, 7, 94),
(5600, '2026-06-16 22:12:15', 296.81, 7, 94),
(5601, '2026-06-16 22:10:15', 306.81, 7, 94),
(5602, '2026-06-16 22:08:15', 286.81, 8, 94),
(5603, '2026-06-16 22:06:15', 296.81, 8, 94),
(5604, '2026-06-16 22:04:15', 306.81, 8, 94),
(5605, '2026-06-16 22:02:15', 286.81, 9, 94),
(5606, '2026-06-16 22:00:15', 296.81, 9, 94),
(5607, '2026-06-16 21:58:15', 306.81, 9, 94),
(5608, '2026-06-16 21:56:15', 286.81, 10, 94),
(5609, '2026-06-16 21:54:15', 296.81, 10, 94),
(5610, '2026-06-16 21:52:15', 306.81, 10, 94),
(5611, '2026-06-16 21:50:15', 286.81, 11, 94),
(5612, '2026-06-16 21:48:15', 296.81, 11, 94),
(5613, '2026-06-16 21:46:15', 306.81, 11, 94),
(5614, '2026-06-16 21:44:15', 286.81, 12, 94),
(5615, '2026-06-16 21:42:15', 296.81, 12, 94),
(5616, '2026-06-16 21:40:15', 306.81, 12, 94),
(5617, '2026-06-16 21:38:15', 286.81, 13, 94),
(5618, '2026-06-16 21:36:15', 296.81, 13, 94),
(5619, '2026-06-16 21:34:15', 306.81, 13, 94),
(5620, '2026-06-16 21:32:15', 286.81, 14, 94),
(5621, '2026-06-16 21:30:15', 296.81, 14, 94),
(5622, '2026-06-16 21:28:15', 306.81, 14, 94),
(5623, '2026-06-16 21:26:15', 286.81, 15, 94),
(5624, '2026-06-16 21:24:15', 296.81, 15, 94),
(5625, '2026-06-16 21:22:15', 306.81, 15, 94),
(5626, '2026-06-16 21:20:15', 286.81, 16, 94),
(5627, '2026-06-16 21:18:15', 296.81, 16, 94),
(5628, '2026-06-16 21:16:15', 306.81, 16, 94),
(5629, '2026-06-16 21:14:15', 286.81, 17, 94),
(5630, '2026-06-16 21:12:15', 296.81, 17, 94),
(5631, '2026-06-16 21:10:15', 306.81, 17, 94),
(5632, '2026-06-16 21:08:15', 286.81, 18, 94),
(5633, '2026-06-16 21:06:15', 296.81, 18, 94),
(5634, '2026-06-16 21:04:15', 306.81, 18, 94),
(5635, '2026-06-16 21:02:15', 286.81, 19, 94),
(5636, '2026-06-16 21:00:15', 296.81, 19, 94),
(5637, '2026-06-16 20:58:15', 306.81, 19, 94),
(5638, '2026-06-16 20:56:15', 286.81, 20, 94),
(5639, '2026-06-16 20:54:15', 296.81, 20, 94),
(5640, '2026-06-16 20:52:15', 306.81, 20, 94),
(5641, '2026-06-16 20:50:15', 206.68, 1, 95),
(5642, '2026-06-16 20:48:15', 216.68, 1, 95),
(5643, '2026-06-16 20:46:15', 226.68, 1, 95),
(5644, '2026-06-16 20:44:15', 206.68, 2, 95),
(5645, '2026-06-16 20:42:15', 216.68, 2, 95),
(5646, '2026-06-16 20:40:15', 226.68, 2, 95),
(5647, '2026-06-16 20:38:15', 206.68, 3, 95),
(5648, '2026-06-16 20:36:15', 216.68, 3, 95),
(5649, '2026-06-16 20:34:15', 226.68, 3, 95),
(5650, '2026-06-16 20:32:15', 206.68, 4, 95),
(5651, '2026-06-16 20:30:15', 216.68, 4, 95),
(5652, '2026-06-16 20:28:15', 226.68, 4, 95),
(5653, '2026-06-16 20:26:15', 206.68, 5, 95),
(5654, '2026-06-16 20:24:15', 216.68, 5, 95),
(5655, '2026-06-16 20:22:15', 226.68, 5, 95),
(5656, '2026-06-16 20:20:15', 206.68, 6, 95),
(5657, '2026-06-16 20:18:15', 216.68, 6, 95),
(5658, '2026-06-16 20:16:15', 226.68, 6, 95),
(5659, '2026-06-16 20:14:15', 206.68, 7, 95),
(5660, '2026-06-16 20:12:15', 216.68, 7, 95),
(5661, '2026-06-16 20:10:15', 226.68, 7, 95),
(5662, '2026-06-16 20:08:15', 206.68, 8, 95),
(5663, '2026-06-16 20:06:15', 216.68, 8, 95),
(5664, '2026-06-16 20:04:15', 226.68, 8, 95),
(5665, '2026-06-16 20:02:15', 206.68, 9, 95),
(5666, '2026-06-16 20:00:15', 216.68, 9, 95),
(5667, '2026-06-16 19:58:15', 226.68, 9, 95),
(5668, '2026-06-16 19:56:15', 206.68, 10, 95),
(5669, '2026-06-16 19:54:15', 216.68, 10, 95),
(5670, '2026-06-16 19:52:15', 226.68, 10, 95),
(5671, '2026-06-16 19:50:15', 206.68, 11, 95),
(5672, '2026-06-16 19:48:15', 216.68, 11, 95),
(5673, '2026-06-16 19:46:15', 226.68, 11, 95),
(5674, '2026-06-16 19:44:15', 206.68, 12, 95),
(5675, '2026-06-16 19:42:15', 216.68, 12, 95),
(5676, '2026-06-16 19:40:15', 226.68, 12, 95),
(5677, '2026-06-16 19:38:15', 206.68, 13, 95),
(5678, '2026-06-16 19:36:15', 216.68, 13, 95),
(5679, '2026-06-16 19:34:15', 226.68, 13, 95),
(5680, '2026-06-16 19:32:15', 206.68, 14, 95),
(5681, '2026-06-16 19:30:15', 216.68, 14, 95),
(5682, '2026-06-16 19:28:15', 226.68, 14, 95),
(5683, '2026-06-16 19:26:15', 206.68, 15, 95),
(5684, '2026-06-16 19:24:15', 216.68, 15, 95),
(5685, '2026-06-16 19:22:15', 226.68, 15, 95),
(5686, '2026-06-16 19:20:15', 206.68, 16, 95),
(5687, '2026-06-16 19:18:15', 216.68, 16, 95),
(5688, '2026-06-16 19:16:15', 226.68, 16, 95),
(5689, '2026-06-16 19:14:15', 206.68, 17, 95),
(5690, '2026-06-16 19:12:15', 216.68, 17, 95),
(5691, '2026-06-16 19:10:15', 226.68, 17, 95),
(5692, '2026-06-16 19:08:15', 206.68, 18, 95),
(5693, '2026-06-16 19:06:15', 216.68, 18, 95),
(5694, '2026-06-16 19:04:15', 226.68, 18, 95),
(5695, '2026-06-16 19:02:15', 206.68, 19, 95),
(5696, '2026-06-16 19:00:15', 216.68, 19, 95),
(5697, '2026-06-16 18:58:15', 226.68, 19, 95),
(5698, '2026-06-16 18:56:15', 206.68, 20, 95),
(5699, '2026-06-16 18:54:15', 216.68, 20, 95),
(5700, '2026-06-16 18:52:15', 226.68, 20, 95),
(5701, '2026-06-16 18:50:15', 243.78, 1, 96),
(5702, '2026-06-16 18:48:15', 253.78, 1, 96),
(5703, '2026-06-16 18:46:15', 263.78, 1, 96),
(5704, '2026-06-16 18:44:15', 243.78, 2, 96),
(5705, '2026-06-16 18:42:15', 253.78, 2, 96),
(5706, '2026-06-16 18:40:15', 263.78, 2, 96),
(5707, '2026-06-16 18:38:15', 243.78, 3, 96),
(5708, '2026-06-16 18:36:15', 253.78, 3, 96),
(5709, '2026-06-16 18:34:15', 263.78, 3, 96),
(5710, '2026-06-16 18:32:15', 243.78, 4, 96),
(5711, '2026-06-16 18:30:15', 253.78, 4, 96),
(5712, '2026-06-16 18:28:15', 263.78, 4, 96),
(5713, '2026-06-16 18:26:15', 243.78, 5, 96),
(5714, '2026-06-16 18:24:15', 253.78, 5, 96),
(5715, '2026-06-16 18:22:15', 263.78, 5, 96),
(5716, '2026-06-16 18:20:15', 243.78, 6, 96),
(5717, '2026-06-16 18:18:15', 253.78, 6, 96),
(5718, '2026-06-16 18:16:15', 263.78, 6, 96),
(5719, '2026-06-16 18:14:15', 243.78, 7, 96),
(5720, '2026-06-16 18:12:15', 253.78, 7, 96),
(5721, '2026-06-16 18:10:15', 263.78, 7, 96),
(5722, '2026-06-16 18:08:15', 243.78, 8, 96),
(5723, '2026-06-16 18:06:15', 253.78, 8, 96),
(5724, '2026-06-16 18:04:15', 263.78, 8, 96),
(5725, '2026-06-16 18:02:15', 243.78, 9, 96),
(5726, '2026-06-16 18:00:15', 253.78, 9, 96),
(5727, '2026-06-16 17:58:15', 263.78, 9, 96),
(5728, '2026-06-16 17:56:15', 243.78, 10, 96),
(5729, '2026-06-16 17:54:15', 253.78, 10, 96),
(5730, '2026-06-16 17:52:15', 263.78, 10, 96),
(5731, '2026-06-16 17:50:15', 243.78, 11, 96),
(5732, '2026-06-16 17:48:15', 253.78, 11, 96),
(5733, '2026-06-16 17:46:15', 263.78, 11, 96),
(5734, '2026-06-16 17:44:15', 243.78, 12, 96),
(5735, '2026-06-16 17:42:15', 253.78, 12, 96),
(5736, '2026-06-16 17:40:15', 263.78, 12, 96),
(5737, '2026-06-16 17:38:15', 243.78, 13, 96),
(5738, '2026-06-16 17:36:15', 253.78, 13, 96),
(5739, '2026-06-16 17:34:15', 263.78, 13, 96),
(5740, '2026-06-16 17:32:15', 243.78, 14, 96),
(5741, '2026-06-16 17:30:15', 253.78, 14, 96),
(5742, '2026-06-16 17:28:15', 263.78, 14, 96),
(5743, '2026-06-16 17:26:15', 243.78, 15, 96),
(5744, '2026-06-16 17:24:15', 253.78, 15, 96),
(5745, '2026-06-16 17:22:15', 263.78, 15, 96),
(5746, '2026-06-16 17:20:15', 243.78, 16, 96),
(5747, '2026-06-16 17:18:15', 253.78, 16, 96),
(5748, '2026-06-16 17:16:15', 263.78, 16, 96),
(5749, '2026-06-16 17:14:15', 243.78, 17, 96),
(5750, '2026-06-16 17:12:15', 253.78, 17, 96),
(5751, '2026-06-16 17:10:15', 263.78, 17, 96),
(5752, '2026-06-16 17:08:15', 243.78, 18, 96),
(5753, '2026-06-16 17:06:15', 253.78, 18, 96),
(5754, '2026-06-16 17:04:15', 263.78, 18, 96),
(5755, '2026-06-16 17:02:15', 243.78, 19, 96),
(5756, '2026-06-16 17:00:15', 253.78, 19, 96),
(5757, '2026-06-16 16:58:15', 263.78, 19, 96),
(5758, '2026-06-16 16:56:15', 243.78, 20, 96),
(5759, '2026-06-16 16:54:15', 253.78, 20, 96),
(5760, '2026-06-16 16:52:15', 263.78, 20, 96),
(5761, '2026-06-16 16:50:15', 64.85, 1, 97),
(5762, '2026-06-16 16:48:15', 74.85, 1, 97),
(5763, '2026-06-16 16:46:15', 84.85, 1, 97),
(5764, '2026-06-16 16:44:15', 64.85, 2, 97),
(5765, '2026-06-16 16:42:15', 74.85, 2, 97),
(5766, '2026-06-16 16:40:15', 84.85, 2, 97),
(5767, '2026-06-16 16:38:15', 64.85, 3, 97),
(5768, '2026-06-16 16:36:15', 74.85, 3, 97),
(5769, '2026-06-16 16:34:15', 84.85, 3, 97),
(5770, '2026-06-16 16:32:15', 64.85, 4, 97),
(5771, '2026-06-16 16:30:15', 74.85, 4, 97),
(5772, '2026-06-16 16:28:15', 84.85, 4, 97),
(5773, '2026-06-16 16:26:15', 64.85, 5, 97),
(5774, '2026-06-16 16:24:15', 74.85, 5, 97),
(5775, '2026-06-16 16:22:15', 84.85, 5, 97),
(5776, '2026-06-16 16:20:15', 64.85, 6, 97),
(5777, '2026-06-16 16:18:15', 74.85, 6, 97),
(5778, '2026-06-16 16:16:15', 84.85, 6, 97),
(5779, '2026-06-16 16:14:15', 64.85, 7, 97),
(5780, '2026-06-16 16:12:15', 74.85, 7, 97),
(5781, '2026-06-16 16:10:15', 84.85, 7, 97),
(5782, '2026-06-16 16:08:15', 64.85, 8, 97),
(5783, '2026-06-16 16:06:15', 74.85, 8, 97),
(5784, '2026-06-16 16:04:15', 84.85, 8, 97),
(5785, '2026-06-16 16:02:15', 64.85, 9, 97),
(5786, '2026-06-16 16:00:15', 74.85, 9, 97),
(5787, '2026-06-16 15:58:15', 84.85, 9, 97),
(5788, '2026-06-16 15:56:15', 64.85, 10, 97),
(5789, '2026-06-16 15:54:15', 74.85, 10, 97),
(5790, '2026-06-16 15:52:15', 84.85, 10, 97),
(5791, '2026-06-16 15:50:15', 64.85, 11, 97),
(5792, '2026-06-16 15:48:15', 74.85, 11, 97),
(5793, '2026-06-16 15:46:15', 84.85, 11, 97),
(5794, '2026-06-16 15:44:15', 64.85, 12, 97),
(5795, '2026-06-16 15:42:15', 74.85, 12, 97),
(5796, '2026-06-16 15:40:15', 84.85, 12, 97),
(5797, '2026-06-16 15:38:15', 64.85, 13, 97),
(5798, '2026-06-16 15:36:15', 74.85, 13, 97),
(5799, '2026-06-16 15:34:15', 84.85, 13, 97),
(5800, '2026-06-16 15:32:15', 64.85, 14, 97),
(5801, '2026-06-16 15:30:15', 74.85, 14, 97),
(5802, '2026-06-16 15:28:15', 84.85, 14, 97),
(5803, '2026-06-16 15:26:15', 64.85, 15, 97),
(5804, '2026-06-16 15:24:15', 74.85, 15, 97),
(5805, '2026-06-16 15:22:15', 84.85, 15, 97),
(5806, '2026-06-16 15:20:15', 64.85, 16, 97),
(5807, '2026-06-16 15:18:15', 74.85, 16, 97),
(5808, '2026-06-16 15:16:15', 84.85, 16, 97),
(5809, '2026-06-16 15:14:15', 64.85, 17, 97),
(5810, '2026-06-16 15:12:15', 74.85, 17, 97),
(5811, '2026-06-16 15:10:15', 84.85, 17, 97),
(5812, '2026-06-16 15:08:15', 64.85, 18, 97),
(5813, '2026-06-16 15:06:15', 74.85, 18, 97),
(5814, '2026-06-16 15:04:15', 84.85, 18, 97),
(5815, '2026-06-16 15:02:15', 64.85, 19, 97),
(5816, '2026-06-16 15:00:15', 74.85, 19, 97),
(5817, '2026-06-16 14:58:15', 84.85, 19, 97),
(5818, '2026-06-16 14:56:15', 64.85, 20, 97),
(5819, '2026-06-16 14:54:15', 74.85, 20, 97),
(5820, '2026-06-16 14:52:15', 84.85, 20, 97),
(5821, '2026-06-16 14:50:15', 280.42, 1, 98),
(5822, '2026-06-16 14:48:15', 290.42, 1, 98),
(5823, '2026-06-16 14:46:15', 300.42, 1, 98),
(5824, '2026-06-16 14:44:15', 280.42, 2, 98),
(5825, '2026-06-16 14:42:15', 290.42, 2, 98),
(5826, '2026-06-16 14:40:15', 300.42, 2, 98),
(5827, '2026-06-16 14:38:15', 280.42, 3, 98),
(5828, '2026-06-16 14:36:15', 290.42, 3, 98),
(5829, '2026-06-16 14:34:15', 300.42, 3, 98),
(5830, '2026-06-16 14:32:15', 280.42, 4, 98),
(5831, '2026-06-16 14:30:15', 290.42, 4, 98),
(5832, '2026-06-16 14:28:15', 300.42, 4, 98),
(5833, '2026-06-16 14:26:15', 280.42, 5, 98),
(5834, '2026-06-16 14:24:15', 290.42, 5, 98),
(5835, '2026-06-16 14:22:15', 300.42, 5, 98),
(5836, '2026-06-16 14:20:15', 280.42, 6, 98),
(5837, '2026-06-16 14:18:15', 290.42, 6, 98),
(5838, '2026-06-16 14:16:15', 300.42, 6, 98),
(5839, '2026-06-16 14:14:15', 280.42, 7, 98),
(5840, '2026-06-16 14:12:15', 290.42, 7, 98),
(5841, '2026-06-16 14:10:15', 300.42, 7, 98),
(5842, '2026-06-16 14:08:15', 280.42, 8, 98),
(5843, '2026-06-16 14:06:15', 290.42, 8, 98),
(5844, '2026-06-16 14:04:15', 300.42, 8, 98),
(5845, '2026-06-16 14:02:15', 280.42, 9, 98),
(5846, '2026-06-16 14:00:15', 290.42, 9, 98),
(5847, '2026-06-16 13:58:15', 300.42, 9, 98),
(5848, '2026-06-16 13:56:15', 280.42, 10, 98),
(5849, '2026-06-16 13:54:15', 290.42, 10, 98),
(5850, '2026-06-16 13:52:15', 300.42, 10, 98),
(5851, '2026-06-16 13:50:15', 280.42, 11, 98),
(5852, '2026-06-16 13:48:15', 290.42, 11, 98),
(5853, '2026-06-16 13:46:15', 300.42, 11, 98),
(5854, '2026-06-16 13:44:15', 280.42, 12, 98),
(5855, '2026-06-16 13:42:15', 290.42, 12, 98),
(5856, '2026-06-16 13:40:15', 300.42, 12, 98),
(5857, '2026-06-16 13:38:15', 280.42, 13, 98),
(5858, '2026-06-16 13:36:15', 290.42, 13, 98),
(5859, '2026-06-16 13:34:15', 300.42, 13, 98),
(5860, '2026-06-16 13:32:15', 280.42, 14, 98),
(5861, '2026-06-16 13:30:15', 290.42, 14, 98),
(5862, '2026-06-16 13:28:15', 300.42, 14, 98),
(5863, '2026-06-16 13:26:15', 280.42, 15, 98),
(5864, '2026-06-16 13:24:15', 290.42, 15, 98),
(5865, '2026-06-16 13:22:15', 300.42, 15, 98),
(5866, '2026-06-16 13:20:15', 280.42, 16, 98),
(5867, '2026-06-16 13:18:15', 290.42, 16, 98),
(5868, '2026-06-16 13:16:15', 300.42, 16, 98),
(5869, '2026-06-16 13:14:15', 280.42, 17, 98),
(5870, '2026-06-16 13:12:15', 290.42, 17, 98),
(5871, '2026-06-16 13:10:15', 300.42, 17, 98),
(5872, '2026-06-16 13:08:15', 280.42, 18, 98),
(5873, '2026-06-16 13:06:15', 290.42, 18, 98),
(5874, '2026-06-16 13:04:15', 300.42, 18, 98),
(5875, '2026-06-16 13:02:15', 280.42, 19, 98),
(5876, '2026-06-16 13:00:15', 290.42, 19, 98),
(5877, '2026-06-16 12:58:15', 300.42, 19, 98),
(5878, '2026-06-16 12:56:15', 280.42, 20, 98),
(5879, '2026-06-16 12:54:15', 290.42, 20, 98),
(5880, '2026-06-16 12:52:15', 300.42, 20, 98),
(5881, '2026-06-16 12:50:15', 299.42, 1, 99),
(5882, '2026-06-16 12:48:15', 309.42, 1, 99),
(5883, '2026-06-16 12:46:15', 319.42, 1, 99),
(5884, '2026-06-16 12:44:15', 299.42, 2, 99),
(5885, '2026-06-16 12:42:15', 309.42, 2, 99),
(5886, '2026-06-16 12:40:15', 319.42, 2, 99),
(5887, '2026-06-16 12:38:15', 299.42, 3, 99),
(5888, '2026-06-16 12:36:15', 309.42, 3, 99),
(5889, '2026-06-16 12:34:15', 319.42, 3, 99),
(5890, '2026-06-16 12:32:15', 299.42, 4, 99),
(5891, '2026-06-16 12:30:15', 309.42, 4, 99),
(5892, '2026-06-16 12:28:15', 319.42, 4, 99),
(5893, '2026-06-16 12:26:15', 299.42, 5, 99),
(5894, '2026-06-16 12:24:15', 309.42, 5, 99),
(5895, '2026-06-16 12:22:15', 319.42, 5, 99),
(5896, '2026-06-16 12:20:15', 299.42, 6, 99),
(5897, '2026-06-16 12:18:15', 309.42, 6, 99),
(5898, '2026-06-16 12:16:15', 319.42, 6, 99),
(5899, '2026-06-16 12:14:15', 299.42, 7, 99),
(5900, '2026-06-16 12:12:15', 309.42, 7, 99),
(5901, '2026-06-16 12:10:15', 319.42, 7, 99),
(5902, '2026-06-16 12:08:15', 299.42, 8, 99),
(5903, '2026-06-16 12:06:15', 309.42, 8, 99),
(5904, '2026-06-16 12:04:15', 319.42, 8, 99),
(5905, '2026-06-16 12:02:15', 299.42, 9, 99),
(5906, '2026-06-16 12:00:15', 309.42, 9, 99),
(5907, '2026-06-16 11:58:15', 319.42, 9, 99),
(5908, '2026-06-16 11:56:15', 299.42, 10, 99),
(5909, '2026-06-16 11:54:15', 309.42, 10, 99),
(5910, '2026-06-16 11:52:15', 319.42, 10, 99),
(5911, '2026-06-16 11:50:15', 299.42, 11, 99),
(5912, '2026-06-16 11:48:15', 309.42, 11, 99),
(5913, '2026-06-16 11:46:15', 319.42, 11, 99),
(5914, '2026-06-16 11:44:15', 299.42, 12, 99),
(5915, '2026-06-16 11:42:15', 309.42, 12, 99),
(5916, '2026-06-16 11:40:15', 319.42, 12, 99),
(5917, '2026-06-16 11:38:15', 299.42, 13, 99),
(5918, '2026-06-16 11:36:15', 309.42, 13, 99),
(5919, '2026-06-16 11:34:15', 319.42, 13, 99),
(5920, '2026-06-16 11:32:15', 299.42, 14, 99),
(5921, '2026-06-16 11:30:15', 309.42, 14, 99),
(5922, '2026-06-16 11:28:15', 319.42, 14, 99),
(5923, '2026-06-16 11:26:15', 299.42, 15, 99),
(5924, '2026-06-16 11:24:15', 309.42, 15, 99),
(5925, '2026-06-16 11:22:15', 319.42, 15, 99),
(5926, '2026-06-16 11:20:15', 299.42, 16, 99),
(5927, '2026-06-16 11:18:15', 309.42, 16, 99),
(5928, '2026-06-16 11:16:15', 319.42, 16, 99),
(5929, '2026-06-16 11:14:15', 299.42, 17, 99),
(5930, '2026-06-16 11:12:15', 309.42, 17, 99),
(5931, '2026-06-16 11:10:15', 319.42, 17, 99),
(5932, '2026-06-16 11:08:15', 299.42, 18, 99),
(5933, '2026-06-16 11:06:15', 309.42, 18, 99),
(5934, '2026-06-16 11:04:15', 319.42, 18, 99),
(5935, '2026-06-16 11:02:15', 299.42, 19, 99),
(5936, '2026-06-16 11:00:15', 309.42, 19, 99),
(5937, '2026-06-16 10:58:15', 319.42, 19, 99),
(5938, '2026-06-16 10:56:15', 299.42, 20, 99),
(5939, '2026-06-16 10:54:15', 309.42, 20, 99),
(5940, '2026-06-16 10:52:15', 319.42, 20, 99),
(5941, '2026-06-16 10:50:15', 143.21, 1, 100),
(5942, '2026-06-16 10:48:15', 153.21, 1, 100),
(5943, '2026-06-16 10:46:15', 163.21, 1, 100),
(5944, '2026-06-16 10:44:15', 143.21, 2, 100),
(5945, '2026-06-16 10:42:15', 153.21, 2, 100),
(5946, '2026-06-16 10:40:15', 163.21, 2, 100),
(5947, '2026-06-16 10:38:15', 143.21, 3, 100),
(5948, '2026-06-16 10:36:15', 153.21, 3, 100),
(5949, '2026-06-16 10:34:15', 163.21, 3, 100),
(5950, '2026-06-16 10:32:15', 143.21, 4, 100),
(5951, '2026-06-16 10:30:15', 153.21, 4, 100),
(5952, '2026-06-16 10:28:15', 163.21, 4, 100),
(5953, '2026-06-16 10:26:15', 143.21, 5, 100),
(5954, '2026-06-16 10:24:15', 153.21, 5, 100),
(5955, '2026-06-16 10:22:15', 163.21, 5, 100),
(5956, '2026-06-16 10:20:15', 143.21, 6, 100),
(5957, '2026-06-16 10:18:15', 153.21, 6, 100),
(5958, '2026-06-16 10:16:15', 163.21, 6, 100),
(5959, '2026-06-16 10:14:15', 143.21, 7, 100),
(5960, '2026-06-16 10:12:15', 153.21, 7, 100),
(5961, '2026-06-16 10:10:15', 163.21, 7, 100),
(5962, '2026-06-16 10:08:15', 143.21, 8, 100),
(5963, '2026-06-16 10:06:15', 153.21, 8, 100),
(5964, '2026-06-16 10:04:15', 163.21, 8, 100),
(5965, '2026-06-16 10:02:15', 143.21, 9, 100),
(5966, '2026-06-16 10:00:15', 153.21, 9, 100),
(5967, '2026-06-16 09:58:15', 163.21, 9, 100),
(5968, '2026-06-16 09:56:15', 143.21, 10, 100),
(5969, '2026-06-16 09:54:15', 153.21, 10, 100),
(5970, '2026-06-16 09:52:15', 163.21, 10, 100),
(5971, '2026-06-16 09:50:15', 143.21, 11, 100),
(5972, '2026-06-16 09:48:15', 153.21, 11, 100),
(5973, '2026-06-16 09:46:15', 163.21, 11, 100),
(5974, '2026-06-16 09:44:15', 143.21, 12, 100),
(5975, '2026-06-16 09:42:15', 153.21, 12, 100),
(5976, '2026-06-16 09:40:15', 163.21, 12, 100),
(5977, '2026-06-16 09:38:15', 143.21, 13, 100),
(5978, '2026-06-16 09:36:15', 153.21, 13, 100),
(5979, '2026-06-16 09:34:15', 163.21, 13, 100),
(5980, '2026-06-16 09:32:15', 143.21, 14, 100),
(5981, '2026-06-16 09:30:15', 153.21, 14, 100),
(5982, '2026-06-16 09:28:15', 163.21, 14, 100),
(5983, '2026-06-16 09:26:15', 143.21, 15, 100),
(5984, '2026-06-16 09:24:15', 153.21, 15, 100),
(5985, '2026-06-16 09:22:15', 163.21, 15, 100),
(5986, '2026-06-16 09:20:15', 143.21, 16, 100),
(5987, '2026-06-16 09:18:15', 153.21, 16, 100),
(5988, '2026-06-16 09:16:15', 163.21, 16, 100),
(5989, '2026-06-16 09:14:15', 143.21, 17, 100),
(5990, '2026-06-16 09:12:15', 153.21, 17, 100),
(5991, '2026-06-16 09:10:15', 163.21, 17, 100),
(5992, '2026-06-16 09:08:15', 143.21, 18, 100),
(5993, '2026-06-16 09:06:15', 153.21, 18, 100),
(5994, '2026-06-16 09:04:15', 163.21, 18, 100),
(5995, '2026-06-16 09:02:15', 143.21, 19, 100),
(5996, '2026-06-16 09:00:15', 153.21, 19, 100),
(5997, '2026-06-16 08:58:15', 163.21, 19, 100),
(5998, '2026-06-16 08:56:15', 143.21, 20, 100),
(5999, '2026-06-16 08:54:15', 153.21, 20, 100),
(6000, '2026-06-16 08:52:15', 163.21, 20, 100);